id,word,sum_log_prob,sum_original_metrics_nae,sum_projected_metrics_nae,sum_stack_count
1.1,If,-1.650580048561096,5.815717605828771,4.767447480799143,3.115857648344622
1.2,you,-2.701931953430176,5.979550078724589,6.020859841782693,6.092075787343777
1.3,were,-3.829605340957642,4.647913233537548,4.762927203270179,8.102329190325626
1.4,to,-0.006891292985529,4.864797209928583,4.658282792553743,11.044646312277060
1.5,journey,-13.249912261962891,4.103572060683924,4.210493033062097,13.134146662999393
1.6,to,-6.878065109252930,5.422748849926690,5.283659245838681,14.104273383184006
1.7,the,-9.499938011169434,4.758294258600935,4.923778255058474,15.092995735494306
1.8,North,-8.986064910888672,4.943235571939899,5.851847608371031,17.429668428398724
1.9,of,-9.966364860534668,5.193736966528675,5.469489815630344,19.486623856285792
1.10,"England ,",-24.145792961120605,8.862824948310610,9.482929871431363,40.195463428576758
1.11,you,-14.236622810363770,6.135944177539366,6.315732781570732,4.790996280102490
1.12,would,-10.287886619567873,5.824232381567862,5.738301518358655,6.000581975006037
1.13,come,-7.465379714965820,4.285914496172722,4.088934698303438,8.000835076103460
1.14,to,-4.608339786529541,5.871059889058460,6.133053122555777,10.001970983312276
1.15,a,-5.923467159271240,4.718047317534203,4.840094238999303,12.581382579188006
1.16,valley,-13.808599472045898,4.464035547054558,4.616543291515240,14.573103597827004
1.17,that,-11.533435821533205,5.066969600628315,5.424530800520372,15.236958248917400
1.18,is,-9.522525787353516,4.838463748507398,5.060686474863396,16.232304570717368
1.19,surrounded,-21.688103675842285,9.217133976611519,9.438660482879140,14.461570168771319
1.20,by,-10.121947288513184,5.626795358645957,6.311728158941019,21.055870986005250
1.21,moors,-13.720606327056885,11.279615873461561,11.510969510642937,22.741481147143983
1.22,as,-5.771505355834961,5.029501475071808,5.321872922111980,25.005560681456664
1.23,high,-7.977140426635742,5.129241210608090,5.684379524876388,27.021407739952970
1.24,as,-9.055459976196287,5.054162952052598,5.213071551164597,27.057713104720069
1.25,mountains .,-29.580386161804199,13.809667502533575,14.880617892743672,59.451204218975548
1.26,It,-3.482963085174561,6.101511125184504,7.065723445463052,3.253049561235394
1.27,is,-1.824608445167541,4.945679283494729,5.222460864745804,5.128450238226482
1.28,in,-1.372608780860901,3.089410559997049,3.846233200062890,7.135661429765557
1.29,this,-2.976901769638061,4.020874973249788,4.408468797073668,9.224026687795019
1.30,valley,-8.719343185424805,4.189488390781860,4.769104741496092,10.363906324134609
1.31,where,-18.133784770965573,8.402323215417820,10.053497770918195,11.687977227534375
1.32,you,-16.339206695556641,5.262292793178998,6.015810878122468,10.517966037270511
1.33,would,-10.298790931701660,4.564439593706168,5.544161269773581,13.585222867534574
1.34,find,-7.220625877380371,2.405246248357358,2.343650530903351,15.366563929760824
1.35,the,-7.834783077239990,4.825561180930412,4.930127330936476,17.314075536934464
1.36,city,-8.959713935852051,4.984139783800535,5.428978900476514,19.724163821115710
1.37,of,-9.400444030761721,4.461209820896753,5.479070795013803,20.804980872575719
1.38,"Bradford ,",-28.393437385559082,8.751694849451077,9.210539584888286,44.992563079174005
1.39,where,-14.505977630615234,7.464510721673486,8.072156788768950,24.000042275004269
1.40,once,-11.027363777160645,4.233896233424255,4.456322331612217,25.497274820475678
1.41,a,-9.661627769470217,3.543530538727293,3.552751329568597,23.390868005819215
1.42,thousand,-12.004087448120115,3.563272023331811,3.944944978594640,32.813389667744879
1.43,spinning,-14.570823669433596,5.534220753562074,5.602355758953743,31.281336734819561
1.44,jennies,-20.905777812004089,15.607841167270912,17.490839106834553,32.304868776977798
1.45,that,-12.978127479553224,4.292867108771800,4.389986424552959,34.137068157445952
1.46,hummed,-22.372126579284668,6.135746844249554,6.695689613548832,34.826191569365172
1.47,and,-5.524329662322998,5.225150070450348,5.259775997235317,35.889390559908563
1.48,clattered,-16.250209569931030,14.943406736452619,16.261777743673242,36.888445932911452
1.49,spun,-15.548550128936768,8.535464145247859,8.900671933550537,38.254911340462641
1.50,wool,-10.881019830703735,8.231638477063921,8.666806117385372,35.587152058890290
1.51,into,-12.067213058471680,4.417836234776464,4.971043263222764,36.478001120312364
1.52,money,-15.447126388549805,3.968550412801699,4.140194060665474,36.946644634520524
1.53,for,-10.254974365234377,5.127945396964625,5.565302595644339,38.001165639924089
1.54,the,-7.149620532989503,5.594797175087163,5.533882940466788,39.004786185937100
1.55,long-bearded,-26.652519941329960,21.832961554896396,23.251924386340466,42.996949498041566
1.56,mill,-12.978977203369141,2.574803143194138,2.792552033952150,36.041882716546937
1.57,owners .,-22.469542503356934,12.917115864102755,13.121331601612594,76.074662750204624
1.58,That,-4.203119754791260,6.639422400307447,6.714888174474014,3.182374371096789
1.59,all,-5.111258506774902,5.520783371361637,5.330234489296212,5.690133183825773
1.60,mill,-12.452347755432127,4.264325875249861,3.935263679255860,5.015340952508176
1.61,owners,-1.673345804214478,4.258456191956701,4.031986778310879,11.434246397675025
1.62,were,-2.783662319183350,4.869104001666521,4.578000129076653,9.755770285774156
1.63,generally,-5.103547096248349,8.316332250111536,9.033470073535383,7.186640414460286
1.64,busy,-6.544352531433105,5.118760111195744,5.258393150383212,9.193576210454349
1.65,as,-3.832055091857910,5.103031318279426,5.018544080112667,11.260621135111188
1.66,beavers,-15.628010749816895,8.923067506583559,9.929363952969680,13.263225564998296
1.67,and,-4.353568553924561,6.008599071944929,6.233464084698179,14.226412036962119
1.68,quite,-13.319742202758787,4.996057404083982,5.770070021554162,15.175562479967795
1.69,pleased,-15.671361982822418,10.432980809510770,10.905456919327264,16.090024018155134
1.70,with,-9.433598518371582,4.610932114397968,5.344715729209387,16.001606726222086
1.71,themselves,-9.477381706237793,5.104324569351697,5.195877785193867,18.151786052053360
1.72,for,-1.455787658691406,4.766524896963494,4.878981342210762,18.316985476924810
1.73,being,-10.837382316589355,4.977012189134513,4.864578746824531,21.402716651148666
1.74,so,-10.730192184448242,5.583586852956466,5.617012154756255,19.370731512324799
1.75,successful,-14.394701004028320,5.191077221047490,5.089055354346627,22.842293412165290
1.76,and,-8.816813468933105,5.279397202575243,5.392757924575701,25.777741397212601
1.77,well,-5.047042846679688,5.184888569040871,5.359166998731427,26.306154050708862
1.78,off,-8.773418426513674,4.788406210016247,4.951371833351191,27.111335139023410
1.79,was,-10.576716423034668,4.919871745600750,4.913283220465064,28.852542942706251
1.80,known,-11.226646423339844,8.830878217746863,8.857625855846951,29.465841945056265
1.81,to,-6.281620025634767,5.736445908295380,5.690137545547540,31.886158244326488
1.82,the,-9.627262115478516,5.112209454291501,4.900060948145737,33.381498506659625
1.83,residents,-13.009376168251038,8.242234495982181,8.455991669019635,37.980371230269867
1.84,of,-11.851618766784668,4.887839865649678,5.164832637245627,37.711779698335882
1.85,"Bradford ,",-26.117421150207520,8.255703072203080,8.354702414634172,79.116824790110655
1.86,and,-9.428103446960449,4.287292334630242,4.372049410224392,40.082617057285844
1.87,if,-8.845831871032715,3.953617769664437,3.932344585359039,41.023521155917273
1.88,you,-12.199443817138672,3.508781789523370,3.519007965332061,44.393533803546113
1.89,were,-6.986001014709473,3.759274596792361,3.579016355394226,42.568484657088902
1.90,to,-8.731266975402832,5.851147697135742,5.846642581383616,24.002932368078824
1.91,go,-11.493412017822266,5.518085306188208,5.898122225417067,27.001915681457710
1.92,into,-11.399259567260742,5.194562327773205,5.294755261752964,29.731972040261926
1.93,the,-8.081440925598145,4.998166868092693,4.934674462421683,32.044429903332876
1.94,city,-10.119029998779297,4.932098602979210,5.562426050344378,34.097461688566341
1.95,to,-1.518784642219544,3.883025201610462,4.001544546819148,36.059055778220895
1.96,visit,-13.714940071105955,4.293675367311787,5.093111071012469,38.080016619508513
1.97,the,-10.582506179809570,5.319285917863806,5.259483311614201,39.063806912356490
1.98,stately,-15.433995008468628,9.821138617587232,10.104909745414730,39.067950182950952
1.99,City,-13.933322906494141,4.821037068003598,5.226394177401019,41.090526444284322
1.100,"Hall ,",-16.542475700378418,9.159809363341134,10.474133407190354,87.217126195770035
1.101,you,-11.455186843872070,4.031060437151746,4.403214676922240,45.090929530372811
1.102,would,-9.602326393127440,4.923600703393988,5.203815314520522,47.061367248480252
1.103,see,-10.483925819396973,3.409212532551230,3.637416160895097,48.041506548250553
1.104,there,-12.777521133422852,3.653701275763152,3.762931238797082,43.753886253930695
1.105,the,-2.193759441375732,4.680278164397341,4.577729379291910,27.277209469025241
1.106,Crest,-14.641133010387421,7.590190891441982,8.175650556194327,27.419943531326169
1.107,of,-8.870992660522461,5.348454653095505,5.842890318083423,28.423167229893288
1.108,the,-2.730485439300537,4.729902934857491,4.346147880377127,18.383801580451955
1.109,City,-10.424015045166016,4.097131341537493,3.814167940074014,20.169332079187157
1.110,of,-9.142772674560547,5.188494425687584,5.318266102717621,21.546314670736532
1.111,"Bradford ,",-23.692432403564453,8.631161317134191,8.358760482134873,44.733823142937752
1.112,which,-10.322028160095217,4.491410465181813,4.378120085904461,25.320419840662233
1.113,those,-12.387568712234495,12.703909494757474,12.937848708363646,26.591647876938897
1.114,same,-14.609313011169435,4.941665997443080,5.131998635690517,27.724093481534467
1.115,mill,-12.391648292541506,4.590160530877538,5.103835192288086,29.441885341726913
1.116,owners,-4.510110855102539,4.225405449934742,4.252686749035215,31.185610121379991
1.117,created,-16.643606662750244,8.495143522818022,8.410550462205268,22.004412582570289
1.118,to,-12.955371856689453,5.352465705637067,5.531303494211356,25.604686572517327
1.119,celebrate,-18.078930377960202,9.012226453246900,8.823440871721703,30.413840205836635
1.120,their,-7.987236499786378,5.269580856824362,5.284685306264977,33.238350594211582
1.121,achievements .,-21.569251358509064,15.530559735427607,15.820999974192063,69.151218693804907
1.122,It,-3.482963085174561,6.101511125184504,7.065723445463052,3.253049561235394
1.123,shows,-6.519844532012940,5.154343826469803,5.517351717381700,5.136212488587421
1.124,a,-1.520358562469482,5.393745545770471,5.409476306424581,8.154628293382089
1.125,sinister,-11.429015159606935,5.007621566761495,5.238202796125242,8.815878041809214
1.126,looking,-9.685723304748537,5.311658016619977,5.588265980768026,9.753734549431595
1.127,boar 's,-23.368734583258629,28.138425876016409,30.151378983844012,22.413288978251749
1.128,head,-8.887598037719727,4.854323738415565,5.379005095073461,12.599402600269759
1.129,sitting,-13.393347740173340,5.016621111282029,5.410962438199232,10.066012780686604
1.130,on,-8.702442169189451,5.289261896002241,5.824476521231494,11.051659689528140
1.131,top,-11.892291069030762,5.169626675504347,5.317071332288816,14.665278359580595
1.132,of,-10.550705909729004,5.454580271475471,5.783556277256992,10.011099668017367
1.133,a,-7.858098030090332,4.817503828231033,5.681160050279090,9.001132543997350
1.134,well,-9.826572418212891,4.450910990106486,4.407621904531158,12.000127499988492
1.135,which,-14.973215103149414,4.814439583177546,5.019042554175074,14.006257603263281
1.136,seems,-11.619264602661133,4.910330311541934,5.232035484730742,18.177797848672238
1.137,puzzling,-14.089650154113770,4.129108229423657,4.046640297831431,20.754908465349683
1.138,at,-14.163912773132324,4.324650015481596,5.413077813509805,14.101026619433821
1.139,"first ,",-20.307162284851074,8.934532302208307,9.147309856084416,46.035878526534177
1.140,but,-4.223538398742677,4.707961635958129,4.619467865631341,26.999782490655125
1.141,the,-9.898751258850098,4.559948411466441,4.894846205603585,29.944160060197781
1.142,reason,-7.958162307739258,4.153864037028022,4.375950536826943,29.357030692576107
1.143,for,-13.772469520568848,4.100226155958527,4.170254401584139,30.975330927489811
1.144,this,-11.866995811462402,4.666719941789439,4.637955344248517,31.946383418705363
1.145,symbol,-11.133169174194336,4.147953491996545,4.654591907358594,33.451795354571480
1.146,is,-14.657502174377440,2.776889917311634,2.956040194372215,28.587203896755174
1.147,a,-9.628811836242676,4.245885446694343,4.472864717295383,29.594700565782574
1.148,matter,-12.680807113647461,3.337294998116991,3.671344700289542,32.461941017939147
1.149,of,-6.932587146759032,3.078759446389684,3.153818657311350,35.091325243716391
1.150,legend .,-21.997921705245972,13.142189159522232,13.677887486095454,36.704495135965018
1.151,There,-4.967374324798584,6.051979804609233,7.133683845964304,3.197348995101382
1.152,was,-2.257221937179565,4.977797533195188,4.697554265744182,5.227662195262575
1.153,"once ,",-10.277248382568359,9.225262210682509,8.674023946535256,15.527538995090183
1.154,legend,-9.587002754211426,3.963525275264894,4.946694399725343,11.066699852025527
1.155,has,-14.547921180725098,4.352297278815241,4.734462765872085,12.342845742925070
1.156,"it ,",-21.997876167297363,9.249321925412680,9.248165133352828,28.381817368339206
1.157,a,-9.298566818237305,4.209264054491952,4.307556230298387,15.295791198783878
1.158,fearsome,-14.602755546569824,10.443933922282405,10.648179012498877,13.472462018827427
1.159,"boar ,",-17.705273628234863,18.987492820778986,20.994325083210430,29.555255751628295
1.160,which,-12.800278663635256,4.643314859346896,5.310869911237975,16.155767626385188
1.161,lived,-14.027395248413086,9.610706537258183,10.355688615121780,17.219323188860670
1.162,in,-10.173585891723633,5.091826346515377,5.669642085106725,17.358521283193685
1.163,a,-10.417706489562988,5.687603301273928,5.559809622455920,17.563900000020169
1.164,wood,-14.927859306335449,6.163739969068214,6.420624880387138,20.824116039879073
1.165,located,-18.595005989074707,9.776525276942037,10.330122941466220,22.780002503330888
1.166,just,-8.525858879089355,4.357875246581865,4.662999546993132,25.269722233968949
1.167,outside,-8.612243652343750,5.174004211288055,5.157435710858775,26.001777561711613
1.168,the,-9.470098495483398,5.225956793535591,5.342756504347536,27.000003733258591
1.169,manor,-18.988337516784668,9.510044414621687,9.904365492474501,30.000052087398540
1.170,of,-3.344390392303467,3.872192232942817,4.084997136909735,31.686209651219198
1.171,Bradford .,-24.842306852340698,12.029339426548407,13.214771314765272,69.648467953547978
1.172,A,-3.861002445220947,6.184483090000588,6.580385323331305,3.638898389652430
1.173,source,-4.637845039367676,5.033958041009559,5.548812223641231,4.989679767247266
1.174,of,-1.863503336906433,4.602145630983302,4.876801114081609,6.149495003856702
1.175,great,-6.917413711547852,4.670380815513021,4.497786083330158,8.392507252094095
1.176,trouble,-6.655637264251709,4.756259557888559,5.074843883993429,9.411316475293324
1.177,to,-2.699465036392212,4.757051460000914,4.876987532554252,8.634827504588857
1.178,the,-1.238860487937927,4.757385514076494,4.866842989002519,8.816138925919939
1.179,local,-7.035994529724121,4.985912342738533,5.494106072578544,9.830015972072568
1.180,folk,-9.540803432464600,8.823368546819010,9.691052994284290,10.444816490944540
1.181,the,-1.049185991287231,4.605846598822461,4.304576584086640,10.500779465507463
1.182,boar,-13.303319215774536,13.031779696031229,14.780829172215205,12.654870677512147
1.183,"was ,",-19.722935676574707,10.468883096380516,11.141094152384525,19.078676670908642
1.184,bringing,-14.897655487060547,7.369316229238253,7.641441106664258,14.906026370877855
1.185,terror,-10.796507835388184,4.087966753510880,4.489068024095254,10.948443634282377
1.186,to,-9.055047988891602,4.761895212431264,5.426093341464949,12.390045923520185
1.187,the,-10.938657760620117,4.942751829927051,5.310677411197097,15.049345175395789
1.188,peaceful,-12.229684829711914,4.776744236383191,4.752642699699209,17.409930630028661
1.189,flocks,-11.026980400085449,6.823607922581849,7.221999655719363,18.712321407162982
1.190,and,-6.359359264373778,5.280649014703197,5.584072478500478,19.559004917323250
1.191,ravaging,-14.220645904541016,11.501177366569099,11.923585551237329,20.591317938799818
1.192,the,-11.326076507568359,4.314079409516028,4.824385232544600,20.998258653300756
1.193,countryside,-5.576198279857636,9.215843632864855,9.613738330594053,22.102850334771404
1.194,around .,-27.256716728210449,14.344164296968096,14.853122966468906,48.045437458624932
1.195,Even,-0.564064562320709,5.522391821299884,5.363199606498137,3.531750704025017
1.196,"worse ,",-4.629775673151016,11.798653339926727,10.652308880231374,8.144965235410540
1.197,"however ,",-0.708492214651415,15.433730107741804,15.787099973196231,13.002699225933773
1.198,the,-1.625936150550843,5.587896451191945,5.679340637635173,9.417346554634481
1.199,boar,-15.478024482727051,14.968751383917105,16.329231429242739,10.280206465632618
1.200,most,-11.620127677917480,6.311322273039973,6.613225316597407,11.307993669172394
1.201,liked,-17.032367229461670,9.013008095523787,9.206181389730199,11.783104702599974
1.202,to,-8.244327545166017,5.398208991086224,5.491380303103370,13.108795545494036
1.203,go,-5.188503742218018,4.954636518171583,5.049839682143339,16.000384269543872
1.204,to,-2.120257377624512,5.554808009783176,5.801893089515731,18.000348253252710
1.205,the,-9.982514381408693,4.384836693230011,4.525646458839841,20.003830608717504
1.206,well,-8.580605506896973,4.682763393046382,5.132411714273025,22.001911697660248
1.207,that,-10.163927078247070,5.264991108569358,5.107918352861665,23.001605667048945
1.208,was,-15.548433303833008,4.638604241610236,4.619898187604068,20.897052186325226
1.209,in,-8.839073181152344,5.151936508893536,5.925694983247676,26.098675359189301
1.210,the,-8.980478286743164,3.659305241548732,3.768473428598187,28.336424538014970
1.211,wood,-9.353814840316774,7.106064147150108,7.501736674168721,33.127096170442393
1.212,and,-3.614926576614380,4.541663205814709,4.730218737029176,34.058673962273765
1.213,drink,-16.740879058837891,7.674386220515416,8.035962922454708,35.020213922249987
1.214,its,-11.673469543457033,4.745280806609892,4.877959025402834,36.015186041979021
1.215,fresh,-10.530919075012207,5.051524730776736,5.110744506515839,33.146858683163146
1.216,"water ,",-11.685139656066896,13.173405506148848,13.678656197275327,69.941652207688350
1.217,so,-9.852359771728516,4.286133817861548,4.717774535869831,32.849976505114043
1.218,that,-0.982051014900208,5.309210260370112,5.080942045173702,18.980922109653637
1.219,the,-15.105002403259276,4.526519919110204,4.397600365406194,23.723717096579790
1.220,people,-5.945636272430420,4.203544764456462,4.385820345195854,24.209859162589041
1.221,of,-13.519366264343262,4.775922038885983,4.998639339267304,25.749165952647768
1.222,Bradford,-18.527458190917969,4.594963069277977,5.020899362449773,26.863277374887012
1.223,had,-11.615667343139648,4.869807076649852,5.061988455048558,27.007626304415783
1.224,second,-10.552958488464355,4.637892091690599,4.725964326805199,28.008178362353807
1.225,thoughts,-16.569434165954590,8.097189003306664,7.924250438288733,24.376176929372768
1.226,about,-6.516263008117676,4.884055198075182,5.055329192804677,25.535047904617723
1.227,visiting,-15.407411575317385,5.562919472640022,5.317260195030436,27.690081537205504
1.228,the,-11.056037902832033,4.736448764907278,4.858216117274726,28.307954038793483
1.229,well .,-19.309736251831055,12.677416512813410,13.862797844611460,62.000133103511942
1.230,That,-4.203119754791260,6.639422400307447,6.714888174474014,3.182374371096789
1.231,the,-1.561448574066162,5.559654151768347,5.515539383185791,6.131036714966425
1.232,people,-7.195108890533447,4.195716689322932,5.105006062740583,7.522352791957103
1.233,of,-0.434939861297607,4.431608853181478,4.307909662324318,8.831954788844293
1.234,Bradford,-12.355934143066404,3.926429048462406,4.310355876457523,10.918475231184877
1.235,bore,-14.471981048583984,4.883919155272348,5.248213247962352,11.837054834555865
1.236,the,-11.037727355957033,4.791570436380773,5.236561367946440,9.781452327426127
1.237,brunt,-10.449313994497061,8.436912274566081,8.694068127173139,13.449144787006359
1.238,of,-11.015812873840332,4.921674777084517,5.464807177531418,11.008751010718477
1.239,the,-5.529139995574951,4.883879865634380,4.538601435998253,11.912520005313169
1.240,beast 's,-27.132386088371277,19.328361082976016,20.096090631386193,25.632604851824119
1.241,ferocity,-14.563152339513181,8.137953125261776,8.956115964673565,15.866692971632284
1.242,was,-13.406357765197756,3.833162221838673,4.078132750298131,16.836194086625653
1.243,unfair,-11.569772720336914,4.689326159140288,4.970246452397646,17.821090409681727
1.244,in,-10.753275871276855,4.705902344791231,5.515758246574181,16.522316418339255
1.245,the,-11.402925491333008,4.870819477924047,5.048054241409150,16.732522866963329
1.246,eyes,-17.079637527465820,4.166457612997603,4.548422344769691,21.999712762776898
1.247,of,-9.958851814270020,5.056057149521894,5.051604755366331,22.999682608854304
1.248,the,-7.054546356201173,5.015991687634533,5.328235019633950,23.999884934589574
1.249,people,-12.628170013427734,4.298720237986637,4.609026606056563,12.556782050381168
1.250,of,-8.714620590209961,6.128683320263343,6.233289025467867,6.003633110027370
1.251,the,-9.284023284912109,5.593304039158019,5.527063543942876,8.041251148907216
1.252,region .,-21.573210000991821,11.305934269882520,11.781622467524828,23.811384817154462
1.253,"Eventually ,",-5.981347620487213,16.151223461922513,15.204330081952380,7.522639953857926
1.254,the,-1.345298290252686,5.757837775973171,5.241276993053481,6.475887127524426
1.255,issue,-6.231242656707764,5.704643986439325,5.919385363114651,7.355920669817174
1.256,reached,-5.791024976875633,9.420655315694113,9.573904833485775,8.242881598017886
1.257,the,-1.235991477966309,5.408264716826639,4.956579742628039,10.635440026897278
1.258,ears,-10.331786155700684,8.750386850498607,9.519615050719377,12.013085461670885
1.259,of,-0.004304904956371,4.065022642074640,4.063101745403713,13.174571059517207
1.260,the,-1.812192797660828,5.092343458176582,5.071615944915076,15.824157990717767
1.261,kindly,-13.710934162139893,9.790225250800676,10.557170161689845,16.613111761550883
1.262,Lord,-11.306597709655762,3.553742851054823,4.011237006259803,17.203344873310179
1.263,of,-10.728394508361816,4.561158119731253,5.593946136102819,18.194131291866199
1.264,the,-13.901898384094238,4.578886422304556,4.815123090734587,19.772129064478683
1.265,Manor,-12.926832199096680,4.455207411596621,4.524465724738609,22.074283335983559
1.266,who,-14.072799682617188,3.897456506376380,4.591519659636742,23.028190740848625
1.267,the,-10.732095718383787,4.286640369766142,4.531057304403201,24.029369429149035
1.268,people,-17.600284576416016,4.724415810571283,4.791412194331777,19.674756067673886
1.269,had,-12.363747596740724,3.995784145955164,4.109360779930328,24.155818383344265
1.270,often,-9.038416862487793,3.637318919909752,3.288736009121141,23.808995784504518
1.271,asked,-5.502336248755455,4.952918173772739,5.225130795300016,24.801708348572102
1.272,for,-7.509799003601074,4.396201985664100,4.582934874815392,26.345284104286566
1.273,help .,-23.587800025939941,12.670231433369633,13.404746807479654,59.276997867498274
1.274,The,-1.648221969604492,6.746959719648657,6.992360907198334,3.456291647660295
1.275,Lord,-11.430372238159180,5.306740838994104,5.491345846742852,4.549380972189519
1.276,saw,-7.724713802337646,4.390974400409712,5.009707253374002,5.468388938005718
1.277,the,-2.027687549591064,5.536034668614269,5.101432644732320,7.938472144750682
1.278,severity,-9.716405868530273,4.239648665887489,4.557574046662842,9.331410040414038
1.279,of,-15.004060745239258,4.909289658802146,5.334655480765332,9.797176191664626
1.280,the,-17.736177444458008,5.251051563140439,5.276801982269361,9.009505755367073
1.281,problem,-9.498040199279783,4.718264182818919,4.899696291507944,12.486590920720015
1.282,the,-10.850263595581056,5.257655031679678,5.397306048507573,13.447463010175605
1.283,people,-6.632547855377197,4.366451565351134,4.557446101945112,14.163152080283284
1.284,faced,-19.690988540649414,5.167297572438200,5.472143641388545,10.908379635615566
1.285,and,-10.620901107788086,4.977113981889445,4.876632412149614,17.967606579815751
1.286,suggested,-12.952072143554688,7.849473221750902,7.860804531284818,18.795434792852657
1.287,a,-6.372097015380858,4.727535037632759,4.487972033642576,20.999689149267301
1.288,contest,-13.786204338073730,4.085403845019905,4.485517435885085,23.991710978560189
1.289,could,-13.718687057495115,4.497267959445066,4.696009729505915,23.965179641236912
1.290,solve,-8.053317070007324,4.273840408544161,4.360966752835863,9.669031129047962
1.291,the,-9.220154762268066,5.790336810312334,5.490547091898646,11.000052598753893
1.292,problem .,-17.876679420471191,13.526842064855352,13.923157414301834,27.098554292788091
1.293,He,-3.132118225097656,6.172610445780090,6.970292006513135,3.087320030454809
1.294,said,-1.530475497245789,5.002626142310652,5.691931390785992,5.050842875240655
1.295,that,-2.276461839675904,5.551140196403911,5.716559295032966,7.232840271191439
1.296,whoever,-14.375553208403289,11.337229626015107,11.827841828838684,10.977900922233429
1.297,could,-16.712726593017578,4.860475567659706,4.986032641078838,11.674006481851412
1.298,kill,-10.658487319946287,3.567580737541502,3.098288329442576,13.992075158272266
1.299,the,-7.880703926086426,5.681428238951702,5.454793339554690,15.000613449540561
1.300,boar,-15.064835309982300,13.078263828227749,14.444628199407823,18.298672931529502
1.301,and,-3.694127082824707,5.147447841402231,5.672548757876315,19.194950635335960
1.302,bring,-11.364983558654785,3.520757303946356,3.763115914431774,20.210277792544392
1.303,as,-9.183949470520020,4.953137061183083,5.399499718545494,20.516263589327444
1.304,proof,-11.483578443527222,7.456688686178804,7.696471271820787,19.676560338359266
1.305,its,-5.828060150146483,5.220117425987938,5.162851814172885,22.086167246759160
1.306,head,-8.622991561889647,4.539940945623177,5.063953494461323,23.000000333592528
1.307,to,-4.085356712341309,5.048840324445759,5.438072213220615,23.864241999994704
1.308,the,-8.420275688171388,4.573368390486690,4.415357454503903,24.946501389170798
1.309,Manor,-22.482196807861328,4.406647101363140,4.602390723196316,26.000029125624486
1.310,House,-11.939940452575685,4.360429618212787,4.543396874974438,27.999999912134719
1.311,would,-11.000660896301270,5.265737114809710,5.703341632193972,28.804196002899953
1.312,be,-9.121952056884766,4.451547535181568,4.555016801292545,29.985182487169968
1.313,rewarded,-21.325036525726322,8.949794619664107,8.975741625991652,31.146851341551553
1.314,with,-13.195203781127930,4.881240568390216,5.202177631378394,11.411766040135840
1.315,land,-9.968131065368652,9.124248107954401,8.639494371985240,13.003523015275304
1.316,and,-7.753513336181642,5.905674681398379,5.516792612257162,15.000589804255712
1.317,fame .,-27.850548744201664,14.277610211345023,14.508669858427414,34.000265880326779
1.318,It,-3.482963085174561,6.101511125184504,7.065723445463052,3.253049561235394
1.319,was,-2.214092731475830,4.795007407495021,5.060866881278936,5.162978479409592
1.320,the,-0.601406991481781,5.518728301025269,5.681779358417328,8.028436775226274
1.321,people,-10.395936012268066,3.703277864889074,4.692121182391732,9.182753451437422
1.322,of,-0.336202353239059,4.224471915226031,4.504275111220594,10.444818875483062
1.323,Bradford,-11.511046409606935,4.193021527291322,4.588416679072576,12.428993673042722
1.324,and,-4.375283718109132,5.183482223087664,5.617902580312497,13.084821996240013
1.325,the,-11.226248741149902,4.615512069442830,5.042838148144758,14.118549632277059
1.326,people,-6.375168323516847,4.969723230836653,5.350251737133433,12.562833260959422
1.327,who,-15.535109519958494,4.626996891426606,4.800911130782460,13.472033806921267
1.328,knew,-15.370610237121582,5.257297316874835,5.058335527136023,13.567087521681435
1.329,them,-13.247787475585938,4.872871017368180,5.142442139915544,17.187148517110661
1.330,who,-8.251953125000000,5.018574009187836,5.281839694498220,20.538622856062972
1.331,rejoiced,-22.846939921379089,9.555214774630393,9.561438423690939,10.055273416885127
1.332,at,-10.481922149658203,5.136990547960288,6.192738500336474,13.026831122132757
1.333,this,-11.090877532958984,4.648059483009856,4.660966419461574,14.005886988434382
1.334,proclamation,-14.658669471740724,4.572759530468130,4.739040324248337,15.005132324982906
1.335,but,-10.765748023986816,5.359924811622736,5.925237278585813,17.001195745324665
1.336,one,-3.567637443542480,5.361399868765941,5.342080732236060,19.023903419239822
1.337,question,-7.499924182891847,3.792021317023418,4.791863551294749,20.019179295120761
1.338,remained :,-26.260797500610355,8.318559718891342,9.472196407722734,43.024362211986343
1.339,who,-13.723731994628904,3.582060046667124,4.321778288970831,23.557288747548327
1.340,would,-9.863802909851074,4.599499139114910,4.928093057050348,23.999974070781469
1.341,kill,-13.638175964355467,4.086673660871154,4.309861495677946,24.999998837703238
1.342,the,-10.563377380371094,5.053991465057347,5.070373494208755,16.926735099850823
1.343,boar ?,-35.528396606445312,21.843670176600767,22.297365107637891,43.030080453862155
1.344,By,-3.725710868835449,5.824942065903673,4.907200821637392,3.094516105479741
1.345,the,-0.296323299407959,4.956548328888224,5.058626006019466,5.833531423940657
1.346,handsome,-14.999992370605467,4.865147339968440,4.831660454591658,6.513325041308973
1.347,reward,-9.667387962341307,4.981775708715481,5.128528795494578,7.614591819256373
1.348,many,-5.111766815185547,5.411246065364112,4.885008531312788,9.377896146263598
1.349,felt,-4.745878219604492,4.714744908612897,4.532591216049774,11.186767542176604
1.350,"tempted ,",-15.061326026916504,15.077513389235946,14.479784088409382,27.020034464105969
1.351,but,-9.960273742675779,5.503847015211749,5.411534823235702,14.421771411625452
1.352,the,-8.985003471374512,4.506017715433908,4.971925962621627,16.977087407207804
1.353,thought,-11.255926132202148,5.627565152336580,6.124659277864238,7.589697634724273
1.354,of,-12.063058853149414,5.964226441258861,6.002841403574918,8.225367168049893
1.355,the,-10.524008750915527,5.461688090142398,5.386430559700665,10.418116585425318
1.356,boar,-14.172595500946045,12.519757268362095,13.880370778862364,12.417286382772994
1.357,with,-10.415242195129396,5.723797176691095,5.749165623543444,13.319688232345186
1.358,its,-9.178932189941406,5.160431708087450,5.153447156612822,14.311420316967649
1.359,deadly,-17.837398052215573,10.285632233170713,11.061289643736474,12.361912462437642
1.360,tusks,-13.608095586299894,19.940729581729720,21.804259085957479,14.213958619625904
1.361,and,-4.333822727203368,5.019258725692278,5.372014334308427,18.994248866868642
1.362,face,-6.843395709991455,4.017317104750455,4.424436659824128,20.000732653184848
1.363,like,-15.840993881225586,4.375636489755248,4.756695306857119,21.087803005411111
1.364,thunder,-16.192140579223633,4.761919192380541,5.147534057281393,22.498563152240699
1.365,soon,-15.864523887634276,5.244044544960706,5.381682470367052,21.990025962392650
1.366,put,-10.088382720947266,4.837710300401349,5.346463944509178,24.000010035031533
1.367,an,-12.264069557189940,4.684674743794536,5.296445648547481,15.291598379561052
1.368,end,-6.630014419555664,4.786698516734310,5.008588158508679,25.999639669139363
1.369,to,-7.457742214202881,5.031748422851432,5.444171448601171,26.999972089371351
1.370,their,-11.973171234130859,4.232100017637049,4.427570170097199,30.880898898304235
1.371,ambitions .,-24.496101036667824,16.224297246723765,16.842803190540586,24.173563958537162
1.372,"However ,",-2.372875440834832,18.212883449667270,16.932650475319509,7.163903714306628
1.373,there,-4.080379962921143,6.067190317121439,6.927225270636523,6.149777363063265
1.374,was,-2.408634185791016,5.171026307233221,4.865603553063148,8.180737075175669
1.375,one,-4.632256031036377,5.696489316215725,6.171098172161997,10.751312608007231
1.376,"huntsman ,",-37.131785869598389,17.745266180830061,18.767762741950257,24.860962435440278
1.377,who,-9.195557594299316,3.981548845012906,4.801734781926887,13.776991876474488
1.378,was,-11.292655944824221,5.010257826776941,5.342129695623822,14.419349010047569
1.379,still,-16.818290710449222,5.119690302228845,5.142746040553456,14.006380639655195
1.380,wet,-13.181305885314940,3.678505114673559,3.861528715970387,18.165717625194773
1.381,behind,-7.092555999755858,3.820836924463552,4.658983911671830,20.304570950171932
1.382,the,-6.960265159606934,5.053679123889374,5.155298431735991,21.014285191902108
1.383,"ears ,",-33.353570461273186,13.428557472148665,14.360708596117387,48.948931933544387
1.384,who,-8.381521224975586,3.556750536272602,3.885518979131063,27.134710714446200
1.385,decided,-20.366201400756839,4.343537913510952,4.342153438611258,28.894201285421314
1.386,the,-10.204248428344727,4.770518060925053,4.656191608079488,30.427615001726970
1.387,prize,-12.831665039062500,3.132453742029381,3.182811204911401,21.237418494721950
1.388,was,-12.121920585632324,4.398101838097169,5.181364550603162,23.517586202417210
1.389,worth,-20.637978553771973,6.857034765643920,6.849232334930173,24.385192617420373
1.390,a,-7.386135578155518,3.626491248763454,3.572678346297760,27.071477726143460
1.391,"shot ,",-20.750850677490234,7.221549000624940,7.563535939019830,59.068506831781917
1.392,in,-7.130781173706055,4.123069459431243,4.652465732494363,32.090614739143284
1.393,spite,-21.166092395782467,6.553361659218313,6.689533000659312,30.699778477974142
1.394,of,-2.530713558197021,3.749103052258817,3.734132578617473,32.000242744186174
1.395,the,-0.895619153976440,4.802153853097376,4.819410934748063,34.999947488411934
1.396,boar 's,-29.525860309600830,23.946420943104471,25.995057770498075,76.402850677183693
1.397,reputation .,-34.155629158020020,10.094307892083219,10.614580410002787,81.030880018023453
1.398,The,-1.648221969604492,6.746959719648657,6.992360907198334,3.456291647660295
1.399,huntsman,-27.251898527145386,14.443841399664819,14.091892794681186,4.284515502707832
1.400,discovered,-21.789102554321289,10.851986032909016,10.606505372908154,5.958452579023173
1.401,the,-5.131821155548097,6.020627234130474,6.581661158099005,6.326898031034347
1.402,boar,-18.222814083099362,15.555417374668323,17.041485696392087,7.999993181328431
1.403,preferred,-13.309687614440918,5.699944022555998,6.061515975404764,7.708749116348669
1.404,to,-9.207249641418457,5.340144838655704,6.447393882296262,8.798629068968514
1.405,come,-10.897259712219238,3.694443944254404,4.541178633793447,9.617983842612917
1.406,out,-8.004198074340820,4.686628516721934,5.385995889822934,10.995249376658306
1.407,in,-7.230603694915771,4.366284014896053,4.814976120068391,12.621215973390527
1.408,the,-7.152669429779053,4.685414522336637,4.860577160665084,14.002945004118175
1.409,middle,-11.638188362121582,4.277530670823744,4.432416594025923,16.999703034084963
1.410,of,-5.023585319519043,4.334669804436631,4.512115189711633,18.077958282236640
1.411,the,-1.153919458389282,5.088135117812079,4.944901215755179,22.007416142123645
1.412,day .,-19.601278901100159,17.949475614553968,18.601066910186617,47.052411581826149
1.413,So,-6.494975566864014,6.596615330999823,6.546941391335246,2.526637749121527
1.414,he,-2.589966297149658,6.369364407698704,6.920889026170920,4.166570558299648
1.415,went,-4.737870931625366,9.047361269459119,8.426669381046539,6.449571827124032
1.416,to,-0.374972492456436,4.239407989414882,4.673521095364519,8.500090833501892
1.417,the,-1.980479240417480,3.909408921938692,4.089787450802704,10.862316624248836
1.418,wood,-11.254053115844727,7.833773216621909,8.569048623473730,12.143065240912199
1.419,by,-4.228870868682861,3.916091465797448,4.844530357743183,11.808034470006531
1.420,the,-1.008158087730407,4.919829737508515,4.804761689044402,12.850590730498038
1.421,well,-8.254539489746094,4.254283716983108,5.281474258054808,13.884903877569752
1.422,with,-1.845193982124329,3.727157500522450,4.364311737898567,11.773359112552082
1.423,his,-2.704834938049316,5.475294574627697,5.298558727976362,14.346910441140409
1.424,good,-6.861503601074219,4.785583944765987,5.266781919017747,15.202719645766141
1.425,"bow ,",-11.009898543357851,12.371921144128990,13.436164070699974,29.566364063383322
1.426,to,-2.811731100082397,5.486449338098753,6.341808749389546,15.449785574050336
1.427,bide,-14.883422851562500,7.526361755587112,7.971838603827032,17.701258149184014
1.428,his,-11.091032981872560,5.159258759091926,5.841338365458244,18.443821914300951
1.429,time .,-22.887775897979736,12.630752540701664,13.860957586832495,43.343904915220762
1.430,Around,-15.118698596954346,11.956690039216502,12.638732145835323,3.067790806042455
1.431,"noontime ,",-33.536084175109863,16.418771740260986,16.769922909339826,9.966188387368572
1.432,the,-5.080909252166748,5.707287667880401,6.075647850547313,6.271704814732376
1.433,"boar ,",-18.043907403945926,21.636844733020990,22.931066148594841,12.313863087968743
1.434,feared,-14.717783927917480,11.610503147587220,11.216744996336750,7.246143412552643
1.435,by,-11.065455436706543,5.219258456198986,5.875978046502251,9.620523928579381
1.436,the,-8.198362350463867,6.123353588737904,5.866144924765449,9.512037737302744
1.437,"locals ,",-27.609182834625248,14.787754759618927,14.934944258049061,19.061108038958352
1.438,came,-14.830044269561768,9.035713940977553,9.085523969246736,11.163251546808326
1.439,"out ,",-12.685291767120361,9.818611871041551,11.307581339943296,29.026074190467398
1.440,as,-12.106105804443359,5.077076846772648,5.430029111923479,15.977964929847795
1.441,slow,-9.131091117858887,4.657109057698981,4.472179107890772,12.241378075992214
1.442,as,-15.826245307922365,5.503738765809188,5.352508665388970,13.988300869620874
1.443,a,-12.184336662292480,5.204655656940599,5.113735884111689,14.968624017260682
1.444,"snail ,",-36.659124374389648,10.203604596183734,10.730773315746950,28.086796993470411
1.445,from,-2.408263683319092,4.809271712043715,4.803829338090855,16.395776263773037
1.446,among,-13.395830154418945,4.561621244802899,5.213376074860023,18.074747561044109
1.447,the,-6.335023880004883,5.993417093056885,5.804520911040401,19.174180626273344
1.448,"trees ,",-6.679635562002660,16.830476500760049,17.368787912721885,35.356402727379269
1.449,just,-6.924846172332764,5.561381805552426,6.189626132586397,16.031925027817952
1.450,as,-4.662199497222900,6.162524615834053,6.250008164147903,17.001120531661506
1.451,the,-1.876100182533264,5.710276783395349,5.595460525536071,19.707246703331140
1.452,huntsman,-22.783185958862305,12.236441307943783,13.554457765370865,21.244894198290066
1.453,had,-16.084360122680664,4.924399714224528,5.592207005351515,21.699922626201282
1.454,predicted .,-29.383731126785278,19.843696540102535,20.620677135489586,39.974424097428262
1.455,The,-1.648221969604492,6.746959719648657,6.992360907198334,3.456291647660295
1.456,huntsman,-27.251898527145386,14.443841399664819,14.091892794681186,4.284515502707832
1.457,leaped,-26.284404754638672,11.268540941066293,11.770136510573249,5.214519609343738
1.458,from,-8.887503623962402,5.316927953685950,6.108430851162042,6.108461104079606
1.459,his,-9.990682601928713,6.300150700326228,7.019202828195406,7.053436250473125
1.460,hiding,-17.925112724304199,11.588055281005607,12.768128866420653,8.060716829405496
1.461,place,-15.303292274475098,5.442318538526430,5.877131765170343,7.384073712912718
1.462,and,-11.265281677246096,3.962426483233988,4.652664789638165,9.015326814627342
1.463,through,-11.480855941772461,4.317065817444895,5.359725684510559,11.005175648905064
1.464,the,-8.729228019714355,5.232558719481298,5.361934422938248,12.077514889510370
1.465,heart,-10.722572326660156,4.088826124190494,4.488338181032816,12.999999774880974
1.466,with,-3.122785329818726,3.562796436487071,4.512672675802022,10.014848470189273
1.467,his,-2.353951454162598,5.821606427471273,5.663114455912902,12.471468900132766
1.468,fine,-8.520285606384277,5.361680442882768,5.983035740821471,13.531729197884724
1.469,arrows,-22.211504936218262,16.121531663894284,17.544618757842322,12.000006487872779
1.470,shot,-10.875118255615234,4.488110521623033,5.143900456559021,17.814010889033273
1.471,the,-11.799201011657715,5.307836870921333,5.816563485197872,16.035598548836198
1.472,boar .,-20.562441349029541,22.900076619189754,25.170067643491244,35.449022735192784
1.473,Now,-2.686243295669556,6.234239143474825,6.358026047691452,3.093329740479602
1.474,the,-1.802864670753479,5.598909247076437,5.406074439102767,5.343073012716902
1.475,problem,-5.578059196472168,4.783812943334462,5.210755318737949,6.248090268501646
1.476,was,-5.114657878875732,4.729352437413269,4.439703540727339,7.102353721348478
1.477,no,-3.871041774749756,4.731969542076375,4.570640444294860,9.213945596790413
1.478,longer,-0.158445209264755,4.745051128642689,4.902182677259708,10.114122045819864
1.479,to,-0.431705981492996,5.500321818234231,5.576660952172492,12.042816304111051
1.480,kill,-7.193752288818358,4.642895910998305,5.295057933109049,14.154176913213760
1.481,the,-1.475492358207703,5.219318704998432,5.511881164278116,16.396552977091627
1.482,boar .,-22.555756926536560,20.564696024533731,23.091874973859582,35.600217023983120
1.483,It,-3.482963085174561,6.101511125184504,7.065723445463052,3.253049561235394
1.484,was,-2.214092731475830,4.795007407495021,5.060866881278936,5.162978479409592
1.485,to,-0.007976582273841,4.349540647801094,3.924626364713347,7.906549596423968
1.486,find,-6.658957004547119,4.381226434127369,4.788171280236337,10.064014294151820
1.487,a,-1.058451414108276,4.913409641185818,4.912793719122846,12.977995500561400
1.488,way,-0.709383964538574,4.949561819477297,5.140365969589038,14.113675140146091
1.489,to,-0.015513811260462,4.943287828434963,4.742611055537200,17.138918400357806
1.490,carry,-6.656857490539551,4.402749585533158,4.810735389096269,19.175269706863059
1.491,the,-1.393457293510437,4.407148108491205,4.699181379550907,21.447785478387683
1.492,boar,-12.414088368415833,13.099973113857875,14.837623339216940,22.319774311542133
1.493,back .,-21.004956722259521,12.494047571265927,13.709361644872725,47.325330155999410
1.494,The,-1.648221969604492,6.746959719648657,6.992360907198334,3.456291647660295
1.495,head,-7.253991127014160,6.450052855587101,6.954530110379879,5.125936941665977
1.496,was,-2.087123155593872,5.119140726592727,4.924645259603680,5.242027977637595
1.497,too,-5.030768394470215,5.113143824020288,5.051611403558629,7.590085338424442
1.498,heavy,-5.497686862945557,4.998343565346343,5.294029071091765,8.712820471972906
1.499,for,-3.168167591094971,4.895438283920160,5.461115512376857,10.333991593115464
1.500,the,-1.646345138549805,5.043513955003005,5.044177903250921,12.976904051664018
1.501,little,-7.374176502227782,4.940607021447847,5.158588088323545,13.976942104720873
1.502,huntsman,-24.374682426452640,11.543572323755793,12.483708152546972,14.897637681896345
1.503,to,-11.582474708557127,5.156819381717933,5.929919573368582,15.856337427919035
1.504,carry,-9.982482910156250,4.454527904287239,4.869181880487885,16.870698408870719
1.505,back,-14.717194557189940,5.681890824869247,6.174237796859536,15.254938474894429
1.506,to,-1.277022480964661,5.884170145013169,6.234844291311438,17.451955250107030
1.507,the,-13.504582405090332,5.524231239601972,5.827367651929034,19.361720721352999
1.508,Manor,-21.225231170654297,4.324643051244257,4.810814958509122,21.436802917587780
1.509,"House ,",-17.291475772857666,8.058329821864193,9.098499398975271,47.864920547977597
1.510,but,-8.568964958190918,4.490762276772351,4.955618425309116,25.662106189811311
1.511,the,-8.725614547729492,4.799577340097056,5.225998153356807,26.534537021842876
1.512,"huntsman ,",-39.184884786605828,15.035265398420702,16.034737979604166,31.470727207826577
1.513,who,-9.610866546630859,4.978602367958026,5.493642903569212,8.070171115261282
1.514,was,-12.933303833007812,5.150731378895991,5.555616488282622,9.163590737108386
1.515,as,-14.089474678039551,5.941283999017590,6.713405267222711,10.067956526597793
1.516,quick-witted,-17.139496013522148,19.804903198424810,21.284743790424088,11.086168576041484
1.517,and,-3.213777780532837,5.378285945228955,5.571514768541117,11.770116078580401
1.518,cunning,-20.344192028045651,14.758059730337179,15.193654509710305,12.010946725780654
1.519,as,-9.752517700195312,4.965706137988541,6.020986624620017,16.580322052290544
1.520,"ever ,",-15.466375589370728,13.957066271757256,14.488733804416931,38.190048836156734
1.521,asked,-12.600747823715210,8.113022319360939,8.575126252472513,21.000169406038466
1.522,"himself ,",-21.730757236480713,14.453219549499948,15.047971480288934,45.119564090710085
1.523,`` What,-12.135298601278919,19.539826270926739,20.321867496954496,48.660739064914722
1.524,else,-6.862795352935791,4.628819605824630,4.841844576091534,26.044391304231304
1.525,can,-10.821041107177734,4.607772842750038,4.876224031306247,27.005264874338302
1.526,I,-9.560352325439453,3.981480701306493,4.393601453352641,25.607285517088481
1.527,do,-9.363828659057617,3.300777623379363,3.547608891457445,22.067817555645014
1.528,to,-16.131298065185547,4.272678945867042,4.024529777780596,14.224067840684311
1.529,prove,-9.396388053894043,4.350180338765425,4.499714619878040,10.006051368164721
1.530,I,-10.826966285705566,4.632752672556506,5.761174261123433,12.329133761968231
1.531,killed,-11.567190170288086,4.994036561001372,4.772709231694079,13.081692034930512
1.532,the,-8.899686813354492,4.940014155718186,4.819239449088374,14.882289828710473
1.533,boar ? '',-44.358420133590698,33.800869738789437,35.497232941251013,52.256603101703064
1.534,The,-1.648221969604492,6.746959719648657,6.992360907198334,3.456291647660295
1.535,next,-6.255862236022949,5.513335601497666,6.020524185030748,4.366751912444752
1.536,instance,-11.372553825378418,5.493193993128388,6.132796992733808,5.624290160851558
1.537,he,-2.266173124313354,5.679581179968282,6.009129213355823,7.948815055033180
1.538,opened,-7.604618708021007,8.320436662623850,8.028495100822816,9.929988064988796
1.539,the,-2.063116312026977,5.160464719941231,5.005072792631784,11.119963311898207
1.540,boar 's,-24.710753440856930,25.320546430687692,27.739079708545173,24.508453869811561
1.541,mouth,-13.111577033996582,8.158609195798213,8.501716955920644,13.762253315059619
1.542,and,-4.500284194946289,4.806266845419771,5.591121730934275,14.287032939596234
1.543,cut,-13.354849815368652,4.715666514755481,5.670040712206941,14.999997063897824
1.544,out,-5.822832584381104,4.271260453652107,4.528723492856066,12.130675546722374
1.545,its,-11.225125312805176,5.050579398809210,5.516283373890158,10.652007584381057
1.546,"tongue ,",-29.235425949096680,15.170110517377022,15.903856184788545,27.715736832946973
1.547,taking,-12.701445698738098,8.171559580603711,8.312295805024197,16.557484879662312
1.548,that,-9.606122970581056,4.931719514449246,4.814854735294255,17.339216643666624
1.549,as,-7.870672225952148,6.136561835195756,6.338027924057298,18.261376890437347
1.550,proof,-15.838431835174561,9.869018449198881,9.795899762278877,18.974653485785360
1.551,for,-8.441115379333496,6.031058327904241,6.605980635853636,18.794265246615755
1.552,the,-2.601663827896118,4.914100507283050,4.804979335701333,21.613770592509550
1.553,Lord .,-24.093556880950928,13.143570669935634,13.569891069880784,48.079417979383194
1.554,He,-3.132118225097656,6.172610445780090,6.970292006513135,3.087320030454809
1.555,set,-7.631395339965820,4.515998678491295,5.058864473799746,5.294485478403074
1.556,out,-0.817798972129822,6.147859661005322,6.184944946430838,7.175352361481703
1.557,for,-1.450057148933411,3.637254477239178,3.647672916357174,9.192460593127130
1.558,the,-1.497670173645020,4.075969636010431,4.049815759849539,11.624420504406796
1.559,Manor,-13.027026176452635,4.442117129363172,5.151326608771368,12.713747818103235
1.560,House,-6.819267272949219,4.180586988639382,4.067820714247182,13.850025649433801
1.561,as,-12.555433273315430,4.637478260822100,5.392482833297112,13.433205233890341
1.562,quickly,-16.018043726682663,10.096813183492714,10.416370998706297,11.020142344866850
1.563,as,-10.366526603698730,5.610735824723571,5.497406176524224,12.097822999011655
1.564,he,-14.652101516723633,4.811699339939592,5.416688420560779,13.867538613658473
1.565,could,-12.270298957824707,4.481757633642625,5.204761421126464,16.297901964815665
1.566,and,-10.579390525817873,3.898095625783839,3.920658286737059,18.091901472006302
1.567,he,-10.068491935729980,3.752566048177828,4.210642174465152,20.187538945305370
1.568,had,-12.015798568725586,5.831124012174543,5.992256442015353,23.995770979644906
1.569,only,-11.544723510742188,5.095828177679758,5.128333953730455,25.829601753697556
1.570,been,-10.806669235229492,3.850702279707141,3.998713011413082,25.262105701524249
1.571,gone,-7.702952384948730,3.574688734925410,3.887063178236565,27.168520361150797
1.572,a,-6.064772129058838,4.936789142603390,5.552962261681812,28.990679254359325
1.573,few,-8.222658157348633,5.175188332570653,5.027144239771078,31.056118835859927
1.574,minutes,-4.414951324462892,4.081942023047631,4.264168984160477,32.034049517750233
1.575,when,-19.801727294921875,3.648797867928896,4.004026836142298,33.044344463248727
1.576,a,-14.302597045898438,4.662465997651707,5.066070420222131,33.830018537040374
1.577,second,-10.089843750000000,4.887852587329889,5.543549302825234,37.084585986051437
1.578,"huntsman ,",-31.372822105884552,18.248763502217862,18.892472595088758,77.080933070788490
1.579,not,-8.116921424865723,4.517387847339835,4.986853242949363,40.047464078141282
1.580,so,-9.993827819824221,4.198216247882040,5.053630514832374,41.051704096789429
1.581,bold,-16.401082992553711,4.431179346947038,4.665040726471632,42.009574189296117
1.582,as,-9.586547851562500,4.796688594656263,5.332869419411085,40.013098615051724
1.583,the,-11.029922485351562,4.788147721928682,4.656095316145241,41.611521710627976
1.584,first,-5.409365653991699,4.595607774876576,4.383644499781715,42.938940580246594
1.585,but,-9.337590217590332,4.938693176664452,5.255078931877691,44.003910522450802
1.586,a,-1.437256932258606,4.716035531133943,4.587442491217353,46.999722835120288
1.587,little,-4.020096778869629,4.555586836523895,4.566669688252060,48.000688164895152
1.588,more,-3.980019092559815,5.002593332102687,4.975506911306205,48.602388846256062
1.589,"cunning ,",-20.390633106231689,19.604357204998241,20.077056470904324,102.207901712208979
1.590,came,-11.882176756858824,8.252793088487396,8.680890874134016,53.041363520664206
1.591,on,-11.306364059448242,4.337543216856499,4.948858307760130,54.052302827800226
1.592,the,-10.115139007568359,5.329342835933775,5.463021671727882,55.037736482181778
1.593,scene .,-16.584692716598511,11.679721814348802,12.393496327153295,106.071851911449869
1.594,Seeing,-16.838554620742798,11.236872540703439,11.251941401138421,4.080677596251179
1.595,the,-11.203913688659668,5.843923747401375,5.649780834835267,4.854430068411599
1.596,slain,-16.594239950180054,15.547357479866555,16.021884308148607,7.624252502079297
1.597,carcass,-12.440618455410005,12.470321665240286,13.310671352251791,8.609172768361052
1.598,of,-9.286507606506348,5.231860058870105,5.930134318226394,9.463870608417091
1.599,the,-9.370261192321776,6.066772649503970,6.095329102202022,10.339980094828423
1.600,"boar ,",-14.533188104629517,21.909869941682867,22.625841867404318,23.774778057990854
1.601,the,-11.122419357299805,5.585618059925251,5.622365144441742,12.914837523518784
1.602,huntsman,-25.490515232086182,13.616081317845898,13.638845762449234,11.997199948899029
1.603,rejoiced,-22.169994354248047,9.637917833249178,9.382307929681193,12.936224127893590
1.604,in,-9.290325164794922,5.645867617382088,6.308253921026638,13.929280117735471
1.605,his,-13.278248786926270,5.096739107222104,5.491190792034468,14.998092966120346
1.606,good,-10.006941795349119,5.165239105705775,4.996227777688699,12.524225357988124
1.607,fortune .,-15.877276420593262,14.034999618230177,14.390497703477763,23.815770347096603
1.608,The,-1.648221969604492,6.746959719648657,6.992360907198334,3.456291647660295
1.609,second,-6.312047004699707,5.816168943752626,6.149976521765435,4.514236270914178
1.610,huntsman,-29.541164875030518,13.943412986522214,14.418399295778148,5.496837792449017
1.611,knew,-17.272048950195312,5.674483859834460,5.796753806777244,6.401670700394630
1.612,a,-7.591915130615233,5.883725182327073,6.263332528136075,7.577590650426479
1.613,shortcut,-14.659836769104006,5.850118257834438,5.852866192788618,8.999973401021435
1.614,to,-9.181252479553224,4.472133918014176,5.268046531450381,7.640221143515854
1.615,the,-10.639508247375488,5.791226628559119,5.625366532449789,8.691776626216287
1.616,Manor,-12.644736289978027,4.519527602010639,5.167548085724151,9.747552299583241
1.617,House,-15.001765251159668,4.934946117207081,5.370340435943996,9.502251321558344
1.618,was,-11.892200469970705,4.690931962050923,5.172303046563648,12.650692072008701
1.619,just,-10.723917961120604,4.578628050429322,5.074152904597376,13.591313618731546
1.620,around,-8.124127388000487,5.113942396530076,5.630429448750273,14.555789213032696
1.621,the,-4.918660640716553,5.601555075225613,5.675618987995947,15.592470914930649
1.622,nearby,-10.260677337646484,5.616076446620171,5.607566425501295,16.999855902197275
1.623,"pond ,",-19.049696207046509,12.312994958718926,12.618581054437515,27.230424084435846
1.624,"and ,",-14.724622249603271,10.150503194004621,10.658052224090829,35.052431991377539
1.625,being,-14.622210502624512,4.462505787028613,4.655788758116535,19.033008104845976
1.626,a,-9.406572341918944,5.022574102887408,4.943041627049757,20.028500188996325
1.627,bigger,-21.457279205322266,5.365420029863595,5.493417202698050,22.020221514194784
1.628,man,-8.300448179244995,9.959639963650980,10.430239536514943,22.999998963345142
1.629,than,-11.519938468933105,5.534214395909517,6.074835157511809,20.323840415843321
1.630,the,-7.287664413452148,4.930076166929127,5.195911741500428,16.017581488380632
1.631,"first ,",-11.678318977355957,10.186842145540353,10.106426961858373,31.790109926641428
1.632,was,-9.368668556213381,5.184487400207527,5.649806449082901,17.433186936979929
1.633,able,-16.344119071960449,9.297301246061561,9.536431484672672,18.059211221537105
1.634,to,-6.037361145019531,5.557621920326652,6.572160322755067,20.105446134391880
1.635,pick,-11.225033760070801,4.437932160289836,4.707018650599325,21.078307881488008
1.636,up,-12.351885795593262,5.692708427358763,6.114179748143559,21.856304593516651
1.637,the,-8.060677528381348,6.145573450119321,6.090336510302514,15.051001613625116
1.638,boar 's,-24.682644844055176,28.076597260950514,30.180850953838217,37.030817723535897
1.639,head,-9.895508766174316,5.109135615674223,5.802817820827268,22.011811806114501
1.640,and,-14.294355392456055,4.884575715756778,5.745190135878233,24.025269514909120
1.641,carry,-11.450344085693359,4.400058597813675,5.284824028715883,26.397224533631427
1.642,it,-10.220274925231934,5.220787224344592,5.682462458884088,27.439397868677720
1.643,through,-12.943269729614258,4.855303206216376,4.782977332726023,28.954882532258424
1.644,the,-6.733013629913330,4.427234729873500,4.204931075249418,29.973977364097163
1.645,wood,-8.935590744018555,8.385015606746055,8.228519538709971,30.971862519115192
1.646,towards,-16.502652168273926,9.087640995464056,9.282555801140257,27.999995738938733
1.647,the,-13.533537864685060,5.273966185316815,5.102081721122754,28.487477276864126
1.648,prize,-12.446319580078125,4.546393707688088,4.859925955248941,24.001998577985567
1.649,that,-5.496773719787598,4.787826832901302,4.771042545009935,26.019579019256863
1.650,awaited,-23.144947052001953,12.263052435217615,12.713560108322527,28.001168908080459
1.651,him .,-21.485801696777344,14.109455240365479,14.614757481613772,62.465524683202077
1.652,The,-1.648221969604492,6.746959719648657,6.992360907198334,3.456291647660295
1.653,Lord,-11.430372238159180,5.306740838994104,5.491345846742852,4.549380972189519
1.654,of,-0.060531158000231,5.067498085214551,5.279749357521368,6.251267705526731
1.655,the,-1.911602139472961,5.442275342673906,4.837990553943651,8.303514403282763
1.656,Manor,-12.786933898925779,4.955352751123402,5.118983092759511,9.353226397723095
1.657,was,-13.625644683837891,4.927295304170126,5.218933740073453,10.318829520667180
1.658,seated,-12.438406467437744,8.298858239817951,8.710104440239625,5.457503789119471
1.659,in,-5.849808692932129,5.594471923337182,5.936221902020877,6.026058000733932
1.660,his,-8.805574417114258,6.154894276498579,5.811615657251933,7.087745851076449
1.661,hall,-13.047281742095947,9.377442710979034,10.201004393044748,9.002459323759034
1.662,when,-14.338424682617188,4.193452432443038,5.451657961255075,12.553174374614963
1.663,the,-11.121251106262207,4.993195437910074,5.160910696987858,14.073972654892295
1.664,second,-13.912032127380373,5.715424923555018,5.692284657266344,14.540739643201785
1.665,huntsman,-27.825214385986328,12.551309366075401,12.865465724094813,17.601970348641061
1.666,burst,-12.909679412841795,3.618304823321203,4.046611360810552,17.205457256468822
1.667,through,-14.348618507385256,5.343376664589567,5.521262515046764,18.092261736714423
1.668,the,-5.782342910766602,4.863990989482472,5.100230124909224,19.085927094695915
1.669,door,-7.188460350036621,7.233467222747168,7.554336555855866,20.067528404149336
1.670,and,-10.921799659729004,5.056365022772937,5.479441118607224,21.007437561924387
1.671,began,-13.622283935546875,10.897025630280966,11.184885259645711,20.048541859013469
1.672,to,-8.644517898559570,5.287614096982931,6.387306829597312,22.150404657725783
1.673,spin,-12.428737640380859,4.289018905804499,4.569286903533467,23.111920875409350
1.674,a,-10.734282493591307,4.465103663408625,4.848623403687302,23.690975641018518
1.675,line .,-21.344854354858398,13.529438057136854,14.042002080675564,44.034524627260332
1.676,`` The,-5.131947701484023,25.263190559022441,25.681571119415523,7.156677503098010
1.677,woes,-11.354401510208845,7.386189350830097,8.891271488770920,6.509849742530340
1.678,of,-0.278189212083816,4.341108377603689,4.276362400970518,8.005006649922903
1.679,Bradford,-13.860102653503418,5.016920658525235,5.679347964148811,10.213767536833172
1.680,are,-12.084510803222654,5.657359782360119,6.408544431594621,11.233000120017753
1.681,ended ! '',-25.885281562805176,30.677501011126235,30.343381865730102,20.737993842466540
1.682,he,-9.791281700134276,6.391276582344812,7.109926368603515,3.071655439041657
1.683,announced .,-8.114715040323063,21.349649320756960,21.107640092870199,11.089136772655138
1.684,`` With,-5.070519154578506,23.541769859143667,23.954257595419591,6.700124812898613
1.685,my,-5.276532173156738,5.220498430832659,4.872997237913436,6.984624023201804
1.686,own,-3.810813665390015,4.945453866073578,4.766525014687457,7.936815500108790
1.687,hand,-5.547818660736084,5.015035587647124,5.941673474785265,8.709363222774941
1.688,I,-0.566623628139496,4.342631190497629,4.760221351945170,6.629331358619207
1.689,have,-2.989784240722656,4.420988586830272,4.676824555315839,8.645882021181249
1.690,slain,-15.378775835037231,12.543083732029602,12.559521685783578,11.150653302504967
1.691,the,-10.329313278198242,5.254930681801178,5.365940488981750,12.155478430309849
1.692,boar ! '',-37.448292851448059,35.410432440275954,37.149856098492634,45.966951214873390
1.693,"And ,",-7.638777732849121,13.266921640530541,12.832752650565308,5.217063964442175
1.694,with,-2.973943233489990,4.191364441389513,4.400823090427714,5.056028954491024
1.695,"that ,",-5.921101573854685,9.970471684539415,9.994496127052363,13.781120027997726
1.696,at,-2.603161334991455,4.789074131950775,5.142645128502256,8.149864295578242
1.697,the,-1.584981918334961,4.558687024639875,4.670632900943956,10.483308250960516
1.698,feet,-7.608392715454102,2.704900235200927,3.649566533555568,11.917861021006351
1.699,of,-0.001788327470422,3.752517570337513,3.982016323541730,12.999678033302562
1.700,his,-4.684896469116211,5.067192563304050,4.858124048505569,15.264237478717785
1.701,lord,-12.036646723747252,7.940626233062036,8.737674546306835,16.002687480998468
1.702,he,-0.628919959068298,5.559860363154782,6.213199886661370,10.009227436911750
1.703,dropped,-7.627983225509523,9.176953737403423,9.534775857668947,12.283422836836175
1.704,the,-1.782369136810303,5.153139768706557,5.285419478062672,14.583826685473525
1.705,boar 's,-20.072860240936279,24.415813532033837,26.237718971413763,33.023391104039142
1.706,enormous,-17.557931900024414,4.759815116281199,5.279301878248639,17.298318714424894
1.707,head .,-15.894729614257812,13.790289748165343,15.152008339659417,34.648901404135700
1.708,`` Then,-5.911286061316787,24.695633574322574,25.179242752328943,6.226814817868917
1.709,you,-2.629812955856323,5.147037460413187,5.169714632281017,6.254940924224178
1.710,will,-4.052132606506349,4.777853416462037,4.468951619467571,8.212253284654674
1.711,be,-2.571381330490112,5.301829810566905,5.334549990986151,10.201488898031961
1.712,"rewarded ,",-11.117432739585638,15.263442669962231,15.084507524410569,25.028063225770349
1.713,as,-8.580821990966799,5.680490734087657,5.724823518734953,14.025955503284134
1.714,I,-10.980156898498537,4.848434203912784,4.976043758760710,16.025751252855848
1.715,promised . '',-37.361656536348164,29.206758304454155,29.577548245560664,58.092163149390132
1.716,`` But,-6.457197850257216,24.874506260654758,25.683777681285534,5.181690406137212
1.717,"first ,",-6.336849927902223,9.651926896757043,10.082641310296694,11.126765845829285
1.718,let,-1.747460961341858,5.559489505857568,6.000969148191390,8.162035753333869
1.719,me,-1.458532214164734,4.640478426201541,4.669718927095565,10.995993074033546
1.720,examine,-6.904155731201173,3.790183692936099,3.939823876996226,13.039182952863321
1.721,the,-0.631056487560272,4.473252792341022,4.721641897442685,15.548787432341777
1.722,head,-8.132812500000000,4.632122126184281,5.492096856487740,16.772707782067879
1.723,of,-0.029114477336407,4.213017742812127,4.327836543429543,18.154795072413719
1.724,this,-4.503452301025392,4.343183215407627,4.604881583019918,20.345054240735845
1.725,"monster , ''",-33.300539970397949,21.767507047634361,22.635491252882161,66.541483538637550
1.726,said,-9.919063568115234,4.379711693723083,4.652732738356685,10.858942465415103
1.727,the,-9.254573822021484,5.949347538976729,5.864092621014758,11.005221741281595
1.728,Lord,-9.298415184020996,4.310538133774170,4.852811017586887,14.518162009816509
1.729,of,-10.423282623291016,6.132798375102068,6.537029001053652,15.935597995985766
1.730,the,-11.000814437866213,4.681793401105132,4.767778139229378,16.432720466472244
1.731,Manor .,-26.392309725284576,12.674395277587262,12.857137236798573,39.170108939697855
1.732,To,-1.173247337341309,6.161245195724728,6.370567884901839,3.875805254989159
1.733,not,-11.138550758361816,6.012357262566978,5.987708084723589,6.001338474836211
1.734,examine,-9.484992980957033,4.054469559435974,4.119363487122540,7.667080979103448
1.735,the,-0.466234534978867,4.958472506021285,4.971734580127976,10.262698858368944
1.736,head,-8.849462509155273,4.910917836848618,5.915680661229457,11.705162774346714
1.737,in,-1.496405363082886,3.668960196885678,4.022534024467574,12.667218776441979
1.738,advance,-5.174905776977539,5.262286722932346,5.263612459883221,13.442491792187861
1.739,had,-7.090204238891602,4.209553468259548,3.648080382512230,5.092802122647825
1.740,not,-4.220301628112793,5.015278307683880,4.569245759048760,6.048569335172153
1.741,been,-0.185917630791664,4.420164035092840,4.184938918419400,8.011808525551434
1.742,very,-4.099026203155518,5.030549097455491,4.458015478739637,10.039133457717181
1.743,clever,-6.365471839904785,3.880965131271560,4.070849307999003,11.062616419561039
1.744,on,-3.212447881698608,4.429592650374818,4.752486223662626,12.081690787682795
1.745,the,-1.340620279312134,4.614196572591203,4.459374299397603,14.444602111144471
1.746,part,-1.551870465278626,4.212673247805562,5.172045453119460,16.052505490685782
1.747,of,-0.002283824374899,4.088193769682164,3.966442345560709,17.113824041416226
1.748,the,-1.611985325813294,4.948253302349698,4.792604388468991,19.418314231959034
1.749,huntsman .,-37.352492809295654,20.618960160976563,21.799542059857902,41.446631559474078
1.750,Right,-6.139881134033202,5.522725496476299,4.905351113369970,3.079783218636760
1.751,"away ,",-4.663751006126404,9.531851977920196,8.805399575866456,8.208137822781271
1.752,the,-1.741202235221863,5.624266233542974,5.320075760562324,6.446965324857276
1.753,Lord,-10.856281280517578,4.488266885337674,4.884067493332181,7.318050318947313
1.754,noticed,-9.375288024544718,10.569030435967241,10.539679114313023,8.213749920742718
1.755,the,-1.297112822532654,5.538084842738477,5.281430945690412,11.078759444833873
1.756,tongue,-10.297649979591370,8.884039649722162,9.549979834378435,12.017498489351208
1.757,of,-10.459509849548340,5.135378172552416,6.099559115208200,13.091503444339235
1.758,the,-5.058094024658203,5.581641482116535,6.194239364287469,14.088979270603799
1.759,boar,-27.558802604675289,13.197644672054178,14.856496775273845,12.710760741506455
1.760,was,-11.347661972045898,4.306046392113525,4.785992032402416,15.504760756155255
1.761,missing,-11.039567947387695,5.465674508102291,5.590667985374926,16.579733912014348
1.762,and,-6.226120948791504,5.542005061780039,6.204176145243374,17.489731931526517
1.763,"exclaimed ,",-18.138564150780439,13.186527143295017,14.104124007461827,33.999789047307459
1.764,`` What,-7.763882800034480,18.311035516311374,19.137948964896680,35.003483837777722
1.765,is,-8.283921241760254,3.312372330170596,3.467770712880504,19.000001162113008
1.766,this ?,-10.289837360382082,12.846433716141100,12.984808768315155,40.999984139859066
1.767,A,-3.861002445220947,6.184483090000588,6.580385323331305,3.638898389652430
1.768,boar,-15.666436433792114,15.558162407603493,16.820960363672572,4.693041565856706
1.769,with,-10.221029281616213,6.351024375959746,6.952093782919673,5.638071086163699
1.770,no,-11.650332450866699,5.883011424826142,6.273113389052688,5.929235604484174
1.771,tongue ? '',-38.603116035461426,30.049644475721646,31.115186991423307,28.247349223858059
1.772,He,-3.132118225097656,6.172610445780090,6.970292006513135,3.087320030454809
1.773,looked,-8.556137800216675,8.904078861169431,9.444395880175504,5.523173110913298
1.774,at,-0.907468914985657,4.748338882452688,5.200911435860908,7.669574114884503
1.775,the,-1.058855056762695,4.826925207058324,5.068507705673619,10.196600972375798
1.776,"huntsman ,",-33.478655576705933,15.640948638028807,16.658192508170067,23.040383527226005
1.777,dubiously .,-29.685613155364990,17.307339081400137,17.398465382557362,22.911631943260794
1.778,`` How,-3.856489186793624,24.492436276910702,25.427951010063126,6.180004834195135
1.779,come,-8.417290687561035,3.915373078851301,4.265832180356877,6.490394278566855
1.780,this,-2.946166753768921,4.787803551461589,5.230074164092584,8.242565083143282
1.781,creature,-10.647275924682617,3.716903220564352,4.737094739239478,9.184770941834529
1.782,has,-15.533899307250975,3.542926393451583,4.717214662822097,10.361452132398387
1.783,no,-9.677859306335449,4.660523299670132,5.168058927455884,11.077554103174288
1.784,tongue ? '',-39.320835232734680,28.518608533654408,30.150394324277300,36.314634671222080
1.785,he,-9.791281700134276,6.391276582344812,7.109926368603515,3.071655439041657
1.786,demanded .,-8.881774108042009,19.252574409690645,18.938068042270107,11.190103165216456
1.787,All,-6.472245216369629,6.511265162176303,6.863450452522137,3.562059367600728
1.788,eyes,-5.785811901092528,5.666387862883862,5.517245105738760,4.345387324027148
1.789,were,-2.009290218353271,4.526097186737934,4.541116171936973,5.125195326654311
1.790,on,-0.241634562611580,4.036146019904977,4.161600437102801,7.105653937174879
1.791,the,-1.642207145690918,4.631108515804963,4.768578601644922,9.644511231792574
1.792,huntsman .,-38.019668817520142,20.218644681603429,21.608981075458335,21.787540411614064
1.793,The,-1.648221969604492,6.746959719648657,6.992360907198334,3.456291647660295
1.794,huntsman,-27.251898527145386,14.443841399664819,14.091892794681186,4.284515502707832
1.795,questioned,-21.636391639709476,11.548193076330195,11.370907392208517,5.450919166653978
1.796,by,-8.939566612243652,6.199834113997163,6.647535709177415,6.163395122103938
1.797,the,-9.755113601684570,5.903346874563898,5.948671700347187,7.998603018782700
1.798,Lord,-13.937332153320312,4.912935089477747,5.298786485315897,8.999761414340590
1.799,"replied ,",-19.284552574157718,17.220604250041720,18.034995802103353,18.131625306613905
1.800,`` I,-20.145116685722314,20.878929292238698,21.487998972628333,19.985526181364790
1.801,can not,-19.778897285461426,10.564964416761686,10.823663257246087,18.999315401379146
1.802,"say ,",-5.179879665374756,10.087693374487927,9.760738993806351,23.031291083578402
1.803,my,-9.693987846374512,5.037865891932945,5.294948822564604,14.012980347488751
1.804,Lord . '',-28.857547760009766,23.408408336223893,24.302187544249186,52.089693478989830
1.805,He,-3.132118225097656,6.172610445780090,6.970292006513135,3.087320030454809
1.806,was,-3.205064773559570,5.018729938953838,5.277747749602224,5.225055667857906
1.807,suddenly,-8.957308530456430,7.564872498464129,7.616772580179147,7.592953002234405
1.808,realizing,-9.307508372003213,9.673884534856237,10.760650939442892,9.037188753879505
1.809,his,-2.274294376373291,5.655147924515238,5.852795737152476,12.132213870110085
1.810,tricky,-9.802234828472136,8.169319960653063,8.849384670280955,12.013862976491986
1.811,situation,-5.091214179992676,4.372138344889817,4.475676085041010,13.002381157757268
1.812,could,-7.286487579345702,5.144968403086222,5.684032605195731,13.448355425492261
1.813,end,-5.078273296356201,4.862198964417678,4.893210524182265,15.352913730901726
1.814,badly,-8.742284774780272,4.588888701857786,4.775695202391633,17.031921902412687
1.815,for,-4.617242813110352,4.079683727472848,4.469344421817700,18.896273569826306
1.816,him .,-2.128121964691672,16.521202310686974,16.778604603615307,27.158982136270783
1.817,Through,-5.675463199615479,5.266420549672152,4.882322594876799,2.944747655572259
1.818,the,-2.221408367156982,5.489218914576968,5.461931634970837,5.618714725286996
1.819,door,-10.165849566459656,9.791111418263943,10.026518122919944,6.645891409520233
1.820,at,-6.065404891967773,4.454983909433238,4.546788140361113,6.700501185923179
1.821,this,-5.619876384735107,5.305183158724956,5.409239991890573,9.096306360740098
1.822,"moment ,",-4.219605192542076,9.292043849938057,10.066549582422763,14.203109189215088
1.823,the,-1.316453456878662,5.779073303457465,5.342281217639678,7.366862408520877
1.824,first,-7.161008358001709,5.213891324798737,5.427078824230533,8.696861385595737
1.825,huntsman,-27.388104438781738,12.887183451898920,13.336195879753699,8.323855853025249
1.826,burst .,-30.768703937530518,15.676048313303500,15.517725856791724,19.427436780225676
1.827,`` The,-5.131947701484023,25.263190559022441,25.681571119415523,7.156677503098010
1.828,woes,-11.354401510208845,7.386189350830097,8.891271488770920,6.509849742530340
1.829,of,-0.278189212083816,4.341108377603689,4.276362400970518,8.005006649922903
1.830,Bradford,-13.860102653503418,5.016920658525235,5.679347964148811,10.213767536833172
1.831,are,-12.084510803222654,5.657359782360119,6.408544431594621,11.233000120017753
1.832,ended ! '',-25.885281562805176,30.677501011126235,30.343381865730102,20.737993842466540
1.833,he,-9.791281700134276,6.391276582344812,7.109926368603515,3.071655439041657
1.834,cried .,-19.860887814313173,23.506127534149190,23.436681873893484,11.771019369810729
1.835,`` I,-4.767228429824172,24.493645510612883,25.184773098364225,6.797413692002586
1.836,have,-3.119106292724609,4.209945527222168,4.637596625171362,6.813617521495930
1.837,slain,-15.527925252914429,12.297689984604009,12.196946968300614,9.120065626585008
1.838,the,-7.862726211547852,4.773160618306227,5.096760181569832,10.627370666868169
1.839,boar,-15.149652957916260,14.284378048145658,15.250967973200865,12.000029698178114
1.840,the,-10.542495727539062,4.037726026220739,4.720858745362839,13.237599612167545
1.841,people,-9.960756301879883,4.244295316741394,4.404736499113763,14.303002952222323
1.842,of,-14.989138603210449,4.711349190000548,5.295834139589179,14.412112564680069
1.843,Bradford,-15.297640800476074,4.621370948068139,4.838418707495311,15.399755714305556
1.844,dreaded ! '',-39.089606523513801,26.078594531852019,26.909281249338473,62.552282836900353
1.845,All,-6.472245216369629,6.511265162176303,6.863450452522137,3.562059367600728
1.846,eyes,-5.785811901092528,5.666387862883862,5.517245105738760,4.345387324027148
1.847,turned,-4.971675872802733,4.532891347365300,4.423609810090610,5.185972488349533
1.848,to,-0.760239958763123,4.175893588064001,4.308731566875618,7.161498385264946
1.849,the,-1.660729646682739,4.880174356006934,4.892972051317172,9.659296072112873
1.850,man,-5.160444855690002,7.111592755678863,8.046599535291456,10.965797883629250
1.851,who,-0.046953406184912,5.394196576232225,5.150509030052810,13.230873859932109
1.852,now,-3.513479709625244,4.300445509125734,4.520013979878099,16.250226033827538
1.853,stood,-8.363426923751831,11.196730996079877,11.591009260654323,18.355644083634655
1.854,in,-1.232450366020203,3.653082033252522,3.965960155608902,20.365413827895114
1.855,the,-1.102184891700745,4.498625679175785,4.746568983983769,22.500700772692966
1.856,doorway .,-24.734271526336666,12.771339460433595,14.077697858808904,47.947541863334365
1.857,`` The,-5.131947701484023,25.263190559022441,25.681571119415523,7.156677503098010
1.858,reward,-8.961415290832520,4.405121781907034,5.021686499706476,6.109209827137867
1.859,is,-0.328435093164444,3.357928941787289,3.092224892930555,6.626057209304980
1.860,already,-4.046878337860107,4.714319378171202,4.589621809079582,8.679552226997687
1.861,"given , ''",-23.487785652279854,27.444821839685041,26.615252440743600,22.129603633492156
1.862,said,-1.514810442924500,4.905412234140160,4.783513370339731,8.200515150873724
1.863,the,-2.722397327423096,5.819364491830371,5.559450977319499,10.900361596712608
1.864,Lord,-9.842950820922852,4.842704825619721,5.440361647320597,11.555198904981305
1.865,of,-0.203085750341415,4.728329752539778,4.694489438518314,13.004033475376650
1.866,the,-1.136481165885925,4.497427754987601,4.209846364118040,15.054985493616345
1.867,Manor .,-29.895886957645416,12.538427010196703,13.276953035943338,33.094854465588661
1.868,`` The,-5.131947701484023,25.263190559022441,25.681571119415523,7.156677503098010
1.869,man,-7.022265911102295,8.229169079930196,8.739778911857744,6.237452233296768
1.870,here,-1.059887647628784,5.474913974601360,5.197032211907930,7.776308176471795
1.871,has,-2.492774009704590,3.832840761307996,4.057888947937160,6.855827198300633
1.872,brought,-6.160902261734009,8.404045086374941,8.175996574458816,8.908926001496390
1.873,to,-0.395657658576965,3.470692529080181,3.354744603820348,10.892310874649551
1.874,me,-2.920317649841309,4.956398707992566,4.929408651602469,12.840136397391387
1.875,the,-1.293995857238770,4.837734222693302,5.065274004400714,13.483374413789150
1.876,boar 's,-24.387815475463867,24.847711403168105,26.742510796845401,29.976647902218708
1.877,head . '',-38.923385143280029,27.099918259590083,27.643028505717307,49.796634551770239
1.878,`` Then,-5.911286061316787,24.695633574322574,25.179242752328943,6.226814817868917
1.879,where,-2.972620962857036,10.828144406190171,11.440332263832461,6.566040064734096
1.880,is,-2.161916255950928,3.255752454443658,3.058181781850952,8.015570194652403
1.881,its,-7.700062751770020,4.940664429195484,5.075694491516336,10.025631075088533
1.882,tongue ? '',-39.908419311046600,30.073550595694989,31.555857650508294,36.029236620647396
1.883,the,-7.707617759704590,6.726184298556122,6.997611338103143,3.430699311574548
1.884,first,-5.766751766204834,5.308004031043255,5.436429549750821,4.644834084444062
1.885,huntsman,-29.786787033081051,13.751739830617151,13.970391641040528,5.508154873119017
1.886,replied .,-28.915814161300659,21.434161737152557,21.981610363139378,13.559727096921975
1.887,"And ,",-7.638777732849121,13.266921640530541,12.832752650565308,5.217063964442175
1.888,so,-3.392821311950684,5.268518028914313,5.149028100642437,5.104606077877823
1.889,"saying ,",-8.250866174697876,10.592196261190931,10.801205777086800,15.066420882868723
1.890,he,-3.171344280242920,6.200087314146281,6.563356852323794,8.398218387384970
1.891,drew,-8.995808959007261,8.761222259338560,8.831477310219139,10.657674580431369
1.892,out,-3.060606479644775,4.995826464578319,5.491599817330362,12.482350044105676
1.893,the,-1.969614982604980,5.573097218527456,5.605047758603380,15.175759069382755
1.894,boar 's,-19.244178272783756,25.066468293407972,26.948503804208123,33.837141576840267
1.895,tongue,-14.233861446380615,8.464177511217937,8.327360236534894,18.033453476161050
1.896,he,-11.559122085571287,4.385427308835141,4.989326800642936,18.974920451259493
1.897,had,-11.548224449157715,4.470933328128389,5.343353896743201,16.688743858983337
1.898,put,-9.973564147949221,4.163689965079649,5.051487408353599,17.700348603678936
1.899,in,-5.612727165222168,4.622881300655222,5.390659042364843,18.599248821150685
1.900,his,-4.114391326904297,5.263115000065842,4.915107420316291,22.594218642651853
1.901,hunting,-13.210061073303224,6.743512979640057,6.882924923851927,24.615194721404468
1.902,pouch,-14.357469439506529,11.468781721032537,13.132909838634188,26.636851090406427
1.903,and,-12.037375450134276,5.162677348991418,5.763375388082531,27.558683719830061
1.904,related,-11.067540645599363,8.978185897372512,8.972638458076855,27.770115253128782
1.905,how,-11.177435874938963,3.930929170526911,5.027416723455088,28.076518058901520
1.906,he,-11.518956184387207,3.804602713092733,4.537882115963903,29.088281572599172
1.907,had,-13.167881011962891,4.037191290422706,4.850965396831493,30.135935620164442
1.908,ambushed,-22.995874404907230,9.176390591800416,9.566549119383174,30.992347817835871
1.909,the,-12.633918762207033,4.412217777625657,5.086628894702374,32.050939858754923
1.910,creature,-12.218752861022949,4.533154955817891,5.069018832873037,32.999999992160852
1.911,in,-10.878449440002440,3.826735797690417,4.527497133349689,33.999816581832434
1.912,the,-2.144532918930054,5.146352177212318,5.094446214446268,31.128307278586529
1.913,wood,-13.980442047119141,3.860602507066192,4.252564457514377,33.061879578539859
1.914,and,-9.834901809692383,3.969597268793561,4.701822026928441,35.002731322900765
1.915,cut,-6.539155483245850,3.471220273026528,3.861512869346390,36.000365002531979
1.916,out,-8.457090377807617,3.767354596505156,3.967841370950389,37.001169733981015
1.917,its,-2.989093065261841,5.642571454018045,5.574476899631835,39.014762159389150
1.918,tongue,-6.143643736839294,8.512447692169927,9.254537459037996,40.008350050728140
1.919,as,-15.561923027038574,4.963471431510522,5.803338022936453,41.007715052731903
1.920,proof,-17.418828487396240,9.127418058244238,9.990713106971922,41.022488744615117
1.921,of,-9.508655548095703,3.928754905337079,4.383032096115993,43.069699915748494
1.922,his,-9.400361061096193,5.087924754687869,5.099513713119721,44.594865576524221
1.923,victory .,-20.009320735931396,12.096845008937521,13.445847385159745,92.615673841481652
1.924,Listening,-18.164625644683841,11.720851865175536,11.314548599134696,3.984377700306871
1.925,to,-6.225919723510742,6.073290365538405,6.376440383672457,4.952316436265441
1.926,the,-8.399692535400389,4.779554608676902,4.732531784242800,5.740858507769697
1.927,"tale ,",-26.810307502746582,15.686559450698507,15.671175999636642,17.110995936180977
1.928,the,-5.953317642211914,3.841233022876421,4.095376536784173,11.073367815713755
1.929,Lord,-18.494482040405273,4.194724884341489,4.737762882793528,11.999998128099660
1.930,of,-11.567998886108398,4.916442137565213,5.450563913079116,13.257950433584234
1.931,the,-5.470683097839356,4.947869693809201,5.088760427795476,14.152181570775975
1.932,Manor,-20.753942489624023,4.243840029824998,4.107449502954704,9.803459244957226
1.933,tried,-12.869348526000975,5.684324260678112,6.279174087463338,11.613521263386314
1.934,to,-7.541981697082519,5.388085004107715,5.910044735574593,12.566307220715370
1.935,discern,-12.069667816162109,5.044866240473095,5.161983696020731,13.629435808496744
1.936,which,-14.022786140441895,5.601472352240026,5.435227166175441,14.016916347558384
1.937,huntsman,-30.188912868499759,16.012440135502491,16.036156886442793,9.136594547995694
1.938,was,-5.747002124786378,5.598988204843503,5.680382737737657,11.041651518266768
1.939,telling,-13.284457206726074,5.793840655688697,5.716575838546975,12.073263898942098
1.940,him,-11.533195495605467,5.635842757366487,5.662651731571945,13.054972488486602
1.941,the,-8.423309326171875,5.062348637548681,4.885179064836930,17.000573883035393
1.942,truth,-4.490247726440430,4.186802371341473,4.519921984632879,18.000038844659450
1.943,and,-4.467370986938477,5.075338580018733,5.264227561968090,19.001377009875132
1.944,what,-7.323820114135742,4.346774350190000,5.099380375460244,20.010742983302237
1.945,the,-10.303288459777832,4.010685153256556,3.694697500508090,21.054678164887608
1.946,two,-11.959634780883787,5.660934425387389,5.514220776394942,22.000006920674867
1.947,huntsmen,-30.576963543891910,11.156061819881256,11.989666219800704,25.607315239176675
1.948,were,-12.573950767517090,4.967978165283512,5.128740780024370,27.276047517127644
1.949,thinking,-11.315384864807127,4.366457555928902,4.374204550362134,28.198706288498048
1.950,as,-10.353321075439453,4.512014066521827,4.670596304978402,28.989471942832154
1.951,they,-12.182482719421387,4.061274162621304,4.383492852667464,29.088937934214147
1.952,waited,-20.185432434082031,8.813996870892993,8.411078970347139,23.838098558913714
1.953,for,-8.527372360229492,4.960904751578495,4.937517676437037,24.588305362870933
1.954,him,-11.428819656372070,5.102662006724466,5.549297520754380,27.095974236214719
1.955,to,-11.667654037475586,5.543996711645463,5.584411298268914,27.980892186971360
1.956,make,-6.452898025512695,4.334661574955564,4.453280552537765,29.083660436353451
1.957,a,-7.574578285217285,3.401710600857897,3.653255765886520,25.307971369489017
1.958,decision .,-21.769160270690918,12.725142888575663,13.265342850380712,58.704559960243472
1.959,Almost,-8.521533966064451,5.343820956741934,5.492406200790970,3.959332612166312
1.960,"instantly ,",-16.146158334020583,16.030561787160309,15.742954762835627,9.011358590804662
1.961,the,-8.781748771667480,6.071135283134162,5.527497845257256,5.026574567312021
1.962,Lord,-9.607811927795410,4.877307557557104,5.780784253954192,6.333089100119523
1.963,saw,-12.168278694152832,5.365023304728205,5.756257090652009,7.329082940272263
1.964,that,-12.406001091003418,5.355196085763519,5.464888969517075,8.039132886064195
1.965,the,-9.340011596679688,5.147923269132984,4.695916460915450,10.760643511938042
1.966,second,-10.336332321166992,4.917810773364708,5.866125831670350,13.275207983299104
1.967,huntsman,-25.188938975334171,13.299208348746619,13.326674864160321,14.235648549575092
1.968,had,-11.916301727294922,4.149942315809776,4.304834263346361,15.021970755763824
1.969,fed,-19.364629983901978,13.466000111136664,14.156911544785345,16.022154114354478
1.970,him,-9.790205001831056,4.948510847144219,5.138498347799801,17.016631404342093
1.971,a,-7.418080329895020,3.925849635022635,4.120249647720898,15.088005686998804
1.972,pack,-7.787468433380128,2.673604042444587,2.865557170811808,16.004462762107394
1.973,of,-12.663825988769533,4.622132318787967,5.083964707210077,18.012917300647192
1.974,lies,-11.960138082504272,7.085981269367116,7.171906103940946,21.947740131443524
1.975,and,-4.186204433441162,4.328566963324980,4.655577314384964,22.949220408549390
1.976,it,-13.559547424316404,4.275008218220926,4.829361601116714,23.543183897494732
1.977,was,-10.996324539184570,3.820415986221307,4.021807852770868,23.372768349015150
1.978,the,-9.059236526489258,4.227128308385505,4.733836135274646,27.090432537758449
1.979,first,-10.136920928955078,5.095187560231924,4.932423774336291,29.629998577066662
1.980,huntsman,-28.200562953948971,9.625937031305858,10.197674306664616,26.107928068235889
1.981,who,-10.538448333740234,4.235306306257370,4.707502239862169,29.260465218656893
1.982,was,-12.094307899475098,4.805582517981605,5.137518099590300,30.792523544428832
1.983,the,-9.752601623535156,4.840616468675068,4.982670098199672,32.327994092371732
1.984,true,-7.555304527282715,4.833102770184640,4.770696023510606,33.422612499701145
1.985,savior,-10.607118606567383,4.256500971458165,4.386283177953254,34.550469222131795
1.986,of,-14.215412139892578,4.903199122320689,5.436680579970768,33.793098542744886
1.987,Bradford .,-26.083777427673340,12.198796049579920,13.385845120711936,75.730599475719202
1.988,The,-1.648221969604492,6.746959719648657,6.992360907198334,3.456291647660295
1.989,Lord,-11.430372238159180,5.306740838994104,5.491345846742852,4.549380972189519
1.990,believed,-7.465864486992358,10.022358213092222,10.412498762978482,5.282810897361339
1.991,the,-1.404824256896973,5.352408925859026,5.039770547922720,9.445432178359964
1.992,second,-7.889562606811523,5.439495596893686,5.503477802402299,10.458896821285792
1.993,huntsman,-28.542728900909424,11.805163200287552,12.226807247821306,11.286428095643689
1.994,had,-15.336479187011721,5.116874929931867,5.824309645763890,12.199311779058409
1.995,tried,-12.202707290649414,5.332201996906454,5.826501138559767,13.140607566193953
1.996,to,-8.471910476684570,5.471637827895117,5.880996477081600,11.398833309717078
1.997,steal,-8.931692123413086,4.032020185521613,4.124603199959965,13.537480654951477
1.998,the,-10.438689231872560,5.904638372735031,5.591089166265717,14.011603773055990
1.999,first,-9.104952812194824,5.100924435268428,5.427285819993910,16.068436534439652
1.1000,huntsman 's,-32.956572141731158,22.322514551347993,23.363155966258997,43.018431518325372
1.1001,prize,-20.297590255737305,4.352098514054049,4.370618829549855,22.520426296627768
1.1002,and,-5.219254016876222,5.166493572447314,5.612322466465062,23.500656561240245
1.1003,so,-10.736219406127930,4.031239848503112,4.867235555889555,24.518240033084634
1.1004,proclaimed,-17.176577731966972,12.019997283030460,12.738055064398994,25.385089118082369
1.1005,the,-6.603384017944336,4.635629078586309,4.970809033526499,26.420493186852070
1.1006,first,-10.932614326477051,5.354220236979568,5.423130152897228,28.246785210015787
1.1007,huntsman,-38.114787101745613,10.498763647922470,10.722292657658867,23.624857254235192
1.1008,the,-9.436762809753418,5.607389864143950,5.847885348199365,6.017248424180735
1.1009,true,-10.792998313903807,4.027812172792840,4.071424308838163,9.083623072626173
1.1010,victor .,-23.878243923187256,11.297914961907445,12.162627515118599,52.740830557312307
1.1011,The,-1.648221969604492,6.746959719648657,6.992360907198334,3.456291647660295
1.1012,Lord,-11.430372238159180,5.306740838994104,5.491345846742852,4.549380972189519
1.1013,wondered,-8.929921627044678,10.271777082917390,10.809354687099347,5.145597832347566
1.1014,for,-3.415995836257935,3.883552087478965,4.360223889089023,7.157101243325307
1.1015,a,-1.785898685455322,4.524057478245203,4.437948552914754,9.328584008009511
1.1016,moment,-0.501515507698059,5.103751065052724,5.271455954552619,10.177601856753528
1.1017,why,-0.650371909141541,4.934209596646282,5.520295900570026,10.143981372563198
1.1018,he,-1.106519699096680,5.540463295645272,5.800932525092577,13.187587658900807
1.1019,always,-4.128790855407715,4.799208328304338,4.835552325801367,15.175150448989895
1.1020,encountered,-7.927547312574460,6.779222721804848,7.292633794249550,17.171848657922247
1.1021,so,-0.080020293593407,4.401497801781204,4.591079758194692,20.327054768335401
1.1022,much,-1.305201888084412,4.542098930328862,4.614933312659591,21.226875349797652
1.1023,chicanery,-10.825135524384676,18.295543352930387,19.969576273452876,21.567966430747372
1.1024,in,-12.132923126220705,4.373139184852340,5.434829488312429,22.414898674464503
1.1025,his,-10.616114616394043,4.589622379494816,5.846088693486003,23.379513033763629
1.1026,everyday,-19.180168151855469,4.530555429571294,5.020856261153915,21.582661280178048
1.1027,interactions .,-26.618086218833923,16.010164582545286,16.838888698662146,49.446636237472774
1.1028,The,-1.648221969604492,6.746959719648657,6.992360907198334,3.456291647660295
1.1029,huntsman,-27.251898527145386,14.443841399664819,14.091892794681186,4.284515502707832
1.1030,who,-14.799269676208494,5.590731471582655,6.356535373214188,5.300760613246662
1.1031,had,-11.191095352172852,6.041481233315934,6.114532904607461,6.303094493669318
1.1032,earned,-17.699003219604492,5.702431055002693,6.142837331822032,7.060197584506406
1.1033,his,-9.932986259460449,4.410660321537255,4.074698688446878,10.132858558883573
1.1034,prize,-10.228023529052734,4.311933733386250,4.260696148483008,10.999746390236146
1.1035,fair,-10.427845954895020,3.959958241836252,5.624606034321867,14.279686213832074
1.1036,and,-5.910239219665527,4.949653249242020,5.921540969369726,15.206870601035966
1.1037,square,-6.846940994262695,8.763092960218692,9.555055172860717,16.146165262282775
1.1038,received,-11.850919944234192,10.659368446591193,11.301502030139412,17.230506278341409
1.1039,as,-10.915380477905273,5.160248618668044,5.675696248843567,19.048522341760229
1.1040,his,-10.400149345397949,5.271462047444328,5.385473326402089,19.985345030361074
1.1041,reward,-16.295116424560547,3.872409656697572,4.393500983927860,7.550017616512575
1.1042,a,-4.474497795104980,5.071295864007683,5.296815905883069,8.877130290977270
1.1043,piece,-8.715534687042236,9.200859237143776,9.544807618766519,10.389403181086386
1.1044,of,-10.916908264160156,5.721793963222952,6.189818731534351,8.035882819651967
1.1045,land,-17.721238136291504,8.918323812259244,8.802115901706390,10.597274649555581
1.1046,just,-8.828810691833496,4.288046107187093,4.464202455603023,11.781355675172154
1.1047,outside,-8.655969619750978,4.885804547028830,4.948206686060161,14.000006139889418
1.1048,the,-10.849212646484377,5.220598802655601,5.375366258087784,13.247260195443387
1.1049,"town ,",-20.700733661651611,12.849715429013061,13.379023780768383,31.513249976334386
1.1050,known,-9.844152450561523,8.283176367025286,8.223211330260911,18.134917036778774
1.1051,thereafter,-19.048810720443726,9.128777608571065,9.580237456836928,19.905784068540736
1.1052,as,-11.045606613159180,5.667740211726985,5.936846856121288,15.976483776328282
1.1053,Hunt,-12.110861778259276,4.250348885227791,4.502350683904557,18.024449680945079
1.1054,Yard .,-29.658510208129883,13.695429650273702,13.994971393776831,41.021639215096542
1.1055,His,-5.777881622314452,6.248731016600482,6.778828838825783,3.455308326655278
1.1056,fame,-9.354190826416016,6.132562204460652,5.938714439408307,4.472364048130719
1.1057,was,-12.897932052612305,5.404697674922393,6.230024226861121,5.266590344463054
1.1058,indeed,-14.998121261596680,10.731956344128962,11.005204605312922,4.600826672583306
1.1059,"assured ,",-15.725447177886963,10.288728947185641,10.646082764632496,13.451270902515873
1.1060,but,-5.041172504425049,4.267668814992623,4.551278587240450,9.080790137571098
1.1061,it,-14.872155189514160,4.829564442855482,5.219633509621019,11.397147846214271
1.1062,was,-11.055878639221193,5.079113425832213,5.636972945162602,8.069480820082786
1.1063,not,-6.183382987976074,6.174021531539693,6.001823756669697,9.459294473146052
1.1064,nearly,-10.179396629333496,5.703199423443293,5.662030519165383,11.012402054399423
1.1065,as,-2.104639053344727,6.109397820690504,6.067214172512394,12.091560875012119
1.1066,lasting,-8.754936456680298,9.208841778973943,8.951489400771534,13.230026278745706
1.1067,as,-12.542242050170898,6.487788006627841,6.393813853710320,15.008148476988289
1.1068,that,-13.697898864746096,6.035645886178300,6.107380013448992,15.962773054378912
1.1069,of,-12.099057197570801,4.767562961177852,5.734661140800267,18.040750093307548
1.1070,the,-8.514169692993164,5.192117767901563,4.908918090642184,19.000196345665611
1.1071,fearsome,-13.159258127212524,9.584964963509334,9.481461286478552,22.077397936058698
1.1072,Bradford,-12.887874603271484,4.100357936167876,4.348522182771552,24.034196016418964
1.1073,Boar .,-25.411633968353271,17.565931321381804,19.022997576883384,51.036467364519311
2.1,A,-3.861002445220947,6.184483090000588,6.580385323331305,3.638898389652430
2.2,clear,-8.175214767456055,5.108698778485724,5.255775092441163,4.906624428734796
2.3,and,-2.174570798873901,4.949201970526738,4.879018857475511,6.569990850601410
2.4,joyous,-10.402814775705338,12.383554807887919,12.628932130794782,7.458093798515431
2.5,day,-20.134402275085449,9.717619290146382,10.088070423413061,7.620305188730228
2.6,it,-14.821595191955565,5.786246690153973,6.185236222558316,8.298063094862323
2.7,was,-11.249897956848145,5.491997889810903,5.900482893834956,9.415129597929219
2.8,and,-11.626791000366213,4.756681445202154,4.344945110913380,5.494969267664719
2.9,out,-9.245300292968750,5.992334615599695,6.762578425704789,5.000523640908915
2.10,on,-9.448249816894533,4.494190182945267,4.495495422342147,8.036685575094205
2.11,the,-10.731334686279297,5.751485278479249,5.456659283853504,9.004716667698448
2.12,wide,-16.751379013061527,10.509982558310158,11.343629299222233,11.226009503852620
2.13,open,-9.572145462036133,4.961038572726680,5.920297653761232,13.613746801318534
2.14,"sea ,",-16.099965095520020,9.514061392031959,10.893260012767840,31.001485083553646
2.15,thousands,-14.229887247085571,8.278677430549321,9.148700274155260,17.000669602511358
2.16,upon,-16.360550403594971,9.353856574479307,9.773841579424944,15.000826708916216
2.17,thousands,-5.051757989684120,7.838019387347554,7.951550538987452,18.974501766057529
2.18,of,-6.471576213836670,4.439550281133333,4.752595227936808,18.981504024195001
2.19,sparkling,-10.351883888244627,6.085360892019192,6.138219130601975,21.132422442585717
2.20,water,-18.757133483886719,9.243149009898953,9.870323812862905,23.037112439032203
2.21,"drops ,",-18.915687322616577,14.017729753441994,15.521157310151544,50.771941910980743
2.22,excited,-12.024442672729492,4.393091908390883,4.498213564920809,26.469097173978625
2.23,by,-9.320554733276367,4.471361494302939,5.173761037814868,28.926527786891150
2.24,getting,-16.866691589355472,4.461280076154488,4.501675197080325,19.969177388829120
2.25,to,-7.643136501312256,5.077354201229298,5.212139016430417,17.675311618337904
2.26,play,-6.530611038208008,4.436315442221932,4.415287058393329,19.012065471145888
2.27,in,-1.170335769653320,3.447185529459627,3.781243826495147,21.024527644209066
2.28,the,-8.330195426940918,4.051245819822126,4.103190774211803,23.000049575578608
2.29,"ocean ,",-23.413010597229004,9.566406821626206,10.351696526195170,52.276897316266833
2.30,danced,-16.856897115707394,8.700520070107777,9.496361896872811,29.061401054758896
2.31,all,-2.331840991973877,4.817688567086322,5.053321770268888,32.000022860796264
2.32,around .,-16.166467189788818,14.159905036581826,14.684870140652066,53.000714984392246
2.33,One,-5.470492839813232,6.351398551102593,7.041222701386385,3.601103813691336
2.34,of,-0.018091309815645,4.232970149466679,4.959115069029248,6.217848673592028
2.35,these,-4.182549476623535,6.262824865741345,6.449989102489427,8.353658070710150
2.36,was,-1.644797921180725,3.570475270636678,3.353939430005203,5.152785352630357
2.37,a,-1.220306158065796,5.597956677048749,5.455189426647417,8.078330898863596
2.38,merry,-13.118154525756836,4.881601697822503,5.436141975011950,9.135020457450759
2.39,little,-6.369579315185548,5.297595070140932,5.458005447052530,10.204481168602763
2.40,fellow,-8.133733749389647,5.112370295501470,5.840220117071552,11.228082641602214
2.41,named,-16.712690830230713,8.181728672023260,8.705044572244988,11.864270516591162
2.42,"Aqua ,",-28.754482567310337,12.705120798436912,13.679362284348915,26.779192746957285
2.43,who,-9.325079917907717,4.153397781067577,4.612603958198859,14.999994975003373
2.44,danced,-20.766130685806274,8.696949365716874,8.390308067392057,14.983868261325426
2.45,on,-14.478184700012207,5.175529229706338,5.706830765200755,15.681350791844752
2.46,the,-9.488891601562500,4.020655971774246,4.243876593255491,19.445229016163236
2.47,silver,-8.646978378295897,4.219346304081731,4.687494507522988,20.490960254331828
2.48,backs,-15.679111480712891,9.066665120473790,9.498249342248368,22.916779152017092
2.49,of,-12.556032180786133,3.953420358926888,4.445365801209233,25.957465887586263
2.50,the,-7.739041328430176,4.643998952559333,4.544725016199678,26.986827198124011
2.51,fishes,-14.568317890167235,8.753501594707847,9.239884431759975,24.339839474099804
2.52,as,-7.525696277618407,4.467829377962599,4.798909696402130,22.087519834644574
2.53,they,-8.541271209716799,4.278224604229584,5.081460390130921,24.644382622065848
2.54,plunged,-19.422214627265930,9.321039986960717,9.849111731972766,28.596295386670423
2.55,up,-7.225934982299805,4.333358456128217,4.943169034904732,29.696915545771905
2.56,and,-10.768565177917480,4.123212777779727,4.497210384520663,29.304358083279300
2.57,down,-12.369127273559570,3.452545067383540,4.586933494570318,28.398248103958622
2.58,in,-8.175506591796875,4.568544262878119,5.325987186255452,32.792834572127049
2.59,the,-5.925352096557617,4.196037453426793,4.119582051462272,28.010460428245697
2.60,"waves ,",-19.234828829765320,12.109687727008374,12.665648599068962,59.000259837527381
2.61,"and ,",-19.902447700500488,9.168939621124032,10.273670749775473,65.170946259004083
2.62,no,-6.163886070251465,4.069469806282884,4.195548618300170,36.132507277663287
2.63,matter,-11.155555725097656,3.308528495396788,3.377717322282747,30.212883146206785
2.64,how,-10.850399971008301,4.553164673136419,4.572073218934998,31.010738917540273
2.65,high,-6.324829578399657,3.944390884449161,3.914241359450616,33.452295251439018
2.66,he,-4.343098640441895,5.127513592361652,5.611086663162094,17.342373630226550
2.67,"sprung ,",-35.051312685012817,22.647412022504529,23.407126057549757,40.990914941249528
2.68,he,-9.299765586853027,4.517024310956660,4.858459680375678,22.009901976175197
2.69,always,-11.316416740417480,4.575581591472912,4.515168433200658,25.000127090099177
2.70,came,-5.084370851516724,7.070661869120763,7.298738926976592,27.000085623207148
2.71,down,-8.191970825195312,4.752440360052623,4.986974315442644,28.000106045777983
2.72,again,-13.318064689636230,4.332457413772564,4.371698298944675,28.997644045407448
2.73,into,-12.855009078979492,4.836555720787425,5.614573433088906,30.991110302743483
2.74,his,-11.522079467773438,5.454584795267189,5.330901124194511,25.000605208197648
2.75,mother 's,-28.126647040247917,15.766449625270154,16.806574115935074,56.033751521667710
2.76,lap .,-25.452274560928345,14.891776394930297,15.703462144498637,63.667381443047091
2.77,His,-5.777881622314452,6.248731016600482,6.778828838825783,3.455308326655278
2.78,"mother ,",-5.101025570183992,9.012402252055033,9.921816540475358,9.499676103787268
2.79,you,-4.006645202636719,5.301231037455572,5.727824521512791,7.473453548232238
2.80,"know ,",-1.679299627430737,9.299184009997738,8.428442556911079,17.762240311854679
2.81,was,-1.663776993751526,5.604966236284793,5.910752377308477,7.052704825343503
2.82,the,-1.852469444274902,6.054452127242452,6.120633479030944,9.958664764487029
2.83,"ocean ,",-14.652609348297119,8.113207747258501,9.166314469343668,21.261446522604956
2.84,and,-0.548728942871094,4.591129387482394,5.067018343944199,9.725196299403828
2.85,very,-3.877446174621582,5.328560262106948,5.191662285730636,14.076555357520867
2.86,beautiful,-3.852366685867310,4.062406302431024,4.117539038747529,15.172203421010456
2.87,she,-1.395026445388794,4.476453117380126,4.862190489183062,18.650169007606465
2.88,looked,-4.817223951220512,6.304911447899814,6.704550832385620,20.894084259220527
2.89,that,-3.707527160644531,4.000787906549839,3.999709259358638,23.071780933070308
2.90,summer,-5.712711811065674,4.074120714568695,4.439734711549723,24.037826290795717
2.91,day,-7.722768947482108,8.421254902443515,8.732077430286173,25.054692024490837
2.92,in,-1.373115062713623,3.034036033166450,3.103190659972528,25.040911746331247
2.93,her,-2.199168920516968,4.477603732630325,4.809110104782827,27.137658534890718
2.94,dark,-5.615771293640137,4.256648658352849,4.812303969664816,28.201951072194554
2.95,blue,-4.652339458465576,4.226409650245827,5.001112255958972,29.730311835989056
2.96,dress,-3.828953504562378,4.464435766189462,5.407406850994279,30.059651321107850
2.97,and,-2.410248279571533,4.293161606461694,4.896156512472574,29.331079408153158
2.98,white,-4.628230571746826,4.699754569441176,5.529966438804704,31.446853838918837
2.99,ruffles .,-33.026702165603638,22.472553340069243,25.847158607057196,66.635403914309975
2.100,By,-3.725710868835449,5.824942065903673,4.907200821637392,3.094516105479741
2.101,and,-11.628120422363279,5.948743437895423,6.236628500810513,4.217854911741463
2.102,"by ,",-7.230031907558442,10.341560435456765,10.202068417591514,10.691856595174114
2.103,the,-1.273379087448120,5.344279383025301,5.129638729085707,6.665711511090622
2.104,happy,-10.518987655639648,4.656845534010201,5.330335313249098,7.485867459190485
2.105,water,-12.245514154434204,9.020676613815636,10.130654943735069,8.475240578068144
2.106,drop,-11.394218444824221,4.278963231718387,4.124952492489887,8.279549193188696
2.107,tired,-13.501566886901855,4.462217638177004,4.737599163572517,8.401442192374299
2.108,of,-0.032144699245691,5.377614327771290,5.236231053377768,10.122100896050330
2.109,his,-5.680056095123291,5.652985112556771,5.477922471473667,12.799165888916145
2.110,"play ,",-9.410127937793730,8.456385193927339,9.518591753522013,27.383168912354634
2.111,and,-0.677727699279785,4.285818844358666,4.438911071727299,11.786661738409922
2.112,looking,-11.346910476684570,4.480549246318182,4.656435528927645,13.611358989038779
2.113,up,-2.849653720855713,4.441287589552387,5.309980863420631,15.840109221087664
2.114,to,-2.112794160842896,4.492514273622910,4.556420729095944,17.069894184789547
2.115,the,-1.545920133590698,4.636700822850168,4.482610340161043,19.458862431533927
2.116,clear,-8.473035812377930,4.607805158254481,4.765767356732575,20.420054434500891
2.117,sky,-7.622250080108643,9.115651415130358,10.011750948877394,21.067565950548246
2.118,above,-3.684810638427734,4.279452178124770,4.716229743332494,21.907495800332171
2.119,"him ,",-5.678834199905396,9.489648410770577,10.047385596804565,40.616157179651083
2.120,thought,-7.891245841979980,5.129900416804866,5.950272231628347,18.600704497167211
2.121,he,-1.230431556701660,5.084686425696108,5.288983715248879,21.059661738141738
2.122,would,-2.220728874206543,4.488780170782253,4.680218277625051,23.078878367400531
2.123,like,-5.916987419128418,4.034670333399523,4.263838845451559,24.976252794990330
2.124,to,-0.005065938923508,5.082145662497909,5.242164473784729,27.878461286055593
2.125,have,-3.311763763427734,4.582090346123856,4.882215382836726,29.813129568746238
2.126,a,-1.493613958358765,4.963313629884562,4.990122327776311,32.161670121566488
2.127,sail,-11.463301658630373,4.627879115691694,5.353559666078357,33.255045021338283
2.128,on,-11.905400276184082,3.881311584730304,4.526592649313871,34.091233844555155
2.129,one,-11.911861419677734,4.677355532562768,5.327608219652248,33.945736726886132
2.130,of,-10.253075599670410,4.249556915469209,4.931386221425557,36.197572765322029
2.131,the,-8.219252586364746,3.412674064462551,3.429058554271145,39.448033825345576
2.132,"white ,",-14.902343750000000,9.207661985808185,9.432406254932594,83.941012195114681
2.133,marshmallow-like,-17.695496857166287,11.553376268785376,12.523485071087395,43.235769176581634
2.134,"clouds ,",-17.279880449175835,11.561094903538734,12.122636896047538,91.149228726366545
2.135,instead,-11.259322464466095,7.900832806145289,8.599662003997071,47.031585627029457
2.136,of,-0.009451170451939,4.302821818494501,4.497483487444629,48.030815799201044
2.137,spending,-16.712856292724609,4.504281721478955,4.942626750741940,48.934914660443411
2.138,his,-11.221753120422363,4.932565500971787,5.447636893747734,50.057687837287929
2.139,whole,-9.333988189697266,4.730704685486031,5.019540512842622,51.047388821625397
2.140,life,-5.589523315429688,4.340902667577770,4.676706286896121,52.012458638852827
2.141,in,-7.655119419097900,3.156482080968237,3.425337295156335,43.098240458891922
2.142,the,-7.742977142333983,3.875925261921941,3.808408795926117,46.999108552505540
2.143,ocean .,-24.482686877250671,12.970995447456193,13.897536699090679,86.999998056648906
2.144,Of,-4.366920471191406,5.914393424145943,5.331540529167406,3.081865935452621
2.145,the,-0.394312649965286,5.979788837977844,5.596107705066888,5.613757927371627
2.146,"sky ,",-13.155021972954273,15.170501724425517,14.569144629094893,10.029192625216607
2.147,little,-7.712662220001222,5.603814635850191,5.235268048366789,6.548151288898282
2.148,Aqua,-14.159140825271606,9.140197188003309,9.149457098566236,7.003157206499082
2.149,had,-10.950073242187500,4.619751525571450,5.087005026423698,8.003697283788362
2.150,always,-12.937637329101562,4.997446500785912,4.938650433853891,8.191803975619871
2.151,been,-10.344149589538574,4.661716512244080,4.800083664733567,9.001222567493627
2.152,"afraid ,",-22.646421298384666,14.059904035547881,13.953811231942304,24.150915454327858
2.153,but,-4.400619506835938,4.752966103395983,5.044148223409652,14.000013192182140
2.154,he,-11.551803588867188,5.245705882659935,5.884881302192202,15.999049564248118
2.155,decided,-13.564098358154295,5.648985506192017,5.672781728937043,12.293493948922467
2.156,to,-8.286862373352049,6.108246847518633,6.238122140839227,14.780790724187105
2.157,finally,-15.671407222747805,7.233672213017714,7.648709001586274,17.005890399182054
2.158,face,-7.603964805603027,4.839695077967682,5.396427093029280,20.523234091032158
2.159,his,-10.294746398925779,5.018849340766939,5.195702795734625,22.033773797536174
2.160,demons,-15.651962995529175,11.474771705529921,12.006955471904455,24.261118530307414
2.161,and,-4.049662113189696,5.828442282052271,5.927370980626173,25.181250897160826
2.162,suggested,-13.948807001113892,9.234104648835896,10.113265058345666,26.215487139151715
2.163,a,-9.791759490966797,4.716622728637019,5.168603897303186,26.160382216492408
2.164,solution,-15.042010307312012,5.034432885658311,5.322776790329236,27.999999933245917
2.165,involving,-15.851795315742493,8.871634511628782,9.276502960558807,21.189464627797747
2.166,the,-4.488325119018555,5.383656048895927,5.294471297268381,22.289593561449450
2.167,sun,-13.429618835449221,5.095412243407539,5.683140739687670,22.999999985697890
2.168,carrying,-12.690690428018570,10.042897183442266,10.883820936204925,26.614603626621395
2.169,him,-7.039336681365968,5.008610486851484,5.450384832362208,27.523464564474569
2.170,up,-8.871623039245605,4.738125252772567,5.457135892635132,28.102044022872004
2.171,to,-7.779396057128906,5.056295922241626,5.847142184319166,30.000296013089404
2.172,the,-14.032536506652832,4.618356174210202,4.927257391212345,33.001884515701484
2.173,sky,-12.769965171813965,8.224254195288761,8.988027733445382,34.000002642788360
2.174,would,-11.407823562622070,4.551124865149657,5.223937374257746,37.166061242397475
2.175,be,-10.575676918029783,4.025894765573232,4.279539764235047,38.287429201981809
2.176,ideal .,-25.493583917617798,12.714422832487120,13.257230854146650,79.253682431235859
2.177,The,-1.648221969604492,6.746959719648657,6.992360907198334,3.456291647660295
2.178,sun,-9.885332107543944,5.478152176759535,6.298077566531918,4.462135921293068
2.179,understood,-11.549952881177886,15.072645563923226,16.572447546439850,5.122977165293532
2.180,Aqua 's,-31.004306077957153,19.865165738250717,21.155468001033661,17.841497607137754
2.181,request,-18.415033340454102,4.189790679046133,4.309310075396281,9.824295114966393
2.182,came,-15.984619855880736,7.876851551264452,8.158204574109881,10.075949839378961
2.183,from,-8.791462898254395,5.268276847948264,5.389910931472667,13.942131430012815
2.184,his,-12.393774032592773,4.807681873496992,4.815006850453969,10.738357096275720
2.185,"heart ,",-24.201026916503906,9.740185409482528,10.118255226046930,27.274088234608477
2.186,so,-7.390993118286133,3.889220191527875,4.439721324894951,16.464069179030872
2.187,he,-13.749848365783693,4.563655790505371,5.230830637301669,14.832367310607042
2.188,acquiesced,-22.107247948646545,8.273949296376976,8.232730719584424,15.910669699369574
2.189,and,-14.021818161010742,4.089948692898002,3.848887847591561,16.998114460273804
2.190,also,-13.848951339721680,5.328055667776142,5.213306750196685,14.084434595633624
2.191,took,-11.637347221374512,3.486649393333322,3.333100782364824,15.213987903985805
2.192,ever,-15.209510326385498,8.701447846910447,8.597695076549398,16.789417407770483
2.193,so,-6.241713523864746,5.053188607964823,5.133726189173092,17.078712273627971
2.194,many,-13.831436157226562,4.632508584335493,4.536479125189032,18.009474633896911
2.195,other,-10.623688697814940,4.719855282900690,4.578909853515529,17.007534678021969
2.196,"drops ,",-24.184053540229797,11.443691824367615,11.427989072942706,47.988538996885978
2.197,so,-5.057663440704347,3.894814973781267,4.464681730443627,30.026594693123602
2.198,that,-9.654219627380373,4.147340501540062,4.198909603722409,31.016409811663337
2.199,Aqua,-15.313432931900024,8.585228578609835,9.372077193408307,32.006236651238616
2.200,might,-10.521290779113770,3.263879966837377,3.647390982264835,32.999505397604686
2.201,not,-13.378061294555664,4.090221175929472,4.264121628024248,33.970623966075891
2.202,be,-1.901674747467041,4.429093908557273,4.337791592179022,28.000298616852810
2.203,lonesome,-32.470140457153320,8.687065990121786,8.604049925242048,29.154169480825701
2.204,on,-12.364662170410154,5.273010859535137,6.148544619627700,33.947495578872967
2.205,the,-10.519595146179199,5.807731347175633,5.726027060734227,34.987616793897033
2.206,way .,-25.163726806640625,12.434140226379622,12.935007825007746,69.035176861687020
2.207,It,-3.482963085174561,6.101511125184504,7.065723445463052,3.253049561235394
2.208,was,-2.214092731475830,4.795007407495021,5.060866881278936,5.162978479409592
2.209,only,-2.791988849639893,4.322639487899445,4.335169512038922,7.266812936480973
2.210,the,-0.884811937808990,4.796377784744120,4.986011920139028,9.312562572464957
2.211,sun,-10.585042953491213,4.425211944656200,5.479297379398523,10.706853394941183
2.212,that,-0.005657256580889,5.305320539373128,4.656131322877356,12.299771856810784
2.213,knew,-8.283467292785645,4.458578268749728,4.392151331107450,15.175037823512868
2.214,"this ,",-6.349562883377075,8.816504829249327,8.541512027441579,30.804379399363974
2.215,"however ,",-2.317815005724697,14.634855745330899,14.813190472456981,29.276196141558735
2.216,for,-2.685979366302490,3.990867377449448,4.078878462510737,19.477644980822379
2.217,all,-5.849448680877686,4.724137041783965,4.738370063528993,24.803696281298645
2.218,the,-1.557680010795593,5.608713610689273,5.533509949400772,25.547887804839057
2.219,other,-5.421172142028809,5.034930833914816,4.885995318508200,26.821097147149040
2.220,drops,-11.357109725475313,8.144669622861114,9.445869180857317,18.001207247307335
2.221,had,-0.214609429240227,4.716139444792146,4.858712121211338,15.166128409063132
2.222,been,-1.055920839309692,5.001657312100775,5.088490105297144,17.051670786865500
2.223,changed,-6.277947902679442,10.610328676479432,10.158892389959211,19.032621920885738
2.224,into,-2.852453947067261,3.900623667321002,4.435435394604326,21.051985629659217
2.225,fine,-9.396798133850098,4.932434210125852,5.251837574665108,23.255085032391364
2.226,mist,-11.293182969093325,8.965369056595351,9.885540064723207,24.278842624411620
2.227,or,-8.248195648193361,5.504404043341666,5.929402685557124,25.163314940174217
2.228,vapor,-21.436608076095578,7.821909525386705,8.682074164781072,26.184196707255321
2.229,and,-5.755381584167480,5.403865741993451,5.828024751732258,27.181477495581021
2.230,Aqua,-11.342819929122925,8.556520272534451,9.605898958889524,28.161853428073101
2.231,could,-10.996454238891602,3.692725462232774,4.029924942907991,29.157764240741088
2.232,not,-9.394326210021973,4.062016341380232,4.332301930208982,30.156774458387126
2.233,see,-12.465230941772461,4.718227845071376,5.530628858300773,30.986664392202240
2.234,them .,-26.415737390518188,12.957539242730565,13.523153879880329,62.487080254814806
2.235,Do,-2.904360294342041,4.793454979363596,4.789587597091987,2.736658959412726
2.236,you,-0.704960286617279,5.442537841895382,5.793950809775209,4.004440225402276
2.237,know,-2.033964395523072,4.361309480759266,4.922285628306262,6.007271508904418
2.238,what,-0.286691248416901,4.646082637505851,4.773749258706394,9.068286053625084
2.239,vapor,-16.589714527130127,7.364123355185951,8.696504214110599,11.267580212609547
2.240,is ?,-18.833973884582520,10.545986646011366,11.973437647505289,24.721947137133107
2.241,If,-1.650580048561096,5.815717605828771,4.767447480799143,3.115857648344622
2.242,you,-2.701931953430176,5.979550078724589,6.020859841782693,6.092075787343777
2.243,breathe,-12.434571266174315,3.772673014512177,3.819573871075129,8.254811081930736
2.244,into,-10.111377716064453,3.949097742227497,4.376467086371604,9.306273534690330
2.245,the,-9.375918388366699,5.435991380202585,5.425010261107260,11.401800124984481
2.246,"air ,",-13.940009593963623,9.255542079727160,10.470174253567217,27.609648466392397
2.247,when,-14.449024200439453,4.532448884913416,4.786596615817841,5.335856436138410
2.248,it,-14.104942321777346,5.084630450573035,6.214544513638054,6.105667592581482
2.249,is,-12.508771896362305,3.192379264879148,4.606682425166932,10.945045123346869
2.250,cold,-12.137639045715332,4.101764582362504,4.159216970620712,11.840702701543002
2.251,"enough ,",-12.011648654937744,13.873017660479725,13.720870731683235,28.142908929447181
2.252,you,-9.922111511230467,4.993787704475290,5.129833172358636,14.868345365336502
2.253,will,-12.311081886291506,5.898800019778093,5.727599355855904,8.004430520178781
2.254,see,-8.612841606140138,6.013530273427433,6.126380430086546,10.977463833074665
2.255,it,-10.314791679382324,5.533896383218337,6.157346058800662,13.218029945994143
2.256,coming,-11.474293708801270,5.314891530803321,5.183815635877607,15.285887753864234
2.257,out,-9.705234527587891,6.015241570083102,6.367419392366884,18.145488478718821
2.258,of,-6.857765197753906,3.943774884458706,4.215217817930489,20.006637025904336
2.259,your,-13.056441307067873,4.552163531030364,4.404065993575953,21.000351704680877
2.260,mouth,-7.592429161071777,9.352012500584760,9.608653756219828,24.012617876379270
2.261,thick,-14.929423511028290,12.713417591360368,13.232045121447635,25.023427206738294
2.262,and,-11.887925148010256,5.103585982200193,5.362560737283943,25.999977792193338
2.263,fast,-7.169273376464844,4.473978720067706,5.234590145812458,26.999871904763140
2.264,like,-14.186909675598145,4.576179116842968,4.745930819462765,25.837974551270172
2.265,steam .,-27.546877384185791,14.118681504220792,14.963514236831653,55.808439105082996
2.266,When,-0.049349792301655,6.429444913545866,6.314414164890541,4.050376576615328
2.267,the,-1.563184618949890,5.433605495703800,5.167122020839193,7.220212087057599
2.268,vapor,-12.525672674179075,9.016574717640472,9.892419224486732,8.145354557486474
2.269,is,-11.002349853515623,3.734724946142864,4.612084075017916,9.169212500196304
2.270,quite,-11.821206092834473,5.086888777501216,5.475431182023915,10.154566476251317
2.271,near,-8.884168624877930,3.979424310351898,4.315146207000795,10.071792275941160
2.272,the,-5.884876728057861,5.864034733906838,5.733026269794353,10.045926366392452
2.273,"earth ,",-17.803485393524170,9.803658757933565,10.811469919796341,24.054564618859963
2.274,we,-11.022914886474609,5.157790557234331,6.054642504205263,14.035703138419512
2.275,call,-17.351713180541992,5.375666890016223,5.014620598677924,4.000974602508898
2.276,it,-1.416139483451843,5.397848856791208,5.193639156816651,6.604883189246594
2.277,`` fog '' .,-40.966364264477306,42.898760597051648,42.923763252744635,45.129918710498963
2.278,Into,-16.426653861999508,10.491476314784226,10.529743390776652,2.943727525831447
2.279,vapor,-22.844195842742920,10.416323487524489,11.030252105198846,3.330611182025268
2.280,the,-11.280381202697756,5.671545969545338,5.927893222764904,6.065559255459484
2.281,water,-6.270064115524293,9.895746111050686,10.243814456340662,7.131871520494442
2.282,drops,-12.996729135513306,9.164447596506944,9.840994056797012,8.405350003161777
2.283,that,-5.899758338928223,5.183164674231585,4.686591194148428,7.178905952261537
2.284,danced,-17.477790832519528,10.746887587393891,10.546811339671876,7.610090961081952
2.285,in,-9.125782966613770,4.545060370806270,5.633284026716168,7.087423951410330
2.286,the,-2.600238561630249,4.899343921040581,4.656941094675127,9.669709528943716
2.287,ocean,-5.907553672790527,4.591981689123742,4.895262755986842,10.253991683328481
2.288,had,-13.392034530639648,4.703264117033644,5.427438722114672,11.512111879058931
2.289,been,-12.335872650146484,4.081506415963307,4.261312760957972,14.158288116967199
2.290,"changed ,",-19.885634422302246,14.492336030811302,14.322564280960689,35.470626641562504
2.291,because,-14.606386661529539,10.132379271485004,10.657559763638195,6.990913558886612
2.292,in,-6.249021530151367,5.024979922386692,5.946629725917482,9.090130805635805
2.293,their,-9.391427040100098,4.601174948422352,4.255066038543329,10.005823431457424
2.294,own,-3.111454010009766,4.865854446685997,4.796063258248543,11.912423306196528
2.295,shape,-16.682685852050778,5.014826210074093,5.478009802602496,13.000002221940534
2.296,they,-12.366810798645020,4.931762552748170,5.455727756510437,15.000001105901687
2.297,were,-9.760943412780762,5.104381888902906,5.402615294714355,17.000002441376310
2.298,too,-7.736979961395264,5.338352757033014,5.599214722532142,18.000006857005676
2.299,heavy,-8.801616668701172,4.731086792462214,4.375146888244656,19.000003427088970
2.300,for,-12.541064262390135,4.587472568855348,5.244247337838101,19.638979319447557
2.301,the,-11.110471725463867,3.981646484755593,4.141641930492528,21.731253570652708
2.302,sunbeams,-22.681294441223145,12.223048270843881,12.779890690847392,22.000153520923192
2.303,that,-10.789744377136230,6.038874125300236,6.141030615724469,23.000099122314531
2.304,the,-10.194155693054199,4.826304107503744,5.178197523259708,25.422893079124236
2.305,sun,-8.617492675781250,4.728050725628020,5.389839367109635,27.449522367836103
2.306,let,-10.846603393554688,4.024278285114988,4.673770785859809,28.318190980773831
2.307,out,-8.382831573486326,4.086337639015000,4.501171925109420,29.227610394131791
2.308,to,-9.243918418884276,4.683800080665121,5.388464629588885,30.123476172157151
2.309,carry .,-28.271609306335449,13.724678620701383,14.335130342025122,68.982916273532197
2.310,Higher,-8.967995643615723,6.103690604265362,6.648878448189820,3.550782773354349
2.311,and,-8.313967704772951,6.284320130435272,6.521384583872567,4.614985636511512
2.312,higher,-1.829701185226440,4.422252470081436,4.569612527228180,5.470954724547560
2.313,they,-11.869434356689453,5.617730002628289,5.942694796572528,6.000018923544160
2.314,"sailed ,",-19.162660896778107,14.625801718125235,13.395985238493736,11.143393342096559
2.315,and,-6.160120010375977,5.307922176768577,5.094365483425851,7.079917966554675
2.316,though,-11.182061195373537,5.020427866046112,4.709972045153998,8.022858773334109
2.317,it,-11.783141136169435,6.098072367645169,6.586046108629904,9.931573520635601
2.318,was,-11.416528701782227,5.929992773370496,6.113437525538247,12.214293838594781
2.319,"grand ,",-24.600560188293457,10.644396660100840,10.668170806002649,28.678297229373733
2.320,Aqua,-19.878626823425293,7.605066868068628,8.212610000027512,17.994893121250012
2.321,and,-9.907386779785156,6.090026854739317,6.180819987792625,17.999999997259430
2.322,his,-7.197446823120117,3.936107653632300,4.230597513107417,18.999999957892992
2.323,friends,-12.212437629699707,4.362276517492353,4.578186407784137,19.999981981924897
2.324,were,-11.101767539978027,4.658523234935573,4.967671991830758,17.654099073042183
2.325,like,-8.931900024414062,5.002909023745310,5.055236820889490,18.468725204960755
2.326,fish,-10.930981636047363,4.544056522406914,4.522347782674556,16.161291447731486
2.327,out,-4.479388713836670,4.169483025502223,4.561543074487523,19.675163477863979
2.328,of,-8.324371337890625,4.975185499660111,5.148873713238856,21.856614578818458
2.329,"water ,",-27.815164566040039,14.344370336693089,15.238810567805970,52.934597795327740
2.330,so,-9.331629753112793,3.917302184539951,4.635234919300077,25.504289848937240
2.331,they,-18.973154067993164,5.021366398819267,5.410674603595901,22.181082279872953
2.332,grew,-16.947776794433597,5.236161154857655,5.484465748752918,18.408841048507512
2.333,quite,-11.311859130859375,4.291147932442578,4.371269308062687,21.428875452352454
2.334,dizzy .,-23.334574818611145,13.658295362916101,13.522987466598089,48.279140496254364
2.335,They,-4.251524448394775,6.244497321274864,7.038320747247854,3.129683793724233
2.336,enjoyed,-9.328209400177002,7.598954487849666,8.027960021843628,5.265004737671385
2.337,looking,-4.897734642028809,4.825264356717477,5.041410334642576,8.318001689118043
2.338,down,-3.985837936401367,3.771347506169057,4.726765387303499,10.279696503114080
2.339,on,-2.392746925354004,4.364239264213822,4.886475289280562,12.221843798708315
2.340,the,-1.399684667587280,4.451047663124315,4.674178820588287,14.519430261902007
2.341,world,-6.064171791076660,4.532474397757059,5.404487538762980,15.642277801576626
2.342,"below ,",-13.045224666595459,9.263806518812533,9.445383388367743,27.492435470820212
2.343,while,-2.566006094217300,10.808504915726344,10.364168016829504,10.520676508807297
2.344,the,-1.863491892814636,4.904126059914005,4.595979382741874,13.800353542683821
2.345,wind,-8.464300155639647,3.680634433551760,4.582820587929729,15.991857326588548
2.346,scattered,-9.692587180994453,6.285003269789683,6.398536752642872,17.059153790475808
2.347,them,-4.381097316741943,4.951234056726452,5.478293179856367,19.259898804635331
2.348,across,-2.912388324737549,4.132754914808189,4.491513771108843,21.261323030943373
2.349,the,-0.650476872920990,5.508757207406816,5.568346795661542,23.425387575862175
2.350,four,-8.586123466491701,4.468486864648257,4.686472779202861,24.580233708099431
2.351,corners,-6.190343856811523,4.215780716097702,4.695660545261767,25.754733204108987
2.352,of,-15.941289901733398,5.272145340044434,5.810310656971935,26.551638563407536
2.353,the,-14.811692237854006,5.067088500365620,5.357543849891526,25.628530467697171
2.354,"earth ,",-12.150541305541992,7.857795338932868,8.984735386640995,57.735650224144010
2.355,but,-9.077107429504396,4.218565794491829,4.884142398091408,29.745364006524444
2.356,after,-13.723082542419435,4.718794967212252,4.959982923455472,22.296437651925086
2.357,a,-9.280687332153320,4.454422886404578,4.806954523811259,25.158051220867424
2.358,while,-11.106377840042114,7.618612219426379,7.989579070077121,27.026336268664551
2.359,it,-11.154571533203123,4.293875072097765,4.657670332628349,27.970623641158053
2.360,grew,-15.403687477111815,4.677885466970586,5.454984495455943,29.997081201465011
2.361,nearly,-12.201383590698242,4.053695855388693,4.602736654553715,32.624930822366665
2.362,time,-11.810913085937500,4.264036566552917,4.623579684385408,35.998937916648366
2.363,for,-10.062038421630859,4.249178449931502,4.770144460435233,37.000924987345478
2.364,the,-10.331794738769533,4.346075435275448,4.429060975830470,38.045877091207139
2.365,sun,-9.506105422973633,4.646249925382488,5.225956714766955,40.062670149878493
2.366,to,-7.508968830108643,4.373223690237461,5.463184872974423,41.036314210945221
2.367,go,-10.883675575256348,4.536068748562188,4.880183459374894,40.144272800614893
2.368,to,-1.911134600639344,5.389537671404638,5.656833644854761,43.011693440649310
2.369,bed .,-23.943187713623047,17.304794773004531,18.466167739523915,93.020837319551731
2.370,He,-3.132118225097656,6.172610445780090,6.970292006513135,3.087320030454809
2.371,became,-6.356285572052003,10.735134964307059,10.527486037216788,5.277028474819575
2.372,very,-4.913856983184815,5.238666684405707,5.625449311228278,7.391905618304241
2.373,red,-10.620442152023317,9.721321318802474,10.166094203251754,8.434619307380441
2.374,in,-1.154709458351135,3.474561683831750,4.278753340362583,9.577079647654367
2.375,the,-1.558934569358826,4.145627377619951,4.108956093115233,11.726957635443695
2.376,"face ,",-5.429563760757446,7.755634050327773,8.775507213639658,20.506546093551723
2.377,and,-0.574082732200623,4.521493234308758,4.809211794699863,6.560684433473889
2.378,began,-5.547084391117097,11.849566514397974,11.918458995661943,10.014091996695786
2.379,to,-1.058614969253540,5.580947569174134,6.002358977710888,13.033166195195255
2.380,sink,-6.721713066101074,4.648082005140884,4.804440855456547,15.044634603185070
2.381,lower,-8.221076965332031,4.621696460994873,5.031203519004221,17.011410304284645
2.382,and,-2.542408466339112,4.742465319518521,5.360484990847310,17.948644633446378
2.383,"lower ,",-4.584102988243103,9.088072053243888,9.363773930095673,34.470583130188778
2.384,until,-2.716302871704102,5.370501471433890,5.579207753840108,14.997590941973472
2.385,suddenly,-2.118473990325583,7.007798806916401,7.379705308582999,18.030239791428933
2.386,he,-0.633525490760803,5.430329297333231,5.886271270412049,20.025638649309968
2.387,went,-4.085439324378966,7.582630018869674,7.496412705195315,22.142880545387104
2.388,clear,-9.384794235229492,3.809928037180625,4.409148899090218,23.791934922649393
2.389,out,-5.044239044189453,4.168380637007642,4.790281183522533,25.289353221238628
2.390,of,-0.016609486192465,4.605836569970258,4.986407958898218,27.323740948770837
2.391,sight !,-13.838632559461987,14.276768455442031,14.241020697222389,35.340943078176750
2.392,Poor,-10.783176422119141,5.683500005111135,5.932720928706307,3.349514237157586
2.393,little,-6.649255752563477,5.462720608064835,5.756570338194178,4.332158557038715
2.394,"Aqua ,",-25.447716295719147,14.559431748801654,16.178212248507478,9.674939280552994
2.395,frightened,-9.623740196228027,4.026789383881996,4.677049323199916,6.007918051808241
2.396,by,-9.046760559082033,4.160799106123817,4.783857927850796,7.000000411713446
2.397,the,-10.057107925415039,4.253857141473260,5.527135370842121,8.000000014793432
2.398,impending,-15.944885849468848,8.330340929151419,9.915371617561084,9.000000276563878
2.399,cold,-9.038687705993652,5.009493886552362,5.547330349474873,12.229011280104716
2.400,and,-3.813378095626831,4.728081763345127,5.532451902010107,13.124928056925464
2.401,"darkness ,",-13.839073181152344,13.847761887450012,14.465010853047175,27.433683147566079
2.402,wished,-12.560496330261230,4.902264769723528,4.922854641705102,13.936377542095913
2.403,he,-9.321790695190430,4.933020553848369,5.673014461261086,17.030769096293550
2.404,could,-11.230953216552734,4.488567090842632,4.858476344435352,17.968631759472963
2.405,sleep,-9.554008483886721,5.089346165091813,5.422586121627048,18.997882526433326
2.406,not,-9.448138236999512,4.649424485787966,4.906169529680658,19.935788967771664
2.407,in,-11.681996345520020,4.604478567797835,5.502977210208570,8.306837821245290
2.408,the,-9.920291900634766,4.668335873518259,4.755687356151697,10.000562620573691
2.409,"sky ,",-21.003560423851013,13.025749923816194,12.833809797667669,28.843218334200053
2.410,but,-6.339235305786133,4.739674075891776,5.047528978776628,17.000297865104550
2.411,somewhere,-7.822455167770387,10.346228077096859,10.742567700306802,19.101404683136817
2.412,closer,-11.886860847473145,5.304442299858972,5.396890618090437,20.054986620435727
2.413,to,-13.558702468872070,4.990137816035485,5.113055937714241,20.207758178830506
2.414,earth .,-24.266827344894409,14.083125621365223,15.262636223914402,42.014296586158956
2.415,Then,-3.562890291213989,6.774785583797397,6.632086604967967,2.969230832768160
2.416,Aqua,-15.814109563827515,10.440786434536877,10.618982988441392,4.936840148539964
2.417,heard,-19.105848789215084,10.098082706233637,10.678723437283367,6.135993156381320
2.418,the,-9.793689727783203,4.988951347222695,5.677431046723538,7.227174223229146
2.419,wind,-9.911205291748047,5.065294888841276,5.457363763774106,9.477399584966287
2.420,blow,-8.946558952331543,4.186893585427226,4.387261311696086,11.352690379948880
2.421,and,-12.214627265930176,5.475399404924977,6.087838271940996,11.046828708489253
2.422,conjectured,-17.931363821029663,9.507799060755584,9.195121715574382,12.907808120597846
2.423,that,-10.471899986267090,6.206312046473597,6.227872190920440,13.906424404598649
2.424,maybe,-12.282099723815918,4.796955884146835,4.991783237819972,14.871696809148171
2.425,the,-7.992198944091798,4.449246537580505,4.387335846395178,15.890835332513676
2.426,wind,-14.844126701354980,4.457115542884137,4.505074032650541,18.000003282013608
2.427,could,-11.875225067138672,4.970371693991903,5.363982408967362,18.994505995461136
2.428,take,-12.106204986572266,4.759803367184997,5.274469918835379,22.123493974146882
2.429,him,-13.442785263061525,4.861782608459533,5.140848505524335,23.060710548626890
2.430,back,-9.778140068054199,4.713466935572200,4.765741296767770,24.063989246545411
2.431,down,-5.207075119018555,4.659665086826389,5.039574621536186,26.004138656593128
2.432,to,-10.670262336730957,5.211384517895755,6.285169111124662,28.001128021631192
2.433,the,-6.829440593719482,5.245555677172375,5.540779789681936,30.000822724491861
2.434,ocean .,-21.844679832458496,15.496086760784396,16.092825119067186,65.069998447391072
2.435,"Indeed ,",-3.214346511100302,18.105280567996370,16.339214787692242,7.086212806168001
2.436,the,-1.980577588081360,5.774140026357692,5.711556175455848,6.575528891047036
2.437,wind,-9.710642814636230,4.236323911220072,5.206263538424290,7.336653709125915
2.438,took,-7.092192649841309,4.568906468804760,4.448454894097875,8.189555957928278
2.439,pity,-14.116217374801636,10.216309305852858,9.804400297282463,10.389071541418476
2.440,on,-15.700628280639648,5.090489145101007,5.189461957306574,10.441016130794004
2.441,him,-12.225886344909668,5.262342229229583,5.522163279418181,11.896351885744275
2.442,and,-12.638146400451660,4.676713547109002,5.104164089832966,14.987105157240114
2.443,fanned,-21.122385159134861,9.083118390081783,9.264946059683020,15.000007492316596
2.444,"him ,",-16.778233528137207,10.208950973426166,10.893484551301682,32.999999902163765
2.445,together,-12.285863876342773,5.397117804862585,5.712610170568005,14.003399855983419
2.446,with,-9.462730407714844,5.177422258195219,5.253868239418551,15.002502555448579
2.447,all,-3.836363554000855,4.943940768657806,4.886200721329648,17.208908175843479
2.448,of,-1.525581240653992,4.294895519106139,4.455137426733657,19.080444408243999
2.449,his,-4.831576824188232,5.297364724516114,5.122667965437035,21.999052720875444
2.450,brothers,-17.290006637573242,5.113783732042657,5.528534831346713,24.189684861336499
2.451,and,-7.498139381408691,4.538423456716628,4.907700092827398,27.152785811007391
2.452,"sisters ,",-2.874879702925682,10.872209706677230,10.918314425250468,52.547157698084973
2.453,into,-10.061107635498047,4.235096894397743,5.146414656554533,27.901145674678851
2.454,a,-10.827798843383787,5.850083351120029,5.860862718819986,28.256717011497251
2.455,heavy,-14.331053733825685,5.127025850840541,4.977595268071540,19.755947489323880
2.456,gray,-14.778375625610352,4.883634657487203,4.921188419369066,20.002015643252282
2.457,"cloud ,",-18.993029594421387,9.664099247202117,10.554777088806309,47.322428096128924
2.458,after,-9.975817680358887,3.937889245802728,5.151060531416856,25.036008614320604
2.459,which,-11.196189880371094,4.099855280204522,4.811900765996056,26.034996429770146
2.460,he,-13.883018493652346,5.446712819173095,6.098246565511340,20.897061254895998
2.461,blew,-16.962391376495358,9.771867360794896,9.898945889096648,21.094649158814548
2.462,them,-15.129695892333984,3.816516477992401,4.533540777021194,29.323318960326056
2.463,apart,-14.279764175415039,4.729447450628912,4.668309690897209,31.188703841492124
2.464,and,-11.086347579956056,4.203143171303786,4.232180022465149,32.055801412744145
2.465,told,-11.085782289505005,8.600120013978172,8.617313500401773,33.389914205287141
2.466,them,-2.385387897491455,4.361616897083107,4.612486852066295,36.024717843753919
2.467,to,-9.246182441711426,3.610714446117163,3.672799491654634,37.950200317996490
2.468,hurry,-20.529045104980469,3.719912622115577,3.956794336282393,39.005074019420192
2.469,"down ,",-20.605942726135254,7.807953990867457,8.037696186212763,75.590659155724211
2.470,fast,-11.313831329345705,4.133383270879689,4.608121103517983,41.934665349072496
2.471,and,-10.578133583068848,5.489694767912026,6.224013959469790,43.000060745816619
2.472,furious,-7.093462944030763,3.697214156198584,3.750893872042279,44.000006081837938
2.473,to,-10.789745330810547,3.507759056590876,3.790416941489121,47.000941974084313
2.474,the,-14.031183242797852,4.334757987583230,4.307787127771599,47.600144031312475
2.475,"earth ,",-20.373724937438965,8.660370786732088,9.285810075257150,99.000009294942942
2.476,so,-6.917181968688965,4.157720639790516,5.030020737391997,51.000000190918797
2.477,they,-10.473861694335938,3.824154378783742,4.395104887446689,52.000000104067681
2.478,could,-12.475078582763672,4.522568008482565,4.686316458319563,54.893737540220116
2.479,have,-10.743230819702148,4.528923305644593,4.753915639189457,56.047571244150213
2.480,a,-5.027344703674316,4.218967144844322,4.206416051240415,57.015861567695168
2.481,fighting,-18.555057525634766,4.161801808696191,4.243815891101712,54.999999917828163
2.482,chance,-15.501027107238770,4.906093824793786,5.266162980117931,54.428795188584182
2.483,of,-12.381801605224609,3.892826320021748,4.372584160977370,56.085019721124709
2.484,reaching,-10.231944084167480,5.595200531120578,5.715769111143537,59.155526320173152
2.485,the,-7.187770366668701,5.067061307081635,5.012852223819347,61.236702426757134
2.486,ocean .,-22.601388454437256,13.069830024533410,14.433407399830076,128.061604678419002
2.487,Down,-8.870129585266113,5.597195669474566,5.872261632296301,3.130517864842056
2.488,they,-6.572109222412108,5.641014711407763,6.552755096851765,4.697191848595453
2.489,"went ,",-10.129956364631653,15.191023097621589,15.466787084950091,13.160809357534454
2.490,rolling,-6.679122090339661,8.753271975538581,8.624288109647093,10.136017658158302
2.491,over,-2.329061985015869,4.088306187413069,4.974216988883632,12.021191475419029
2.492,each,-6.602711200714111,8.629443494587614,9.105291745898370,14.231506295593386
2.493,other,-1.104252934455872,4.614832008656312,4.743504226346777,15.188590499819362
2.494,until,-2.524942874908448,5.293417745669548,5.348922449107953,14.089004390726476
2.495,with,-5.717757225036621,4.027448751243143,4.220606689158303,16.201912069969534
2.496,a,-1.357126116752624,4.832857338490764,4.716960562473449,18.758579032946233
2.497,patter,-13.587161660194395,9.112338715601297,9.121568262118195,19.699490420966040
2.498,and,-4.239682674407959,5.474307905870707,5.779354290497077,20.393087782865354
2.499,clatter,-20.687623023986816,11.855103314726597,13.584506706355135,21.437410667803960
2.500,and,-5.811633110046388,4.973090809824457,5.490806782156535,22.324651917716213
2.501,spatter,-13.010035991668699,13.156139098637269,14.122693219416545,23.336427963731271
2.502,they,-16.914255142211914,4.672239386113556,5.547124714825815,24.313622463145407
2.503,touched,-17.700263977050781,9.479050641143935,10.472515242959568,25.488353611596636
2.504,the,-6.574615955352782,4.680023212540419,4.881810281207698,22.638374568163261
2.505,"ground ,",-13.171725749969484,8.853932254094145,9.842264821301507,47.184334022005963
2.506,and,-13.451289176940918,3.785235095503010,4.189249976820634,23.366438857938729
2.507,all,-8.337298393249513,4.200860260134318,4.160488267381464,25.794753911137089
2.508,the,-1.080924868583679,4.669075482250387,4.800582238742000,27.647390123519603
2.509,people,-9.578701019287109,4.131285496490282,4.307534893091738,28.720159452193805
2.510,that,-18.179346084594727,4.414909175195644,4.462113405226209,28.078415881153127
2.511,the,-6.651591300964356,3.368400347901009,3.659043434733308,30.487145441237111
2.512,raindrops,-21.883624106645584,13.762201509800224,14.434087015979118,12.329536242566654
2.513,fell,-16.526014328002930,4.768432528608657,5.119745124332101,13.301242035582804
2.514,on,-9.975838661193848,5.462770960222247,5.507020870248895,13.770579252881856
2.515,"cried ,",-40.413172245025635,18.847450020526189,20.186944912529999,32.729872062216387
2.516,`` It 's,-16.323999453294164,27.660421107511418,28.731466660223948,58.919833236093993
2.517,"raining '' ,",-38.553317964076996,26.210571669949680,26.662913373122905,49.118347505257262
2.518,and,-5.885313987731934,4.903067895119160,4.991308308313982,14.999994785199403
2.519,took,-13.014366149902346,5.285155189970138,5.242873166134272,16.000010549404777
2.520,out,-11.354700088500975,5.912835538536183,6.233648690849332,18.002848724156003
2.521,their,-12.035082817077635,5.131490971133491,5.317956096612384,20.015022767528269
2.522,umbrellas .,-28.921908557415012,19.627123169298706,20.147176358751473,44.161827586515855
2.523,Some,-4.781073570251465,6.828872144170775,6.907561816947327,3.392773651349386
2.524,of,-0.066525124013424,4.119168658564971,4.910904718079493,6.180849067726525
2.525,the,-1.093122482299805,6.157704562115987,6.276727810855822,8.623267048081315
2.526,drops,-9.473551988601683,8.443353174513778,9.758856352862255,9.362376915055892
2.527,that,-0.001221982762218,4.513376418429032,4.004389735495666,11.746742744282994
2.528,were,-2.533798217773437,4.013637825978813,3.922361486879096,14.580105095627086
2.529,the,-1.035266995429993,5.541644872072950,5.919338052451260,17.380017880884527
2.530,most,-0.161590069532394,5.300208127190595,5.520103289957711,18.623354466307305
2.531,"fortunate ,",-17.158308982849121,9.100537154535946,9.475563535415407,24.687651024184376
2.532,including,-1.840472338815744,10.546409242883527,10.815419879250387,11.606440269297732
2.533,"Aqua ,",-26.004175186157227,12.094749494475378,13.715127099545558,29.345029580911660
2.534,fell,-13.075935363769533,3.669544462080237,3.987037934339600,15.991187151790431
2.535,on,-12.554583549499512,3.989147399730520,4.413563615905624,15.999918764395030
2.536,a,-8.152191162109375,5.594199103042519,5.038575592909238,6.508800333165832
2.537,"mountainside ,",-23.522052764892578,9.929835977759142,10.631126754565106,19.041191174630463
2.538,and,-5.571578979492188,4.409787239123625,4.801501019568756,11.021684241589522
2.539,down,-7.304394245147705,4.631725715325957,5.522853216050272,12.018164987264548
2.540,the,-10.984041213989258,5.647724782268297,6.106262006281741,13.005122388234547
2.541,rocky,-12.890542030334473,10.646213187361916,11.226150947356350,13.999655206177430
2.542,cliff,-13.982430934906006,11.113538368776677,11.536618531848214,10.003146156718184
2.543,they,-8.960392951965332,5.407174841477734,5.990917033701832,13.019812493165047
2.544,ran .,-34.002368927001953,12.651073105656859,13.121925535037665,29.064531306030290
2.545,Together,-6.281849347986281,12.376429588131066,12.582562678038199,3.213632606749405
2.546,they,-0.512295842170715,5.964529692811388,5.261346441449928,5.161700533205246
2.547,plunged,-10.775712206959724,8.481161159989258,7.868210314181077,7.177942967727107
2.548,into,-0.546836435794830,3.785197261640575,4.408784374545964,9.196506978758313
2.549,a,-1.710668683052063,4.209667699477319,4.468919816546160,11.986512434450615
2.550,mountain,-7.531064987182617,3.898751750951512,4.525302406061418,13.163585553464381
2.551,"brook ,",-17.580439805984497,11.148601217627636,11.705569751919256,26.997964644124124
2.552,which,-0.054987695068121,5.292310661649954,5.535302152367129,16.005031771632840
2.553,came,-6.077292919158936,7.028593497253821,6.866253022932010,19.047025378835247
2.554,foaming,-20.323718786239624,13.353666746947351,13.511004438246822,22.035980886491245
2.555,and,-4.183934211730957,5.492516711193947,5.717212505265322,23.021233576757130
2.556,dashing,-9.292034149169922,4.412775650249106,4.418040071658570,24.019274186693487
2.557,"along ,",-21.347595691680908,10.608188330985914,10.901014726184082,51.018986555381630
2.558,leaping,-17.269276037812233,9.006855848252359,9.581164755400268,27.440583452197838
2.559,over,-21.203123092651367,4.910365394878450,5.385844511586913,28.998530733117310
2.560,rocks,-11.434509277343750,3.987788587400790,4.111751684785854,30.011091070305163
2.561,and,-2.926136970520020,5.478624884050304,5.795207068014463,31.003683038382988
2.562,rushing,-18.938243865966800,8.287793341171032,9.120662643102325,35.005611809558026
2.563,down,-9.231646537780762,4.183581040320789,4.940098858230933,36.035007765179358
2.564,the,-11.531408309936525,5.813572618597210,6.267199869540418,38.059653149198986
2.565,"hillside ,",-22.919218063354492,8.046956666998732,9.307513676146662,76.001064658897008
2.566,until,-9.281696319580078,4.209557118395150,5.467440801117163,39.008985903141735
2.567,in,-10.427138328552246,3.373640955479490,3.898617324399485,40.010041920923435
2.568,the,-6.400073528289795,4.620276403600632,4.730507868761348,41.009071212325736
2.569,valley,-7.908553123474121,3.687957785949141,3.958352128315497,42.007986700128257
2.570,below,-15.225952148437500,4.424413858186697,4.507698411932430,38.402600135205603
2.571,they,-15.368438720703125,4.888693683310599,5.538586071106644,33.999345137384296
2.572,heard,-15.530503749847412,7.618976746758706,7.857027557743296,35.010141100719125
2.573,the,-0.874046981334686,4.406124056534641,4.513759792483352,38.663622125386318
2.574,strangest,-10.206090011168273,11.971061299634053,12.311448634788412,40.038867349730140
2.575,clattering,-15.514676570892336,11.819600929892760,12.640151265902642,41.069140642238644
2.576,noise .,-28.752683639526364,12.332480575240174,13.360996329878979,84.069904152935749
2.577,The,-1.648221969604492,6.746959719648657,6.992360907198334,3.456291647660295
2.578,little,-9.287208557128906,4.694321000367392,4.807912536217288,4.646808202854087
2.579,water,-7.070197820663452,10.072252213752105,10.112478244704967,5.527833691942578
2.580,drops,-7.695884435903281,9.249707347103122,9.103660092569939,5.503170687669217
2.581,were,-1.958087801933289,4.308329809055886,4.366519690372026,5.338015606415269
2.582,then,-2.807147502899170,4.988503694262374,5.039517392476600,7.233355269635607
2.583,able,-5.295897841453551,8.824804641275179,8.321299561788576,9.242926402449241
2.584,to,-0.008076390251517,5.382299291240740,5.320931946548312,12.251288955397643
2.585,make,-3.766600847244263,4.538029787493134,5.003259459976289,14.287711122576832
2.586,out,-4.891583442687988,4.774690967325146,5.094296334369554,16.296689661827340
2.587,a,-2.375000953674316,4.320851128809466,4.103213432932966,18.901344894240214
2.588,flour,-12.534427642822266,5.109582563170127,5.562664689454493,19.730552802212202
2.589,mill,-4.915868282318115,4.154619458547024,4.168589337655209,20.879251799943034
2.590,that,-12.929915428161619,4.677371113207816,4.820366911737639,21.724533867694689
2.591,was,-17.969133377075195,4.333253406004259,4.402669077068660,18.084837799303202
2.592,standing,-11.153772592544556,6.438249497474924,6.568950247228013,25.097811321665031
2.593,on,-7.871102809906006,3.889759721302266,4.121660078077921,26.008377825721432
2.594,the,-6.987773895263673,5.698333287998253,6.061608036949785,28.867142864376348
2.595,bank .,-20.194291591644287,12.548584294727151,13.544679522669382,63.161328097449548
2.596,Inside,-8.436765670776367,6.124571790416035,5.734089740324007,3.023008916379958
2.597,the,-0.752521395683289,5.496724181665114,5.387095869775258,5.221244366997147
2.598,"mill ,",-6.800643369555473,9.158078058752729,9.273472162884103,10.284721917125760
2.599,the,-1.711495280265808,5.871033247407856,5.060617431233951,6.261924058027184
2.600,water,-4.620373487472534,9.695474413306533,10.077095089295232,7.126872026266184
2.601,drops,-6.504212760250084,9.581159143638097,9.217825270153735,8.221057021364732
2.602,saw,-10.326755523681641,4.960468085813297,5.605686452739502,8.172046119406913
2.603,two,-4.767647266387940,5.588659847055630,5.425646205004753,11.157296622459963
2.604,great,-8.631983757019043,5.204086912544687,5.462571406549449,12.043370757556104
2.605,"stones ,",-8.151602625846863,7.424059357793336,7.826313951126675,25.265734384639273
2.606,which,-0.956270754337311,5.325887107710670,5.319027878022315,15.157588338595765
2.607,the,-1.647823810577393,4.912981324750320,4.675422873107200,18.242371744352599
2.608,big,-7.830238342285156,5.409361310346593,5.235494909516706,19.260410016962727
2.609,wheel,-9.143211722373962,8.744834431359219,9.077093577199976,20.432021355823860
2.610,kept,-5.106773018836974,6.530499774731790,6.520177209771575,20.187721817010157
2.611,whizzing,-11.789019032206852,8.573710501994320,9.077267405863322,23.035783870900879
2.612,round,-13.891587257385256,4.413597228342783,4.733362933345057,23.934593213319758
2.613,and,-3.060030221939087,4.709171953786104,5.514098669704497,25.006562905948162
2.614,round .,-19.684759140014648,13.592081682379860,14.773991639680899,52.863039527928336
2.615,The,-1.648221969604492,6.746959719648657,6.992360907198334,3.456291647660295
2.616,"stones ,",-12.629560470581055,10.828539992259175,11.146945095784901,9.109082162965169
2.617,smoothed,-10.650540977716444,9.628359254742904,10.186692392800651,7.001395663320253
2.618,by,-8.820641517639160,4.815180287232764,5.820330790244371,8.000387930218059
2.619,the,-12.477386474609375,5.584362750647283,5.944491107513237,9.021482288055967
2.620,"spinning ,",-24.568171501159664,10.649124100507404,11.324357154582055,22.206298335849702
2.621,were,-9.645959854125977,4.262583937514177,5.110773060902194,14.057669189670367
2.622,busy,-18.737037658691406,4.982903914861207,5.238370731604722,15.031384958743091
2.623,grinding,-12.778447151184082,8.043296119847685,6.983461255591754,5.023329462465185
2.624,the,-7.655974388122559,6.174821428685057,6.291562107584111,6.412627334414045
2.625,wheat,-15.054020881652832,5.366180294588720,6.222664105025745,8.000004765004611
2.626,into,-9.684163093566896,5.545506364655933,6.044263255688028,9.000016869631061
2.627,flour,-19.674255371093750,5.164141201031297,5.420862808051087,10.000003478156929
2.628,and,-12.141404151916506,5.745296085332956,6.564478082248089,14.112201112191773
2.629,the,-8.637414932250978,4.851870073825445,5.323353242377683,15.875518282895431
2.630,corn,-15.646963119506836,5.007392314669321,5.358719670690472,16.750319858667101
2.631,into,-10.588779449462891,4.156255448961558,5.386983537445045,18.640339161512969
2.632,golden,-12.339436531066895,5.262879989850885,6.072223032931769,19.656643428814000
2.633,meal .,-27.932595968246460,17.710863461471153,19.168470327720652,37.996216881361377
2.634,But,-3.281546115875244,6.957151407259841,6.943963526960617,2.070035712924830
2.635,what,-0.238284468650818,5.775083404592301,5.879766515587847,4.473805294204438
2.636,giant,-15.711979866027832,4.555375131327083,5.260952502243669,7.668961081919777
2.637,do,-3.100032806396484,4.114516283520016,4.209345768433966,6.029337535624987
2.638,you,-1.084181785583496,5.156574375133792,5.349921986550259,8.007705107473182
2.639,suppose,-7.783076763153076,3.983496386191584,4.299849519954889,10.017311739292968
2.640,it,-2.200087547302246,4.358005726001422,4.514851318951816,14.050470702183240
2.641,was,-3.055914402008057,3.978193441195524,4.211213453618852,16.006480833805718
2.642,who,-2.326411247253418,4.751811798217910,5.502855164382800,19.059934716931568
2.643,could,-4.520971298217773,4.198363617776209,4.031295391331209,22.105043697333180
2.644,turn,-5.012646198272705,4.366067514605930,4.563357331602039,24.178797021200381
2.645,and,-0.293360531330109,4.836829386027966,4.837073431693716,25.590146797148627
2.646,swing,-8.538510322570799,3.794128681713519,3.954623771356743,26.610062393938851
2.647,that,-4.784185886383057,5.193236016813866,5.457610981572940,28.599982242758021
2.648,tremendous,-8.475478172302246,4.332434390635936,4.430691095559992,30.352794189703555
2.649,wheel ?,-8.683589396998286,18.279141061979260,20.391302426149103,38.352816163294136
2.650,No,-6.487173557281494,6.445278071772366,6.803085200405451,3.316023367426722
2.651,giant,-10.861854553222656,4.967043268896663,5.192614838769726,4.004397821768508
2.652,at,-6.395287036895753,4.307030563918544,4.490065503284598,5.049843140740512
2.653,all .,-6.523619994521141,14.863481373864946,14.211490217393770,12.038547620155075
2.654,It,-3.482963085174561,6.101511125184504,7.065723445463052,3.253049561235394
2.655,was,-2.214092731475830,4.795007407495021,5.060866881278936,5.162978479409592
2.656,just,-5.422463417053223,4.331954570160306,4.370835539171829,7.563790071954403
2.657,our,-5.644319534301758,5.549071523695202,5.751795758132888,9.315926202522588
2.658,tiny,-9.801437377929688,4.951294547164144,5.385293723743824,10.420382875417964
2.659,little,-4.702232360839844,5.414317371084918,5.683003503164461,11.435467124594624
2.660,water,-8.127934455871582,9.652003622490733,10.510925559617650,12.437680873285480
2.661,"drops ,",-16.084721326828006,13.001527176288043,13.654105237142202,22.354961829505253
2.662,who,-4.500973224639893,5.338399945359002,5.143788003269671,13.271664619274075
2.663,sprang,-9.896996021270752,10.533628112878592,10.707166932906237,16.452692736976395
2.664,on,-8.033662796020508,4.855460990048710,5.004910895371482,17.455138550008474
2.665,it,-14.101514816284180,5.283694613033732,5.961637605281168,19.722448441767707
2.666,by,-9.260899543762207,4.716477244000651,5.438030168295722,21.823348837313880
2.667,hundreds,-16.959897994995114,4.193515727050340,4.556769664849000,21.386100559403602
2.668,and,-11.200586318969727,3.568385211264616,4.307626473088745,23.856749439331693
2.669,"thousands ,",-8.331082853954285,12.160166539855824,12.259091606094412,49.145760926054336
2.670,and,-6.914187908172607,4.651908252470585,4.950109701757968,20.474914107957435
2.671,whirled,-23.106172442436218,8.616501904192571,8.967483387953976,23.452869621180024
2.672,it,-11.048052787780762,4.514063200850983,5.435156354841170,19.616677186657451
2.673,over,-14.478617668151855,4.790922401742338,4.842695703033868,27.803429725780632
2.674,and,-4.388760566711427,5.434516541127002,5.962312379156637,28.830258359918300
2.675,over .,-13.912392258644104,14.208259464005415,14.614342829660682,43.706004345028546
2.676,It,-3.482963085174561,6.101511125184504,7.065723445463052,3.253049561235394
2.677,was,-2.214092731475830,4.795007407495021,5.060866881278936,5.162978479409592
2.678,lucky,-7.096774816513062,10.177187657677010,9.968308848394589,7.031169582772193
2.679,for,-1.157475590705872,4.108627372870835,4.347021289971290,9.027674232068900
2.680,the,-2.098625898361206,4.408651363463116,4.532307014509756,11.587924867310448
2.681,water,-9.775260925292967,7.877008121901707,9.121717702481877,12.553248393895950
2.682,drops,-12.717345714569092,8.140160630054638,8.715589801339046,13.605649415520544
2.683,that,-0.002577080857009,4.375448262783791,3.776005578375617,14.987549729385984
2.684,the,-1.875487804412842,4.668587926562788,4.408908116019691,18.072490914117427
2.685,brook,-13.632198810577393,7.837151958603034,7.890208770039782,19.033840045743229
2.686,where,-14.783943176269533,8.745237094200935,9.035908284671502,20.830714153146360
2.687,they,-3.111658096313477,4.368181144944762,4.863729180796224,24.846688459712428
2.688,were,-0.871091604232788,4.205930733644179,4.282412896014344,26.840658682523014
2.689,swimming,-9.375025749206543,4.008176590904891,4.123231648118605,28.036444107110377
2.690,next,-3.326403141021729,4.100506917087857,4.618051406123446,30.051164005079318
2.691,emptied,-30.078906297683719,9.792533400149534,10.228959440050740,24.354600159402136
2.692,into,-11.993255615234375,4.597325468402093,4.946240551950126,26.441817735702170
2.693,a,-7.451158046722412,3.776398883869542,4.682697046661422,25.341061022296554
2.694,beautiful,-9.625171661376953,4.111892937067370,4.205397562266935,27.804448147968039
2.695,pond,-7.879530549049377,7.158238661942352,7.742407227983046,28.896808111385859
2.696,where,-15.621358871459961,7.927451398073622,8.608142511650938,29.576415889327674
2.697,ducks,-13.664292484521866,11.785818162012598,12.224418963030198,30.661455366417517
2.698,and,-10.690669059753418,3.772341648977911,4.322925992909012,31.159903665341641
2.699,geese,-11.631226003170012,12.334137986473866,12.966804777504006,44.696558083192514
2.700,were,-12.420886039733887,4.382923980288600,4.911301378135820,45.721762506350672
2.701,living,-12.348898887634276,5.334066180872486,5.360515137583580,46.667395666926787
2.702,peacefully .,-30.463690161705017,17.908827090299006,18.755510154906059,96.603709002050763
2.703,Aqua,-15.096741676330565,11.017980558830168,11.178303671493289,3.450856234920031
2.704,liked,-20.129335403442386,10.695347669875268,11.535061434893509,4.663646801398744
2.705,to,-8.447710037231445,5.760726921542648,6.666576804552313,4.993813253932156
2.706,play,-7.210032463073730,5.306549344098854,5.137062035983099,6.033114491805025
2.707,hide-and-seek,-21.350317120552067,29.177979386297149,32.426953375747985,8.000989788896637
2.708,in,-7.830541610717773,4.685935680070802,5.516289050289347,11.470455000632727
2.709,this,-11.654396057128904,5.381201635197702,5.515174248955454,12.185950138666472
2.710,"pond ,",-18.160532951354980,15.864910077768982,16.366093564584698,27.057069124641806
2.711,and,-5.878966331481934,4.818454672202465,5.173196184404094,15.000519694141836
2.712,it,-9.481737136840820,5.092921667450161,5.623211356945653,16.001363979427019
2.713,was,-12.884044647216795,4.287023065585920,4.247964468228767,12.699337394995034
2.714,his,-4.615561008453369,5.251560984556094,5.227689405158863,16.540270129368249
2.715,brother,-7.015330314636231,4.218629878461102,5.158717263373159,17.902895787513692
2.716,water,-15.390505552291870,6.980915386578817,7.730073229144875,18.408965739720813
2.717,drop,-17.171920776367188,4.744366739873035,5.127124660339784,19.023631213930027
2.718,who,-14.222330093383787,4.156024992860675,4.718689503641720,20.033698967860662
2.719,he,-3.208766460418701,4.684113778997173,5.095581437752934,11.870474115995457
2.720,fooled,-11.174028158187866,7.818048098827026,8.330934560794475,13.662665176106513
2.721,by,-10.335252761840820,4.437080144363988,5.286326217731454,15.288257842360792
2.722,swimming,-12.947952270507812,5.015419773711637,4.969827195619524,16.300726234489854
2.723,to,-9.072568893432617,5.242689104699333,6.084338998967238,16.090405109573634
2.724,a,-8.046776771545410,4.182219566507119,4.248173891152582,18.000237002697205
2.725,big,-14.364363670349119,5.063075348779950,5.317404027158550,20.039924267157264
2.726,pool,-13.406774520874025,4.705910841763722,5.393133661032004,23.490687730834459
2.727,of,-10.482583999633787,4.909981169826666,5.109186923995179,23.866853128747110
2.728,water,-14.888368606567385,8.610296197862390,8.771228517473919,23.005783019138256
2.729,and,-3.400359153747559,5.110968912171789,5.359713627291796,24.007185613231020
2.730,pretending,-18.636830806732174,8.470644792584977,8.582544839111446,26.000141151678093
2.731,to,-6.186693191528320,4.635488076921422,4.697034284045847,27.007462205878014
2.732,hide,-14.306452751159668,3.376925198028567,3.691837610262321,32.996205569249355
2.733,"there ,",-19.713647842407227,8.826001642345183,9.584355910475910,69.252728740442251
2.734,but,-6.171667098999023,3.968324425142663,4.554983751722522,36.356238638978610
2.735,then,-14.962776184082033,2.783885738559542,2.919457893651497,36.001818233554381
2.736,sneaking,-15.502531290054321,10.338159147359631,11.591605888884532,39.193797688626283
2.737,under,-7.851418018341064,4.870761337540711,5.826062319154352,40.195535630744132
2.738,a,-10.250823974609377,4.809235742001857,4.851243255047763,41.481202493377950
2.739,rock,-8.887518882751465,4.373380372896047,5.019500768796519,42.503226430931470
2.740,into,-8.587071418762207,3.685713933070861,4.049697751425970,36.996176740318973
2.741,an,-8.826231002807617,3.929019527610323,4.643363720512180,39.224383787459743
2.742,obscured,-16.633378982543945,8.142346280999456,8.219993517203978,42.006393668945272
2.743,little,-21.884845733642575,4.526423639283728,4.865803519638940,42.970494717489956
2.744,puddle .,-24.323603898286823,30.427952022991548,33.039108004768195,57.438722956948880
2.745,His,-5.777881622314452,6.248731016600482,6.778828838825783,3.455308326655278
2.746,brother,-4.581624984741211,4.475290098888660,5.214170458317409,4.859804822136937
2.747,had,-3.575597286224365,5.103575428952868,5.489560727334969,5.391597644204465
2.748,blatantly,-14.195085629820824,8.687305049945985,8.983381540452999,8.077808602078790
2.749,peeked,-26.420829772949219,9.639507068639556,10.483673804626688,8.426527292407156
2.750,and,-3.456726789474488,5.569626470014978,5.984368401194883,9.399148904848156
2.751,even,-10.514684677124023,4.777612229546542,5.047991929365629,10.000404485444404
2.752,followed,-14.454059186449740,10.094917124761675,10.920968573265867,11.000029577017949
2.753,Aqua,-23.490822315216064,10.143267691712044,11.069240872134024,12.001159028717177
2.754,as,-10.538331985473633,6.016445408169253,6.288841089386525,12.241233587883904
2.755,he,-0.752604603767395,5.901440904772183,6.050901430211988,7.012635396057143
2.756,entered,-7.109031438827515,8.731173386104636,8.769893803728387,9.000745033440067
2.757,the,-1.154686450958252,5.288721804782884,5.322228263042076,16.998445082203229
2.758,big,-7.579895973205566,5.030949400547348,5.446785178051886,17.995212266033327
2.759,pool,-18.060022354125977,5.278051939033483,5.556751850528156,18.747935050171431
2.760,of,-14.301293373107910,4.558233578865514,4.835272225694231,20.996714361264672
2.761,"water ,",-23.093718647956848,10.106704073377173,10.400125255652942,48.637909073831949
2.762,so,-7.629391193389893,4.160730547513147,4.800678865368051,26.848649706041751
2.763,when,-8.933839797973633,4.089739277255633,4.621892978471591,27.708392743952217
2.764,he,-13.013236045837402,4.846053113417804,5.765788754473494,27.396300371737226
2.765,searched,-16.903245449066162,10.405083882863556,10.758155182670071,30.200558707023550
2.766,there,-11.895850181579590,4.832576972432242,6.028485822548221,31.330401405675683
2.767,and,-9.289237022399902,4.689909263796649,4.793899742845563,15.003327826108947
2.768,could,-15.236753463745115,4.391775594732073,4.388316252556141,18.038929147468799
2.769,not,-9.036369323730467,4.449608502529998,4.591723488864388,21.044620446402021
2.770,find,-7.161534786224365,3.004060949062286,3.069998745106747,23.113216358269391
2.771,"him ,",-25.095385551452637,10.186606121892925,10.161141870944675,50.139551715015500
2.772,he,-9.877022743225098,4.178523004967299,4.947455663878525,30.318666188846684
2.773,was,-1.677394866943359,5.175817941994171,5.119688308976222,26.345001209608945
2.774,extremely,-15.235067457426341,8.643039201963783,8.653242287166233,26.790946839450889
2.775,surprised,-9.457224845886230,4.418819700127488,4.556238242651331,28.197921484731854
2.776,and,-11.095773696899414,4.833120447476858,5.038058198857853,29.493217273067518
2.777,gave,-17.370901107788086,4.555234942521182,4.521109613521405,30.274956637741283
2.778,up .,-20.982464790344238,13.120458635444670,13.719339775327295,59.400221695614412
2.779,Aqua,-15.096741676330565,11.017980558830168,11.178303671493289,3.450856234920031
2.780,liked,-20.129335403442386,10.695347669875268,11.535061434893509,4.663646801398744
2.781,this,-12.381389617919922,5.892348869677467,6.202031502146435,4.999968126740860
2.782,pond,-11.243413686752319,9.546071313699068,10.178584089647641,7.303507607891443
2.783,where,-13.973423480987547,9.994033281436636,10.383207984404027,8.264325698675101
2.784,he,-12.829773902893065,5.467355864594010,6.028249481682033,9.322631324959362
2.785,could,-13.295953750610352,5.363374961766646,5.498964192144023,10.062436047825946
2.786,play,-10.519851684570312,4.470893767506518,5.642832305999947,13.101135586206114
2.787,all,-11.038220405578613,5.545605919759064,5.690244752659516,15.137256551030356
2.788,"day ,",-22.328249216079712,11.702363111180233,11.815268411678066,36.185072247765127
2.789,so,-7.190630912780763,3.876101451528974,4.347007553034991,20.233247177487016
2.790,he,-14.300642967224119,4.772181207229501,5.501265184314513,21.976607284448857
2.791,stayed,-16.733939409255981,10.664825576208440,10.492257691334158,8.009174677718264
2.792,a,-4.288649082183838,5.412110269332559,5.179028704870198,12.218898575601134
2.793,good,-10.286160469055176,4.737978890718479,5.070310557205958,14.068015969910778
2.794,"while ,",-22.101257324218750,14.126622441000448,14.277264845615711,39.103383949049814
2.795,sailing,-10.622648239135742,4.601758593388506,4.688837840589800,20.999462451535187
2.796,up,-10.835765838623047,4.793715200867728,4.896453973451256,19.918525532419984
2.797,and,-11.941540718078613,4.913559177034371,5.711710569848969,20.000027965432160
2.798,"down ,",-14.204618453979492,9.488343342321532,9.818196012714896,44.002369382653512
2.799,taking,-19.766040802001953,8.826268067120900,9.130411078506812,24.999997778794953
2.800,the,-9.409629821777344,5.162632432107152,5.137861707699479,26.013439055281690
2.801,ducks ',-27.255775690078735,21.350111521403704,22.566224893187979,53.010169049176611
2.802,backs,-11.822424292564392,6.608311640626670,6.813783626519723,30.075358186126408
2.803,for,-14.872073173522949,4.809553102280176,5.492221487851213,31.022429631227681
2.804,ships,-13.009236335754395,3.643096874850545,3.872788076134183,32.044173433004559
2.805,and,-4.116598606109618,4.555120818324605,4.872890306671722,32.718531072914580
2.806,the,-11.629303932189940,4.741147571204291,4.756753122671222,34.999970548842413
2.807,frogs,-27.939612388610840,6.955868615268968,7.706157371622198,32.236299590157948
2.808,for,-10.706279754638672,4.019874672264802,4.328967753938674,33.000000981835612
2.809,"horses ,",-23.616529464721680,7.657334160623044,7.952888457893489,71.804424838207041
2.810,but,-7.019387245178223,3.949420474623230,4.333430544503656,39.506090164054115
2.811,after,-11.676070213317873,4.380065225876945,4.738612323908508,40.607465688684954
2.812,a,-8.030391693115233,3.849352557803209,4.453979100827493,37.287049200778128
2.813,time,-8.937062263488770,4.097128969056196,4.364144344008906,42.003791089023501
2.814,he,-11.963580131530762,4.303869760091901,4.750087464350844,41.605221688086985
2.815,tired,-13.310875892639160,3.643016691568669,3.692182445197556,33.986383151969292
2.816,of,-3.488280296325684,4.127441797987847,4.139593175590282,35.999253043642142
2.817,the,-1.029516220092773,4.789637599062046,4.749092301868316,38.370605983844030
2.818,dull,-8.129261016845701,4.548692203408783,4.620805164623254,39.425976860260590
2.819,"life ,",-20.453637123107910,8.708008741773394,9.058028501413123,87.998240123288511
2.820,and,-10.047317504882812,4.508846649731663,5.016602710912047,47.012031988051433
2.821,he,-9.151514053344727,4.850283853902704,5.931751988742928,49.168565031646978
2.822,and,-7.879280090332031,4.818906216567090,5.063898412485845,49.999368561777828
2.823,his,-5.196753978729248,4.241784811336117,4.311035580425640,50.999186359006494
2.824,brothers,-16.401069641113278,4.192194192751781,4.382531219536991,46.512515984344724
2.825,floated,-16.748774826526642,11.388540087981873,11.654412764506713,46.986736661772021
2.826,under,-10.845412254333496,6.135757751903375,6.559994044197407,45.954619382016219
2.827,a,-6.600607872009277,4.066851841974453,4.033278592377095,46.683832122639465
2.828,bridge,-9.706645071506500,9.075833985471082,9.019401179229893,34.071981583646718
2.829,for,-12.780351638793945,5.935467759373442,6.806469120662965,12.000000001467814
2.830,a,-6.827601432800293,5.168929594849383,5.126613152667225,11.000000357743918
2.831,long,-13.179657936096193,5.296623671743527,5.171986378341547,12.000192009535240
2.832,"distance ,",-30.359610557556152,14.467835198493676,14.343188647388054,29.149538941390098
2.833,until,-9.453138351440430,5.206923560951305,5.600535461683140,17.106715917808899
2.834,they,-13.873982429504395,5.462709863051756,5.777720973093031,16.062367738194734
2.835,saw,-11.647999763488770,5.508590623487423,6.334775215795960,18.806880488836146
2.836,another,-10.509326934814453,5.247814212148425,5.121375896210197,20.089751677025973
2.837,brook,-13.790972471237184,8.268710796412924,8.152613699349962,20.837800460792774
2.838,tumbling,-21.296301364898678,9.384269531891483,9.229486234310565,16.558990670577938
2.839,down,-9.948753356933594,4.206895007877068,5.021418281216105,18.999503793307632
2.840,a,-2.886367797851562,4.755841775330655,4.698774044053760,22.220451284416121
2.841,hillside .,-23.377704143524170,12.678272910250321,13.592268908702634,50.242292613819032
2.842,"`` Come ,",-14.227877324134170,28.283567007490873,28.760188766293943,12.558580757638415
2.843,let 's,-16.975109912455082,18.459297880126133,18.792211431953547,16.200661141438868
2.844,join,-13.771659851074221,4.738566712247457,4.892278692169491,10.999651850586892
2.845,hands ! '',-37.030563592910767,25.858334678978505,25.286669336320085,33.408033700217985
2.846,cried,-18.563382863998413,17.130104479915889,18.704187134309766,3.304464188402849
2.847,Aqua,-13.966252565383911,9.620384514743039,10.200094895684927,4.375799483489362
2.848,and,-8.180575370788574,5.160912478998111,5.443465652717935,6.000012244173517
2.849,because,-12.896241664886475,10.013301309729338,10.840138360343325,7.000001831871883
2.850,the,-11.701465606689453,5.634568210009133,5.930795545855367,7.752429558804437
2.851,water,-19.770530223846439,9.515472895881960,10.021187654164653,8.115661596827474
2.852,drops,-13.958170771598814,9.967941600537912,11.487663546950451,8.000460599477815
2.853,were,-17.839948654174805,5.498663480639316,5.981572942013456,9.000020603621348
2.854,all,-10.451285362243652,5.166662269693315,5.781686784631997,11.000000750136044
2.855,"together ,",-16.483144760131836,9.561884237591908,9.542041843823934,25.009047496968378
2.856,overcoming,-20.219026565551761,10.325210722785112,11.314162967029386,16.027444709485295
2.857,the,-13.092122077941895,4.672933173823052,5.661785974066049,11.567011250474215
2.858,brook,-12.948391079902649,9.151516090708943,9.363445807124226,16.118956835268637
2.859,was,-13.640169143676758,5.171251876899451,5.277583380147715,17.986360425406733
2.860,child 's,-11.876011909451336,16.517158109451827,18.290964646857425,40.870168212511778
2.861,play .,-18.151483297348022,12.233119756355897,13.139685407783272,51.110208208804366
2.862,It,-3.482963085174561,6.101511125184504,7.065723445463052,3.253049561235394
2.863,was,-2.214092731475830,4.795007407495021,5.060866881278936,5.162978479409592
2.864,by,-3.689325332641602,3.559902838720701,3.847944041713260,7.139842190855370
2.865,the,-1.012728929519653,3.925481587031584,4.166892882490727,9.822755372502359
2.866,help,-8.544249534606934,4.621428226001470,5.227066317831158,11.152591451685664
2.867,of,-0.004554138053209,4.012492000411851,3.815129655724350,12.192427356561911
2.868,Aqua,-16.747886180877686,7.847849211684935,8.741351842442715,14.882701170409719
2.869,and,-8.587356567382812,4.010193421431176,4.140291793016420,15.641768726389225
2.870,his,-8.365305900573730,3.751033287638915,4.203784068500993,16.538884095605805
2.871,brothers,-6.016684055328369,4.192073739942505,4.329047108594772,17.533682083259322
2.872,that,-9.659815788269043,5.015844454498676,5.091631883471554,18.582387641424674
2.873,the,-12.106854438781738,4.921088240032749,5.567225912365002,9.364185725059322
2.874,bewitching,-21.651694297790527,9.474228827355727,10.570340718821043,13.187790386136985
2.875,river,-13.615009307861328,4.661924036152610,5.041298186109437,13.998126623085170
2.876,was,-9.794768333435060,4.656395516443075,5.003135319284454,14.999040065840786
2.877,able,-18.164436340332031,9.462311355403720,9.536028889152664,16.001262519566151
2.878,to,-7.216616630554199,5.086377485348266,5.659444925731703,16.994029378174051
2.879,float,-9.558475971221924,5.547297939825734,5.534146940480626,15.075395423653415
2.880,heavy,-5.491034984588623,3.814417153015913,4.122313190938801,16.985159904419287
2.881,"ships ,",-25.861922264099121,9.231997854767199,10.132827878531817,38.992503634142707
2.882,though,-9.371482849121094,4.813290046772459,4.815436022954160,22.817494086172772
2.883,not,-2.077611446380615,4.677313828960282,4.766387665671229,25.573273342090424
2.884,so,-14.432423591613770,5.127306297076332,5.281309143115894,25.986089631769616
2.885,long,-11.759230613708494,4.381240777367390,4.437013104124040,26.000634776828761
2.886,ago,-2.546245336532593,4.330516338775038,4.562373636291948,27.000000004161631
2.887,it,-7.926971912384032,4.630580902099607,5.386064529418944,28.999999999999996
2.888,was,-9.917836189270020,4.543244361877441,4.651573181152343,30.000000000000004
2.889,only,-7.814664363861084,4.757485866546631,4.670841217041015,30.999999999999996
2.890,a,-3.952216148376465,4.863969823014531,4.785940210444589,33.130286938856123
2.891,little,-13.176853179931641,3.721840005819630,3.928530460091290,35.154753599835118
2.892,stream .,-26.499755620956421,15.544569494524794,16.474003840993454,76.530156501512920
2.893,As,-1.950689911842346,5.687655228447203,5.298336359404333,3.085113780770548
2.894,the,-1.435885667800903,5.683529869677474,5.429240204945864,6.230347352144852
2.895,river,-8.915165901184082,5.289662719270964,5.949379594443616,7.212516672302648
2.896,grew,-4.258645057678224,4.640597319011820,4.481271367547996,8.099073111206462
2.897,wider,-5.699619770050049,4.126622995855938,4.251768329404566,10.066284696239071
2.898,and,-3.217802762985229,5.337486721247027,5.644548392950960,11.382226235153061
2.899,he,-6.466586112976074,5.938998022075128,6.876850927883370,6.833252971707029
2.900,could,-5.962263107299805,6.125472496415474,6.223077484751317,8.782493412643721
2.901,almost,-4.617093086242676,4.611905650733309,4.875689911754275,10.777547817795927
2.902,see,-3.740456342697144,5.295668070391597,5.516369056948959,12.694755491400390
2.903,the,-3.100952625274658,5.512991579276979,5.413936111551671,15.535178243847932
2.904,"ocean ,",-5.057596860453486,9.512973809326594,9.989670817770826,24.634693830899714
2.905,Aqua,-15.726603746414185,8.646079494148951,8.850952983569149,7.175284489518435
2.906,realized,-14.662626504898071,8.500844371132263,8.823916722814431,8.224214997750085
2.907,his,-9.966936111450195,5.196524645628428,5.840769236687517,22.622277965828324
2.908,journey,-14.019073486328125,4.874943908391673,5.484440409300251,10.771817341748299
2.909,was,-13.278162002563475,5.258338462364310,5.110309916798903,8.017063422668659
2.910,almost,-10.811948776245117,5.477523991626819,5.809537065947744,9.019833341125203
2.911,over,-8.667665481567383,5.985384183327852,6.343253811862342,8.079821594931486
2.912,and,-9.429110527038574,5.784321558176490,6.031220533770572,14.982193275147214
2.913,he,-12.180538177490234,4.772194714943920,5.450684504573505,17.006103931973179
2.914,had,-9.261985778808594,5.128992790799910,5.200217888288648,17.988073738759812
2.915,come,-11.201484680175779,4.785027894654854,4.997652374326222,19.000092207717046
2.916,full,-11.394660949707033,4.693723156450222,4.797231400546182,21.998525166309769
2.917,circle .,-17.077422618865967,13.700846092047541,14.353645763730885,43.196323294584360
2.918,Back,-6.033227920532227,5.901492866478393,5.261895267809645,3.079364477398621
2.919,in,-0.156183585524559,3.952013765760016,4.387603319185724,5.019646695233066
2.920,the,-1.222622156143188,3.980389025012744,4.096418805858081,7.186167454273397
2.921,"ocean ,",-10.207052893936632,8.657138597316260,8.623947235132043,12.369695749534095
2.922,he,-2.964664936065674,5.843882037508902,6.720604674109977,6.355944610983072
2.923,felt,-6.970977783203125,5.579360900352649,5.679632105675791,8.253563375989977
2.924,right,-5.915332794189452,5.020999027901559,5.355646753431738,10.374536045957012
2.925,at,-2.720512151718140,3.724548224355986,4.434175162849508,12.074845118165646
2.926,home .,-2.960861697793007,14.968667362226729,15.672331599948986,23.129507211852555
2.927,For,-2.344644546508789,5.667910546478312,5.134094141068218,3.053832596557468
2.928,"him ,",-6.561909377574921,11.678739825140823,10.745526104894450,9.299462477854684
2.929,this,-2.995707035064697,5.677921508911477,5.961989566277047,6.197009402788005
2.930,was,-2.362137317657471,5.010124083911498,4.822326517328799,8.093651785868868
2.931,the,-1.030167222023010,5.143648774751679,5.646086564434383,10.949132616305494
2.932,"safest ,",-16.019685983093950,19.313359364751665,20.573471681805479,24.794062979690093
2.933,sweetest,-7.409966647624969,14.568891315687232,14.907224281047776,14.047629498553652
2.934,place,-4.056926727294922,5.422635031732494,5.456974065601512,15.000000423224295
2.935,in,-15.229897499084473,4.782374360361909,5.281383142421618,16.000232040307633
2.936,the,-6.561891078948975,5.517293211673187,5.535821931155016,17.372893789446508
2.937,whole,-19.631641387939453,4.434306827823575,4.838015933107191,12.292579027917981
2.938,wide,-12.723340988159180,8.710409684595540,9.281404127309193,14.231015333876949
2.939,world .,-18.514203310012817,14.055085050951906,15.375931802817977,32.359109334447240
2.940,During,-4.539681792178271,10.832417514076667,10.725361364734850,3.077743640125962
2.941,the,-0.876797378063202,5.645770076334911,5.792404062195920,5.370894733597746
2.942,warm,-9.784963607788086,4.385696320088448,5.390842521188278,6.498348079132208
2.943,summer,-2.629257440567017,5.196244718100324,5.761249883661484,7.382390335789697
2.944,"evenings ,",-25.235341072082520,14.860131691693159,15.812078910551584,14.367076566125846
2.945,if,-13.877595901489258,5.097160254322961,4.873014984647688,6.344359053960669
2.946,you,-10.755001068115234,6.101195251347036,6.112795835024627,5.263256066390331
2.947,take,-13.125049591064453,5.577842880738249,6.263731820603369,8.056486413342501
2.948,a,-8.043738365173340,5.200560478500686,5.123521899106207,10.019560539296311
2.949,walk,-9.799608230590820,4.560549324340284,5.483414340562241,13.773120267532885
2.950,on,-9.735338211059570,5.169644752411963,5.588752106499274,14.737832571059467
2.951,the,-11.308876037597654,5.206446042216181,5.436912728986057,15.745176484476692
2.952,sea,-10.530310630798340,4.580414297914403,5.388990564248298,17.837381649888300
2.953,"beach ,",-21.781957626342773,9.646679111316978,10.491347716866438,38.060194270167962
2.954,you,-9.820939064025881,5.943552656113894,5.903615010127737,7.039554195751284
2.955,will,-12.100801467895508,5.067912886052118,5.446626565434052,9.221484169195557
2.956,hear,-10.624980926513672,6.430555895890604,6.378747970203287,11.140407071732659
2.957,the,-8.442136764526367,5.510258277266086,5.680090095522687,13.265944507331195
2.958,gentle,-12.669574737548828,5.048558864019745,4.947932697093106,15.335369929900773
2.959,rippling,-13.192406654357910,9.577633281257617,10.094296011476814,16.658831768651947
2.960,swash,-14.625784873962402,13.485362856010802,14.135683888170604,17.662149009251273
2.961,of,-9.232408523559570,5.364902488816643,5.728021189068103,18.515643568440449
2.962,the,-6.876091003417969,5.248712957805953,5.451472314170977,19.600507489162108
2.963,waves,-9.715159446001053,9.068621895031695,9.138808116900297,20.973520964949728
2.964,and,-4.801548480987549,5.521322367697464,5.858278727959553,21.746325961966146
2.965,some,-11.913201332092285,5.405965481701188,5.647205893415218,17.693234704271269
2.966,say,-10.361037254333496,5.050895093769640,5.965578463221745,20.792445720585931
2.967,that,-9.099739074707033,4.733237109648544,4.591189851537200,21.714517800431519
2.968,it,-7.843528270721436,3.767556071841669,4.202317807277425,22.105947476311076
2.969,must,-10.716238021850586,5.240482809402010,5.873309916220646,21.736382733855390
2.970,be,-9.120900154113770,4.444955538156122,4.671600751038508,18.833945152082087
2.971,the,-10.886645317077637,4.746612278465016,4.634534208211340,26.167890509807091
2.972,gurgling,-18.584724187850952,17.490571290207356,17.775894421231630,22.116640769955215
2.973,voices,-11.211567644029856,6.751335648298523,6.825844552966354,25.013155434234228
2.974,of,-10.668334960937500,5.504189812231115,6.231336617099707,27.068763503021412
2.975,Aqua,-14.088665962219238,8.527924375166638,9.465582526006187,29.201940860197031
2.976,and,-7.926494598388673,4.451026066440798,4.829438653560580,30.947323260393144
2.977,his,-8.969369888305664,3.688261615079300,4.094833950417228,31.510620853891282
2.978,brother,-7.970988273620605,3.627433614078673,3.961881609448389,32.100250915711122
2.979,water,-15.281076908111572,8.484811782832434,9.028651484465817,39.023862876955107
2.980,drops,-15.946082234382631,8.404159520394959,8.825738658451028,41.763584287425203
2.981,telling,-14.498323440551758,4.422468741955575,4.602047350506358,40.344702428880225
2.982,each,-8.807384371757507,8.800097667028213,8.924828917666296,41.522024907987273
2.983,other,-0.133750349283218,4.276733447914090,4.245940004090809,43.273007111994559
2.984,about,-6.177113533020020,4.758890202041894,5.243536038129823,44.750742967410133
2.985,their,-6.908539772033691,4.741238437746680,4.630814638837472,45.810655917712403
2.986,wonderful,-8.591188430786133,4.944229086374416,4.907417319473508,46.999419426381465
2.987,journey,-12.467218399047852,4.754740724301495,5.361670914276313,45.069498392494118
2.988,around,-12.884379386901855,3.329697830260337,3.431685015244842,46.002059452972880
2.989,the,-1.383873701095581,4.571434676027326,4.555948262325992,49.805381687833432
2.990,world .,-16.035233974456787,14.670550719928032,16.407088442232190,101.640794154848280
3.1,It,-3.482963085174561,6.101511125184504,7.065723445463052,3.253049561235394
3.2,was,-2.214092731475830,4.795007407495021,5.060866881278936,5.162978479409592
3.3,cold,-7.326871871948242,4.299205055837258,4.822777889440106,7.156116768478569
3.4,and,-1.720624923706055,5.458600727119273,5.408142136411536,8.006091984741470
3.5,nearly,-9.463705062866213,5.112831499108061,5.614552955101980,9.084895801455582
3.6,dark,-9.025175094604492,4.676072988054297,5.217853860231412,10.044317286208887
3.7,on,-2.146264076232910,4.215948201756547,4.706643209246113,9.044593411025305
3.8,the,-1.525803089141846,4.494755804556296,4.582172942148136,11.457148782047634
3.9,last,-3.676682949066162,4.731987296597834,5.230936398953340,12.727592524857984
3.10,evening,-5.497062206268311,4.999899643206778,5.866299535701174,13.728686353834245
3.11,of,-0.145170465111732,3.943105088946862,4.419110282005856,14.004867299613357
3.12,the,-1.196649312973022,4.960968296711389,4.771304252687508,16.225962189830796
3.13,old,-8.016060113906860,8.673288024039271,8.976624985996354,17.361082774619415
3.14,"year ,",-4.647681474685669,12.623929916714026,13.510189501332574,30.974024774166420
3.15,and,-5.111204147338867,4.364061353624129,4.446355578938965,11.128835402255199
3.16,the,-1.305194735527039,5.126019452511147,5.086846993589415,14.359057435880731
3.17,snow,-8.972912788391113,4.162516116069201,5.161944614547403,14.997389905260880
3.18,was,-3.267963409423828,4.646586674875113,4.487793764108135,16.005274636473164
3.19,falling,-5.030802726745605,4.158342823352029,4.329515570125630,18.015615274655200
3.20,fast,-5.335461139678955,4.793727626674204,5.174717102501027,20.019336463411555
3.21,and,-1.942538261413574,4.859493492780425,5.333317663950876,20.978733221648639
3.22,furious .,-23.263798236846920,13.928088400444686,15.115753570096430,45.016415811387688
3.23,A,-3.861002445220947,6.184483090000588,6.580385323331305,3.638898389652430
3.24,little,-7.265635490417480,5.274722175589012,5.289845577460367,4.654302115598486
3.25,girl,-4.808671474456787,4.921171270514768,5.529924284275974,5.939424999062577
3.26,no,-5.407015800476074,4.166202709291842,3.782337657475960,5.736119774078713
3.27,one,-0.808651208877563,5.177458961278377,4.697873719200343,9.128174681764154
3.28,sheltered,-14.368509739637375,10.632061963484064,10.547902987070024,10.006398961128793
3.29,from,-10.501716613769533,4.318031786668722,4.247895453167819,11.010029388003788
3.30,the,-10.580650329589844,5.089537145135167,5.481220705683165,12.730155078656525
3.31,gelid,-28.028759598731995,13.571269086304884,14.505419761833402,14.164525233100658
3.32,air,-10.617407798767090,3.996519919319052,4.736002744688427,15.027658310222757
3.33,roamed,-23.302446365356445,10.583907859748079,11.007827206406095,16.045412930708448
3.34,through,-7.931825637817383,5.430751845814568,6.193497129951187,17.107562656115743
3.35,the,-10.267827987670898,5.169268463538994,5.553671548779726,15.725433632990693
3.36,streets,-13.650388717651367,4.980114004247994,5.311802078584686,20.119538515622679
3.37,with,-10.678290367126463,5.681973350972067,5.972527579843177,21.119053236885676
3.38,a,-7.163885116577148,5.618656655054593,5.747554452036967,8.482903010604165
3.39,bare,-9.933986306190491,8.090259862527223,9.003152219566839,11.084991298879569
3.40,head,-5.632820129394531,4.158191688511008,4.530355658802758,12.149539434554491
3.41,and,-11.079955101013184,5.561018326911988,5.936649228111857,9.127681303138194
3.42,naked,-10.455332093872132,13.516966812626519,14.087530518720451,12.537674950569205
3.43,"feet ,",-16.648107528686523,9.019469001024959,10.007665773852239,27.542253876893575
3.44,looking,-11.166049957275391,4.670789548138144,4.745232593373284,15.166333338110164
3.45,as,-11.670928001403807,5.400115223067903,5.807727375430686,15.990979503208527
3.46,poor,-12.432265281677244,3.644651291367044,3.816773751201670,11.551255492794454
3.47,as,-11.676815032958984,5.366306942802673,6.207933544179182,15.833823865136015
3.48,a,-9.809092521667480,4.307620780780441,4.628448220364840,16.994361233962554
3.49,church,-18.759654998779297,4.880218278747597,5.158577344738536,18.000234767196389
3.50,mouse .,-31.122160911560059,24.541235364757242,25.463275412784533,30.092167879625016
3.51,It 's,-5.593256349675357,19.604109736135182,19.585807915002942,8.462507345599635
3.52,true,-13.526028633117676,5.398219342133801,5.139506448225879,6.220005591983390
3.53,she,-12.219284057617188,5.731984161062154,6.090969254736192,7.197096593554118
3.54,had,-12.910778999328613,5.223770539035011,5.913258968179567,12.410793375338860
3.55,on,-12.085468292236328,4.586773883961025,5.014068987914996,14.354047994200707
3.56,a,-8.642015457153320,4.181449029125884,4.176886017532229,15.039514406756167
3.57,pair,-9.380946159362793,3.515908127903551,3.579775177569519,18.485801138295482
3.58,of,-9.967825889587402,4.797434734381786,4.847184400860950,19.333494559905734
3.59,slippers,-23.885350227355961,7.059893675233456,6.968417271910479,20.008808906124273
3.60,her,-4.367470741271974,4.753684298614262,4.754746586462644,23.313934655272131
3.61,mother,-7.514503479003906,3.839194384948094,4.410585822271340,24.689652991491609
3.62,had,-14.066201210021973,4.975062808965443,5.960528585271001,25.563174514879972
3.63,once,-9.873606681823730,4.571104652445224,4.307680706675508,18.344250859508804
3.64,given,-13.088860750198364,8.108809441801418,7.675508560419580,19.310928113275210
3.65,her,-11.967778205871582,3.555423321480036,3.964258458614297,20.113704911241072
3.66,when,-10.670715332031250,4.280319917675627,4.786565142984761,30.801536831278170
3.67,she,-9.025984764099119,5.027526750932054,5.877601062181498,33.069331391438567
3.68,left,-10.615617752075195,4.905319037341736,5.437039588842441,34.827749869263094
3.69,"home ,",-29.543718338012695,9.426352308006440,9.781834106086251,42.448982948655654
3.70,but,-10.320241928100586,4.188082031666592,4.419444879939904,26.200561300997578
3.71,they,-6.651760101318358,4.493283041558423,4.856444831386550,44.156844367216785
3.72,were,-12.030362129211426,3.749927358610317,3.754123652683583,44.820444704246761
3.73,as,-7.152201652526856,5.127595124400512,5.443500542540930,44.588011845988362
3.74,much,-10.917959213256836,3.806776728420484,3.940972810984448,45.986324555881616
3.75,use,-11.214268684387207,3.688018079557465,3.880045115442689,24.985775285521932
3.76,to,-7.098397254943848,3.865093882116545,4.001475721501918,27.414985573272933
3.77,her,-10.080865859985352,4.817049599113429,5.225668301261805,29.833390401492466
3.78,as,-10.249280929565430,6.338474763232247,6.563341957892697,27.044279797168514
3.79,a,-6.497778415679933,3.772433994726458,4.063227123652731,30.002080245204507
3.80,chocolate,-9.945285624417009,16.344596025233663,18.210238402491321,32.004893795031691
3.81,teapot .,-36.804931640625000,21.719543625535433,22.948530128464967,62.301110896125181
3.82,The,-1.648221969604492,6.746959719648657,6.992360907198334,3.456291647660295
3.83,slippers,-16.143434762954712,9.473994443986344,9.418411154745328,4.565013001197722
3.84,owned,-18.855131149291992,10.657256315082780,10.311579545655958,5.254294592186731
3.85,by,-5.748821258544923,5.958469978099972,6.319066323929197,6.144826790515094
3.86,her,-14.182231903076172,5.733144050609822,6.043497586409592,7.779830514674126
3.87,mother,-16.871931076049805,4.557656534136559,4.855148242171769,6.999963207502334
3.88,were,-10.596323966979980,4.444339197879447,4.955210621347995,9.623281866403072
3.89,so,-13.749607086181641,4.547460122045656,4.826102989026547,11.098591898376709
3.90,large,-11.697751045227051,5.255256991550934,4.952576031433371,5.083445866816267
3.91,that,-8.065124511718750,5.856984327040963,5.683873899131184,7.124290464942678
3.92,the,-9.062979698181152,4.992688806992176,5.264586815892784,8.189352327772207
3.93,emaciated,-21.813962548971176,18.918276984074609,19.004723136765822,9.679669559555538
3.94,little,-8.963441848754883,4.899902194767144,4.539654499574048,12.789776647811269
3.95,creature,-8.492366790771483,4.064764140217150,4.622433165211197,14.113331649064465
3.96,had,-14.682643890380859,4.402402020327701,4.878911944725616,15.182599579906904
3.97,lost,-13.359726905822756,4.891251976237863,5.084528641397601,16.093413194839677
3.98,them,-8.177578926086426,3.734775696607768,4.230585043353757,17.084262023129877
3.99,while,-19.673448562622070,7.468819910631223,7.413113192273588,15.221193744884276
3.100,running,-10.176720619201660,4.840379287942153,4.915879489375612,19.324276265172699
3.101,across,-10.529230117797852,4.875587502907332,5.267651064716866,20.399877436391069
3.102,the,-11.324996948242188,3.864101838610345,4.328178570475258,15.034577612432738
3.103,street,-13.148018240928650,7.468125914294445,7.606955223650501,17.076593176700314
3.104,to,-10.088476181030273,4.114794048743945,5.378957912088369,19.222296245312236
3.105,avoid,-16.000518798828125,4.094924709234807,4.291777740247642,19.433103635396613
3.106,two,-11.469099044799805,4.041894770232281,5.214268907013959,24.016128747177802
3.107,carriages,-20.660899877548214,12.005603349285250,13.682960783589962,25.007241447884070
3.108,that,-6.563673019409180,4.009157231281171,3.945898547945973,28.251284251597337
3.109,were,-10.863388061523438,5.164947566851629,5.501616700155998,29.282428826692691
3.110,rolling,-9.841202259063721,7.707250747254634,7.954379266494937,28.997825058037929
3.111,along,-7.406283378601074,4.656518701851462,4.988961283317692,30.271306433336239
3.112,at,-11.817511558532715,4.457972231621033,5.768897986788268,33.247789792833373
3.113,a,-14.118630409240724,4.534197487846568,4.546913109844467,34.152096278247839
3.114,terrible,-10.897984504699707,4.598933931168008,4.665980453693479,35.093606401095201
3.115,rate .,-32.920136213302612,10.084832869574630,10.833734450804435,75.382797481477397
3.116,One,-5.470492839813232,6.351398551102593,7.041222701386385,3.601103813691336
3.117,of,-0.018091309815645,4.232970149466679,4.959115069029248,6.217848673592028
3.118,the,-0.344031929969788,6.433644806159474,6.551896007963211,8.904170974375548
3.119,slippers,-14.496685266494751,8.003676066272709,8.615294234528450,9.864873654971767
3.120,she,-15.968485832214355,4.466410485100716,5.417907375565748,11.009419421388316
3.121,could,-11.123017311096193,5.353335704045931,5.735555560885374,12.013718354915762
3.122,not,-9.755280494689940,4.401135817015860,4.683295544757325,13.454310799668159
3.123,"find ,",-12.067013740539551,7.403873455006994,7.245693615607822,34.199429807761831
3.124,and,-9.911449432373047,4.974848798794271,5.203446756424305,19.847635122859039
3.125,a,-12.629279136657715,3.949360724280301,4.365407994960127,18.961154006253334
3.126,boy,-9.257146835327148,9.798887025758473,9.527848712291618,10.979872825143094
3.127,seized,-13.845462799072266,5.849145954925532,6.267974715005000,7.366113309539974
3.128,upon,-11.390582680702211,7.966059565246727,8.379068903641990,8.304996519716072
3.129,the,-10.502358436584473,5.345967826456421,5.362781360134084,10.891266831129684
3.130,"other ,",-23.978159904479980,9.228611357414291,9.455673882059468,27.849500501494163
3.131,saying,-10.603464126586914,4.638632747541124,4.730622496221404,16.781478228738223
3.132,that,-13.103445053100586,4.692662771287741,4.565750645353484,16.427322651347829
3.133,he,-9.216569900512695,4.362652078017248,4.706160910801071,14.343641186377372
3.134,could,-12.714920997619627,3.360258547751279,3.342475537087249,17.802851611149205
3.135,use,-10.919281005859377,4.731068715507081,4.854658177633691,20.718958772718111
3.136,it,-11.932472229003904,5.250398565770936,5.701795542143698,22.719167152102699
3.137,as,-7.065737724304199,5.168459947165202,5.406454927435912,24.716211974233108
3.138,a,-1.064123511314392,5.518758829709710,5.348976047916986,26.795117226452692
3.139,home,-13.288404464721680,4.454209066153305,4.636576019807002,28.754812987761650
3.140,for,-10.038298606872560,5.228612182559513,5.809247974877215,30.920780814939146
3.141,his,-8.253943443298340,4.968000917032780,4.879868475104920,31.815035108233943
3.142,little,-13.754795074462891,4.452336156970231,4.734041666947888,31.315471342190023
3.143,pet,-11.815738677978516,4.754838459463588,4.978177820123045,34.428921237598693
3.144,mouse .,-20.384783267974854,19.357823497358137,20.727615736689053,73.377079798185520
3.145,So,-6.494975566864014,6.596615330999823,6.546941391335246,2.526637749121527
3.146,with,-3.157576322555542,4.272175508035136,4.162010133321801,4.030949882052505
3.147,her,-5.663408756256104,5.802186631067468,5.546024554298122,6.535039791280142
3.148,naked,-10.505235051037744,13.671643816338054,14.190562998070435,7.323727117149768
3.149,"feet ,",-13.038869857788086,10.000455779531496,10.688681714105989,17.350611857079919
3.150,which,-16.108364105224609,3.986950853120684,4.726901903382307,9.999978081357627
3.151,were,-11.855344772338867,5.162798613508595,5.717979938252682,7.711674216947465
3.152,quite,-12.164012908935547,4.690078582697523,5.007653424008393,11.106819525921770
3.153,red,-5.876987457275392,8.986945374359038,9.311388010422039,15.039765427682278
3.154,and,-2.476075887680054,5.618275340316156,6.206061231474616,16.640555384570710
3.155,blue,-1.609664678573608,4.283705003518229,4.657605845244116,18.026818481763215
3.156,with,-14.175128936767578,5.103731805278762,5.248818052813254,18.350547404514586
3.157,the,-10.285055160522461,5.207371626789739,5.499510089993729,18.986275947851727
3.158,"cold ,",-14.771695137023926,9.360426018061297,9.480310403559699,41.377785867443194
3.159,the,-11.637846946716307,3.713109257103163,4.284620349499314,22.044399433421191
3.160,little,-9.734207153320312,5.287790393472040,4.708415513794832,7.348300539833459
3.161,girl,-0.657971560955048,3.913018592841075,4.608859530557326,8.256890467741066
3.162,went,-19.631467342376713,8.057824883160130,9.056150373801373,9.240617687302528
3.163,"on ,",-23.902411460876465,10.872890854035960,11.147944575426649,20.105585899324947
3.164,wondering,-16.251778602600098,9.316045839857775,10.049018373360832,11.996123255506321
3.165,how,-9.653486251831056,4.746272099735118,5.306863121699346,14.958443204159099
3.166,she,-12.272037506103516,4.369667925211242,4.814697795216231,18.000001564071429
3.167,would,-10.476691246032717,4.271133453726719,5.083475164149637,21.083280427090816
3.168,get,-6.481860160827638,3.130394715430191,3.391343788873722,23.000022318994876
3.169,through,-11.277967453002930,4.499860604164123,4.667481872280936,25.009393624101516
3.170,this,-12.139291763305664,4.591947196560112,4.666909181695447,27.000009221842927
3.171,dreadful,-14.762763977050779,4.579423150233172,4.429376760203497,29.099225534191145
3.172,night .,-20.232454776763912,10.779932938330177,12.570307092051529,61.067097504610032
3.173,She,-5.400978565216064,6.451306593754196,7.294753750596218,3.125623710821180
3.174,approached,-10.607509659603238,9.133311040140850,9.776765141580912,5.492854223934356
3.175,an,-5.200258255004883,5.659140831631129,5.698104355705551,7.973864878976845
3.176,old,-3.876829147338867,9.314942491734231,10.149004652028081,9.050820166863073
3.177,hovel,-14.896706104278564,12.275698656547062,13.964115219607224,10.014166562892132
3.178,she,-14.092556953430176,4.504411590685791,5.608644206383568,11.103107652526267
3.179,had,-11.125037193298340,4.345304245593068,5.080122899590907,12.037765880788937
3.180,used,-13.721352577209473,5.409292557062812,5.932858274837653,12.000034967908931
3.181,as,-10.616901397705078,4.352362256157093,5.133391065669307,14.486416984123885
3.182,a,-5.430685997009277,3.250616385027513,3.431069112442388,16.602301467660784
3.183,shelter,-18.894421100616452,8.511521422994406,9.288603842082171,17.983305486120642
3.184,a,-2.674663543701172,4.902061516672012,5.094555368731370,20.731502298462754
3.185,few,-4.566977024078369,4.383757174207152,4.648306611368175,21.593850597963911
3.186,times,-9.797578811645508,3.574285503401987,4.155981648375464,22.648833618327519
3.187,"before ,",-22.554920196533203,9.085649986992040,9.929835258652233,45.668702122992713
3.188,and,-7.021964073181152,4.265593369505987,4.420998226944056,22.264082557675209
3.189,found,-16.249471664428711,3.391189293004938,3.604546600923122,21.152172887893460
3.190,the,-9.690560340881348,4.196677584373286,4.309349547823665,21.969960466299817
3.191,entrance,-11.839471817016602,5.684327838513175,5.721046208022549,9.000201796252139
3.192,was,-11.943609237670898,4.621541863112689,5.252609114918387,12.283387367152988
3.193,locked .,-26.239057064056396,13.631857737735679,13.904875876784310,28.344491964914830
3.194,Tough,-12.318578243255615,12.157281841360474,13.061046965651240,3.440291392113267
3.195,luck,-8.314966201782228,4.750139573435806,5.079279250088836,3.864927921771369
3.196,for,-13.246871948242188,6.354135202180007,6.627234272035135,5.243906279998071
3.197,the,-11.645663261413574,5.573528345266026,5.400301470628722,5.342193018755334
3.198,girl !,-21.340661644935608,9.780011852200758,10.637165209708009,17.519549259848610
3.199,This,-4.479230880737305,6.651710392675916,6.920884393844178,3.257444186784426
3.200,day,-7.526334762573242,8.739371138862895,8.723978160944634,4.239485453625935
3.201,was,-1.809967994689941,5.014721426723233,5.160684496471712,5.238303618499415
3.202,even,-4.419945716857910,5.431654607639792,5.289848054107702,7.423830839714055
3.203,worse,-2.431599140167236,4.439536061193093,4.649209218825644,8.371145741921536
3.204,than,-0.020615238696337,5.174655813980759,5.145320735575125,10.173164479528113
3.205,the,-0.703837156295776,4.239485837641923,4.366014914873578,13.019892279936821
3.206,others .,-5.339456466026604,14.598916562436997,14.254692146580350,19.439476955666777
3.207,No,-6.487173557281494,6.445278071772366,6.803085200405451,3.316023367426722
3.208,Good,-11.809501647949221,3.667431896076392,4.870184136852111,3.099522060611324
3.209,Samaritan,-7.521402150392532,12.068152852855622,16.417454377974625,4.066545200886521
3.210,had,-10.505905151367188,5.039652836230641,6.179862969337026,5.010563933090214
3.211,given,-16.518225312232971,11.488970061255868,12.567006442808839,6.042131913554801
3.212,her,-11.272571563720705,4.858690712747818,6.019957308317528,7.000737370281434
3.213,even,-12.502370834350586,4.897200661192946,5.944838457212826,8.003146358069904
3.214,a,-2.448555469512939,5.416534233982519,5.789975341875353,11.332199011660741
3.215,penny .,-19.781249523162842,13.250960465334668,14.240520046566049,26.111894419487371
3.216,And,-4.475941181182861,6.911740063447175,6.874930150348805,2.054780871927588
3.217,she,-4.969248294830322,6.165598781847335,6.739474595424428,4.060995129430781
3.218,had,-4.513093471527100,4.700680226272175,5.029720258605717,6.115375743493041
3.219,no,-2.174326419830322,5.956256635171738,6.239602409770366,8.801624957258719
3.220,luck,-4.577603816986084,4.135915295148820,4.652950587718901,9.599713978708127
3.221,selling,-3.732801914215088,4.726538044271304,4.868910723116030,11.722419115167575
3.222,any,-4.593987464904785,5.038773077281409,5.103864787858863,14.083494827978704
3.223,matches,-9.964900748309445,7.257066168209215,8.070624291791303,14.738004454788433
3.224,that,-0.002132167574018,4.610702919873800,4.391150699881051,17.567268649592663
3.225,she,-0.649409770965576,4.896567162910673,5.407011322150979,20.840387031446344
3.226,carried,-7.749147310853004,6.854276835156847,7.229595461116924,22.894218465617190
3.227,in,-1.980078816413880,2.957300455840460,3.199628096142797,24.864594517824955
3.228,the,-1.433895587921143,3.765144967730268,3.841683133869833,27.007250861083264
3.229,old,-6.545920848846436,8.981312662961741,9.343995719650641,28.097095894977063
3.230,apron,-14.457881629467010,11.574835822402511,14.302777116737314,29.404945091013808
3.231,her,-13.108502388000488,4.028119316599692,4.957554478466863,30.465203589134649
3.232,grandmother,-13.268469333648682,6.939877425169421,7.447561278358543,31.529939836169422
3.233,had,-11.555823326110840,3.185456968679663,3.377091915236222,33.999344007887267
3.234,given,-14.089836120605467,6.927250166046702,6.971079080180314,34.999807875966788
3.235,her .,-22.617960214614868,10.554679689508790,11.691791816179929,65.504691020483506
3.236,Poor,-10.783176422119141,5.683500005111135,5.932720928706307,3.349514237157586
3.237,little,-6.649255752563477,5.462720608064835,5.756570338194178,4.332158557038715
3.238,"child ,",-10.016026258468628,10.332357368974858,11.423073678716914,10.031935433789068
3.239,she,-1.978791356086731,5.150092536324489,5.486116845590661,7.245337494499228
3.240,looked,-7.844597578048706,8.786025399928512,9.792367283605641,8.509102395814411
3.241,the,-1.563766717910767,4.961508121612831,5.248703718909804,10.457094532108547
3.242,picture,-7.658239841461183,3.864113467293585,4.708513864106000,11.693899233585627
3.243,of,-0.156324401497841,3.868325759498483,4.293409610462559,13.297197446724240
3.244,misery .,-24.028690353035927,17.170597624105977,18.223282258164588,31.728968731129278
3.245,On,-3.203532218933105,5.557891316803792,5.130556010674794,3.065984493450226
3.246,her,-7.331604003906250,5.932466629804238,5.589680123620878,5.410586829518667
3.247,"long ,",-8.816212654113770,10.761963413626184,10.910688955450969,13.758814120696204
3.248,fair,-7.054290771484375,5.688373305185195,6.248882731804223,8.445301470721729
3.249,"hair ,",-9.401700243353844,9.178709218077973,9.409138602859038,13.175458862603106
3.250,which,-0.015684342011809,5.387780986150186,5.367169326755513,9.969879328448284
3.251,hung,-8.835957527160645,4.210693951343556,4.304547594516039,13.047829377926204
3.252,in,-1.568616747856140,3.738360320767217,3.973433098992609,15.064036571577807
3.253,curls,-14.484393954277039,7.824893376305901,8.857118931260807,17.363232022328752
3.254,on,-12.116942405700685,5.251956409213312,6.029886867007124,18.475068630529648
3.255,her,-11.177653312683104,4.697662442719420,5.133300627390903,18.568138531374238
3.256,"shoulders ,",-17.325202226638794,11.679247260957684,13.659957183099539,44.461190954038329
3.257,the,-7.850258350372314,3.763975872305367,4.263623863727407,23.857680918798771
3.258,snowflakes,-34.897548988461487,10.348000849899572,11.757493793753671,21.999999812542690
3.259,kept,-17.854657173156738,9.614818021638117,10.009129382465467,6.360468776336988
3.260,"landing ,",-19.846358299255371,10.126069830520036,10.639951479465648,15.036050118569772
3.261,but,-6.877412796020508,4.151361148460571,4.358398076146621,9.011371120532184
3.262,she,-11.821652412414551,5.027047685090926,5.494533521918726,8.108761221261856
3.263,did,-9.284530639648438,4.939912522298137,4.989220433171901,8.608775618650466
3.264,not,-12.468742370605467,5.263659847188377,5.155692029033528,11.532965523327530
3.265,notice,-11.955970764160154,4.020477743809699,3.812066465422310,11.966082073585904
3.266,them,-6.675526618957520,5.209105754958503,5.273966033664010,12.018123542777399
3.267,as,-10.056975364685060,5.315374717391520,6.223918395988731,13.933647714935839
3.268,she,-12.422826766967773,4.395071627075312,4.940930830786739,15.131612644785562
3.269,shivered,-14.335489436984062,17.561680751517642,18.037166008073005,17.060078157313821
3.270,along .,-26.695851325988770,15.458439620001275,16.970303966929144,40.200345284927550
3.271,She,-5.400978565216064,6.451306593754196,7.294753750596218,3.125623710821180
3.272,was,-3.232906103134156,5.101159601089268,5.150037521609952,5.273036820121158
3.273,losing,-9.016959428787233,8.995528440768489,9.039851338378368,7.257632892928072
3.274,strength,-8.012267112731934,4.647254172546844,4.980796947188743,9.256107007782768
3.275,and,-2.074041843414306,5.321924923951026,5.487633287484535,8.106017042466135
3.276,beginning,-8.557135581970215,4.106603925662578,4.477060278866496,9.537770330080985
3.277,to,-0.108170568943024,4.292275513925778,4.580233259086921,11.243729520274258
3.278,doubt,-8.457456588745117,4.724773451436938,4.832074827317063,15.629770038537574
3.279,she,-1.054139614105225,4.819604440236189,5.269776768670420,18.904469695285908
3.280,could,-1.734507799148560,4.053386389224524,4.251367449962603,21.678742819066887
3.281,weather,-8.214124679565430,3.997913213583847,4.613485844057458,24.343779306840268
3.282,this,-4.115652084350587,4.782588533223619,5.263021986792229,26.571471066444701
3.283,storm .,-2.323198063473683,11.765715528978951,12.319576843343775,33.323271181450743
3.284,It,-3.482963085174561,6.101511125184504,7.065723445463052,3.253049561235394
3.285,was,-2.214092731475830,4.795007407495021,5.060866881278936,5.162978479409592
3.286,New,-8.065324783325195,5.470074839108960,5.858665041817241,7.916918870737722
3.287,"Year 's ,",-17.575663704454200,20.259570332976558,20.751133892923846,29.792190520509394
3.288,and,-6.660894393920898,4.466719650240825,4.446823727043804,8.010204805083678
3.289,the,-13.002519607543945,4.351010161896332,4.610178579974018,9.142990551865742
3.290,girl,-10.289909362792967,4.599569161066650,5.252698138047093,11.626071764902914
3.291,asked,-19.268733501434330,9.663211559364372,10.004963437278183,9.178523936229428
3.292,herself,-19.150230884551998,10.708889877756985,11.509640512588472,9.064637363489748
3.293,"why ,",-25.113134384155273,9.877849948833967,10.070172064858607,25.772021528231093
3.294,as,-12.135591506958008,4.681059465076373,5.055857035176612,17.080824518941373
3.295,lights,-16.129384994506836,4.629372050479112,5.072670913272995,18.997248036378501
3.296,shone,-17.063352108001713,13.103840761279482,13.308881548083365,21.398207246017044
3.297,from,-10.176906585693359,3.623970819290555,3.774497043991160,24.033891297982798
3.298,every,-12.151546478271484,5.282569412012665,5.423197427075960,25.145535458813672
3.299,"window ,",-26.544722557067871,9.141601111907940,9.773177581941397,54.001511764069150
3.300,and,-5.139898777008057,4.604518399042933,5.197083476904639,29.000014127213756
3.301,the,-8.532768249511719,4.749353734460410,4.828623150106868,20.000063365713142
3.302,savory,-20.918235778808594,7.983073910277670,8.008741751179327,29.107090665574301
3.303,smell,-10.802465438842773,4.192316133747148,4.355093913888863,28.391110099839910
3.304,of,-8.557575225830076,4.994156114176977,5.154575253471275,23.999319194498767
3.305,roast,-12.916782304644586,16.407610978212794,17.953444102519029,25.000183439069705
3.306,goose,-11.615480422973633,8.997056431242346,9.401815834208382,25.731868426332749
3.307,crept,-18.862394720315933,9.822370205826164,10.329884732799886,23.030062620339432
3.308,out,-9.460256576538086,4.915780262257793,4.888202363441106,24.000055832495608
3.309,on,-9.049627304077148,5.053407316168365,5.015305360969165,25.000004116873196
3.310,the,-6.230065822601317,5.761061597513808,5.637972475612218,30.972851473075853
3.311,"streets ,",-17.653329849243164,10.192107440827826,10.800496823993338,63.149752115610241
3.312,she,-13.726649284362793,4.247253154532515,5.443226783546258,32.338643806206363
3.313,was,-12.346263885498047,4.755123675315628,4.796179623324097,28.003573405971114
3.314,outside,-6.863629341125487,4.850542946372856,4.828837481075584,30.001875486482149
3.315,all,-8.239864349365233,5.496272482124628,5.410811245847897,32.002489935212907
3.316,alone .,-16.897015333175659,14.740614560989339,14.500441501403309,63.531092783413527
3.317,"Exhausted ,",-19.128677189350128,22.246801597922978,23.815128509098695,8.334605985894557
3.318,she,-10.946001052856444,5.077660800495678,5.813288074791317,5.420570963644242
3.319,finally,-19.797372817993164,9.925338974489014,9.809815462927499,6.883033992021657
3.320,sat,-15.800727367401125,15.289274280617814,14.720355520577364,6.034334834554174
3.321,down,-5.722126960754395,5.454208708873612,5.916338235167853,7.487316068296286
3.322,in,-8.460959434509277,5.425595882430604,5.796333925791421,9.015598041451991
3.323,a,-5.129254817962647,4.874163128106157,5.125617951512576,12.049986802554310
3.324,corner,-16.012567520141598,4.294410668813557,4.856540161735892,14.000925150153167
3.325,behind,-12.477516174316404,5.766305961752630,6.379167347252183,16.238526443825368
3.326,the,-6.182266235351562,5.499649840890858,5.507911896545829,17.432518698240582
3.327,little,-16.321226119995114,5.288301264112174,5.625561868103393,17.550165662742483
3.328,bakery .,-24.077195763587952,14.202330762153927,15.875455157713855,42.620963655444896
3.329,She,-5.400978565216064,6.451306593754196,7.294753750596218,3.125623710821180
3.330,put,-7.455324172973633,4.103520067265704,4.450219788004037,5.461027985765628
3.331,a,-3.105418443679810,5.212792341276630,5.429411041196940,7.780874184257496
3.332,rag,-10.037552833557127,9.213685466143930,10.268096966322480,8.773304040089391
3.333,she,-13.040633201599119,3.821731244091322,4.621531089128308,9.865122343556171
3.334,had,-13.964257240295410,5.096430209337658,5.912715718366305,12.935824724068976
3.335,found,-5.596685409545898,3.698193358837569,3.747363999517405,14.896809139820199
3.336,over,-6.651298046112061,5.359152372457945,6.108839256428678,16.637800015038426
3.337,her,-12.452792167663574,4.757770744363931,5.051846484780849,14.452360619535179
3.338,legs,-8.820038795471191,4.202075531882334,4.606175502316947,20.501554864417610
3.339,to,-11.908768653869627,4.295545781122492,5.000793652424118,21.367694423384322
3.340,cover,-14.020872116088867,3.919600972519274,4.760639508030278,13.610141453040431
3.341,"herself ,",-21.468401670455933,13.164590670419958,13.949507888588181,33.726731715620787
3.342,but,-4.688383579254150,4.054975787677453,4.375739303891163,17.634057293837721
3.343,she,-17.065950393676758,4.333036695404297,4.989050196603724,14.293259086032863
3.344,could,-12.287508010864258,4.690575984196460,5.115093307053504,13.855785773659914
3.345,not,-6.868902206420898,5.494862789004913,5.220401168906715,15.734221067908866
3.346,keep,-12.623069763183596,3.595553223485940,3.536856605455108,16.877949918322052
3.347,off,-10.207460403442383,5.495119139940286,5.544022748664332,18.903207359283652
3.348,the,-12.822288513183596,5.162196245605092,5.245132035025378,19.550294672518557
3.349,cold .,-23.155837059020996,13.727858026893957,14.698198182518199,43.701124132118409
3.350,The,-1.648221969604492,6.746959719648657,6.992360907198334,3.456291647660295
3.351,"girl ,",-10.006471514701843,9.588998593146684,10.320603026736642,9.567263556130001
3.352,who,-0.077167689800262,6.185914623082257,5.522047239167775,8.110114294556086
3.353,the,-2.459812164306641,4.111459733480166,4.048079852498188,11.121415258594608
3.354,night,-6.935728073120117,4.675965629192176,5.220586877035677,12.353633131079311
3.355,air,-14.023159980773926,4.581189691460388,5.011398990612946,13.052954774736547
3.356,had,-2.742482662200928,4.298571057900546,4.226698447657174,13.138253897719505
3.357,completely,-4.989935040466207,7.696205436669909,7.929177459464798,16.092147906516050
3.358,"enveloped ,",-15.300026533863274,18.327489593207360,18.125211062421293,35.212062949960192
3.359,dared,-13.130271911621096,4.673313571216051,5.181818724256106,19.082723917693478
3.360,not,-15.890244483947756,5.071616099105582,5.184118402813316,20.075882622817872
3.361,go,-8.972631454467773,4.954448175814314,5.355334995768764,22.715746543056845
3.362,"home ,",-15.141734123229980,9.750067127700834,9.934923328997050,30.218515251077864
3.363,for,-8.635616302490233,5.080941738903880,6.099979941802897,9.199870805077325
3.364,she,-10.519242286682127,5.185884439469171,5.700008262283997,10.012391876366108
3.365,had,-13.316184997558596,5.026059238891858,5.223551555553477,11.919111634202258
3.366,sold,-14.724498748779295,4.945186121896691,5.061201685175826,13.001701318742134
3.367,no,-7.864753246307372,5.954615789885052,6.043234377217763,16.193141381863857
3.368,matches .,-26.696809291839600,16.905349637967259,17.651873745949811,37.124555813192288
3.369,Her,-7.716195106506348,6.281396414761494,6.797519982229900,3.522364780481396
3.370,father,-3.754206657409668,4.839177068570531,5.643263731687268,4.657153153781911
3.371,had,-3.293961048126221,4.927251798562499,5.475077516731853,5.395571597042390
3.372,been,-1.189211964607239,4.835691212258986,5.023548560148690,7.376941128540238
3.373,mean,-11.732874870300293,5.755804098915785,6.502582033396583,9.026114021330512
3.374,and,-3.486709117889404,5.555205826201277,5.867351999363406,10.047413124849953
3.375,moody,-11.856539845466616,9.915694813851527,10.281037906647901,11.042184010120316
3.376,ever,-9.757068634033203,10.640426438489078,11.163059089346211,12.465685588198216
3.377,since,-5.088599681854248,5.207070397290051,5.871097756952477,14.450135009260952
3.378,his,-16.295164108276367,6.002473182689822,6.050633662585557,12.004027662008175
3.379,wife,-9.570398330688477,4.126634520859117,4.951543874587699,14.321395487754305
3.380,had,-11.504316329956055,4.512031575724881,5.424250654434382,15.339616728433047
3.381,gone,-9.421159744262695,4.675438870347942,5.112311611465914,16.391001174588482
3.382,to,-0.925189912319183,4.997121080243311,5.332706501441182,19.142150582180840
3.383,meet,-12.326214790344238,3.411768671997510,3.979159662948388,22.024512551299988
3.384,her,-6.537207126617433,4.468091899934796,4.835483277719446,23.018045635515215
3.385,Maker .,-26.716178417205811,15.406697424847438,16.390562178252488,32.123825278283164
3.386,He,-3.132118225097656,6.172610445780090,6.970292006513135,3.087320030454809
3.387,would,-4.389558315277100,6.104529582598494,6.263531937862084,5.184813705064215
3.388,certainly,-3.957676171925414,7.917652404113745,8.056438359945004,7.150829655425841
3.389,beat,-9.300758361816406,3.488182099806146,4.210028114968596,9.248923500004498
3.390,"her ,",-9.399688720703125,9.647179106994059,9.856953491017929,19.936554444921814
3.391,as,-2.065054178237915,5.723536833001447,5.642326826032617,14.067279248943102
3.392,he,-2.178037405014038,4.748083651884237,4.795308978109533,17.087753839844215
3.393,has,-2.060016870498657,4.201257997915683,4.206487146066873,19.079417611652865
3.394,done,-1.417920589447022,4.896301921713891,5.037759950943253,21.104575587871921
3.395,several,-5.625103473663330,4.354853217224782,4.030543200030334,23.418658872534646
3.396,times,-0.052132718265057,4.848497678205880,4.819165271078647,24.279214283229681
3.397,in,-0.625063300132751,3.833063097904796,4.090526261226874,25.141177295478002
3.398,the,-0.754677057266235,3.391644440553448,3.398541856511990,27.223202582321171
3.399,weeks,-9.671624183654783,3.515711161682233,4.245238773705896,28.934912870301076
3.400,"past ,",-2.459362149238586,8.875117882552367,9.000701483899018,46.374551190715394
3.401,because,-1.357574343664055,10.629938380141510,10.934484765950598,17.003198266023333
3.402,she,-0.785594761371613,5.577197483339727,5.833680771607662,20.034918092474239
3.403,had,-2.397439718246460,4.172144114287149,4.028374253250261,22.052399526522851
3.404,not,-4.157419204711913,4.792018262109590,4.768811778128597,23.040515615100013
3.405,earned,-6.304262161254883,3.991006283359670,4.356089417282752,25.048930158327408
3.406,any,-3.675127983093262,4.874735932524073,4.909101196099142,27.428993101871022
3.407,money,-1.746307611465454,3.921290363931968,4.631359830473125,28.140253102302214
3.408,today .,-4.568811359073152,12.978864116948692,12.473386013847888,35.027946510573059
3.409,"Besides ,",-6.390740067115985,16.755275489322003,15.001524981492922,7.656405012629486
3.410,it,-2.978427410125732,6.053353309288749,6.150849622980068,6.893621466785516
3.411,was,-2.639671564102173,5.231047200769413,4.949023644942612,8.319326774110044
3.412,almost,-4.056390285491943,4.806516543693216,4.760204474461227,10.201482962574026
3.413,as,-3.018521070480347,5.924488290746925,6.049732451748028,11.769217066887961
3.414,cold,-6.003220558166504,4.409860202679593,5.393177800011430,12.838912576192515
3.415,at,-2.414170742034912,4.352009082496170,4.766537951956106,12.278313148366951
3.416,home,-5.616062641143799,4.997949439783435,5.565772387503672,14.450434431770251
3.417,as,-0.206270843744278,5.431110546996137,5.421942403759274,14.387915135769010
3.418,"outside ,",-18.928047180175781,10.077658827607419,10.050497530406680,34.152163298481312
3.419,for,-3.137294769287109,4.192271201013980,4.315071818480074,18.760581312660857
3.420,they,-4.762022018432617,4.581379569050590,4.945467071509904,20.653329415609019
3.421,had,-3.902792453765869,4.390637955630399,4.372683184488281,22.604397428466147
3.422,only,-5.341472625732422,4.471430803411296,4.424180582176382,26.421385009477309
3.423,a,-0.739283263683319,4.423984140657987,4.514889008765462,27.573336009842411
3.424,patchy,-14.382172107696533,12.936474003138899,13.507295430768163,28.367578651393870
3.425,roof,-6.847276240587234,12.386878818998124,13.355986906949394,29.245121361018487
3.426,to,-11.545326232910154,4.823879231040567,5.087468361153823,20.462799415258878
3.427,cover,-17.785854339599609,4.226691815343413,4.440813453654675,24.630170955604182
3.428,them .,-18.475821495056152,13.115286369899035,14.182183740736008,53.987669348446808
3.429,The,-1.648221969604492,6.746959719648657,6.992360907198334,3.456291647660295
3.430,girl 's,-11.100435474501865,16.100001088445261,16.509900653012892,10.818920599301435
3.431,little,-14.526998519897461,5.140901941800551,5.452145678674492,6.902793298890223
3.432,hands,-6.818940162658691,5.651510058620041,5.887968907906433,6.815338945651424
3.433,were,-13.124670982360840,4.886118246763090,4.671715810084903,5.023745088853552
3.434,almost,-11.224957466125488,5.932763225174972,6.143245473772278,5.195053543303000
3.435,frozen,-11.710236549377440,4.809552486041667,4.664870689700104,7.338068714501809
3.436,solid,-11.339140892028807,4.878651603948192,5.093387496514692,8.335644045326164
3.437,so,-4.390235424041748,5.475743857652403,5.939293042992944,9.016010660816161
3.438,she,-16.459808349609375,4.912655972020746,5.249034557999034,11.422814130461438
3.439,decided,-14.545555114746096,5.716903171317588,5.857197010028393,12.097033689889024
3.440,that,-12.118032455444336,5.425576337271965,5.525324963712801,14.077198063390341
3.441,a,-9.372866630554199,4.269101972625800,4.385352748738410,16.027171585870178
3.442,burning,-13.218966484069824,9.276912183624304,8.938662263490324,19.061337515584885
3.443,match,-9.800204277038574,4.429988046595768,5.213946461463947,20.001573975898570
3.444,might,-11.082814216613770,3.982778667007352,4.133815192789577,21.001842794103172
3.445,be,-4.217817306518556,3.918051059193939,4.114420867007293,21.013769830878264
3.446,of,-10.841564178466797,4.750879285474127,5.973399692656634,23.003482607484852
3.447,some,-10.527271270751953,4.783225803872990,5.199694053233043,27.680243227638211
3.448,good .,-15.616264700889587,12.587728754159755,13.157539790785258,55.197557270047781
3.449,`` Scratch ! '',-42.596109637677728,61.585446617778153,61.851674432509043,20.174492149531218
3.450,sounded,-11.869679808616636,11.924877403711855,12.066982118353975,3.815964911829167
3.451,the,-1.625585317611694,5.191264809054821,5.401927305453304,6.333941761138416
3.452,match,-8.080433845520020,4.491955585660398,5.435438900896140,5.739282026519453
3.453,as,-0.892971038818359,5.207392883817134,4.879950061418817,6.136612989795773
3.454,she,-4.158953666687012,5.471731022772254,6.211753719033140,9.175915822243136
3.455,drew,-6.261921167373657,7.152262283175758,6.967264339013307,11.235439634472707
3.456,it,-5.122367858886719,4.858629317872548,5.162486085977345,13.302428148978461
3.457,out .,-2.310082420706749,15.067014844646064,16.022947026485483,22.225736761020737
3.458,How,-0.855351388454437,5.703576787223978,5.933283225642892,3.210304376167670
3.459,it,-2.804087162017822,6.095590987126223,6.110122285004756,6.960145459059866
3.460,sputtered,-14.730813264846802,7.438309302526811,7.227365551537672,8.925443535977401
3.461,as,-11.899405479431152,5.589849312902082,5.775449510043446,9.844008877417457
3.462,it,-10.723770141601562,4.204621788196929,4.689197452038329,10.768048701908212
3.463,burnt !,-31.818213343620293,22.585159975574676,23.685583747666008,26.894201003633960
3.464,It,-3.482963085174561,6.101511125184504,7.065723445463052,3.253049561235394
3.465,gave,-6.734701633453369,4.457272872592934,4.705317884895496,5.190287508673591
3.466,a,-3.806551456451416,5.364176299947617,5.309568567019944,7.583703708603947
3.467,"warm ,",-8.514509439468384,10.393955122639145,11.207338737871565,17.880607896606740
3.468,candle-like,-14.555008463561535,25.444800060182409,28.393471748053489,10.622238363634141
3.469,bright,-10.737606048583984,5.266309726479283,5.989671954664633,11.701118579400086
3.470,light,-3.076156139373780,5.582943441889204,5.995895555416370,12.623586835950658
3.471,that,-14.636469841003418,5.834186534191878,6.596921262469001,13.496395286883425
3.472,the,-9.364939689636230,5.003970085146489,5.702118188335002,14.219314966101415
3.473,girl,-12.554421424865724,4.993056343942581,5.476512113769868,15.249036587959536
3.474,hid,-21.476171493530273,4.460073285951093,5.147938569142410,9.000729841641789
3.475,from,-13.070737838745115,4.551432569007262,4.591718343002340,13.967242305009144
3.476,the,-7.724508762359619,4.687586564127184,4.455015807050977,14.930510140798265
3.477,world,-11.761642456054688,4.661234507558873,4.967488835730398,14.186258094330784
3.478,as,-11.780912399291992,5.330757862575642,5.961500998745088,15.310888850251212
3.479,she,-14.185627937316895,4.639129722638910,5.152869563743693,16.355997494800214
3.480,held,-14.194828987121582,5.385759445689088,5.671159945740412,20.983133574165979
3.481,her,-5.257396221160889,4.974409486427732,5.628224671280097,21.989134008535643
3.482,hand,-13.638111114501953,4.441380370611836,5.063366101694550,19.002578867520686
3.483,over,-13.538432121276855,4.893915160057286,5.676094185857921,21.392905880768211
3.484,it .,-18.936836481094360,13.691969027275626,14.609892365556064,50.114179594571837
3.485,Why,-0.912594735622406,5.332345663864712,6.313966247403541,2.926746544570725
3.486,had,-6.406535148620605,4.105027041169004,4.444781386600359,4.990540341160677
3.487,no,-6.417922019958496,5.046897048668908,5.318985200555075,7.296391691796902
3.488,one,-1.207179665565491,5.117552736701787,5.512029458882483,8.216776571848335
3.489,wanted,-3.989166492363438,6.594969433354240,7.556191101499271,9.013214337153130
3.490,to,-0.006172758992761,4.406518484472634,4.658534696734011,12.013157805502939
3.491,buy,-3.286152124404907,3.486977698517570,3.985395945978070,14.038626083060901
3.492,even,-7.138900279998778,4.525760770145117,4.784032154306566,16.027948773083381
3.493,one,-3.265784025192261,5.068364763389156,5.505658521033816,17.778716942726764
3.494,match ?,-11.964093241491355,12.581228636364896,14.969257802898461,24.625889972189569
3.495,A,-3.861002445220947,6.184483090000588,6.580385323331305,3.638898389652430
3.496,wonderful,-10.616723060607910,5.108046323046606,5.690553711133592,4.519827160782942
3.497,"light ,",-8.913740158081055,9.842248499267399,10.712541689215657,9.688536138441595
3.498,it,-2.225480318069458,5.310914862750193,5.660774381691342,6.755022138024592
3.499,was,-3.860795736312866,5.090243866563215,5.115055981631012,8.243263125970616
3.500,really .,-5.351500663949991,18.658401838679026,18.186621529031484,19.271298643356733
3.501,It,-3.482963085174561,6.101511125184504,7.065723445463052,3.253049561235394
3.502,seemed,-7.041320689022541,9.584690333181481,9.903206397994657,5.184459202538979
3.503,to,-0.005516425240785,4.478284208765204,4.730017447677209,7.596370239323094
3.504,the,-4.852900981903076,5.023245311014358,5.114201552680624,9.262740058730373
3.505,girl,-9.626134872436523,4.055670395760576,5.163138388566585,10.637145108811726
3.506,that,-0.216912418603897,4.865000021197554,5.112703356852527,9.054628136118783
3.507,she,-1.814752936363220,4.868330004089568,5.482194643688731,12.102411611597070
3.508,was,-1.283821344375610,4.331083124194770,4.726294147530728,14.112988707101257
3.509,sitting,-6.276609897613525,5.103098365346113,5.487406264256097,16.199104052438614
3.510,by,-4.555502414703369,3.875942505616218,4.747985486998311,18.089632946780309
3.511,a,-3.263276100158691,4.459881813930381,4.519692627416910,20.636030221419112
3.512,large,-4.999358654022217,4.085672242033727,4.173120357559175,21.709172025799905
3.513,iron,-7.780192375183105,5.114124878882842,5.767076200425437,22.408561819560028
3.514,"stove ,",-18.297231674194336,8.927700138147655,9.661699243424744,47.736703580547399
3.515,with,-9.993267059326172,4.427872776662491,5.476719129324641,25.980543221216838
3.516,polished,-17.726187981665138,12.905350720105192,13.180112424451965,20.003713273832343
3.517,brass,-11.218780517578123,5.321588663507322,5.772702811676633,21.008592454229635
3.518,feet,-8.158795356750487,5.365545645997743,5.611412063803939,22.014828196319879
3.519,and,-7.957449913024902,5.107044120342524,5.831503177429068,25.105728719456533
3.520,a,-6.099138736724854,4.281597801402185,5.125592517919538,26.122178005742153
3.521,brass,-11.172875404357910,4.352547501981773,5.242138094116410,27.129498621242409
3.522,ornament .,-30.394045352935791,13.139387093107430,14.258978549836314,52.898039175251000
3.523,How,-0.855351388454437,5.703576787223978,5.933283225642892,3.210304376167670
3.524,the,-1.652642130851746,5.617005085295756,5.474585701693951,7.047089218327710
3.525,fire,-8.190270185470581,9.754466519939356,10.358284631035168,7.989320002869543
3.526,burned !,-11.265932843089102,12.935027348621052,12.210212020693829,15.033680760312926
3.527,The,-1.648221969604492,6.746959719648657,6.992360907198334,3.456291647660295
3.528,girl,-9.433032035827637,5.028666377087278,5.874650503072737,4.580741267790542
3.529,was,-2.330717563629150,5.117367930336852,5.122123168289991,5.320526362324624
3.530,pleased,-5.983015176789196,9.843477321940986,9.992947791981422,7.166308300749787
3.531,and,-4.927016258239746,4.794606069307985,4.546182331585709,7.661025474188856
3.532,the,-1.981828212738037,5.715776158534252,4.772029087857478,7.206531292053581
3.533,fire,-8.148028850555420,9.002652058456341,8.971791338752126,8.138809271175221
3.534,actually,-4.855778932571383,8.120384512877809,8.687271615226607,9.052631640594326
3.535,seemed,-5.896370644397392,8.632314015774282,8.130328239011723,11.009843251029713
3.536,so,-4.370260238647462,4.915708042196198,4.746319625563920,13.486025135323302
3.537,warm,-6.403221130371094,4.295687018965300,5.103309483642708,14.718684942554278
3.538,that,-0.116335369646549,5.479346210704012,5.248214256154706,15.999133363282334
3.539,the,-2.282621383666992,5.497517706215378,5.159580228849938,19.182926008860971
3.540,child,-5.138959407806396,5.278005371901785,5.786688377102023,20.127662810980450
3.541,stretched,-9.882396697998047,4.146033571353525,4.460360091126711,21.131356421471466
3.542,out,-0.397115916013718,5.006172899956169,5.235306494932969,23.120330215111647
3.543,her,-1.251056551933289,5.718803669838010,5.756379734563120,25.194844461065298
3.544,feet,-5.622909069061278,4.032147436033719,4.764212820756635,26.179344833960677
3.545,as,-4.405592441558838,5.258228502476650,5.179876853362753,27.045612164678406
3.546,if,-2.504172325134277,4.072630489899722,4.290457248682444,28.026618496678172
3.547,to,-1.170834064483643,5.067903616162946,5.352701615332483,31.049435803344927
3.548,warm,-7.635674476623535,3.051795745449675,3.316778551598601,33.142132044159162
3.549,"them ,",-5.296865522861481,8.827784258654036,9.029231136762061,62.063842495183081
3.550,when,-0.040486473590136,5.338231933149759,5.569902404333685,32.758837033905699
3.551,suddenly,-1.614762568467995,6.526288047230017,6.886405842324453,36.758072931398978
3.552,the,-1.761518478393555,5.718116882133153,5.625959034719528,38.452417064882852
3.553,flame,-5.838660150766372,12.166914125717364,13.239619795888116,39.536947842508489
3.554,of,-12.522593498229980,4.673581701212838,5.114601530027391,40.347128019838856
3.555,the,-11.143191337585449,4.736632953173928,4.934389825470150,42.294182174834006
3.556,match,-11.504118919372560,4.495129648289206,5.297767534108964,44.387463802711522
3.557,went,-13.530925035476685,7.282187184877277,8.242494128069058,45.457412714625463
3.558,out .,-19.641503334045414,14.559067283160594,15.793719386471377,85.418077592970263
3.559,It,-3.482963085174561,6.101511125184504,7.065723445463052,3.253049561235394
3.560,was,-2.214092731475830,4.795007407495021,5.060866881278936,5.162978479409592
3.561,a,-1.819428443908692,5.686133911677501,5.610169608531665,7.771632961921242
3.562,"short ,",-8.306263446807861,10.065701316316421,10.699231917314528,18.738767589848838
3.563,stubby,-12.968629375100136,10.587619506501095,10.947855356291210,11.190946266782699
3.564,match,-6.315585136413574,4.491127841823928,5.171502177610464,12.001452757473695
3.565,that,-13.937178611755373,5.194822061376537,5.301427301261152,13.000110711189807
3.566,the,-12.505714416503904,4.584925324378936,4.127651236196908,11.909746586247197
3.567,little,-7.670977592468263,4.427348798715652,3.972880554152287,14.138620194521902
3.568,girl,-3.340197801589966,3.601230759029155,3.864779364549853,14.765917815690086
3.569,next,-14.041733741760256,4.053833346509472,4.609274237302774,15.919768723338525
3.570,rubbed,-17.548676729202271,8.314070381205633,8.908470921889851,16.999779324554037
3.571,on,-10.580766677856444,4.771016059924187,4.796462875372105,17.569482741752381
3.572,the,-7.719075679779053,5.401446795145211,5.323883005542992,18.102019862754933
3.573,wall .,-23.376203536987305,13.517150754693368,15.149124434137324,44.052975631193078
3.574,It,-3.482963085174561,6.101511125184504,7.065723445463052,3.253049561235394
3.575,burst,-11.458895683288574,5.117645858654507,5.084057562564778,5.159201147321695
3.576,into,-0.411668002605438,3.472253126140564,3.809867137152018,7.174943857768148
3.577,a,-1.195743083953857,4.444401137972879,4.425668353921805,9.534536962967024
3.578,"flame ,",-14.923118174076080,20.208050107744128,21.295339201517482,21.691041075181822
3.579,and,-6.584374427795410,4.398676239274153,4.829695816155148,12.260077437676607
3.580,lo,-18.351825237274173,9.860826879859284,10.700176192660035,13.417776591765563
3.581,and,-11.069255828857422,5.261357351679924,5.797841022753987,9.999999989518386
3.582,"behold ,",-23.728945732116699,11.933094056839284,12.283019840153294,23.000048320548458
3.583,the,-5.129282951354980,5.285433272042050,5.856767193815045,13.000037168644711
3.584,girl,-17.430902481079098,5.026245588726939,5.483216280359971,13.999999996303830
3.585,was,-11.141913414001463,4.956489737681434,5.369326039999828,11.094754032978752
3.586,transported,-16.113125085830688,10.464462916244775,10.591883009712095,12.058898299117985
3.587,from,-10.958064079284668,4.953506268400799,5.016125837051863,13.082977436878959
3.588,her,-10.607800483703613,5.105185433571581,5.834258585284291,14.925530632088915
3.589,dank,-15.804304361343384,18.663147626981786,20.321609983009989,13.183456457002876
3.590,city,-12.294144630432127,5.557897900648579,6.105009891769830,13.607770399362488
3.591,to,-1.960139751434326,4.293608879350082,5.108288733362720,15.494418547235695
3.592,a,-2.527194261550904,4.607085492240184,4.631685994592716,17.812989403582385
3.593,"beautiful ,",-9.941031455993652,9.849420364284661,9.993794416029127,45.759976164572237
3.594,sunny,-6.508775711059570,4.819738969588087,4.927996926095547,24.324841272361780
3.595,forest .,-24.710322380065918,13.575711143768640,15.041885488580148,46.250519279090476
3.596,She,-5.400978565216064,6.451306593754196,7.294753750596218,3.125623710821180
3.597,heard,-8.913197755813600,8.680637749541281,8.344549268936436,5.430221437075776
3.598,the,-2.166395664215088,5.595072555019379,5.744078634874348,8.019915656161713
3.599,birds,-9.785205602645872,8.719552943409861,8.889960271412296,9.173817747631533
3.600,chirping,-10.335918113589287,16.800570373780392,17.596070306335236,10.603343885110203
3.601,and,-3.742172479629517,5.850059213390082,6.149957523308075,11.496757130862944
3.602,she,-10.838700294494627,4.932059687212078,5.881436233672209,12.511076772481251
3.603,was,-13.668582916259766,5.185644386731528,5.681753045840732,13.508140320795359
3.604,surrounded,-19.452524662017826,12.032845819986074,11.713467505273435,6.019956561185466
3.605,by,-9.031140327453613,5.778384079898666,6.310452774197286,8.468644307967196
3.606,wildflowers,-22.191304206848145,13.086450225589802,13.167366499773767,10.007461861265151
3.607,and,-10.780096054077148,5.635831219612712,6.064565528126810,12.000237302122883
3.608,birches,-17.495428323745728,16.770265787075179,18.658608111015607,15.076310847439220
3.609,as,-14.673779487609865,5.361986178839174,5.695468909379430,16.023090293592539
3.610,white,-13.246139526367188,4.629605141808860,4.607356751840998,17.056293395439507
3.611,as,-5.582770824432373,5.214067641377703,5.932951827729523,18.073197471752763
3.612,snow .,-25.674395084381104,15.246231624145150,16.199876106850290,34.252376339816706
3.613,A,-3.861002445220947,6.184483090000588,6.580385323331305,3.638898389652430
3.614,little,-7.265635490417480,5.274722175589012,5.289845577460367,4.654302115598486
3.615,squirrel,-12.835851669311525,5.370605668800996,6.094931841693827,5.518694970900050
3.616,hid,-14.390589714050293,5.622577032433705,6.003355636574131,6.502830609492828
3.617,some,-15.396892547607422,5.863880434707478,5.934380350771142,7.601849776861372
3.618,food,-12.940528869628904,5.616924861664701,5.917594616903148,8.632201587525808
3.619,in,-10.051934242248537,5.378743223212882,6.334416694720421,9.690177698628656
3.620,the,-2.039519548416138,5.062305845857448,5.133131945692359,8.839503229876472
3.621,ground,-6.212830066680907,4.860854415468493,5.407998915604281,9.342929064022186
3.622,and,-11.396890640258787,5.279197092337784,5.644323012440804,10.000280974181186
3.623,scurried,-21.096204280853268,10.151125786576783,11.375857521914465,12.887080403524845
3.624,off,-10.191256523132324,4.887728933258039,5.604908779909993,13.768352357866185
3.625,into,-14.306136131286619,4.302148823984387,5.332635580557652,14.380249887075641
3.626,the,-7.242517471313477,6.045736405284356,5.864175386086295,15.198793821617000
3.627,underbrush .,-19.859511613845825,20.214442090382207,21.017274226143730,30.363591163517953
3.628,The,-1.648221969604492,6.746959719648657,6.992360907198334,3.456291647660295
3.629,girl,-9.433032035827637,5.028666377087278,5.874650503072737,4.580741267790542
3.630,was,-2.330717563629150,5.117367930336852,5.122123168289991,5.320526362324624
3.631,"curious ,",-9.734192848205566,9.734645694164072,10.092893667508079,15.483416357027183
3.632,so,-3.470173120498657,5.200812725633718,5.055228166713194,11.119279294906702
3.633,she,-0.397537499666214,4.947897760539282,5.344783827542225,13.148390675219767
3.634,dug,-11.614142417907715,3.956907624405673,4.397026250528244,15.433903868942974
3.635,some,-13.256529808044435,5.316479214239630,5.504194120403393,16.442730477092077
3.636,squirrel,-16.357009887695312,4.406673302499788,5.230067654132355,18.744946827761130
3.637,food,-9.561679840087891,4.652012090916663,4.760046893967988,19.590338495014048
3.638,up,-12.065301895141602,4.808060888140326,5.859622253537014,20.556604766148922
3.639,to,-5.617522716522217,4.839660795901871,5.612472469637122,21.663965919198219
3.640,see,-9.327280044555664,4.833660013316665,5.831577012615512,22.511464478885628
3.641,what,-14.499709129333494,5.030789870854031,5.819367787260286,20.126071987636486
3.642,it,-12.362786293029785,4.545500835189302,4.853538816758982,22.233113561117129
3.643,"was ,",-20.068286895751953,10.020485074398609,10.166879454244269,49.980233602345223
3.644,but,-13.111917495727539,3.427727674401666,3.347798850105354,31.063963985962147
3.645,then,-12.240422248840332,4.064153179776747,3.977178366702034,31.110324262031092
3.646,she,-22.142932891845703,4.495828344055949,5.141925040602731,33.996535638740298
3.647,forgot,-10.880742073059082,3.560174718452840,4.027443248880088,29.861146121288492
3.648,to,-9.507319450378418,4.704358017861182,4.724344267682890,28.985891505384370
3.649,put,-13.232549667358398,5.329825626049248,6.158611087400611,16.337264677840277
3.650,it,-11.334396362304688,4.736259945412796,5.244793174288410,28.026184612098021
3.651,back .,-24.154489517211918,13.795479311577916,14.421606261075500,59.715081214113908
3.652,The,-1.648221969604492,6.746959719648657,6.992360907198334,3.456291647660295
3.653,squirrel,-14.297029495239258,5.907074160657952,6.510921151841131,4.434608047418659
3.654,came,-14.440262794494627,8.831385971938216,9.043768521655453,5.396608157539184
3.655,back,-13.764010429382324,4.932201975220979,5.009300017832718,6.467555812913179
3.656,and,-11.428515434265135,5.228472817491741,5.077245579643540,4.059250511356303
3.657,looked,-16.684095382690430,9.828859873839320,9.880710745336961,7.042386712575014
3.658,in,-9.925954818725586,4.964900121788205,5.401772097997402,8.095548347693065
3.659,its,-9.345464706420898,5.616942296447044,5.898002108253008,9.000001184851120
3.660,hiding,-17.343423543497920,10.791071093278255,11.971450919801645,11.000008847357917
3.661,"place ,",-16.275568008422852,10.447161523829735,11.563572851964754,27.117537684420817
3.662,but,-7.616001605987549,4.340979276864624,5.007328171289534,15.001921496027064
3.663,the,-12.912657737731935,4.823827618980348,5.301787327834325,15.999763109016714
3.664,food,-10.236003875732422,5.145318163942965,5.419522585464524,12.130760476656793
3.665,was,-11.263233184814453,5.494538187289512,6.071528322544649,13.790162543361491
3.666,nowhere,-15.455362319946287,11.353760386184895,11.622045943691028,14.564835635262090
3.667,to,-5.467182159423828,4.846269253427630,4.891318306556881,15.951134243772405
3.668,be,-7.759077548980713,3.961233466226515,3.933989300797190,13.021985848009615
3.669,found .,-21.899773836135864,13.036973825531113,13.392793437140254,34.183350280543223
3.670,Then,-3.562890291213989,6.774785583797397,6.632086604967967,2.969230832768160
3.671,the,-2.351933002471924,5.693534932429534,5.072294479399020,5.056006101841478
3.672,match,-9.127607345581056,5.237062492399170,5.968470686870691,5.985084223891241
3.673,went,-3.721236705780029,7.599827192680513,6.712104396140005,7.109100030027558
3.674,"out ,",-5.891078233718872,9.159302680886684,9.381890396996974,16.151573386771950
3.675,and,-0.265321463346481,4.393931274147707,4.795700639981002,5.356274177371655
3.676,it,-2.927947521209717,5.778918355305853,5.591563300175027,8.507277772431854
3.677,was n't,-4.049449443789172,21.833918883643676,21.899762021157041,21.531392115824097
3.678,the,-9.901428222656250,6.439052669049983,6.144570441208067,12.191725945685773
3.679,forest,-11.700199127197266,5.522771515135169,5.708768951450581,13.341192726856560
3.680,that,-4.394737243652344,5.690981351448031,5.618243373217359,15.302770819028357
3.681,remained,-13.988475799560547,5.392349186605336,6.235648591340808,16.380495851753974
3.682,before,-13.737186431884766,5.086943622948334,5.181665118282829,17.002013280574285
3.683,her,-13.007377624511721,4.666957301464469,5.066332496058321,21.360357940510450
3.684,eyes .,-25.778182029724118,12.817758668758145,14.282972581915224,49.338852357727539
3.685,It,-3.482963085174561,6.101511125184504,7.065723445463052,3.253049561235394
3.686,was,-2.214092731475830,4.795007407495021,5.060866881278936,5.162978479409592
3.687,only,-2.791988849639893,4.322639487899445,4.335169512038922,7.266812936480973
3.688,the,-0.884811937808990,4.796377784744120,4.986011920139028,9.312562572464957
3.689,"thick ,",-12.389866113662722,19.376669753341943,19.066870111485759,22.077979779995040
3.690,"damp ,",-10.023066520690918,10.296015858618546,10.589846014589654,27.007467194055515
3.691,cold,-4.985984802246094,5.281000192181355,5.897797543259644,15.009978371179828
3.692,wall .,-17.138530015945431,14.502271302829293,15.114113184697572,25.729115299789839
3.693,The,-1.648221969604492,6.746959719648657,6.992360907198334,3.456291647660295
3.694,girl,-9.433032035827637,5.028666377087278,5.874650503072737,4.580741267790542
3.695,looked,-7.428803682327271,8.511517977859926,8.849663420809462,5.587793459108872
3.696,despondently,-16.760625272989273,22.622284355466679,23.013449211211160,7.109690675026058
3.697,into,-10.605882644653320,5.416823090354566,6.245015114229932,8.083740378811513
3.698,the,-7.850685119628906,5.314951842083177,5.907736155369546,9.078120131782107
3.699,sky,-15.015986919403074,10.672096668534694,11.515950297446571,10.000031494784887
3.700,that,-7.077318668365479,5.194610991999758,5.650286860827313,13.278923387087634
3.701,was,-11.232785224914551,4.461780459590951,5.642615664606558,14.302700590349884
3.702,now,-14.969510078430176,4.812164637691632,5.588359293185499,11.070425564456404
3.703,fully,-13.353839874267578,5.359366695686674,5.607131080588694,19.972453314298068
3.704,darkened,-13.231421232223511,7.544577993590022,8.143032133382269,21.974788622394811
3.705,and,-10.759744644165039,5.282223475336041,5.580262417787424,21.084632355783945
3.706,suddenly,-11.434999942779539,9.314466163146461,9.560206096677764,22.109529353227472
3.707,she,-13.742586135864258,4.250501343013972,5.259566295153936,23.998675432371773
3.708,saw,-13.215963363647461,4.512934438210616,4.819375355078200,24.994356059187673
3.709,a,-9.940989494323730,4.699163238440447,5.024596793798706,25.597923032759851
3.710,star,-13.296849727630615,9.246990652936187,9.546857437627226,27.857230873472499
3.711,"fall ,",-23.407248497009277,9.954131896537977,10.117632546901671,64.018792205472948
3.712,leaving,-9.787303924560547,5.086675529306243,5.343443004676175,36.259137036813812
3.713,behind,-11.673422813415527,5.916864855070960,5.976038150764032,37.146509551780426
3.714,it,-13.083641052246096,4.471397223755222,4.645240536577155,38.021272084313324
3.715,a,-11.467370033264160,4.150783094215440,4.505284713624119,40.001353123943844
3.716,bright,-12.309160232543945,4.369013245373914,4.841210285375300,42.998987692622414
3.717,streak,-13.262823760509493,21.383299217278548,22.741284012226409,44.999526380027227
3.718,of,-13.551602363586426,4.209452957728954,4.760260067559725,46.999784030362719
3.719,fire .,-18.223777055740356,18.244329227050301,19.244268828754546,95.118747683789707
3.720,`` Someone,-11.061946576148330,30.544451878117101,30.925277769524801,6.851522118925494
3.721,is,-16.592727661132812,4.956950207344899,5.632891266255561,5.857808574237628
3.722,"dying , ''",-23.362736873328686,24.039374640009541,23.513199191923341,20.483295608978384
3.723,thought,-12.842033386230467,4.773552809703022,4.883403833912291,9.998376441943963
3.724,the,-8.471327781677246,4.856633106975778,5.172130101212378,11.041669228591056
3.725,little,-10.387310028076172,4.373061500792103,4.511135831010169,15.029290346321510
3.726,girl .,-18.737438678741459,11.126132326873181,11.663802787773093,33.066058297678090
3.727,It,-3.482963085174561,6.101511125184504,7.065723445463052,3.253049561235394
3.728,was,-2.214092731475830,4.795007407495021,5.060866881278936,5.162978479409592
3.729,her,-6.641410350799561,5.691895901107037,5.947209169108963,7.437935830339125
3.730,old,-6.478232860565186,8.859772914478551,9.463018564332499,8.474866069446151
3.731,"grandmother ,",-12.795269489288330,14.048088290515697,15.763129174067746,19.465961671449683
3.732,the,-11.359168052673340,4.889631843578791,5.526648084059417,11.134197055464758
3.733,one,-5.575890064239502,5.903099929719639,5.748821369491769,10.975124739171562
3.734,who,-12.142806053161619,5.625861585701238,6.095170957703066,11.668659746083426
3.735,had,-14.571814537048340,5.312644525883508,4.976736941555073,12.840805773098529
3.736,loved,-7.341254234313965,7.404450796759901,7.313783751748260,16.002990540568199
3.737,her,-9.065723419189453,4.581245921222614,4.764744617423852,18.995429409795605
3.738,the,-2.511733055114746,3.953883207299787,4.422190062952072,21.307464827682121
3.739,"most ,",-11.647050857543945,9.055871208346769,8.914099314401739,47.841867375840621
3.740,and,-7.828640460968018,4.200416555130636,4.187646944260626,24.341568421050862
3.741,the,-9.017566680908203,4.448811807023120,4.529417213635584,17.598341808374681
3.742,one,-2.930663108825684,5.118779022218602,5.106487363621704,16.438038483058858
3.743,who,-11.073783874511721,5.339230912313217,6.001603705272298,16.988534836495212
3.744,the,-11.307537078857422,5.581720544405592,5.489779580533253,18.534905235471090
3.745,girl,-8.260057449340820,3.462583430127941,3.944170339790959,22.024220196214166
3.746,used,-15.901156425476074,5.044097408474892,5.723871625981729,23.038302280060840
3.747,to,-6.987446308135986,4.260353529343780,4.456871009321136,24.041372420021066
3.748,visit,-7.497076988220215,3.403369582279352,3.605172524129801,26.872699723874675
3.749,every,-8.241297721862793,4.844805483190549,5.207519916751761,29.017022079082828
3.750,"Sunday ,",-12.586426734924316,10.410880611036955,10.983834042618074,63.022720777667715
3.751,who,-12.588000297546387,4.250119929561588,4.646912965449183,32.999360898512499
3.752,had,-14.857030868530273,5.265176635683491,4.777927205288719,16.259182501427734
3.753,told,-5.144205808639526,7.372686210666447,7.170636031726227,14.287253406684565
3.754,her,-4.770868301391602,4.805080811287158,4.959062407892358,15.489725566634061
3.755,that,-3.125399589538574,4.260831995324280,4.046638073331929,18.100186698655005
3.756,when,-9.512950897216797,4.402770455513963,4.140479405499498,20.793391188322502
3.757,a,-10.711709022521973,4.099012001589779,4.297672598329337,24.121900510178165
3.758,star,-12.612968921661375,7.434350289197463,7.660789188808491,26.702647762447189
3.759,"falls ,",-23.966358304023743,12.253767503427502,13.289556499830235,55.899945740993658
3.760,a,-8.521364212036133,3.905004450631909,4.297668803694544,28.980553174305893
3.761,soul,-12.162330627441404,4.254243241503636,4.913132205194708,30.919903322657081
3.762,leaves,-12.279855489730835,7.075911845153493,7.664290149668211,26.129355735475677
3.763,this,-12.362735748291016,4.560180563065836,4.692572116146543,26.868049612068852
3.764,earth .,-24.965370178222656,12.267137961780351,13.929113962184969,59.730575444761257
3.765,It,-3.482963085174561,6.101511125184504,7.065723445463052,3.253049561235394
3.766,was,-2.214092731475830,4.795007407495021,5.060866881278936,5.162978479409592
3.767,her,-6.641410350799561,5.691895901107037,5.947209169108963,7.437935830339125
3.768,last,-3.440566062927246,5.562702129698309,5.201093635453995,8.286745863756702
3.769,match,-7.437151432037354,3.936677505307461,4.723759922141671,9.279058296596901
3.770,that,-4.016883373260498,5.010935460127710,4.819242599744793,9.745297063341830
3.771,the,-2.284053564071656,5.005189565587810,4.676644404609235,12.859271268123731
3.772,little,-7.405397891998291,4.502510018239745,4.562539684840162,13.822144409354047
3.773,girl,-0.771136164665222,3.482896504412286,4.386056558766042,14.844069127069993
3.774,now,-5.545254707336426,4.476701958374721,4.706019668362893,15.196166776988759
3.775,rubbed,-13.571701049804688,7.205885371730266,7.390932191186384,17.345185207793520
3.776,on,-10.047551155090332,4.813841111282484,5.210489935977495,18.372037557285680
3.777,the,-8.800501823425293,4.846221578974760,5.219012921413404,20.392902107582653
3.778,wall,-8.087842941284180,4.047105125882662,4.635375101478370,22.629578036787311
3.779,and,-5.414534091949463,4.594503320896282,5.213757465067355,23.487674506002516
3.780,the,-13.589673042297365,4.728252397733793,5.615546609799687,24.846144521024307
3.781,light,-9.459831237792967,4.626182294245439,4.779028616796482,26.749984325085745
3.782,again,-8.667085647583008,5.162001886811849,5.002060163804082,27.542528806502752
3.783,shone,-16.078168630599976,14.037423902518366,14.674419088712840,27.581913833964148
3.784,round,-10.306976318359377,4.918807930599646,5.179534304926472,28.037309501609691
3.785,her .,-24.308735847473145,14.527642717429311,15.493953020316273,60.922459624254941
3.786,Her,-7.716195106506348,6.281396414761494,6.797519982229900,3.522364780481396
3.787,old,-7.354204177856445,9.203090849439658,9.347651925116429,4.628148302966899
3.788,grandmother,-5.453041076660156,8.906403693012770,9.413925000062097,5.618502496647753
3.789,in,-13.243175506591795,5.086398860012510,5.666740987595063,6.592404212004094
3.790,the,-12.242344856262207,4.975056212392587,5.236607050662285,5.050296373422344
3.791,brightness,-15.428898811340332,8.406097303910606,9.071625327577275,8.399390583376412
3.792,"stood ,",-24.967117309570312,18.751053666399528,19.305315228682147,11.000164779707372
3.793,loving,-8.016660809516907,9.370774697622483,9.842308057037561,7.017466062810291
3.794,in,-8.159440040588379,5.762917555331981,6.321956209727563,5.216748081460289
3.795,her,-14.781695365905762,5.333498570400439,5.373611493103803,6.195963032998645
3.796,appearance .,-22.517379760742188,15.992825136785317,16.524801600243492,15.007636539759421
3.797,The,-1.648221969604492,6.746959719648657,6.992360907198334,3.456291647660295
3.798,girl,-9.433032035827637,5.028666377087278,5.874650503072737,4.580741267790542
3.799,understood,-10.093683556653561,14.284719970364153,16.030958849840545,5.401401613300539
3.800,her,-2.450925827026367,5.421240450307149,5.620653185095352,7.828236627637361
3.801,grandmother,-7.497443914413452,8.054767016486338,8.825277544626260,9.125764136862692
3.802,would,-13.423801422119141,4.809661744120701,5.348850404726377,9.880671303145157
3.803,soon,-15.202927589416506,4.721878804873764,4.881254322166254,10.999671407141523
3.804,"disappear ,",-22.312653541564941,9.010878947796297,9.130225277675365,25.061408514896549
3.805,but,-5.921644210815430,5.052776273275078,5.173819249000187,16.000031231442048
3.806,she,-15.500628471374512,4.764823534156809,5.327872914643926,17.253462597148154
3.807,tried,-15.548020362854006,5.562615665876646,6.348085359114018,11.986536404412961
3.808,to,-8.007412910461426,5.447405928034812,5.634236370135998,14.030370487956073
3.809,play,-6.205062389373778,3.842431020521465,4.005753573584487,17.141867151722430
3.810,for,-6.992916107177733,4.779197675683868,5.982319487478057,19.107260867336819
3.811,time .,-20.062580108642578,12.726267704671049,13.492226707210927,43.941800671278983
3.812,"`` Grandmother , ''",-51.645650928527168,44.370556396471748,46.845905203593098,15.874805971753432
3.813,cried,-15.115519344806671,11.352016811256995,12.849445841602019,6.002470763797077
3.814,the,-6.626339912414551,4.966712526147283,5.556417040977871,7.037933693708985
3.815,little,-11.422878265380859,4.667167390930205,4.730690596403954,8.082846858989647
3.816,"one ,",-17.762165069580078,9.592200985953399,10.339403058765198,20.296453006852978
3.817,`` O,-9.009718530935061,23.743715319755708,24.011126891058058,25.608884483452542
3.818,take,-11.819222450256348,4.004555456940328,4.298563730923943,11.885158015004244
3.819,me,-9.725287437438963,4.919698266569054,5.106646725628302,10.785708627207425
3.820,with,-10.920298576354980,5.441411334448541,5.253313095297593,11.001502111019040
3.821,you !,-21.984354972839355,16.493454133428425,16.178684086235673,25.006672196732019
3.822,I,-4.970303535461426,6.024670160483597,7.028461674606887,3.196634121080412
3.823,know,-4.224273681640625,4.612096154294822,5.322348556595037,5.294271742109271
3.824,you,-3.173503875732422,4.863788029137382,5.037788904786017,8.968376809989733
3.825,will,-3.403580188751221,4.351864163768510,4.207619443030533,11.250651984960530
3.826,go,-4.305042743682861,4.898357497174129,5.210899959138512,13.463519863770488
3.827,away,-3.429270744323730,4.324104680489727,4.559074874620519,15.297362750509048
3.828,when,-0.075969055294991,4.963356418191942,5.324180614883145,18.217220169220127
3.829,the,-2.397649049758911,4.816451578975287,5.023001917127603,21.364161300359203
3.830,match,-8.013964653015138,4.481869042509385,5.070039339477517,22.262679876192411
3.831,burns,-10.222046760143712,8.504487019948980,8.629188194553041,23.231218853308171
3.832,out ! '',-41.117452956736088,27.938951727029966,27.902885028396042,55.832367048388171
3.833,The,-1.648221969604492,6.746959719648657,6.992360907198334,3.456291647660295
3.834,girl,-9.433032035827637,5.028666377087278,5.874650503072737,4.580741267790542
3.835,decided,-7.260635852813722,4.643413988160322,4.686937445766606,5.311137762898367
3.836,to,-0.020130848512053,5.065518081123519,4.878870442607566,8.344020461791008
3.837,light,-10.821392059326172,3.905287199927324,4.605593373961064,10.423065722689275
3.838,the,-1.453164815902710,5.227567594118175,5.281162683735751,12.592775635717366
3.839,whole,-5.779472351074219,5.441590746615046,5.273401017907828,13.452464980458489
3.840,bundle,-11.531048774719238,4.350275759190017,5.240497692785267,14.421942956831305
3.841,of,-14.160098075866699,4.929187833432978,5.361290452080073,15.426457864302678
3.842,"matches ,",-34.131201929412782,13.231092641763933,15.061279551437698,30.302857776034845
3.843,in,-12.197774887084961,5.124843510714119,5.392747405435411,13.637884771873171
3.844,order,-12.952569961547852,4.441020279291243,4.503109471967853,14.566710086191630
3.845,to,-8.669712066650389,4.908350065163225,5.098983761352081,15.519561740039508
3.846,keep,-6.935017585754395,4.369625345255161,4.657550175389646,18.640139264461929
3.847,her,-8.482331275939941,5.285908513899918,5.709640649886341,20.908956128396888
3.848,grandmother,-13.269199848175047,7.482132350535410,8.219632524715617,22.364490667937069
3.849,there .,-24.927528381347656,12.467380262722921,13.587236019159649,46.832501445101101
3.850,The,-1.648221969604492,6.746959719648657,6.992360907198334,3.456291647660295
3.851,girl,-9.433032035827637,5.028666377087278,5.874650503072737,4.580741267790542
3.852,saw,-7.881107807159424,4.404426137107174,4.882648077870715,5.532330624529066
3.853,the,-2.137314319610596,5.708793998918023,5.525372946354810,8.033761942771227
3.854,matches,-10.078560126945376,8.586121040434167,9.633084786636553,8.608044146071862
3.855,glowed,-12.787047505378725,12.460819826234625,11.745684067175866,10.046216085852267
3.856,with,-7.988109111785889,5.707974011476996,5.785847472678459,11.037766066276438
3.857,a,-6.800775051116942,5.266892791106779,5.369906859458184,12.077670734799133
3.858,light,-8.428353309631348,4.962421330890685,5.259879326899368,15.342677628909062
3.859,that,-9.820499420166016,4.528771611876572,5.293762554055598,16.288400997263388
3.860,was,-15.894982337951660,4.838476800435934,5.662335838553312,16.992844299359515
3.861,brighter,-14.165365219116213,3.424602166841124,3.732940678699763,22.031945021609275
3.862,than,-7.974428653717041,5.528676876665140,5.757435688738339,23.066437283008646
3.863,the,-6.127670764923097,4.107996370444319,4.499379504543858,24.027997974313546
3.864,"day ,",-26.598210334777832,12.962966726701062,13.575231102033548,55.302559734192918
3.865,and,-2.930520057678223,4.452523587052745,4.810946499885947,30.564768056962787
3.866,her,-20.666028976440430,4.199038455845477,4.348786061381839,30.999998798879165
3.867,grandmother,-13.914175033569336,8.038442811056283,8.313074507311647,31.999999962064379
3.868,had,-12.698321342468262,5.439190863969777,6.016320704268723,33.000000001116035
3.869,never,-6.812240600585938,4.829113469617101,4.771702993654838,35.033814081834208
3.870,appeared,-17.102660179138187,8.244474848526599,8.896269888387399,35.985249043971365
3.871,so,-9.551817893981934,4.360123633235848,4.978451779910872,15.800529174360779
3.872,large,-7.355244636535645,3.699485986730034,3.904232647983133,16.249788575910870
3.873,or,-11.022516250610352,4.258073181646410,4.260042676874838,17.280622593478903
3.874,so,-2.541133880615234,5.345471632090088,5.232048922599135,20.061277419678017
3.875,beautiful,-5.560549736022949,4.075051335967228,4.262118535492059,21.084190791873329
3.876,as,-11.975893974304199,6.371045216495093,6.409282917596082,22.005562876609432
3.877,she,-7.649458885192871,4.462412919009425,5.334425815382316,23.526639249298331
3.878,did,-12.160881996154785,4.491970222396644,4.657706615340309,24.234867412761453
3.879,in,-3.891464233398438,3.573841174338362,3.877472785829566,26.217112262969874
3.880,the,-2.641314506530762,4.358325141040737,4.326038241398680,28.761193531125461
3.881,light,-10.010659217834473,2.253926148002928,2.606043921712008,27.276543449082908
3.882,of,-5.742567062377930,3.936604783413602,4.016758412048697,29.984962284330848
3.883,the,-2.356776237487793,4.834398936446730,4.667440682153829,31.995191351309856
3.884,little,-5.855245590209961,4.825982160606289,4.700868351046244,33.050143089661567
3.885,matches .,-28.031936993356794,16.992888452538228,18.214686392552970,76.004770146841224
3.886,The,-1.648221969604492,6.746959719648657,6.992360907198334,3.456291647660295
3.887,grandmother,-13.253630399703979,9.803696409053023,10.120011899112363,4.721292035966506
3.888,then,-15.196227073669435,5.590551147446133,5.863194178333303,5.759850213540868
3.889,took,-14.022614479064940,4.659124027692598,4.794860537499782,5.000028049928568
3.890,the,-9.405230522155762,5.113114551762331,5.262875739889332,7.000140274705705
3.891,little,-8.943884849548340,5.118050220968515,5.303147399381427,9.795482239891443
3.892,girl,-2.670646905899048,3.554710417715016,4.209110550827195,11.069428422879312
3.893,in,-12.775466918945312,4.109431264249946,4.755162541161956,12.040989326581411
3.894,her,-13.967916488647461,4.252349828062869,4.789966738621353,11.451728715396399
3.895,"arms ,",-14.819116830825804,9.407516145898494,10.593383542409779,29.063644400632185
3.896,and,-4.787065029144287,4.696094295127964,5.277206442316714,14.372310876059116
3.897,they,-14.469619750976562,4.016820702866322,4.527045901224182,15.939067210954981
3.898,both,-6.643067359924316,5.689150314206818,5.496781725699800,14.893591231091413
3.899,flew,-17.230258584022526,10.565661857200759,11.233337038952609,15.725385448004227
3.900,upwards,-14.174959838390350,9.408059113861556,9.880139185106945,14.718610766514326
3.901,in,-4.986606597900392,4.726906140962833,5.278021774792943,16.209905224676099
3.902,brightness,-22.690211296081547,8.393730080359571,8.956717550453444,16.009794411313429
3.903,and,-10.674482345581056,4.937309245961623,5.149805532728029,17.005390237877172
3.904,joy,-8.965622425079346,9.351948272551944,9.672334684434386,18.003227297801651
3.905,far,-11.250313758850098,5.429377167770696,5.558875097518972,19.013235170178717
3.906,above,-11.246037483215332,5.769930772480786,5.878885344586985,20.000377792057236
3.907,the,-10.408978462219238,5.977152348867474,6.063543470109686,22.993820712807818
3.908,"earth ,",-15.626787185668945,9.103573539175912,9.795646017165620,47.017888776711786
3.909,where,-8.750557422637941,7.612791997671762,8.041094891930591,24.001588077039568
3.910,there,-6.639302730560303,5.226981668126807,5.579440031228105,26.000138716961235
3.911,was,-15.487293243408205,5.294562097094147,5.487119080412714,28.039789159906178
3.912,neither,-15.537793159484865,4.445497305649753,4.339547423505777,24.528562849920498
3.913,cold,-15.183938980102539,4.163255971148098,4.196805351310113,20.001487541792333
3.914,nor,-13.680888175964355,3.589886005439109,4.113803167002389,35.052474970669962
3.915,"hunger ,",-24.292704582214355,7.019460765238071,7.218571514443331,75.009103886610319
3.916,and,-10.082792282104492,3.706269050607673,4.095458232281366,40.002636541818745
3.917,the,-10.017625808715820,4.213579905622608,4.272286707841165,41.079500774289563
3.918,little,-5.043699264526367,4.285515314013288,4.234223109553408,42.053847866414579
3.919,girl,-2.720857858657837,3.848229309960704,4.198456224219658,43.184058944425367
3.920,felt,-14.352762222290039,4.760882088306428,4.941327038492807,43.839467357522018
3.921,safe,-12.565081596374512,3.850336329883148,3.611759214693942,32.985729348694704
3.922,and,-13.775439262390135,4.548970894275207,4.767666760545453,35.057278446106558
3.923,peaceful .,-19.297766923904419,12.725983030645462,13.008503443946870,73.019525697606142
3.924,In,-0.843770027160645,5.225329802897013,4.895953120101177,3.048904857549345
3.925,the,-1.994089365005493,4.928793622058286,4.863113910237791,5.350180506590068
3.926,dawn,-14.035471200942993,8.669897095219524,9.054810263533039,6.935057984135336
3.927,of,-8.414863586425781,6.158679246129652,6.141663761052424,7.458899841901058
3.928,the,-12.089422225952148,5.066777508290938,5.275383654221672,7.354657546998559
3.929,morning,-6.812129974365233,5.631287942730782,5.962366440564427,10.264704190465411
3.930,there,-11.337137222290039,4.919142572431633,4.979340147004477,11.168313554917463
3.931,lay,-13.428637504577635,6.541848528214325,7.231289483927382,5.746089119879935
3.932,the,-9.304164886474609,6.267793087850031,5.856318583125065,6.026839543390037
3.933,poor,-10.165801048278807,4.538413680365553,4.758183692444605,10.001182155658952
3.934,little,-5.705353736877441,4.704821983681875,4.813860548417146,11.011808762377742
3.935,"one ,",-13.993941783905029,10.379229085697048,11.102533252887163,24.451505618794009
3.936,not,-8.162220001220701,4.899518313318096,4.946751989735180,10.913459229977677
3.937,"frowning ,",-23.865697145462036,13.480181818109783,13.094807558621220,25.580665351026511
3.938,but,-1.876803517341614,4.640414275141064,4.834270488455812,14.157152283507461
3.939,smiling,-10.679585456848145,9.890728084925042,9.910855622103048,15.321904032471302
3.940,and,-7.083114147186278,5.640305926254870,6.148737441368192,16.197408466865891
3.941,with,-9.105261802673340,5.226758212375419,6.151719333243313,17.000023605806412
3.942,a,-2.072639942169189,5.795631664646579,6.175393160735934,18.008154916906289
3.943,pale,-7.284131526947021,5.613577559935617,6.094943132609920,19.011001885703603
3.944,face,-3.061640977859497,5.069586202806446,5.358110682367052,20.095146295465934
3.945,leaning,-18.951641559600827,11.116014486583364,11.349415632345519,21.000000000011969
3.946,against,-11.136400222778320,5.251188280246041,5.694674966741607,23.000000007298770
3.947,the,-3.922320604324341,5.753972513999488,5.838421106418228,24.629619415314359
3.948,"wall ,",-11.255606174468994,9.729275888636929,10.901972357718666,52.368997206584837
3.949,frozen,-10.280038833618164,4.969979856437993,5.151568424723832,26.999907806115289
3.950,and,-11.128656387329102,4.680363797146682,5.583176575024729,27.998893623250318
3.951,stone,-9.035017490386963,8.911238629502021,9.196655935168396,30.352497544121949
3.952,dead .,-15.984066128730774,13.053210721073885,13.998056615203382,39.590636466676884
3.953,`` She,-8.486891453772841,24.641410209941448,25.280884672203669,6.722479883421316
3.954,tried,-6.470618247985840,4.360825645495444,4.870920419097351,6.905658883924593
3.955,to,-0.038866311311722,5.830675266869529,5.807150972194259,9.882929347009117
3.956,warm,-10.511894226074221,3.974751398672295,4.580110671181688,11.847154972244519
3.957,"herself , ''",-19.576274216175083,29.041951337136975,29.857277177276902,34.842041735655641
3.958,said,-1.854097723960876,4.746162318960454,4.787991603493665,13.516647037503756
3.959,some .,-7.671058264560997,11.997830979791981,10.908827599568127,26.837057414943878
3.960,Children,-10.200040817260742,5.910738642456237,6.530076494602983,3.713209528753605
3.961,who,-0.053828358650208,5.691872500784353,5.123407651029359,7.227027046100644
3.962,saw,-7.889300346374513,3.717739289348084,3.992773233129102,10.249064513175961
3.963,her,-4.622550010681152,5.458037456174361,5.424965310214293,12.455874195556646
3.964,were,-1.726732373237610,6.025440971080878,5.085930713355396,5.261134057532405
3.965,asking,-7.131936788558960,10.175323870972106,10.518000296288637,7.234315865722825
3.966,their,-3.001172065734864,5.860245260794875,5.644262982338404,9.398992862502176
3.967,parents,-1.962907552719116,3.985860053625689,4.292781697585525,10.351123128864835
3.968,why,-0.655121505260468,4.876107090465774,5.165225388334957,12.229075711395664
3.969,no,-6.932912826538086,4.851925474108540,4.662553354725794,15.369557381719945
3.970,one,-0.347522258758545,4.859582952278696,4.764593235171233,16.389538240139903
3.971,helped,-7.665951964969281,7.320337413504494,7.630310267125457,17.229411760253154
3.972,the,-3.085709571838379,4.785149157375741,4.359127099747448,19.749397526576647
3.973,girl,-2.433710336685181,3.907541038384834,4.620188049933492,20.729957881169199
3.974,who,-0.047768142074347,5.232130872649472,5.199935060763658,23.253303873737952
3.975,they,-1.008462548255920,4.162306401327093,4.077208220163022,26.132354894909216
3.976,knew,-3.300761699676514,3.555067903456749,3.692240971745088,28.013001834137913
3.977,looked,-8.429945727810264,6.404684097513359,7.033154348462412,31.974270963796101
3.978,dirt,-10.254145622253418,4.436844939460051,5.096489679258597,34.102396775021852
3.979,poor,-7.063232421875000,3.399859816892301,3.726552860121873,35.062422078717773
3.980,and,-1.247156381607056,5.096749546419251,5.111686032062884,35.985401992361204
3.981,helpless .,-22.465661525726318,12.464435042090882,13.728166300177758,76.288122469245039
3.982,Passersby,-27.395558357238770,20.364112269493013,20.538086391674096,3.333777745232188
3.983,who,-13.728899955749512,5.731554304534201,6.141228562456361,4.459397403715787
3.984,saw,-14.280175209045410,5.800782849137683,6.066515912496258,5.583415232110269
3.985,her,-14.572566032409668,6.241805074716291,6.573595537029465,6.621404572928759
3.986,sitting,-17.187099456787109,5.775681546141683,5.302451131949478,7.033993191452081
3.987,motionless,-19.916057586669922,7.967371444145964,7.977069035162332,10.246031105303873
3.988,wished,-14.444897651672365,5.385215752974894,5.681808576618639,12.474685110377958
3.989,they,-15.855667114257812,4.786730098062796,5.311077506410999,12.993485088719357
3.990,could,-11.184734344482422,5.907176113050463,6.146996994121648,5.024725103315374
3.991,have,-9.148517608642578,4.487048981428472,4.763298174363205,6.070026033661168
3.992,helped,-10.118081331253054,10.900325412647881,11.169606463132201,7.123441881202186
3.993,the,-10.409945487976074,4.785608834335280,4.895382175251203,15.822315786410408
3.994,"girl ,",-20.409489154815674,8.275996444142960,8.768533984506487,24.951588610310171
3.995,but,-10.918562889099119,4.554838272917690,4.776484379996483,10.030219666403443
3.996,their,-10.287662506103516,4.944511230124434,5.157619940007468,12.048940934357223
3.997,good,-9.865542411804199,4.753607649172184,5.566543968879863,15.000331592319656
3.998,intentions,-12.907588332891464,8.103059924510990,8.306846426629221,18.126475269237645
3.999,were,-15.970632553100586,4.691074361916426,5.196945296777784,19.079269642059408
3.1000,a,-13.328456878662109,4.416692076451050,4.596541136664829,18.742525467059068
3.1001,day,-12.122469902038574,9.279531672149339,9.518355238171104,20.810204553460011
3.1002,late,-12.003034591674805,5.425136334585774,5.226843770318188,10.143889487537287
3.1003,and,-7.565589904785156,5.486987920633459,6.115083737933704,11.257409514118493
3.1004,a,-5.343674182891847,4.968573268780738,5.117277149398085,12.297579405862178
3.1005,dollar,-11.478421211242676,4.745055603066815,5.143118523674707,12.020823741755539
3.1006,short .,-21.537704944610596,14.518730093803342,15.256997884576130,31.661749147093058
3.1007,Other,-5.630902767181396,6.724887248651844,7.042440705945142,3.309854139856661
3.1008,people,-6.480258941650392,5.590211162701554,5.678830499006311,4.651530966342253
3.1009,suspected,-8.502798080444336,9.189477736996716,8.804612364436482,5.565826120005483
3.1010,the,-1.149724006652832,5.302549599961104,5.666698446755468,8.827297263502999
3.1011,girl,-8.947995185852051,3.784932254428444,4.676608109142693,9.787483256498543
3.1012,had,-1.577387690544128,3.437964569264185,3.916077393735981,11.080362991090400
3.1013,fallen,-5.876389980316162,4.683705565323558,4.902058632214058,13.130987335627479
3.1014,asleep,-5.423112154006958,8.396647428978502,9.164155050823405,14.997316854621618
3.1015,and,-6.880068778991699,4.583809578073847,5.337388217173672,15.981974154485586
3.1016,"frozen ,",-19.409567832946777,8.597052412613994,8.707826901013433,32.980658300179350
3.1017,but,-3.408000469207764,4.662778037206841,4.504673390441377,17.027808140231450
3.1018,no,-13.358216285705565,5.025812523039302,5.296690000323951,18.101627238603712
3.1019,one,-5.617952346801758,5.394726538299677,5.340825881565858,19.017761825057754
3.1020,imagined,-15.287150025367735,9.176240296540737,9.549125777177483,18.879092903968136
3.1021,what,-10.026266098022461,4.743501291727402,5.398454377488482,19.883477471910826
3.1022,beautiful,-15.089324951171875,4.018410258977540,4.128872519438784,13.761042257948766
3.1023,things,-16.625335693359375,7.694341454198509,7.857802507676265,22.767155097683787
3.1024,she,-13.792424201965332,4.645007297868743,5.130977541439676,17.000127630358254
3.1025,had,-12.420939445495605,4.413207395101950,4.503666816140401,20.022593974573407
3.1026,"seen ,",-25.944714546203613,12.689894107581026,13.315676107340176,42.591755857866573
3.1027,nor,-14.029244422912598,4.495122751812238,4.552364032734793,22.841960032237395
3.1028,into,-10.997041702270508,4.947022214602846,5.760094728983709,25.097453061786872
3.1029,what,-18.574823379516602,3.716624894554170,4.197231333946862,25.998099134659402
3.1030,glory,-16.931344985961914,3.103517415803097,3.266873193280903,25.989145352626053
3.1031,she,-11.937719345092773,4.709573927402123,5.155562367293527,27.642017322247980
3.1032,had,-12.016138076782227,4.859693362092509,5.036163345615464,30.115689127843307
3.1033,entered,-8.310278415679933,8.758374660996706,9.364864746708344,31.028375345130065
3.1034,with,-8.800521850585938,4.508380469022232,4.644780989791312,32.005877507661388
3.1035,her,-4.026714324951172,5.187743247073294,5.206906184384460,33.999412088336278
3.1036,"grandmother ,",-22.699350833892822,10.192143480853659,10.633907027741639,68.830620120431064
3.1037,on,-3.340774059295654,3.392839008595365,3.747026957144275,39.000805866061533
3.1038,New,-9.299672126770020,5.216954797634668,5.964289012581973,41.002387298833689
3.1039,Year 's,-1.874108383315615,14.941117421753333,16.498583319486087,85.019706724156819
3.1040,day .,-28.650218009948727,16.934569078779916,17.503109121891477,74.458092704868676
4.1,Once,-4.782433032989502,5.804050651371927,5.243851325206029,3.190799071554212
4.2,upon,-2.899971872568130,8.438459298295950,9.072280616308024,4.998917614201913
4.3,a,-0.445941507816315,4.064706309526905,3.911219764962975,7.028255683709117
4.4,time,-0.690112233161926,5.789620216765777,6.221462268730423,8.003045096823250
4.5,the,-2.142681360244751,5.779607271966084,5.644232876123534,5.282723156615337
4.6,birds,-8.505905866622925,8.974466384830430,9.125669239777981,6.081134190174089
4.7,took,-4.664210319519043,3.929632778123125,4.011036659475939,7.143350947423969
4.8,it,-4.347630023956299,5.599810082355411,5.885492682033289,9.226898258814495
4.9,into,-3.279612541198730,3.227245506715005,4.187822627860527,11.186053854590019
4.10,their,-1.766748905181885,4.898427209862900,4.581433767470727,13.257423644136775
4.11,heads,-5.245492935180664,3.756528496329232,4.850860206163056,14.257235686533587
4.12,that,-0.192064449191093,4.779267041469907,4.787021141101987,13.109022392619927
4.13,they,-0.894523382186890,4.250224367180219,4.757970961388999,16.031913626403234
4.14,would,-2.414637565612793,4.396034577820433,4.229166946745448,18.018349357771282
4.15,like,-4.963229656219482,3.916077813837380,4.102497236051671,20.043453369954207
4.16,a,-1.542818784713745,4.810506288176211,4.721717448930791,22.713619866690440
4.17,"master ,",-10.991140723228455,13.366741063654981,13.474985943052847,47.595190900636624
4.18,and,-0.328628808259964,3.735272064557587,3.822229747062197,21.181832098390426
4.19,that,-3.374802112579346,5.195961579469921,5.187933360192754,13.239758442487217
4.20,one,-5.675285339355469,5.006098968897153,5.084982788911263,17.460141686914373
4.21,of,-0.797428727149963,3.800639802444538,4.145277093237901,26.037732859739801
4.22,their,-4.057395935058594,5.599013311900996,5.384276573842365,29.235907101830964
4.23,number,-8.263627052307129,3.908464689881451,4.563525651385942,30.380288743668146
4.24,must,-7.390544891357423,5.149903719444748,4.957820671030091,15.539527623164961
4.25,be,-0.881379544734955,4.179059687880144,4.361115265526567,17.518772031591187
4.26,chosen,-7.234452904900537,10.044470041654140,10.913963525516651,19.734184003266627
4.27,king .,-15.186996182077564,18.786931455066153,19.514583220918741,33.961467249498185
4.28,A,-3.861002445220947,6.184483090000588,6.580385323331305,3.638898389652430
4.29,meeting,-6.600233554840088,5.313251499995772,6.122141218942108,4.993307582738256
4.30,of,-0.503648340702057,4.242086455218638,4.881194561437059,6.127236757364925
4.31,all,-5.267118930816650,5.163216459825136,5.794824174050372,8.423407939389529
4.32,the,-1.831802606582642,5.801980124824841,6.090072021340315,9.447729986949202
4.33,birds,-13.040884971618652,8.952070099218455,9.718800646105436,10.283685651934649
4.34,was,-1.696188330650330,4.076152910966440,4.470105145551949,5.179600232732528
4.35,called,-3.512378096580505,9.851777055034246,9.594219180515694,7.197796269409228
4.36,and,-6.318239212036133,4.970770747209782,5.030940330695829,6.728282289220044
4.37,though,-3.598640441894531,5.242716167478256,4.729153244262386,7.046214492056928
4.38,they,-2.456026077270508,4.898424845538670,5.018189691518098,10.012473117288932
4.39,understood,-8.903925355640240,14.942727797256000,15.950706994150481,12.010284790317217
4.40,the,-0.958941042423248,5.144698920438324,4.888652084713133,14.991033277958241
4.41,birds,-6.756619334220886,7.987638989081250,8.320620903922668,16.220477888273685
4.42,who,-1.926438331604004,4.671937685001238,4.367971886639340,19.098648981464549
4.43,were,-1.542955279350281,3.097217508775105,2.912904040342793,21.966936371238550
4.44,from,-4.271665096282959,4.068473716091017,4.245066644887379,24.035991829548230
4.45,the,-1.306654095649719,4.069897430402201,3.922066468771581,26.246714743180949
4.46,most,-1.914465427398682,3.637745718696828,3.709654372089582,28.138995308521984
4.47,distant,-3.522557854652405,6.723049355342513,7.151315782736153,29.302815423652984
4.48,lands,-5.073925018310547,2.983824683237551,3.351826821623945,29.288546565874558
4.49,would,-2.484716653823853,4.308486098549488,4.365304544599116,17.998743658424424
4.50,be,-0.773101985454559,3.422767345316797,3.631826546331381,20.004510370479487
4.51,unable,-5.006880283355713,4.655769538972291,4.940303564834402,22.005776999089800
4.52,to,-0.001575539470650,4.548817437437902,4.794269397883482,25.007609156218638
4.53,"come ,",-4.148043066263199,8.083710818865415,8.292307948986446,35.209458862465453
4.54,many,-4.972064495086670,5.848777254991486,5.473768701972832,10.260311539246340
4.55,birds,-6.312145233154298,8.901496823783964,8.591749162335628,11.108982170652409
4.56,came,-4.991276502609253,7.016175766854866,6.801605339714833,12.082733854550373
4.57,from,-2.361390113830566,3.839077782043794,4.254498602077928,14.091916068662453
4.58,faraway,-9.521423220634460,10.432122242470117,10.702827715025276,16.355995122666162
4.59,meadows,-13.080705177038908,12.204584192395757,12.578965115106067,17.329055645876824
4.60,and,-4.149232387542725,5.560069236820422,5.904183286204778,18.277157792262628
4.61,woods .,-24.348783493041992,13.387031838777595,14.698412746623685,39.673824397065729
4.62,The,-1.648221969604492,6.746959719648657,6.992360907198334,3.456291647660295
4.63,"eagle ,",-18.851476430892944,16.221113000931140,16.591938975950939,10.099072282310960
4.64,who,-14.495172500610352,5.073815396857045,5.552327558646834,6.367548190489671
4.65,already,-15.789463043212891,5.253136965237979,5.534335159995880,7.367099566444103
4.66,thought,-10.919824600219727,4.509394346552374,5.171093922507410,10.792981574327927
4.67,himself,-16.652242660522461,9.905420651847242,10.329710098094420,12.775650246585656
4.68,the,-1.921053647994995,4.940415883866741,4.833502052428933,14.948431110049420
4.69,de,-10.367541790008543,8.134427742191896,8.519612199680353,17.471560612549361
4.70,facto,-2.732096195220948,5.300460112268149,5.413617248232744,19.109944542136461
4.71,"king ,",-13.291327714920044,13.176516839048544,13.744802964437508,41.226080197000854
4.72,arrived,-15.898034095764160,9.607223921341944,9.887065950446127,22.257539935698318
4.73,fashionably,-27.410872459411621,12.819488696277876,13.358311440585151,23.031216319844798
4.74,late .,-25.686640739440914,13.744115372200467,14.453421077363274,42.817515723068880
4.75,It,-3.482963085174561,6.101511125184504,7.065723445463052,3.253049561235394
4.76,was,-2.214092731475830,4.795007407495021,5.060866881278936,5.162978479409592
4.77,a,-1.819428443908692,5.686133911677501,5.610169608531665,7.771632961921242
4.78,hawk,-10.777158975601196,9.539311397817142,9.630264376261504,8.710547785206899
4.79,who,-1.052899599075317,5.471489830198347,5.058754527703247,11.062033798741682
4.80,was,-3.274774551391602,3.718029666278690,3.383935270287613,14.209797064969434
4.81,most,-4.396840095520020,4.820885434338186,4.649991300832717,16.050924257853779
4.82,excited,-6.144270420074463,4.321264509920338,4.495837837383664,16.913749758422554
4.83,about,-0.218571111559868,4.840633033883774,4.874288297029870,18.906295071196638
4.84,the,-0.787399888038635,4.711991349689373,4.724120294724885,21.567333825642752
4.85,"meeting ,",-7.160271167755126,8.217257841582242,8.883370784966484,43.078274923690884
4.86,because,-2.150432944284603,9.980458427717412,10.256249826126476,15.405101851087990
4.87,he,-1.751577496528626,5.552236651656443,5.845928572662031,18.592741083661547
4.88,was,-1.621433734893799,4.825700888165271,4.816398960609964,20.794566075355032
4.89,the,-1.270583987236023,5.989871742825367,5.894993914523460,22.804428113801752
4.90,dark,-9.243053436279297,4.308606576986995,5.108635924672170,23.407866728229585
4.91,horse,-4.584988594055176,4.788888320183855,5.606755954219726,24.373652733217600
4.92,for,-3.332073450088501,3.951458895910964,4.156826261540258,24.734641498184622
4.93,king .,-9.511010609159712,15.520831873199457,15.815375125033341,36.185078580775325
4.94,The,-1.648221969604492,6.746959719648657,6.992360907198334,3.456291647660295
4.95,small,-7.474361419677733,4.500016295103445,4.603722150116181,4.623350988815998
4.96,fry,-11.864860534667967,10.152176701163349,10.192255607651076,5.587694907166441
4.97,came,-16.231104850769047,8.208944106357581,8.712284744303298,6.608392254623334
4.98,"too ,",-22.744287490844727,10.323412424400900,10.748709289306127,13.997378224616540
4.99,and,-0.844131112098694,5.355483098987151,5.518312689698403,7.998516251271648
4.100,the,-12.453732490539551,6.078351787270313,5.569725833218316,7.158891227586343
4.101,"robin ,",-20.441668435931206,13.796306005224867,15.350545947152991,21.315430472823323
4.102,the,-6.625179290771483,5.373934220638773,5.570368796097663,10.242952575724322
4.103,"bluebird ,",-40.243438720703125,14.536482320159347,15.625242689987013,23.167495035005544
4.104,the,-5.729157924652100,3.876621501330978,4.019502496678928,12.996631174131689
4.105,"owl ,",-13.560253620147705,14.341644741968665,14.736415522521515,28.910967641622971
4.106,the,-10.283072471618652,4.987292439070943,5.380679628486531,15.879732616806660
4.107,"lark ,",-17.520359694957733,17.662229960313212,18.399806661685894,31.388278772907089
4.108,and,-5.559920310974121,4.686090119166642,5.174693012449771,17.033236796749609
4.109,the,-9.698362350463867,4.394194613594279,4.894542962849393,18.062212663439439
4.110,"sparrow ,",-24.247518062591549,16.676864926118125,16.895421831233193,36.513246973459118
4.111,who,-9.819403648376463,4.666087282991353,5.019360697417205,20.507822285993029
4.112,had,-11.640586853027346,5.175910440751856,5.294173178253428,20.829516755251703
4.113,only,-7.521493434906006,5.331690783027538,5.168556149224809,18.625800659282170
4.114,a,-2.803683996200561,5.739298897303732,5.645321845276384,23.159535844268056
4.115,chance,-4.148407459259033,4.864492128364949,4.810526063268205,23.889541874689822
4.116,in,-12.840256690979006,5.256136134667993,5.729131683460723,24.899908417840681
4.117,a,-7.092717170715332,5.538353576995222,5.557763468517220,22.726555552405017
4.118,million,-16.864236831665039,6.164717996343926,5.949684469364126,24.938119576590427
4.119,to,-3.099167346954346,5.504168016065385,5.537769853113115,28.824786468772029
4.120,be,-8.306589126586914,4.990670932590226,5.300643349411442,31.599945800357350
4.121,"king ,",-18.640510559082031,13.865011781184785,14.416957243831543,66.752679409319455
4.122,were,-11.379500389099119,4.436402475099507,4.411885363525322,34.100238788030509
4.123,all,-4.003514289855957,4.858443106588365,4.803362510921291,37.054585221987232
4.124,present,-8.832764625549316,5.538087959125531,5.539935905836441,37.885856172349762
4.125,at,-12.360349655151367,3.959586202200831,4.027130496782248,38.001181262489744
4.126,the,-6.294518947601317,4.983930923121858,4.978081967383924,39.004336577965347
4.127,meeting .,-13.829192161560059,15.537708050290554,15.981330707907055,66.509768907635745
4.128,The,-1.648221969604492,6.746959719648657,6.992360907198334,3.456291647660295
4.129,"cuckoo ,",-22.959700345993042,25.512601486739726,27.731185690706706,9.991586132257648
4.130,who,-10.351874351501463,5.135874943429577,5.608497965191032,6.467775894164662
4.131,was,-9.499547958374023,4.919829601587824,5.111259747575942,7.279472847158680
4.132,almost,-14.298287391662598,4.822004128872567,4.986446884784321,7.200365566718590
4.133,not,-9.633509635925293,5.491554271529823,5.290976488145080,10.187123497651267
4.134,invited,-14.412374332547188,8.185774426266759,8.092939430655067,12.001283652501845
4.135,because,-15.599458932876587,10.221745060269127,10.461958867442418,13.644324639246170
4.136,his,-8.808445930480957,5.327892301312597,5.398391122621206,13.452414960410106
4.137,call,-14.433221817016602,5.484982795964657,5.765621624263010,17.984339334190750
4.138,so,-10.192596435546877,4.199993216622620,4.666657323632231,21.128418740502731
4.139,annoyed,-16.727388046681881,9.161666876322428,9.505035542405301,22.024614413832445
4.140,the,-6.946576118469237,5.270562759492178,5.710701191830948,23.000044930152551
4.141,other,-13.075984001159668,5.299993514910033,5.303584098731307,24.000000000366178
4.142,"birds ,",-24.165509462356567,13.028363847295005,13.656849677829783,53.179029183750643
4.143,came,-13.224386692047119,7.746783131890265,8.195450290075637,29.159776126720672
4.144,too .,-16.631295442581177,13.048459710276685,13.766094674611798,57.824525132011097
4.145,It,-3.482963085174561,6.101511125184504,7.065723445463052,3.253049561235394
4.146,was,-2.214092731475830,4.795007407495021,5.060866881278936,5.162978479409592
4.147,the,-0.601406991481781,5.518728301025269,5.681779358417328,8.028436775226274
4.148,very,-7.680427074432372,4.661460870040076,5.011247210599282,9.115331969856452
4.149,little,-6.480866432189941,4.663512485236097,4.970297153161331,10.133337746645100
4.150,bird,-6.546347975730896,9.563919781697873,9.632622526274924,11.131361589717107
4.151,who,-1.801789999008179,5.024086926576394,4.449701190944314,11.089749364671819
4.152,had,-3.000880718231201,3.820680893613777,3.652000966055394,14.145829644387865
4.153,no,-2.906603336334229,5.386499329823273,5.111435441894595,16.793993920711653
4.154,name,-5.981925964355469,3.939228018988148,4.260124823591069,17.690481550377356
4.155,at,-3.093724489212036,4.166527165426456,4.329473376044007,18.657212665306425
4.156,"all ,",-4.270118553977226,8.324705978578923,8.233678871288815,33.750265871641403
4.157,"however ,",-3.191184341865664,14.039507442984540,14.237047453060093,33.473218851747561
4.158,that,-0.693399727344513,4.932993431519089,4.543732619800378,13.732361374121151
4.159,would,-5.009242057800293,4.674308672598481,4.487587063462056,16.808624327559272
4.160,end,-5.794499397277832,4.281150563192615,4.313756815690299,18.798632256932315
4.161,up,-0.001307824044488,5.066402222439007,5.442800738730835,20.799538212028555
4.162,overturning,-10.323663167655466,7.781551306183405,8.199216276105412,23.859806868794688
4.163,the,-10.235634803771973,5.196547421479454,4.847395476460510,24.865702010594664
4.164,balance,-12.177292823791506,3.930171855663527,4.686126905602473,27.287857531448449
4.165,of,-10.714756965637207,4.579070867487106,4.938318548776013,28.075436958772801
4.166,power,-13.218836784362793,3.666712829374891,4.183968374216109,29.263587392838211
4.167,among,-14.953695297241213,4.132082386942575,4.582727680024735,31.796556182421998
4.168,the,-11.282717704772949,4.931789164902579,5.100782255442207,29.734120534145543
4.169,birds .,-21.287772417068481,12.800043184718266,13.500333778514022,68.872571135437198
4.170,That,-4.203119754791260,6.639422400307447,6.714888174474014,3.182374371096789
4.171,there,-3.950719356536865,6.243633971493992,6.714659312991934,5.772438124557847
4.172,would,-4.457899093627930,4.929913191783078,4.830873960271631,7.808671041429986
4.173,be,-0.041835159063339,4.726475212064203,4.563952773928492,9.810177929442347
4.174,great,-7.163766384124756,5.301446088494153,5.330818606548696,12.339134290222953
4.175,confusion,-5.094324111938477,3.760180698647732,3.859885441349432,13.112246446422938
4.176,and,-3.049373388290405,5.340308977912460,5.317889834798953,14.003972603955797
4.177,noise,-8.403514862060549,4.101594703503098,4.393576425294883,15.022018301266179
4.178,among,-3.669641494750977,4.460882251893834,4.923387762678053,14.087994345689189
4.179,the,-1.835715293884277,5.957827921415203,6.110822754890687,16.436984797856315
4.180,birds,-9.031977653503418,8.804981258341318,9.532941850244514,17.259811205357114
4.181,at,-3.434926748275757,4.126912979218901,4.355312787086786,16.340524841494151
4.182,the,-1.155579090118408,4.613880626827517,4.425495114632718,18.791274601930628
4.183,meeting,-5.108977317810059,4.807166678158403,5.545780056403288,19.053146727955280
4.184,was,-1.520717501640320,4.972155987946617,4.356210610698502,5.015489917735371
4.185,to,-0.081567719578743,5.113785243509866,4.761264178195077,7.938631234546914
4.186,be,-2.763127803802490,4.530445628586811,4.549755497272853,10.007282150765377
4.187,"expected ,",-8.370607614517212,11.521884865808111,11.163335731079080,24.200596944926115
4.188,given,-3.111480712890625,9.138016355367242,9.354720618705578,13.856518673786738
4.189,the,-0.369948118925095,4.615510945955394,4.401397185773179,17.057151592006992
4.190,sheer,-6.593660831451416,8.527346695415968,8.452434391515821,17.829165437886182
4.191,numbers,-5.434982776641847,3.571611826417573,3.689308453791346,18.980596231383775
4.192,of,-0.042885143309832,3.930487847210991,3.634996947929424,19.001362696183250
4.193,birds,-7.927899837493896,7.073799422941586,6.937117401703287,21.821521117083197
4.194,that,-0.174265563488007,3.988916694141666,3.540421460537835,23.777263709810480
4.195,have,-1.957263469696045,3.038675881647066,3.164581708384766,26.907159999155990
4.196,gathered .,-7.194724427507026,16.759303542477031,16.805745728373783,34.519688145839311
4.197,There,-4.967374324798584,6.051979804609233,7.133683845964304,3.197348995101382
4.198,was,-2.257221937179565,4.977797533195188,4.697554265744182,5.227662195262575
4.199,"piping ,",-19.258188009262085,10.525536460258554,11.765211856880565,15.710925915922733
4.200,"hissing ,",-29.041193962097164,19.316668112643853,21.647562573673056,19.194657908620037
4.201,and,-2.884201288223267,5.774025269300447,6.363959088294914,11.091018411067180
4.202,"clacking ,",-18.521731287240982,25.778917051975263,27.217260890521153,23.985376042652454
4.203,but,-4.342598438262940,5.081463610318681,5.441400193064934,13.226514019264483
4.204,finally,-15.390887260437012,10.631054065523212,10.968869405864632,15.027250573293506
4.205,it,-11.285296440124512,5.202894099126478,5.731574941736107,16.033203803326927
4.206,was,-12.587859153747560,5.221823375064282,5.504626746758633,13.838499606771775
4.207,decided,-11.971002578735352,4.496701240539552,4.759505748748780,10.000000000000002
4.208,that,-7.786602497100830,5.930942757641947,5.854143928957543,10.019682556350467
4.209,the,-2.234212636947632,4.888440012464197,4.521688454822267,12.000565066125144
4.210,bird,-13.763278245925903,7.419710998461518,7.392997827311195,15.799614346251225
4.211,that,-11.774858474731445,5.951275209744508,6.003323507187117,16.005863671853472
4.212,could,-10.521963119506836,3.858167877091995,3.912494710382362,18.033281934206151
4.213,fly,-12.642720222473145,4.675034934156175,5.656667461953957,21.097882763338912
4.214,the,-9.282523155212402,5.064541990170271,5.412454909731529,22.063915222671586
4.215,highest,-21.167819976806641,5.052586117805922,4.842013671099590,25.096222119898052
4.216,should,-6.590716361999513,4.446386737613443,4.450576456850941,28.007675433336448
4.217,be,-1.036124944686890,3.956966029309047,4.103359847965138,30.000303214908477
4.218,king .,-19.875548601150513,15.295715415325596,16.068144026199036,65.000734259759639
4.219,The,-1.648221969604492,6.746959719648657,6.992360907198334,3.456291647660295
4.220,little,-9.287208557128906,4.694321000367392,4.807912536217288,4.646808202854087
4.221,bird,-7.191654920578003,10.448575682475926,10.041733737616346,5.782392468372032
4.222,lay,-9.131303787231444,4.003974606361433,4.404694448728326,5.352782348422443
4.223,low,-3.995527982711792,4.497371879008447,4.873955114808243,7.051906468008855
4.224,near,-6.270455360412598,3.727075289133836,4.594836357177789,9.006642921381086
4.225,the,-0.807177126407623,5.299739019717773,4.932432528116554,11.359041632702739
4.226,eagle,-11.104141235351562,8.998965723045462,9.512638120215350,12.345075762940951
4.227,at,-12.558800697326660,3.844944192023756,4.944475090860418,13.170891846420238
4.228,"first ,",-18.560445785522461,9.633754771434219,11.394163350851032,23.213056138398368
4.229,but,-6.444973468780518,5.021856172623981,5.519825362295808,12.999572695408373
4.230,the,-12.338008880615234,5.408641434962031,5.410785913788327,13.999805270894615
4.231,eagle,-12.991883993148804,9.709766487685091,9.401671673995752,15.500960268223945
4.232,did,-11.294089317321776,5.473638570810144,5.930357335845585,16.288182305408473
4.233,not,-5.652262687683105,5.849045284124644,5.887018716275897,17.084532599881410
4.234,notice,-8.225070953369139,4.338455893871192,4.335210680392061,18.999899116459613
4.235,the,-12.731325149536133,5.570502705173721,5.447983304729849,19.998475288802371
4.236,bird,-11.562614798545836,10.187696139430168,10.167161697748957,20.000075897944189
4.237,hopping,-15.031540632247925,9.556911764066202,9.430021585853467,23.282602342636121
4.238,onto,-12.429942131042480,4.613421198361056,5.546012040726680,24.401966094463528
4.239,his,-11.155250549316406,5.357653151697053,5.594526949474419,25.890212562958549
4.240,back,-10.549970626831056,4.673409961009295,5.305163924140722,26.846045164224410
4.241,right,-10.337677955627440,4.509179449227450,5.212949534909924,25.947565962382306
4.242,as,-11.124259948730467,5.119554802928856,5.853020460726166,28.338261413130866
4.243,the,-7.415164947509767,4.899079194110363,5.088130424444405,29.019635222002648
4.244,competition,-13.238316535949707,4.234888400232498,4.436379354702279,33.143682462362236
4.245,was,-12.987202644348145,4.412978703328499,4.433529190561472,31.689679626071211
4.246,about,-8.269856452941895,5.110979244447070,5.458905351794415,33.693851202834850
4.247,to,-9.012573242187500,5.028001774376212,5.855383025519724,34.682718422644790
4.248,commence .,-23.841903209686279,12.195510273393133,13.039679361678658,73.135023620400091
4.249,Into,-16.426653861999508,10.491476314784226,10.529743390776652,2.943727525831447
4.250,the,-10.642149925231934,5.469115725755622,5.562961903706888,3.361045814493791
4.251,air,-9.567306518554688,5.155090819727078,5.414119373622660,6.001745978934609
4.252,in,-9.823639869689940,5.719582576957000,6.237137627919668,7.001920246207645
4.253,a,-8.965376853942871,5.709293087471822,5.655892228645745,6.861888403243612
4.254,great,-8.061218261718750,4.869110166655481,4.977059439266553,11.776933429471553
4.255,flock,-11.696158409118652,4.229090017543799,4.435514641486475,12.792808243522394
4.256,all,-12.397887229919435,4.751094904481411,4.931086645331766,13.734474168803626
4.257,the,-4.063367366790772,5.360227650783563,5.531443774264043,14.708467301561880
4.258,birds,-10.833841323852539,11.157381344410616,9.749677424232386,5.149551145424220
4.259,flew,-22.735423088073730,10.158511429498780,11.355828505950360,6.082194735676148
4.260,when,-10.553465843200684,5.215948362309387,5.446142834010022,7.091036272147637
4.261,the,-10.067904472351074,4.884850707401029,5.714877610813764,7.153107595038017
4.262,signal,-16.815961837768555,4.496279913767277,4.303224404728073,10.000003884850882
4.263,was,-11.469062805175779,4.356679379262506,5.233878569342832,13.070773202006485
4.264,given .,-31.971191883087158,17.860317411686211,17.820453845176104,29.015152899456176
4.265,The,-1.648221969604492,6.746959719648657,6.992360907198334,3.456291647660295
4.266,air,-8.370307922363281,5.148033080713081,6.084421202629130,4.441249263574142
4.267,was,-1.992583036422729,4.517541530560077,4.736574003079787,5.361639624285553
4.268,full,-2.544111013412476,4.667614469988327,4.783893395878176,7.338328409715515
4.269,of,-0.014876618981361,4.071399981254179,4.513871606752844,9.290284797238616
4.270,"dust ,",-6.359337598085403,13.054788397682888,13.661898513817658,19.095056008555819
4.271,and,-0.583071053028107,4.083410775171601,4.526004867356368,5.069177176678818
4.272,it,-2.850111007690430,5.674323610535188,6.133325618115585,8.169606521449452
4.273,seemed,-3.556891548112616,9.558202873478534,9.435448688262511,10.014685350054410
4.274,as,-1.633346080780029,5.272912615347464,5.121272564387638,12.057977711639365
4.275,if,-0.308808535337448,4.454152422391333,4.545699731603043,13.010363682266805
4.276,a,-3.489216804504395,5.040767044188743,4.833929554597460,16.436233347024054
4.277,black,-6.059531211853027,4.797708386012878,5.256522852423878,17.385297940303154
4.278,cloud,-4.883119583129883,3.098134835380491,4.001250611406729,18.249128177233771
4.279,were,-3.356389522552490,3.807883126657625,4.073364623221174,18.036339837361414
4.280,floating,-5.858095169067383,4.760498378678261,4.797813145576558,20.032976564908896
4.281,over,-1.056050062179565,4.172906074661190,4.722950614959450,22.031946437055197
4.282,the,-0.904001235961914,4.896688438332982,4.867520657274058,24.372013190725927
4.283,field .,-5.765204218623694,17.666760814659408,18.656177522878465,33.185980078150607
4.284,You,-6.298817634582520,6.149204429114082,6.843944307190347,3.205367059636441
4.285,could,-3.342043399810791,5.844268570972379,5.608165194123973,5.184547961586397
4.286,hear,-3.533511161804199,5.112940701925626,5.348427862104590,7.175645598973918
4.287,the,-1.578033685684204,5.276280439481106,5.407046120838153,10.048175059591316
4.288,birds,-9.025737285614014,8.236614678507280,8.366465051077911,10.885965725521883
4.289,chirping,-9.632981926202772,18.136483340638250,18.725879329770880,12.255663715084168
4.290,and,-3.405098438262939,6.060669309891480,6.257585307041168,13.192136394160109
4.291,flapping,-12.113984427880494,12.556799056083181,12.726544415887261,14.221177046663241
4.292,from,-11.740338325500488,5.071480163219582,5.509663599947215,14.901495011116165
4.293,fields,-11.357935905456545,5.808640736381806,5.896484596158952,16.184225469224305
4.294,that,-10.982504844665527,5.871930286170014,6.011357951431483,17.091235277894381
4.295,were,-11.802258491516113,5.509172087328967,5.697822571701173,19.029354919963666
4.296,miles,-10.271891593933104,4.251685260825563,4.996772104227349,21.820251204451605
4.297,away .,-27.502732753753662,12.100676953463829,12.795513910966884,49.530081974974536
4.298,The,-1.648221969604492,6.746959719648657,6.992360907198334,3.456291647660295
4.299,little,-9.287208557128906,4.694321000367392,4.807912536217288,4.646808202854087
4.300,birds,-7.303061246871947,10.689237220701584,9.929012646872247,5.651656845609344
4.301,that,-0.257281273603439,5.132309164685787,3.999039192030676,7.189081898492230
4.302,soon,-4.844008922576903,3.936137297966424,3.962294492018482,10.164410831456983
4.303,grew,-5.600543022155762,3.465589534519271,3.410284650280142,12.159009027962794
4.304,tired,-3.925678014755249,4.045003551761714,4.036828313780295,14.029418789641905
4.305,fell,-6.891599178314209,5.112378072242276,4.752493952773890,5.164814801793328
4.306,back,-2.661895751953125,4.852865785259225,5.067891748080458,7.240701848676758
4.307,quickly,-3.436774830566719,9.512182662201546,9.961699998960434,9.145882110482251
4.308,to,-1.381703257560730,4.555774107649775,4.688630065490241,11.472961181662320
4.309,earth .,-5.407500939123565,12.105900220324498,12.625594467227966,19.027579469540512
4.310,The,-1.648221969604492,6.746959719648657,6.992360907198334,3.456291647660295
4.311,fact,-6.562346935272218,5.163954417420015,5.887748617101072,4.150277771990600
4.312,that,-0.026752959936857,5.086895685251688,4.731091193803522,6.141169617592985
4.313,the,-1.504045128822327,4.896176862515122,5.089736177474946,9.354292138740908
4.314,larger,-8.952720642089844,4.996407473624630,5.199172035375861,10.517739643858556
4.315,ones,-6.727519512176514,4.199965552334992,4.284017815959143,11.412492880287267
4.316,held,-7.590613365173340,4.176952707972219,4.176053256130491,11.232391652551419
4.317,out,-1.992295861244202,5.327741429129388,5.266418863323516,13.139125769583364
4.318,"longer ,",-6.583367109298706,9.948056917165657,9.852747178969791,26.397614161011830
4.319,and,-3.057979583740234,4.330477044375593,4.570278496387004,7.835125548278310
4.320,flew,-12.937586188316345,10.489002842032590,10.537133221572892,18.740727957617853
4.321,higher,-5.071737766265869,5.563840130536041,5.550431455217006,21.209802813298374
4.322,and,-4.466531753540039,5.274271422461242,5.323487529762775,22.158808956587261
4.323,"higher ,",-1.057377338409424,8.453414609141230,8.426269505378318,43.032019660595019
4.324,but,-8.355918884277344,4.597250147662373,4.688290885563033,14.907116556602592
4.325,the,-1.475523948669434,5.073372867850022,4.756280123687465,8.353323316090371
4.326,eagle,-11.126089811325073,9.204741319993985,8.971621346629250,24.710562526877784
4.327,flew,-20.463113307952877,9.680614525509275,10.461197344947486,25.486720547081536
4.328,highest,-14.184321403503418,5.018916431095898,4.850702568474111,17.686379974802534
4.329,of,-9.958396911621094,5.681327440764568,6.555279889771724,5.071073705641950
4.330,"any ,",-18.404374122619629,10.830975528054916,10.709820153667724,36.512964735859143
4.331,surprised,-12.029191970825195,3.505035059223431,3.307265200408612,20.999851060190203
4.332,no,-9.562709808349609,4.594159603120744,5.016037464144056,21.999999999981288
4.333,one .,-13.596909046173096,12.874309062957764,12.842971801757812,47.000000000000000
4.334,Could,-13.967734694480894,9.094740495076440,9.344028554518511,2.099331283038344
4.335,anyone,-14.258374691009520,11.202521996294058,11.124496691110856,4.255189804705385
4.336,stop,-11.902132034301758,5.676702061788495,6.416578625816723,5.240791114465750
4.337,the,-11.732781410217285,5.892708751699442,5.936295460818103,6.001908482486888
4.338,eagle,-15.127957820892336,9.861840728736576,9.877852752850149,9.402683741385317
4.339,that,-10.789340972900391,5.458955693514928,5.794309026794352,10.153926600283654
4.340,seemed,-12.976338863372805,9.632146594090839,10.405611741708086,11.206657981327211
4.341,to,-12.625383377075195,5.258911041935353,6.119304762783827,11.109570248339546
4.342,be,-4.626546382904053,4.197922519613181,4.475986784783584,16.051268582747010
4.343,flying,-7.237154006958008,8.475204686549217,8.670373262316721,18.745027202642387
4.344,straight,-9.779075622558594,4.059872770553345,4.687910552182616,20.644538107225131
4.345,into,-7.906281471252441,4.004563719757652,4.288541664123287,22.000870529689426
4.346,the,-4.487328529357910,5.421837487474635,5.466748098822316,24.011194982252800
4.347,sun ?,-24.029057979583740,12.102875457821751,13.998835560801123,54.000001871123899
4.348,The,-1.648221969604492,6.746959719648657,6.992360907198334,3.456291647660295
4.349,other,-5.756252288818358,5.179640637410541,5.389982516496040,4.438849097211722
4.350,birds,-12.503145217895508,10.088607718749673,9.585275056177087,5.433788645841663
4.351,gave,-8.177309036254883,4.131396777433843,4.416885644079956,5.330916512872992
4.352,out,-3.331292152404785,4.862980996195159,4.701504190912835,7.318497284084902
4.353,one,-4.607076644897461,5.204560612290355,5.661691750650287,10.020177852347819
4.354,by,-3.507945060729980,4.360019460561071,4.673880609918938,11.605977360879633
4.355,one,-0.215106010437012,4.956428752617699,4.620716794818827,14.260946701789130
4.356,and,-0.410681992769241,4.368824901966859,4.296229221040610,8.825938159318024
4.357,when,-0.038109119981527,5.872940361945759,5.523703156720027,7.989330965157330
4.358,the,-1.437287449836731,5.184502832040330,4.798451821146922,11.075966065114775
4.359,eagle,-8.110831499099731,7.600377490293530,7.045052516574709,12.032096127313704
4.360,saw,-13.156544685363770,4.660767399876441,5.023042867355429,13.065035931310556
4.361,this,-12.607698440551758,4.720524998591105,4.699887037255250,13.473736125247679
4.362,he,-7.539844036102295,4.871737006766439,5.833738953795307,15.420216803571725
4.363,"thought ,",-23.569373130798340,10.561969217171470,11.248967742856856,19.921414123590409
4.364,`` What,-9.185988245568296,17.739830261008933,18.061047450815664,23.396333802113531
4.365,is,-12.207695960998535,3.062600841604889,3.133988685557558,15.014429765204337
4.366,the,-9.029756546020508,3.964537184751595,3.867066784715325,18.206858794803512
4.367,use,-9.213640213012695,4.280583801037486,4.442535645976321,20.561791522266546
4.368,of,-15.435329437255859,4.600587297066576,4.387050215099043,22.091177148597989
4.369,flying,-17.111442565917972,8.889282761621537,8.381428579927205,23.044332150335393
4.370,any,-6.026337623596191,5.075929384341494,5.233061681122803,24.154764619827610
4.371,higher ?,-21.780583858489990,14.034131317761730,14.144413873670825,52.234162464418702
4.372,This,-4.479230880737305,6.651710392675916,6.920884393844178,3.257444186784426
4.373,victory,-8.611200332641603,5.540644753322798,5.945950272535866,4.273814714504690
4.374,is,-1.720563411712646,3.595241744715952,3.749652182334877,5.144056848809835
4.375,in,-1.106165409088135,3.301883854034552,4.021444018485652,7.152660827895796
4.376,the,-1.513948798179626,4.064230720020164,4.329619478537900,10.011906548001226
4.377,bag,-8.818733215332031,4.407773627609503,5.080854783542270,10.692242480920607
4.378,and,-0.511063337326050,4.745139664319062,4.592592049466340,5.628319034101964
4.379,I,-3.767027378082275,4.649088048964157,5.398165522516835,7.007684374716884
4.380,am,-3.641915917396545,7.569679820402357,6.845241405519283,9.011866653374744
4.381,king ! '',-27.260393664240837,33.055777912387597,33.111234157470307,26.321422389293694
4.382,Then,-3.562890291213989,6.774785583797397,6.632086604967967,2.969230832768160
4.383,the,-2.351933002471924,5.693534932429534,5.072294479399020,5.056006101841478
4.384,birds,-8.607278823852539,9.776644100044113,9.748380294793140,6.068056695891326
4.385,below,-7.882853031158447,3.588447908810280,4.157402463436856,7.604082926334696
4.386,called,-9.461353778839113,8.314624151867870,8.267004367923031,9.711354114122626
4.387,with,-3.720552206039429,4.337719179883092,4.820566429286305,11.699731587824333
4.388,one,-5.156081199645996,5.418017126018975,5.455124570959813,13.503024899909050
4.389,"accord ,",-12.825704097747805,9.248570918708056,9.945199205823295,25.481308405155048
4.390,`` Come,-11.123641557953306,19.927817957082532,20.772464749506049,29.199762111996574
4.391,"back ,",-17.925125122070312,9.341230433361709,9.833007841083969,35.530037401329835
4.392,come,-13.308169364929199,4.328959731414765,4.218734802833115,19.994862615789454
4.393,back !,-26.106431007385254,14.892068571976107,14.722217409811057,42.999981263112510
4.394,It,-3.482963085174561,6.101511125184504,7.065723445463052,3.253049561235394
4.395,is,-1.824608445167541,4.945679283494729,5.222460864745804,5.128450238226482
4.396,you,-9.183819770812988,5.299854893370926,6.343292351408778,7.327525539898804
4.397,who,-0.078400596976280,4.873745362421345,5.324312016044678,10.063313333257591
4.398,must,-4.972702980041504,4.345522770156956,4.194389715275578,13.060696915506256
4.399,be,-2.361245870590210,4.002973761315049,4.166049453904123,15.089410823325570
4.400,our,-5.986264228820801,5.102304312320714,5.144228784022772,17.358129248553386
4.401,king,-7.174297094345093,6.928795412347674,8.380103039680561,18.323450376055700
4.402,because,-2.743039727107316,9.847430710404806,9.847185476958352,19.081680923569635
4.403,no,-5.833018302917480,4.411244277012392,4.340707336914988,22.203412212646409
4.404,one,-0.550346732139587,4.188353575342282,3.951613874678346,23.201403325744838
4.405,can,-2.264812946319580,3.466016309212221,3.557095350772959,24.074289308545605
4.406,fly,-8.070354461669924,3.441815941739879,3.653687506961927,26.211041703004760
4.407,as,-5.533303260803223,4.754627640883625,4.782211648731458,28.508892755944810
4.408,high,-4.247076988220215,4.966633476289346,5.124708144703806,29.874822009220928
4.409,as,-0.004016547463834,4.410782401873981,4.406583604950379,31.001777496280532
4.410,you . '',-16.330202775308862,23.604973863207839,22.740710246152936,46.676298497733313
4.411,`` Except,-10.049493496924697,24.313673036781474,25.074577554759692,6.279022255049783
4.412,me ! '',-28.332685634493828,31.319659690132671,31.195309933380344,17.312376819395414
4.413,cried,-18.563382863998413,17.130104479915889,18.704187134309766,3.304464188402849
4.414,a,-7.906809806823730,4.952923569960746,5.848727648069153,4.311424540127650
4.415,"shrill ,",-14.430173397064207,11.339881439059369,12.420171785222898,11.439415315834559
4.416,shrill,-9.014709472656250,5.182506062410654,5.712322571653376,7.206974815658644
4.417,"voice ,",-5.567075967788696,10.188314712928902,11.345527080189679,19.171322285203210
4.418,and,-2.445236444473267,5.030033642603659,5.489956697173787,11.977634491426365
4.419,out,-8.857852935791016,6.155842668219830,6.699730430781115,12.979892877797791
4.420,of,-9.462738990783693,5.063843260055311,6.014099402509196,13.988857237609556
4.421,the,-7.874865531921388,5.110328670355691,5.268725999494964,10.086402054680310
4.422,blue,-11.084017753601074,5.576771440981994,5.352199739083656,7.014852760499692
4.423,the,-10.048093795776367,5.451683378492092,5.559709982694655,9.280065873817881
4.424,little,-10.420236587524414,5.209163564369661,5.078361308772172,11.842632336406000
4.425,bird,-7.870823264122009,8.753437622832799,9.072989127530413,12.901525240857591
4.426,without,-13.313591480255127,7.991746728044674,8.379427166620520,14.707879610170377
4.427,a,-9.357529640197754,4.640220511313387,4.839842441687034,14.686947574660964
4.428,name,-6.910250663757324,4.021345307088827,4.181762334158181,16.480915762974359
4.429,rose,-14.565015792846680,5.826488093729846,5.989739068503305,11.217525985139439
4.430,from,-10.993895530700684,5.121702644254660,5.426983267242224,13.388520646944453
4.431,the,-8.901487350463867,5.413224033884221,5.152472724179519,14.938024345992186
4.432,eagle 's,-34.583362102508545,23.973222030459333,23.375996534846458,23.000004306497530
4.433,"back ,",-16.950239658355713,9.725130117648540,11.195391297510746,19.698878722352561
4.434,where,-8.763930201530457,8.593134064446081,8.908879988420288,11.162453643559948
4.435,he,-14.259589195251465,5.306805737087267,5.353734716646342,13.580817423057926
4.436,had,-11.936196327209473,4.747519611961463,4.902474924255370,13.120071014589046
4.437,lain,-18.361946702003483,9.074537500053564,9.216503416133357,9.960780926087748
4.438,hidden,-18.610527038574219,5.811396124559318,5.813882792535718,11.916922206403349
4.439,in,-10.723992347717283,4.832248040276850,5.436979901976298,12.999818126644227
4.440,the,-1.744042873382568,5.061452379813216,4.798228279186260,16.689724508684122
4.441,feathers .,-24.310871601104736,13.398557735813240,14.013948386339292,39.421268665153036
4.442,His,-5.777881622314452,6.248731016600482,6.778828838825783,3.455308326655278
4.443,guile,-11.592738866806030,14.755726060935519,15.416271741096789,4.421689638151526
4.444,was,-12.181497573852539,5.196404873695486,5.670504011683412,5.312968915418395
4.445,the,-10.504634857177734,6.127906982624627,6.449036368312234,5.966048280455609
4.446,ace,-13.648128271102905,9.559789245124037,9.610282264225516,7.019517100726120
4.447,up,-11.417047500610352,4.457674861831459,5.244054086537671,8.150288247066808
4.448,his,-13.793107986450195,5.394051687238157,5.979517678910292,9.921928122268517
4.449,"sleeve ,",-15.215532183647154,13.498570803599932,13.809915934312407,23.383207672674132
4.450,and,-5.257945060729980,4.989132026652246,5.450470303615618,13.102890689016712
4.451,he,-13.764389038085938,4.569846460468406,5.252934575340215,14.999988312275072
4.452,laughed,-21.022370338439941,10.748706981169443,10.762411493414929,7.852583184900040
4.453,to,-10.520349502563477,5.675440475965113,6.377335408259253,7.066583362058537
4.454,himself,-14.659867525100708,9.967511642871557,10.036939383010344,9.336165082529783
4.455,at,-10.093064308166504,5.096802500562254,5.458918919689686,10.250780523565457
4.456,how,-9.794390678405762,5.494736276649698,5.966877765445642,12.997448758827154
4.457,easy,-10.391780853271484,5.176810751174949,5.562763003056772,14.346612983128599
4.458,it,-12.666657447814940,5.227688551766186,5.701495092799589,15.989051851750764
4.459,had,-13.106908798217773,5.027277903762585,5.244887839719478,17.273520820649289
4.460,been,-7.741067886352539,4.733928283262130,4.809735460968300,18.370591793045531
4.461,to,-10.724393844604492,4.508147203770154,5.621291303624601,21.239109514491567
4.462,outwit,-14.206113100051880,11.974464314290366,13.874660625728307,23.311293660552781
4.463,the,-8.392716407775879,3.915954922541425,4.084678747930557,25.257531579212593
4.464,other,-12.483938217163086,5.030752405726868,5.417645756707676,27.244525699231023
4.465,birds .,-21.955305695533752,15.297055188863961,16.638890030496906,56.792100598313269
4.466,Higher,-8.967995643615723,6.103690604265362,6.648878448189820,3.550782773354349
4.467,and,-8.313967704772951,6.284320130435272,6.521384583872567,4.614985636511512
4.468,higher,-1.829701185226440,4.422252470081436,4.569612527228180,5.470954724547560
4.469,he,-10.584140777587891,5.923512412946629,6.206355392909048,5.999995839344858
4.470,"mounted ,",-17.241567969322205,17.049239925474637,17.216982064405180,13.309161608137316
4.471,until,-7.387058258056642,5.305820777303827,5.075844831588221,7.993324407100266
4.472,he,-2.763579845428467,5.815668404619228,6.106399395280071,11.025806135283608
4.473,was,-2.176921606063843,5.012192204554970,4.823963389410808,13.034625320084938
4.474,lost,-7.966924667358398,5.163913068343199,4.987898061285707,15.038742795661344
4.475,to,-1.491906881332398,3.556734099947271,3.669565273227289,17.031645303010606
4.476,"sight ,",-14.399113297462463,9.547875379655158,10.755407533024531,29.389996699653700
4.477,and,-4.600276947021483,4.807809985569596,4.926131281607606,10.133991918082463
4.478,then,-2.362996339797974,5.530635696932566,5.457846261654189,12.267743194924115
4.479,folding,-14.576579093933105,5.733106152905832,5.821207921275572,14.007552448238179
4.480,his,-11.586503982543945,6.654495566286615,6.679594544670660,15.000071613294294
4.481,wings,-10.687538146972656,9.204821648557493,9.616088389705462,17.075435242693743
4.482,"together ,",-25.843196868896484,10.695584068762459,11.120577729457054,36.282490538157546
4.483,he,-12.012121200561525,5.472792461790126,6.274072860802258,18.999903954757421
4.484,sank,-17.870199203491211,10.136890836103957,10.419376283637096,22.667709158374656
4.485,to,-2.581245660781860,4.980520026492078,5.349164599330492,24.978985003230441
4.486,earth,-14.096929550170898,3.785637643637197,4.208830639784781,27.420801401619148
4.487,crying,-8.552803665399550,9.532390973669985,10.080428603707784,25.050716169481603
4.488,"shrilly ,",-26.989949703216553,15.727245909423370,15.598462649515390,52.887020877095907
4.489,`` I,-14.493368861978524,19.412833665223168,20.682331486910623,57.000024420075974
4.490,am,-24.167327880859371,7.222343473943098,6.953491827184661,24.223948384408843
4.491,"king ,",-27.450639963150024,10.273877128784774,10.617092116941089,67.022749132690365
4.492,I,-10.667728424072266,4.718034257283900,5.420753484307729,37.077491332736727
4.493,am,-9.132040262222288,7.228846745299244,7.548781058010120,39.002124926743186
4.494,king ! '',-41.108728408813477,25.513909915790492,25.726001619700305,117.738744622511931
4.495,The,-1.648221969604492,6.746959719648657,6.992360907198334,3.456291647660295
4.496,eagle,-12.522111654281616,10.561043043580307,10.466369194970516,4.528866580906858
4.497,tricked,-21.210782051086426,10.369644099502512,10.693596845435387,5.413948035825271
4.498,by,-11.457661628723145,5.431488562979016,5.847164701920068,6.414867247730530
4.499,the,-14.310385704040527,6.052352269076246,6.293011621783181,7.310368441235648
4.500,little,-11.742759704589846,5.971776043105669,5.926248750111919,7.136430700980122
4.501,bird,-9.581514358520508,8.422380139825249,8.839276313702600,10.436773149258967
4.502,had,-11.382150650024414,5.008607885899394,5.282512053616967,11.283822437467842
4.503,not,-8.037702560424805,4.792777744635362,4.862406762624699,12.265607816436908
4.504,sensed,-12.359120607376099,8.528416787407165,8.912230338740768,6.539125008805303
4.505,the,-11.024285316467283,5.538959308486472,5.354532760876221,7.798852024073462
4.506,bird,-11.369620919227600,10.369278978526600,10.281506126289752,8.085434300078418
4.507,in,-10.842803001403807,4.667729890717316,5.621724861451063,9.116283594620569
4.508,his,-5.324587345123291,6.023590535293097,5.761076724373820,11.239942467957787
4.509,feathers,-10.495504379272461,4.821781996099316,5.013991146565339,12.128579623465711
4.510,and,-10.756140708923340,5.410521993789519,6.220710340596662,13.110650327279492
4.511,so,-10.387640953063963,4.682001899899542,5.448467894065603,15.589509524926276
4.512,had,-11.003122329711914,5.500648384330401,5.822970324892892,16.327086717622866
4.513,not,-6.400276184082031,5.098134148602660,5.665147522115443,17.222625132030164
4.514,at,-10.344696998596193,4.918878529308707,5.296063356412192,18.455805842945566
4.515,all,-4.424438476562500,5.236721638376579,5.242662661583103,14.385163065511986
4.516,expected,-8.398436546325684,3.707882660935588,3.885890156449492,17.084604919226802
4.517,the,-12.060275077819824,5.166521531226984,5.309151795342396,18.467107821141653
4.518,bird,-16.708113670349118,9.025150648420649,9.458709960959537,20.000023140802906
4.519,to,-5.885579109191895,5.176938370747552,6.109017069447082,21.001857338591002
4.520,come,-6.246249198913574,4.637100664224255,4.954683558192542,22.574230991112081
4.521,flying,-10.460047483444212,9.473487632067290,9.344312464492806,23.563160651841144
4.522,out,-9.087047576904297,4.943874528687185,5.439608301705466,24.551069557228807
4.523,like,-10.513515472412109,4.216414773931858,4.161242924627375,27.000304062800513
4.524,that .,-22.331546664237976,13.939549621236889,14.459062234361486,60.726556252373271
4.525,The,-1.648221969604492,6.746959719648657,6.992360907198334,3.456291647660295
4.526,birds,-11.456609725952148,10.090099710548378,9.777979197498043,4.489368810213191
4.527,back,-3.810652256011963,5.209060605077021,5.234994834970109,5.768833295055866
4.528,on,-1.788632869720459,4.115617519505188,4.431746250631607,8.025725651818583
4.529,earth,-4.861576557159424,4.327727902473024,5.192001574171132,10.125264942670851
4.530,were,-2.282560348510742,5.302746598497389,5.351185334102619,5.348871067458181
4.531,all,-5.386681079864502,5.232021954507650,5.511763491941519,6.589330074823838
4.532,up,-5.236670017242432,4.824188793290465,5.178159558132658,8.265937508251284
4.533,in,-1.174162030220032,3.430060789252186,4.122783725131348,10.118789251145838
4.534,arms .,-6.347996156429872,13.443757070006097,13.305231747294735,18.000635504888656
4.535,"`` You ,",-14.578973000556289,28.800015847832150,29.362536257247299,12.940352651668508
4.536,and,-7.234718799591064,3.990644245797257,3.817665835404045,7.659847705489988
4.537,not,-5.198709964752197,4.564161804016408,4.662216473851188,8.684629574334817
4.538,the,-1.927023172378540,5.422735959353386,5.727201433463508,10.903221067761759
4.539,"eagle ,",-19.499698162078857,14.175427916640727,14.685981460645719,23.685696090234678
4.540,our,-16.320127487182614,4.862700648282356,5.406282537805258,13.319212027035064
4.541,king ? '',-31.494301319122314,31.012899412113740,30.687584634774183,33.138633361055483
4.542,the,-7.707617759704590,6.726184298556122,6.997611338103143,3.430699311574548
4.543,birds,-11.511303424835205,10.076608054044106,9.747075991641976,4.389781560472048
4.544,"cried ,",-12.632628232240679,18.031913199263016,18.497367278313025,11.681919130545882
4.545,fuming,-24.991013050079346,9.479473204304984,9.790857691656694,7.999476342750229
4.546,with,-8.836803436279297,5.303729652601811,5.969314062245648,8.018541170318233
4.547,anger .,-31.984959840774536,21.320627014093951,21.023353819831531,19.299064540039893
4.548,`` You,-6.484611695319472,24.297275256934448,24.716322939247561,6.754095102346461
4.549,have,-1.958628773689270,3.505474643288282,4.158814433717017,6.751261351385418
4.550,done,-4.052914619445802,5.012213483649205,5.085239081430805,8.820915610235302
4.551,this,-3.292241334915161,5.431533348983237,5.476274131550430,10.896332653096087
4.552,by,-2.288826942443848,3.987629077433817,3.665893970649488,12.733411051803500
4.553,breaking,-6.775313615798950,10.124130961909929,9.911981336321094,15.945355538370910
4.554,every,-5.625520706176758,4.948939083700463,4.946600431657371,18.156830880036491
4.555,rule,-7.654846191406250,3.948897863976653,4.550298818096215,19.311191194065241
4.556,in,-1.609077453613281,3.743348337024373,3.989283686227362,20.617319673912821
4.557,the,-0.506783902645111,4.033213322667302,3.964256190437637,22.680859048345546
4.558,"book ,",-6.169319748878479,8.850131053773762,9.778989621061449,29.104353443687867
4.559,so,-5.262965202331543,3.964287256181270,4.736226122369546,9.564607954514603
4.560,we,-1.694065332412720,5.039338388761428,4.419594317334725,9.194858966001100
4.561,will,-3.687028884887695,4.944700057089593,4.674792378291441,11.382694614542118
4.562,not,-2.917917013168335,4.937165629034932,4.772777615050704,12.638242759746143
4.563,have,-2.034628629684448,3.893778060606852,4.210088752757117,14.933922953428262
4.564,"you ,",-9.304417610168457,9.927672892934893,9.569707812573114,32.679548514408715
4.565,who,-0.216949462890625,5.002328161871929,5.221571694443049,20.840006256628111
4.566,are,-1.508314490318298,3.519994258269674,3.441269461644840,24.909091719992446
4.567,simply,-5.095147609710693,3.999036064095386,4.232798760710737,27.054392728104730
4.568,tricky,-12.236302467063069,7.784249653766738,8.723705668774391,29.103033624973239
4.569,and,-2.754939317703247,5.106916476940171,5.056899343716398,29.941490609414121
4.570,"cunning ,",-16.644841909408569,17.600187405796646,18.191498969230302,63.001339966910876
4.571,to,-7.799235820770264,5.046368153102169,5.573683115714181,33.001714074330856
4.572,reign,-25.752933025360107,8.699638124738197,8.837192606344775,33.996569727643596
4.573,over,-7.449235916137695,5.843733630948684,6.410375868233577,31.848060449324556
4.574,us . '',-35.023949146270752,31.029339389204722,31.891111697223756,73.408124203607045
4.575,The,-1.648221969604492,6.746959719648657,6.992360907198334,3.456291647660295
4.576,bird,-12.058339118957520,10.307086915948132,10.787016889740404,4.567443840441215
4.577,without,-6.260870814323425,9.654613739011790,9.987224149892342,6.136876138269225
4.578,a,-1.530448317527771,4.997987492394729,4.884993073131477,8.217167935387918
4.579,name,-6.386277675628662,4.221848711612871,4.812141668672079,9.250340480075355
4.580,then,-3.097285270690918,5.132644945202184,5.240662557297005,5.107116828258368
4.581,decided,-8.238451957702638,5.093314383408064,5.387863505026751,7.098422483953304
4.582,to,-0.017148552462459,5.089102889834996,4.907366840176318,10.115463155267207
4.583,clear,-8.794010162353517,3.811409301228120,4.304397087785433,12.287500438648555
4.584,the,-0.643928825855255,5.637081969892692,5.787630706806008,14.398103136936903
4.585,air,-2.481492996215820,4.295564948531505,5.182257341310310,15.304114099790040
4.586,and,-0.243784755468369,5.281159339850444,5.134244710231910,13.139955337904535
4.587,"said ,",-5.235051512718202,10.116792096706849,11.239297342308419,23.444612471851279
4.588,`` Then,-5.101338745094836,18.544032503351609,19.376749845196709,28.638158729148977
4.589,let,-2.363278150558472,4.997828425492934,5.507272177061024,17.187299519295784
4.590,everyone,-8.091542929410933,10.360546003611912,10.093718220432539,20.263313025734586
4.591,start,-5.044383049011231,2.733663783846670,2.883603454184386,22.337130585604896
4.592,with,-0.608086347579956,3.928836527184554,3.929772600276906,24.320522325812806
4.593,a,-1.614893078804016,4.705321163943656,4.455572053160535,26.552078676249394
4.594,clean,-6.703525543212892,4.904696819641906,5.075051529038373,27.434003373159733
4.595,slate,-6.965808391571045,4.533076603821341,4.908610058519172,28.354245055569443
4.596,and,-3.453827619552612,4.221083387390890,4.323628070170017,24.416298149940051
4.597,perform,-12.444350242614744,3.413421416225912,3.471248035693746,27.989320743749300
4.598,a,-1.853470563888550,4.666133019652413,4.617269636451390,30.249204808698416
4.599,new,-4.489592552185059,4.264702559196148,4.131394941877011,31.176274827588248
4.600,challenging,-12.738326878228690,8.871203258460332,9.960964443625482,31.982835742715078
4.601,task .,-2.764223693404347,12.436104591936331,11.544298315003498,40.999904367661173
4.602,Then,-3.562890291213989,6.774785583797397,6.632086604967967,2.969230832768160
4.603,we,-3.590982437133789,6.146657626448022,5.941610113900722,5.015916096842053
4.604,can,-4.291386127471924,4.939001726649620,4.591005078408247,6.843400738746048
4.605,decide,-6.079469680786133,5.640138270195596,6.018735680361044,8.853810439950703
4.606,who,-1.856067419052124,5.118739407398289,5.679148781975091,12.036065702560144
4.607,should,-2.892650604248047,3.571054940363719,3.465523267762602,15.009820455661796
4.608,be,-1.093359231948852,2.987025228518023,3.031028655458054,17.063710321705369
4.609,the,-0.364054948091507,4.775726384998991,4.704820877576932,19.460670470387523
4.610,real,-5.398641109466553,4.640467252783106,4.820671084252272,20.508370494586394
4.611,king . '',-21.944678662228398,29.740676480970251,31.475125568194002,37.817354765642222
4.612,Then,-3.562890291213989,6.774785583797397,6.632086604967967,2.969230832768160
4.613,the,-2.351933002471924,5.693534932429534,5.072294479399020,5.056006101841478
4.614,birds,-8.607278823852539,9.776644100044113,9.748380294793140,6.068056695891326
4.615,gathered,-6.660763084888457,7.648207640856053,7.330880202512749,7.090668186433407
4.616,together,-2.033788442611694,4.844837080893685,5.424834527530249,9.143476112971859
4.617,again,-0.424167811870575,5.035831551311539,5.020939454914403,11.085903469243386
4.618,and,-0.294259369373322,5.111020462627192,5.065110148437420,9.473070994097457
4.619,decided,-5.532810211181642,4.985622829273879,5.492528085166591,11.003067436525567
4.620,the,-2.023497104644775,5.250572288050620,5.095616956582601,15.077206979500186
4.621,case,-7.646916389465332,4.612006024397406,5.227914346578737,15.712536760467390
4.622,would,-2.008836030960083,4.190123357568262,4.269542779007981,17.027982325734538
4.623,be,-0.848701119422913,3.866788472816484,3.924839202884140,19.025230684953087
4.624,resolved,-4.467988133388643,10.094444192756830,10.814075705523761,21.034736787693525
4.625,by,-1.377808928489685,3.724400161712752,4.049509312783743,23.047599472576252
4.626,making,-3.697822093963623,4.201623659871506,4.609423602784184,26.085501978289908
4.627,a,-1.355710387229919,4.257274537198474,4.160938023031158,28.456634371690523
4.628,new,-3.691060781478882,5.073201057872011,4.888000026373660,29.396195960677730
4.629,"condition ,",-11.899288177490236,8.766411162385332,8.941697376430081,57.014802573086108
4.630,which,-0.010561524890363,5.592587383426462,5.575341077209092,32.863081452809965
4.631,was,-2.927157878875732,3.732985681823544,3.719042176162780,35.918987292259494
4.632,that,-1.208217144012451,3.747139799516601,3.678803475401704,37.987790416298672
4.633,he,-4.746978759765625,5.436306377666142,6.144346806337683,41.030429759227822
4.634,should,-4.053427219390868,4.255874954763044,4.253366442094107,42.990011471844547
4.635,be,-1.196059226989746,3.668401563705184,3.890052296294734,45.011720065135222
4.636,king,-6.439980983734131,7.803967484274866,8.660240638010386,47.183434359789182
4.637,who,-0.102949678897858,4.887649229445771,4.687909575661722,50.754747209778301
4.638,could,-2.753220081329346,4.173655683751622,4.338840477601884,53.780534556065561
4.639,go,-4.573764801025392,4.310422516528154,4.639938552868768,55.998364502514647
4.640,the,-1.847903370857239,5.071874696920246,5.189361048348678,58.088126835962505
4.641,deepest,-11.195896148681641,4.857837951151670,4.797818026124572,58.907081914862957
4.642,into,-10.845393180847168,4.659468102047862,5.696618947723088,59.879980305702965
4.643,the,-11.079762458801270,4.759525446218988,4.763924832251174,59.645088096543169
4.644,earth .,-26.614619016647339,11.249319686489891,12.676103564061009,125.114944885853106
4.645,So,-6.494975566864014,6.596615330999823,6.546941391335246,2.526637749121527
4.646,the,-1.813741207122803,5.564952726621118,5.341784736692389,4.411226089346898
4.647,little,-7.931123733520508,5.085830512275573,5.157673492626263,5.523936460258083
4.648,bird,-7.215272545814514,9.748720251372998,9.475024314127394,6.653533936019306
4.649,who,-1.173326253890991,5.148617534122587,4.358762490170848,8.083841156816284
4.650,the,-2.631847620010376,4.461967100853107,4.026819786327263,11.154907437340901
4.651,other,-4.717721939086914,4.534806197207383,4.160690625003904,12.151553051279366
4.652,birds,-9.828187167644499,8.556330229941558,8.436020350332246,13.183198235275380
4.653,despised,-14.462337017059324,9.093835005847657,8.709302204555144,13.049286242941434
4.654,was,-14.134892463684082,3.725752812840817,3.849194934261494,14.016614376464984
4.655,now,-12.994762420654295,6.070470564769076,6.001000920697805,5.877684071689577
4.656,back,-2.205941677093506,5.611952445203382,5.712736504849800,8.040137043050953
4.657,to,-8.669626235961914,5.102687708402024,5.366203469671416,9.079898748639911
4.658,square,-9.582975625991820,8.649768876038529,9.413644323411402,12.090371151376145
4.659,one .,-14.273505926132202,14.002214281988355,14.614184541829125,28.155178672573257
4.660,"Confident ,",-20.370222628116608,21.751032578194952,23.137237468750044,8.579419609102878
4.661,he,-8.784104347229004,5.218821523610381,5.636562039652093,5.910776594950931
4.662,"remained ,",-28.001539230346676,10.713675545019235,10.259193434187937,13.644889751930924
4.663,"however ,",-12.934214659035208,16.132247584052593,16.385474561931751,12.858483263413168
4.664,that,-9.763517379760742,5.791185463587081,5.682653448640027,10.178129306441461
4.665,if,-7.705799102783202,5.838695055281013,5.755372163411438,12.002103689140446
4.666,he,-9.715918540954590,5.698445160692349,6.075989959917786,14.000046524320886
4.667,played,-15.881665229797365,4.912288628648492,4.916187024011720,15.000018597884345
4.668,his,-4.458818435668945,5.785034358505174,5.743104609677037,19.184030369660974
4.669,cards,-12.878772020339966,7.417682170458437,7.533431386247726,21.327007084417797
4.670,"right ,",-14.909510135650635,10.742827499441900,11.815508887410726,49.161080728739790
4.671,he,-10.257629394531250,5.080198583825644,5.851358253779178,26.045104811245235
4.672,could,-10.397174835205078,4.617093575795414,4.842665154499416,26.576488093499304
4.673,be,-10.003267288208008,4.239285775913413,4.458317215189370,20.074051415689340
4.674,king .,-25.281628847122196,15.038298943429220,14.655065097610676,45.132443603748371
4.675,How,-0.855351388454437,5.703576787223978,5.933283225642892,3.210304376167670
4.676,the,-1.652642130851746,5.617005085295756,5.474585701693951,7.047089218327710
4.677,goose,-10.948944330215454,9.715289681428283,11.191838120756607,7.849584805514362
4.678,wallowed,-21.179474830627441,10.572977000456527,10.994460580595787,8.959807245991000
4.679,in,-8.037447929382324,4.907762886572240,5.853664309053438,10.103510115880894
4.680,the,-12.516209602355955,5.612343679888506,6.024994049451222,11.203527808961537
4.681,"sand ,",-27.550565958023071,18.359263301326365,19.934270520862022,24.985908574993111
4.682,and,-5.490587711334229,4.059154849454167,4.505877458631248,15.001907306243055
4.683,the,-12.472597122192385,4.027237822468699,4.110896439035087,15.999929978320525
4.684,duck,-9.539347529411316,9.083811978668678,8.892000690486054,16.999950201676302
4.685,strove,-18.162758111953735,11.951504790107519,13.374158709277109,13.918167134438164
4.686,to,-11.848039627075195,5.350685339868164,5.904551667325678,8.086282929243982
4.687,dig,-10.075316429138184,4.875441829785462,5.121597575425522,9.001573386883273
4.688,a,-11.466600418090820,5.497212580861532,5.705564521958340,10.001379137609666
4.689,hole,-10.654367923736572,9.984092215662374,9.805666223149858,13.123866551073887
4.690,for,-9.123263359069824,4.883350967338057,5.078104997014441,16.318050979020096
4.691,the,-12.590993881225586,5.261839431711577,5.257953714642347,17.330174631211939
4.692,new,-6.934864044189452,5.353267638001515,5.475694132399010,19.237566667472059
4.693,task !,-24.786316394805908,14.025620358283017,15.662903295174562,41.617613433265248
4.694,All,-6.472245216369629,6.511265162176303,6.863450452522137,3.562059367600728
4.695,the,-1.768826603889465,6.221678048186916,5.806460205729919,4.574764638129554
4.696,other,-4.386822700500488,5.799533513640517,5.794717349477584,5.656844327709122
4.697,birds,-10.061735391616820,9.995872463562687,9.706623843273947,6.688287224300307
4.698,tried,-8.645482063293457,4.910930872649907,4.903640131810942,5.525351587762760
4.699,to,-0.021308420225978,5.418265266163200,5.540831587770564,8.327228051552822
4.700,hide,-5.290597438812256,4.115044228315620,4.022679289747055,10.388649509330630
4.701,themselves,-4.545276165008545,4.692661742497036,5.060746574107474,12.386376305214176
4.702,in,-1.412889957427978,3.061301133287601,3.785717684106042,14.326033198031444
4.703,the,-1.624926328659058,4.661556061049012,4.787100332353825,16.709080009566492
4.704,"ground ,",-3.640142142772675,7.668532718708301,7.947326821035977,23.318089501127027
4.705,"too ,",-2.798626780509949,9.276028948837878,9.301069696987277,22.909681078027379
4.706,until,-2.142184019088745,5.295540572359488,5.277797794776553,14.255290587578006
4.707,they,-0.741954088211060,4.305573054614978,4.905168821743594,17.213017377017355
4.708,were,-2.029364109039306,4.485414054679494,4.252596360120050,19.294062717793288
4.709,practically,-6.562571048703831,7.155532535663188,8.001001112771034,27.056241782931789
4.710,blue,-8.431488037109375,4.790301381536644,5.252401758111480,29.047460469100720
4.711,in,-1.146620988845825,3.424523133408197,3.806953563652592,30.935070300807642
4.712,the,-0.964100003242493,4.052490606699897,4.089043759888972,33.090984929257232
4.713,face .,-4.461027372919489,12.507573118959158,12.934752721106602,40.325307078357483
4.714,The,-1.648221969604492,6.746959719648657,6.992360907198334,3.456291647660295
4.715,nameless,-14.947232723236086,10.523074710348666,11.758059823989868,4.295326469687386
4.716,little,-5.276809692382812,5.451460773582865,5.858579233230072,5.328983171375922
4.717,bird,-6.142883539199829,9.819987036344617,9.768200186683282,6.395344475986636
4.718,that,-12.491661071777346,5.240026580206061,4.845500090460193,8.002374523826775
4.719,was,-16.115997314453125,5.173985421668284,5.165029686393526,7.144310416527476
4.720,as,-10.184141159057617,5.129391070628046,6.141857951178178,10.025884132050876
4.721,bold,-7.734709739685059,3.650064985478105,3.713246113449684,12.083344295288713
4.722,as,-11.058347702026367,5.858690637306000,6.023012458107549,13.172706232949116
4.723,brass,-19.192295074462891,4.626634384129471,4.905297618153041,14.146776124210140
4.724,found,-11.436439514160154,4.101474734000034,4.322669980436790,5.853482993238841
4.725,a,-10.884879112243652,5.586968498396828,5.750194124494307,9.162214960273463
4.726,pitch,-10.617782592773438,4.451081226947569,4.772850755639361,19.099419207419359
4.727,dark,-9.713478088378906,4.913523606806316,5.275042564218063,7.543729965321812
4.728,mouse 's,-30.058919191360474,26.908585786783171,28.042426567726512,17.577163990247684
4.729,"hole ,",-18.455093860626221,14.492299272796851,14.947104087699710,21.000003297803396
4.730,and,-4.573955535888672,4.533915229073212,4.991389887178689,12.000000564183333
4.731,creeping,-11.368088722229006,4.264534515820647,5.073474993592685,13.000000786100767
4.732,in,-6.400642871856689,4.916047247596494,5.846865853887191,13.994579356978937
4.733,"cried ,",-24.201840162277225,20.229691365416372,21.090415398108089,17.174114789592178
4.734,`` I,-11.249765813088743,18.821990817381149,18.831690344289239,21.240381526910149
4.735,am,-14.369811058044435,8.635565801921251,9.155278385409392,18.832181033496870
4.736,"king ,",-18.197447299957275,13.086746164715272,13.618672527564206,40.943728304790639
4.737,I,-10.230644226074221,3.877674060202881,4.438707618128099,21.999677192959453
4.738,am,-15.890830039978027,9.219342137550838,9.770673667355902,22.999981338955148
4.739,king ! '',-32.553977608680725,31.223248875139916,31.604081341817071,76.999550294087157
4.740,but,-11.526541709899902,6.321528671052913,6.586843193788821,2.336847406219797
4.741,it,-2.796725273132324,5.994418591574945,6.264376702184451,4.238169430561141
4.742,was,-2.289968729019165,5.538142394888091,5.552834985016753,6.152823990140043
4.743,of,-5.314782142639160,3.151071061474406,3.870487712614196,8.090346903616485
4.744,no,-2.555487871170044,3.393823468295074,3.563536830048760,10.591952414572001
4.745,avail .,-25.618000030517578,13.811032283038607,14.291466435592014,23.576314005050513
4.746,"`` You ,",-14.578973000556289,28.800015847832150,29.362536257247299,12.940352651668508
4.747,our,-5.543282508850098,4.971335438494570,5.303720153071612,8.612329974801497
4.748,king ? '',-32.083913803100586,30.551865330501897,30.289533230634650,21.292392392348333
4.749,all,-11.805983543395994,6.704635709111737,6.516937009736678,3.528740384770406
4.750,the,-1.774542093276978,6.228194743741970,5.832514857806133,4.569538747540323
4.751,remaining,-6.392658469965682,11.310303556843646,11.668393486870984,5.385364614853092
4.752,birds,-9.092891216278076,10.235851740520383,9.873875867878706,6.399344909871843
4.753,who,-1.533331990242004,5.347984300326392,4.930808895123422,7.074726482051978
4.754,the,-2.458519458770752,4.197718447883791,3.798643509147057,10.105446356334728
4.755,littlest,-13.336040996015072,13.785539237621816,14.127973643811407,11.149319380039943
4.756,bird,-6.261522531509399,8.848547546617418,8.901583856637973,12.176124930918615
4.757,had,-13.687809944152832,5.155327137218180,5.474274367758997,13.050071603105113
4.758,outwitted,-28.352965354919434,14.661959629614030,15.097776226384635,14.026158022501610
4.759,cried,-15.598394870758055,10.687515149337305,11.069952579419098,12.041551933300125
4.760,"again ,",-23.021274566650391,8.309737737381571,7.964324366060334,25.068231456308730
4.761,even,-8.366499900817871,5.134374151955072,5.147192876540676,14.001312420228894
4.762,more,-4.759225368499756,4.819364459038988,4.748140925012480,15.000727368816396
4.763,angrily,-20.685805797576908,7.780717396886549,7.820248723052317,5.886140346745479
4.764,than,-11.114562988281250,6.058781465075944,6.383097567424718,6.664094360052433
4.765,before .,-12.849434137344360,12.619794807406445,12.984446278255307,13.816690046091484
4.766,`` Do,-5.684510891944228,23.367086700615825,24.085330357725773,6.135305302464959
4.767,you,-0.257856309413910,5.083577838022054,5.284514105039182,5.292050204015394
4.768,think,-1.580218672752380,4.297047127070598,4.320287617408764,7.355836988374323
4.769,we,-2.496325492858887,4.590152784444760,4.618724336249969,11.390211814016951
4.770,would,-3.769717931747437,3.950117960302506,4.152195512334013,13.359325773499179
4.771,reward,-10.611156463623047,3.634366309053394,3.832086520182000,15.341049941294973
4.772,your,-3.686334609985352,5.288070760947869,5.484296414313529,17.416563500273654
4.773,cunning,-14.352560758590698,12.329843380696142,13.238420873606779,18.267869151684540
4.774,in,-7.383902549743652,3.963330897896572,5.348661106933324,19.282710634412574
4.775,this,-13.412206649780273,4.806348113761872,5.054519726138499,20.279056138111478
4.776,way ?,-28.692292690277100,12.864866141140697,14.328468188422303,42.612004816847382
4.777,"No ,",-6.526848614215851,10.573108982006554,10.616911277895918,7.337124305458767
4.778,no !,-3.892338767647743,16.488520940018265,16.985452561110311,13.051913339917682
4.779,You,-6.298817634582520,6.149204429114082,6.843944307190347,3.205367059636441
4.780,shall,-7.735445976257324,5.757022015595005,5.248241660677938,5.106857679736969
4.781,stay,-7.227767467498778,4.861661015127808,5.283528709521656,7.353641300604144
4.782,in,-0.693350315093994,3.159474386691012,3.974477225023808,9.311605665412230
4.783,the,-1.358786940574646,3.480016221093749,3.690745904199502,11.467176705940034
4.784,earth,-9.201635360717773,4.209620991724730,4.987800670274753,12.440828928430053
4.785,till,-11.642398357391356,8.820675937732295,8.845719976925247,12.074893393089654
4.786,you,-14.804539680480955,4.841967749791255,5.087194908309379,12.266791276512587
4.787,die,-14.733777999877930,9.455603594794754,9.645256135630165,13.527260685157216
4.788,of,-12.049901008605955,5.419690451009369,5.800812725194214,15.285880656304155
4.789,hunger ! '',-37.902088284492486,26.719871172928130,26.316779539419574,56.114792795392049
4.790,So,-6.494975566864014,6.596615330999823,6.546941391335246,2.526637749121527
4.791,they,-3.139997482299805,6.148827655052979,6.261309009336808,4.197948745671684
4.792,shut,-8.853869438171387,3.910868969608904,4.361190164036160,6.557907172472165
4.793,up,-1.979006052017212,4.216874892284607,4.627663838668719,8.671506451451455
4.794,the,-1.344659686088562,5.115242133986944,5.314766017834796,10.846461119269181
4.795,little,-7.162118911743164,4.492714429317477,5.018819415788862,11.771016076487973
4.796,bird,-7.363440513610840,9.138770445105981,9.447176940669671,12.817249283274574
4.797,in,-0.747382223606110,3.420300324687593,4.016149746848821,12.862521785980633
4.798,the,-0.840787887573242,4.172289300663096,3.924818808674919,15.149320866830498
4.799,mouse 's,-16.894318707287312,23.855234805536170,25.206046940814296,33.964348880537194
4.800,hole,-17.850409030914310,8.804055080474336,8.731692589785371,18.219540175192467
4.801,that,-13.060139656066895,5.452823766247014,5.473168130116488,18.902774832300373
4.802,the,-10.199593544006348,5.256336153468373,5.535563932108529,19.826884962736639
4.803,mouse,-24.111191749572754,14.309369392334895,14.180685353127187,16.118782446500617
4.804,gave,-12.875947952270508,5.063258567076828,5.876445889401548,21.820368826683389
4.805,up,-7.786614418029785,4.440790693089872,4.490743129331847,22.839977927478799
4.806,most,-10.354457855224609,5.289513957035613,5.079672991326596,23.771517761466178
4.807,"unwillingly ,",-35.179475784301758,13.582526718495968,13.550471938484840,41.070990323278934
4.808,and,-12.387120246887207,4.199430430845240,4.554593825253057,23.749075152141597
4.809,bade,-16.466720342636108,8.323231988255165,8.415111826615252,24.935147868144004
4.810,the,-5.363067626953125,4.479793757324882,4.530187928940868,25.821343587730922
4.811,owl,-15.498862266540527,8.071571159683684,7.809592225406805,26.830944516971797
4.812,watch,-20.655607223510746,4.444356406559557,4.742151627539918,29.173723918312458
4.813,him,-10.790655136108398,4.553839824146750,4.991131317578517,29.961081451573619
4.814,carefully,-10.540807723999023,4.794062694787072,4.933032552774011,30.999879254666794
4.815,night,-9.095120429992676,5.020019867398641,5.300702503778894,29.302691092816090
4.816,and,-12.543156623840332,4.300648848809722,4.444662656989840,13.271342796673579
4.817,day .,-17.723035216331482,18.926397287926818,20.032807668860677,29.101460272181420
4.818,Then,-3.562890291213989,6.774785583797397,6.632086604967967,2.969230832768160
4.819,all,-7.181737899780273,6.129190988131287,6.059541330505081,5.232984585679151
4.820,the,-1.359426736831665,5.813717247874081,5.745882294883992,6.155058174729593
4.821,birds,-7.395822525024414,9.082351644424945,9.094433512310788,7.223167612346653
4.822,went,-3.736207008361816,8.062369589861047,7.694879080758848,7.352931206161327
4.823,home,-2.360957860946656,5.225354618207762,5.792387790044928,9.246493324719664
4.824,to,-0.889575362205505,4.731356304184555,4.914566787857149,11.557583231570106
4.825,"bed ,",-7.725616931915283,13.494331436093780,14.290769930237206,21.814507909430709
4.826,for,-2.892399787902832,4.515632795827988,5.084574383917650,13.951769851051047
4.827,they,-2.828259468078613,4.090713379484476,4.742652931458926,17.001418786167836
4.828,were,-1.914569377899170,4.431594393953106,4.392068058220059,19.038085024147520
4.829,very,-5.451248645782472,5.212576607625639,5.449254365271809,21.237184160668999
4.830,"tired ,",-6.019261419773102,8.824268477958352,9.205438597383226,43.335433064285382
4.831,but,-3.709361791610718,4.311629209465899,4.688160244130357,19.672064016737465
4.832,the,-2.176371097564697,5.314139662405582,5.216790431234611,12.681841220096116
4.833,owl,-10.395216464996338,8.481208075936420,8.408168656358272,13.001214425271527
4.834,assigned,-16.847278594970707,5.683294372031468,5.858187619044394,14.004115369398546
4.835,by,-10.493209838867188,5.098567282204500,5.788134104045480,14.993425897957131
4.836,the,-9.310486793518066,5.274138912359978,5.145864670135833,15.999330667878425
4.837,birds,-8.869093894958496,9.769512723274318,9.819911092033124,17.000371996093804
4.838,to,-9.542494773864746,4.248982130991782,5.336560685448664,18.002501390157626
4.839,stand,-14.816470146179199,5.427301736606378,6.029819599673791,19.684795054573971
4.840,guard,-6.888573646545410,4.560730857253031,5.098789330812549,20.973198034307650
4.841,found,-12.640227317810060,4.801546069791792,4.863972661544795,22.007757678376173
4.842,his,-11.168959617614746,5.147782132788462,5.845945695360914,24.259675392785073
4.843,job,-11.154679298400881,4.278666230079924,4.991992075478564,28.031059358555172
4.844,was,-11.038828849792480,4.465787725444113,4.980365714879049,29.142400151664329
4.845,lonely,-14.874649047851562,2.663181816945184,2.874577767288650,32.008358928248313
4.846,and,-10.604102134704590,5.164831944308466,5.275380541007322,33.000002118353230
4.847,wearisome,-12.241780996322632,5.121823224038848,5.512311945798056,34.000531610307839
4.848,because,-20.040111541748047,7.656797694304849,7.775058894425894,34.614608616661194
4.849,he,-14.789094924926758,4.484523621978644,5.211371771505670,37.054879356343420
4.850,was,-13.145103454589846,4.583828325238204,4.800936299246598,38.039490760482593
4.851,just,-10.267752647399902,4.388206482593168,4.582192470810440,39.066344743279707
4.852,sitting,-13.905573844909668,4.488033089537378,4.748461948428329,40.237495440411934
4.853,alone,-16.605310440063473,4.253492391402468,4.973385938995051,35.821721484511464
4.854,staring,-16.983768463134766,12.189654024336278,12.748284962138687,38.969538654248815
4.855,at,-10.955157279968262,5.094493917059171,5.710670727081043,40.985117705233620
4.856,the,-6.359317302703857,4.904090288829671,4.856368451291584,42.991429922856533
4.857,mouse 's,-30.852469563484192,21.008328927294876,22.505293885264383,90.996989910170100
4.858,hole .,-22.299319982528687,13.960278356494356,14.917626728044191,96.516797041764335
4.859,`` I,-4.767228429824172,24.493645510612883,25.184773098364225,6.797413692002586
4.860,can,-3.411435127258301,5.178264889811532,5.676754259354403,6.771313261921425
4.861,close,-9.179130554199221,4.430593969469276,4.569303609671729,8.917493111811838
4.862,one,-3.234337091445923,4.999759410149188,5.466292862182504,11.217161013614351
4.863,eye,-6.800036430358888,4.774630616402377,5.819997181050510,11.710996703990144
4.864,and,-3.012236356735229,4.327791807187198,4.707047595162376,7.396200547675281
4.865,watch,-4.033387184143066,3.992024410836918,4.342226925840424,12.724380657113016
4.866,with,-2.251959323883057,4.374846242578835,4.493197325768237,13.754185114826010
4.867,the,-3.631485462188721,4.682512258127722,4.404204573272353,15.792013560418868
4.868,"other , ''",-16.372952945530415,22.103956671111931,21.686716872893548,29.481097125908828
4.869,he,-1.079243779182434,5.563069185561599,5.612852623801387,9.734242381642780
4.870,thought .,-8.539251470938325,14.737916394662774,14.274566310614899,25.449979841141179
4.871,So,-6.494975566864014,6.596615330999823,6.546941391335246,2.526637749121527
4.872,he,-2.589966297149658,6.369364407698704,6.920889026170920,4.166570558299648
4.873,closed,-8.185409545898438,4.203207939023737,4.886580673477014,6.510819230592769
4.874,one,-6.359555244445801,4.468919584061281,5.117437171681789,9.369263627556171
4.875,eye,-8.340985298156737,4.359299047380432,5.285205931378953,9.784974814289006
4.876,and,-0.228321924805641,5.267852362331165,5.282294395353094,8.564051289053817
4.877,stared,-8.453681132290512,12.038734076595899,12.975789731702774,10.052231130525401
4.878,steadfastly,-22.537244915962219,10.018367830400241,10.544857103569727,11.064278231089878
4.879,with,-8.961887359619141,5.605919607970653,6.333664252787273,12.001726878479435
4.880,the,-7.767767906188965,5.560736230820683,5.575907394536309,13.007414947464405
4.881,"other ,",-14.767439365386963,11.313020678164545,11.340563080243399,28.004771595694585
4.882,but,-7.945739269256593,4.674834287669018,5.124118469954039,16.396851219240283
4.883,before,-10.883055686950684,4.435618251490809,5.080290834994337,17.074353547287949
4.884,he,-16.484056472778320,4.483648005493278,4.778739039538972,18.757603126806817
4.885,knew,-11.152463912963867,5.415384481596591,5.446837165620416,11.138030341444139
4.886,it,-12.289077758789062,5.187624812585847,5.670549993927676,18.037740051003627
4.887,he,-0.903018414974213,4.627609242298045,4.916098568294677,21.936413657096335
4.888,forgot,-7.681651115417480,3.995658001190120,4.305429930923744,24.036785694919793
4.889,to,-9.189859390258787,3.762780507151319,4.762868955856399,26.021745992693209
4.890,keep,-13.276868820190430,4.166421714505384,4.885188882481226,28.958507579935095
4.891,that,-12.251522064208984,4.540305662980038,4.367319986238141,14.337479293729686
4.892,one,-8.370748519897461,4.574760513303750,4.490481923365361,16.385111895589453
4.893,"open ,",-15.293082714080809,9.626434648021117,9.725004731172028,37.206711822343784
4.894,and,-8.771934509277344,4.342863200659473,4.811643860321778,23.087941011515888
4.895,both,-6.854897499084473,4.883158071760609,4.635515980082299,24.162091805143184
4.896,eyes,-8.267431259155272,3.943289335453328,4.097486854358571,25.022027436201611
4.897,were,-13.563329696655273,3.971138655026230,4.033109072106444,26.997501420474748
4.898,fast,-8.947338104248047,3.988441100557474,4.058173464025243,27.993100893910693
4.899,asleep .,-24.373066425323486,19.307195738621292,19.614988729201706,33.297881086399755
4.900,Then,-3.562890291213989,6.774785583797397,6.632086604967967,2.969230832768160
4.901,the,-2.351933002471924,5.693534932429534,5.072294479399020,5.056006101841478
4.902,little,-7.790902614593506,4.916471115917510,5.002837229495244,6.048240790868070
4.903,bird,-6.939174056053162,10.292361476660908,10.069745727184634,7.089118055965416
4.904,guarded,-13.853631496429445,8.168570561472121,7.777970649179753,7.394874792625318
4.905,by,-11.176051139831543,5.200713799090166,5.453733670231625,8.294269668530303
4.906,the,-8.283256530761719,6.209892612765679,6.060045414894597,9.409385279216094
4.907,owl,-12.680089473724365,9.902354912614236,9.778515741110864,11.269824954417350
4.908,peeped,-24.525368690490726,9.493220998572076,9.875780777648480,13.021538499301819
4.909,"out ,",-13.118015289306641,10.286429206655292,11.459724536991061,29.022480737692355
4.910,and,-6.509759426116942,4.569532552955733,5.211622691047108,16.010232746871598
4.911,when,-11.133282661437988,4.251773691662732,4.554336816479174,17.006920878041345
4.912,he,-11.948524475097654,5.548582699341600,6.393972856865545,12.038946667652779
4.913,saw,-17.908731460571289,3.988552526192674,4.160193202007567,19.988800118663217
4.914,the,-6.294096946716309,4.624751935096088,4.455139493735269,20.999100487837971
4.915,owl 's,-33.600361824035645,20.651509511913211,21.423265853193378,45.304215758090038
4.916,two,-10.511395454406738,3.518440190259217,3.962427342945079,26.900377124318155
4.917,eyes,-8.223099708557129,4.461834195057008,4.955608392219679,30.396746250985775
4.918,tight,-15.941650390625000,5.198368266969720,5.567242099241923,16.864040364327902
4.919,"shut ,",-19.754708290100098,9.535388403187715,10.384037762010205,27.590339033498559
4.920,he,-7.108392715454102,4.953214465716067,5.384931534646528,15.302091621101955
4.921,slipped,-17.632932186126713,7.715393446335793,8.310174135189424,24.618486194749046
4.922,from,-6.913547515869142,5.532346599132959,6.073042993787463,16.999572127957929
4.923,the,-11.271041870117188,5.784957248978960,5.798848492805730,23.415524197400593
4.924,hole,-9.594110488891602,8.702061340208902,9.199751289318590,25.938310698658618
4.925,and,-4.088222026824951,4.788238473376909,4.826213492231161,13.000089860663412
4.926,flew,-17.526017189025882,11.325583007408866,12.686982388362011,15.069010959801656
4.927,away .,-28.538859367370605,15.727467094530155,16.254393704841767,36.085781867204176
4.928,He,-3.132118225097656,6.172610445780090,6.970292006513135,3.087320030454809
4.929,wanted,-6.655257344245911,8.488831426681816,9.002026010344904,5.258229542590604
4.930,to,-0.014810257591307,6.015381305562022,6.075166025207797,8.273535178410906
4.931,"shout ,",-13.032633900642393,9.545252635787087,10.365007325283310,21.697568442595681
4.932,`` I,-12.098194513077031,18.302674915812059,19.175328156653652,25.535741878801634
4.933,am,-13.585107326507568,8.273032046321598,8.343611002787586,15.004204874183273
4.934,king '',-31.190257906913757,20.681064578100813,20.474703184694803,36.054184907053191
4.935,so,-14.645531654357910,3.753756671843396,3.933916171790067,21.218548671712078
4.936,that,-4.786419868469238,3.607785143865301,3.406840353110149,22.765370423902770
4.937,the,-13.161113739013672,4.923772831233063,4.813917044596097,25.999831861136446
4.938,owl,-16.063133716583252,8.466786126142184,8.732699367121143,26.945117029730763
4.939,could,-13.141163825988770,4.444148298934142,4.658226677034087,14.000017170068499
4.940,hear,-11.393343925476074,5.129303500896273,5.249495515419063,15.000008483750680
4.941,him,-12.265300750732422,4.755801265572317,4.940773149431448,15.992065575146340
4.942,as,-8.466511726379395,5.934423935517755,6.062676546414820,16.185170936501049
4.943,he,-3.658474922180176,5.027014383152210,5.340624020573571,19.983487495598467
4.944,"flew ,",-27.406254410743713,14.506511408542501,15.252668512137898,45.066414603362318
4.945,but,-10.874694824218750,4.354986538292225,4.488540700258405,25.000004146806354
4.946,thought,-13.150020599365234,4.311164135500012,4.520793769944073,27.103319051561101
4.947,better,-12.175022125244141,4.527029751790933,4.563132798506465,28.037294536117720
4.948,of,-9.507993698120117,4.557939881330747,4.488004374354975,30.007885985532933
4.949,it .,-18.511863231658936,13.467432262073974,13.604887713518515,68.922367161216812
4.950,From,-5.577689647674561,5.317459724759353,4.777053387741347,3.339283686478558
4.951,this,-3.187852382659912,5.352294902959090,5.426576728838533,5.233327323175736
4.952,time,-3.832479476928711,4.728237379120895,5.210758952458066,6.543421988807355
4.953,"on ,",-0.241129279136658,10.402429443447328,9.602243707679055,10.202930828963417
4.954,the,-1.436227917671204,5.454407669798258,5.107282952239126,6.441543074374215
4.955,owl,-13.179707765579224,9.981769281344510,10.086105550853144,7.001171128323281
4.956,fooled,-19.360668182373047,9.814307992318382,10.393904618492297,8.008688092219089
4.957,by,-9.658070564270020,5.081054400814880,6.051727839672023,8.923171352170113
4.958,the,-12.610686302185060,5.686717430420614,5.959858197287872,10.006433713587146
4.959,little,-5.954226970672607,5.359816229883307,5.716836448629294,11.010958933923416
4.960,bird,-13.315290927886965,11.125353783895042,11.192842718245316,11.000002536036275
4.961,has,-10.769140243530273,4.370474002902533,4.854443316026462,13.127890660389145
4.962,not,-10.056057929992676,4.868585142976792,5.186868828240998,15.000001445310614
4.963,dared,-15.112497329711914,5.187539823491561,5.790840281583519,16.000001129372439
4.964,to,-3.841947078704834,4.915053886795361,5.552867317716196,17.022777904561956
4.965,show,-12.177573204040527,5.043895865480557,5.295401465964009,18.049054798678171
4.966,himself,-11.944549560546875,8.437194593175311,8.571867824208082,20.002443226930001
4.967,by,-11.556655883789062,4.724610193831275,5.103362477239076,21.000971419836873
4.968,day,-13.006781458854675,9.169267338244657,9.290753493009998,24.005654247983546
4.969,for,-8.272680282592772,4.697611172108184,6.185810645367924,26.003464341162246
4.970,fear,-8.889471054077148,4.064262790031830,4.267034231827973,27.996875555948051
4.971,the,-12.180755615234375,4.819379456375073,5.010500912999653,29.125488689937807
4.972,birds,-9.579168319702148,7.386090006330006,7.917718998085919,32.077427734776933
4.973,should,-12.402223587036133,4.410418559872121,4.399476953277449,31.482756123792271
4.974,beat,-11.680636405944824,3.598143522083472,4.394685952761246,34.077255118614325
4.975,the,-2.756831645965576,4.939230409063205,4.896843428618532,38.053500350624134
4.976,living,-8.036013603210451,4.995909861549868,5.087089783234152,39.050442880989578
4.977,daylights,-15.008471388369800,4.634602973418264,4.890714846969063,40.011570375833713
4.978,out,-8.177891731262207,5.844736598720106,6.399667891815888,42.035018941619036
4.979,of,-9.590994834899902,4.668033428385316,5.026572219290828,44.025715482927808
4.980,him .,-22.632780551910400,12.958354322364835,13.623686310648612,91.008003252373356
4.981,He,-3.132118225097656,6.172610445780090,6.970292006513135,3.087320030454809
4.982,flies,-10.435218997765332,9.599301166706054,10.690498236011274,5.402455496841926
4.983,about,-1.102822065353394,4.174655363480185,4.947858690772875,8.814114264840406
4.984,only,-9.014841079711914,4.351245535823101,4.597132933086034,10.049065232403137
4.985,at,-3.112878799438477,3.908732369289970,4.231483781546685,11.250955304164190
4.986,"nighttime ,",-15.466284751892090,14.348150505082165,16.003091814409942,29.209948069774448
4.987,hating,-24.420607089996338,14.277713079753893,14.834606801432832,16.100709288248378
4.988,and,-0.196347981691360,5.376378356316166,5.836308039172278,17.077234791511998
4.989,pursuing,-13.305339813232422,9.772280801820910,10.747605742336551,18.075513856395254
4.990,not,-13.434389114379885,5.418917916209885,5.279979860846330,15.056719265523805
4.991,the,-6.308795928955077,5.482343109626112,5.844530389384763,19.999999987050128
4.992,"bird ,",-31.869046211242676,12.115783766754982,12.440936624185653,34.115883613340330
4.993,but,-4.276347160339356,3.817101302517121,4.280338210471247,19.331994153177639
4.994,the,-9.659454345703123,4.159832618969861,4.601566283934254,19.973561238847832
4.995,mouse,-15.165967583656313,13.986963176984005,14.731864082770812,19.998887636696999
4.996,for,-9.317263603210449,5.316269760610371,5.697840110537412,22.273690358282995
4.997,having,-16.421291828155518,10.113299927727883,10.061900130345064,23.027516553295413
4.998,made,-11.037932395935060,5.408965017541226,5.457303496367117,24.021126329044524
4.999,the,-11.752043724060060,5.330260878519903,5.393606264145803,25.031093418469840
4.1000,hole,-11.340830802917480,7.371868354573550,7.501966443796621,28.051371386334253
4.1001,into,-9.809820175170898,3.878602375273913,4.817036120935004,30.029130908621969
4.1002,which,-12.189895629882812,5.510432423825717,5.617511081601224,32.055570477090761
4.1003,the,-7.235128402709961,5.546789965558710,5.877508250353293,33.001129325000647
4.1004,little,-14.717889785766602,4.660111501523390,5.174921809277686,34.019495727618740
4.1005,bird,-19.770503997802734,8.159475928231242,8.400378655726014,38.993059165756200
4.1006,crept .,-27.472748041152954,16.746462550709477,17.689720643663676,84.966718742169633
4.1007,And,-4.475941181182861,6.911740063447175,6.874930150348805,2.054780871927588
4.1008,the,-2.243080139160156,5.905819522701856,5.733538288777572,4.508154694875090
4.1009,little,-8.172381401062013,4.790171838867320,4.830118535955777,5.605148112552698
4.1010,bird,-7.157351732254027,9.763165789600944,9.365165350137977,6.704338487319974
4.1011,also,-2.586348056793213,4.501686354401449,4.030109856648258,6.099925987299418
4.1012,keeps,-5.491913795471191,4.375631267061569,4.542794200285993,8.092878337245878
4.1013,out,-2.590311527252197,4.368789599575830,4.423688197160986,10.080220276991502
4.1014,of,-0.010376432910562,4.780442389928806,5.194985849514782,12.072058408392953
4.1015,"sight ,",-5.673314452171325,9.995601319694506,10.152808147393229,24.537345127224945
4.1016,for,-3.218793869018555,4.782079088799908,4.712555435927441,13.054058400432410
4.1017,he,-4.326592922210693,5.111765824793671,5.568675426812353,16.023475054420427
4.1018,fears,-6.958767414093018,4.382731114559949,4.264640764444045,18.024435111690256
4.1019,that,-1.139580726623535,5.127662851546262,4.907553189784691,20.073847514306106
4.1020,the,-1.626206994056702,4.829881377294998,4.764615896125623,23.419592935741228
4.1021,other,-4.828982353210449,4.450070721609975,4.488960200971481,24.216740838382677
4.1022,birds,-6.669454216957092,8.018290235317298,8.249034887318318,25.074695751909079
4.1023,should,-6.257596969604492,4.298902015771890,4.321541139939753,25.050082636556848
4.1024,punish,-9.942262649536133,3.917581259469132,4.210019029822099,27.150278809392372
4.1025,him,-13.036146163940430,4.675359512961304,4.910588311786197,28.079337601895890
4.1026,for,-12.196717262268065,5.002975979973544,5.952433220146562,30.416658905176444
4.1027,his,-13.445027351379395,5.249402982152082,5.515226490145545,31.569488662358012
4.1028,cunning .,-23.143532752990723,20.463737990530177,21.424696522710818,69.368556605562020
4.1029,The,-1.648221969604492,6.746959719648657,6.992360907198334,3.456291647660295
4.1030,rejection,-9.137527465820312,5.508673906431129,6.006263757325133,4.553659878771300
4.1031,by,-1.570920467376709,3.946107733563307,4.153047243368183,6.113380782928528
4.1032,the,-1.362597703933716,4.488550631010924,4.524590580742434,8.476020514166500
4.1033,other,-5.671187877655028,5.015684701374564,5.209725986685995,9.431043115144263
4.1034,birds,-14.677849054336548,8.744137689613463,9.463043981600388,9.996967105414123
4.1035,was,-1.402415275573730,4.129118577429079,4.239852956339584,5.022392963161519
4.1036,a,-1.113602638244629,5.818424682017496,5.792693231363812,7.700187249634777
4.1037,bitter,-6.273500442504883,5.059972472739152,5.492727443079097,8.562216366655669
4.1038,pill,-6.533851861953735,9.855124707771306,10.428047139522898,9.572497232876504
4.1039,to,-0.013162862509489,4.721556992551059,4.707712455067805,10.580066808067619
4.1040,swallow,-3.319382190704346,4.871052652840646,4.912476189230891,14.036707397366635
4.1041,for,-11.197150230407717,5.394301657091272,5.337855519706782,15.014565743389987
4.1042,the,-8.933661460876465,4.779660532578948,4.492546162396779,16.944085109109462
4.1043,nameless,-15.627400398254395,9.116272899276913,9.255073921279331,19.881096356543086
4.1044,bird,-8.037667989730835,7.485381787729341,7.802091593034005,20.922476858061351
4.1045,the,-11.175553321838381,3.522064469969658,3.916940925733404,21.924434351952261
4.1046,owl,-14.386353969573975,7.177503738585470,7.401917318431336,22.945400027584931
4.1047,had,-12.071460723876953,4.462219860300801,4.695906350467307,22.137107864190558
4.1048,let,-9.423110008239746,4.367487752239084,5.094121913048514,23.858385052802330
4.1049,slip,-7.974554061889648,4.339470260277484,4.107810520298373,25.292506214900570
4.1050,away .,-26.116251945495605,10.698913358637750,10.967590124083666,52.342851517505935
4.1051,He,-3.132118225097656,6.172610445780090,6.970292006513135,3.087320030454809
4.1052,hides,-11.689858739031479,8.244091926601884,9.515355673906745,5.271868785659769
4.1053,in,-9.385304450988770,4.894480567549267,5.575668095187265,6.236503239201664
4.1054,the,-9.237803459167480,4.610671166122049,4.817407956097696,8.116602985853588
4.1055,"hedges ,",-21.880731344223022,13.015788432783729,13.906847465404901,21.870809871176380
4.1056,and,-6.335476398468018,4.898458697950441,5.323301488942975,12.205478164124751
4.1057,when,-13.947669982910154,3.523985896803932,4.167834684144156,13.999792800364256
4.1058,he,-8.299980163574219,4.801791143782674,5.333230987266816,14.994185257635962
4.1059,thinks,-18.365468502044681,11.134354653146026,10.979169206137989,11.908776624999687
4.1060,himself,-10.083804130554199,11.128872426021884,11.130582603528767,15.621352574359555
4.1061,quite,-13.004994392395020,5.250839123569273,5.650759104788723,17.574125559098142
4.1062,"safe ,",-23.089030265808105,8.883643620242589,9.277867040969777,35.278004989787519
4.1063,he,-9.110693931579590,4.446604620195256,5.222189299700057,19.194868755710115
4.1064,sings,-19.427089691162109,4.502644814158971,4.601769895629523,20.974800550657694
4.1065,"out ,",-19.260159969329838,10.872021069572581,11.485574391059160,23.997740861234032
4.1066,`` I,-5.531454497715458,19.997354257361142,20.215364524627070,29.921217815082450
4.1067,am,-8.931002378463743,9.078898699594617,8.796892673029328,17.000030549387926
4.1068,"king ,",-24.493922948837280,13.274005340936794,13.101975923912306,38.956089924218070
4.1069,I,-9.426170349121094,5.186523792673071,5.778316734743206,22.999537531948882
4.1070,am,-9.770397663116457,9.163032464321157,9.586929009840333,24.088054221083684
4.1071,king ! '',-41.159947752952576,31.161738757434048,30.677369722966581,74.437250057860311
4.1072,And,-4.475941181182861,6.911740063447175,6.874930150348805,2.054780871927588
4.1073,the,-2.243080139160156,5.905819522701856,5.733538288777572,4.508154694875090
4.1074,other,-5.949158668518066,5.026673052433249,4.833045290551227,5.470284209324933
4.1075,birds,-10.951003074645996,10.072211772773628,9.615470587425856,6.235673858077858
4.1076,in,-0.701235532760620,3.597301201627298,4.091942309807133,6.991535828068987
4.1077,mockery,-13.635019063949585,8.965478621027744,8.755096376086307,9.064438800689317
4.1078,call,-13.294261932373047,5.211299915290446,5.481799524480232,10.111005944572632
4.1079,"out ,",-21.369663238525391,10.107879112369524,10.410834810112252,18.143651147222226
4.1080,"`` Yes ,",-26.372107679722831,22.533464768168812,21.928004250227200,29.618725210319042
4.1081,"yes ,",-1.880672663450241,9.099037820934424,8.879248651318242,27.021860897086313
4.1082,the,-7.629530429840088,5.637050136593338,5.809409016028940,16.181728138625672
4.1083,"hedge-king ,",-37.837266921997070,18.994645718478125,18.799401059308011,33.403171537758340
4.1084,the,-5.435803413391113,5.016884380169293,4.866650256632027,19.996930782955410
4.1085,hedge-king ! '',-41.692063868045807,37.029031770290850,37.840964508544232,65.993690824256277
5.1,At,-2.795293807983398,5.683507995269601,5.158475264470179,3.128890616145403
5.2,ten,-12.812095165252686,9.447140390937102,9.170069092166386,5.282467876823002
5.3,years,-1.640715479850769,5.187413203119133,5.240888341842672,6.267963384316360
5.4,"old ,",-4.614673018455505,13.055176587886526,12.324964162215160,11.105276848039622
5.5,I,-4.006118297576903,5.401343662586028,6.152698248204452,6.040173707753148
5.6,could,-4.120731353759767,5.751471866244192,5.939228971423756,8.034751653075164
5.7,not,-3.279239892959595,5.409015907653542,5.403289553634663,9.051851173757720
5.8,figure,-5.687201023101808,4.444524995172018,4.964016592688493,11.044370633326707
5.9,out,-0.001133633544669,4.690599189825705,4.802348545199924,13.047020679091398
5.10,what,-0.512807905673981,5.220268552940434,5.278072348313176,16.142539426184062
5.11,it,-2.826378345489502,4.570116072488828,4.332589731975908,19.290985620512128
5.12,was,-0.684714317321777,4.043735458119720,4.000489118620730,21.099660004445550
5.13,that,-3.019727230072021,4.508334947044798,4.230297935640645,23.836372203312969
5.14,this,-4.295270919799806,4.941618357378907,4.968974995940607,26.450625290045558
5.15,Elvis,-12.453048706054688,4.767959995791318,5.687697389814651,27.021590535201423
5.16,Presley,-0.254897952079773,4.051597816252342,4.733257905288093,28.001078896009126
5.17,guy,-10.107530593872070,4.005516457075456,4.339951436105248,29.001026276910572
5.18,had,-15.460652351379395,4.599546008186156,5.569872495160261,30.004145123706369
5.19,that,-9.204904556274414,4.857856083054432,4.918980618957102,30.994226506166221
5.20,the,-11.825470924377440,3.384370275018789,3.773924155400409,27.974592714651045
5.21,rest,-8.671675682067871,4.190263311937144,4.418336091976866,30.092458208253952
5.22,of,-12.984935760498047,3.553587092277344,3.931142882817765,33.119046529735449
5.23,us,-8.225678920745850,7.486308928157087,7.478886766468299,34.194961169800692
5.24,boys,-15.223914146423340,3.795288422630061,4.217235139005407,34.815644958721634
5.25,did,-10.505352973937988,4.888648163429597,5.137299336001808,38.023246658900639
5.26,not,-4.215126037597656,3.560328476679156,3.378753313688556,38.995297403744736
5.27,have .,-15.902261734008787,10.469682545322220,10.865816809950415,71.037297323482946
5.28,He,-3.132118225097656,6.172610445780090,6.970292006513135,3.087320030454809
5.29,seemed,-7.812152716098352,9.552654636257753,9.774193840357430,5.181902653296887
5.30,to,-0.012795137241483,5.825860342605011,5.951180232246831,8.165143253853280
5.31,be,-1.667251110076904,5.044484302930299,5.331413474752688,10.216590054125394
5.32,no,-6.089210510253906,5.395258899497545,5.958906097038344,12.619324396559570
5.33,different,-1.012334346771240,4.888876734174427,5.279644962604640,13.013780833015163
5.34,from,-0.103939697146416,4.570356734903314,4.734166958485444,15.009645946487332
5.35,the,-1.283278584480286,5.545370532531995,5.704252753700120,17.807219200471490
5.36,rest,-2.569375276565552,3.927508638033006,5.030518528916058,19.037139678287240
5.37,of,-0.003867766121402,4.111456656254862,4.351956603119113,20.054144864345922
5.38,us .,-2.605654588027392,17.078040565288823,17.338918513020531,28.073352943549555
5.39,He,-3.132118225097656,6.172610445780090,6.970292006513135,3.087320030454809
5.40,was,-3.205064773559570,5.018729938953838,5.277747749602224,5.225055667857906
5.41,simply,-6.538399696350098,4.020440268719830,4.177199374610306,7.292969324841352
5.42,a,-0.972282528877258,5.730870218439466,5.760035175041067,9.936248986769883
5.43,man,-2.254766404628754,8.736989613796940,9.651338446786497,11.195429912390354
5.44,who,-0.064238235354424,5.290696611876403,5.087059528386843,13.192728352801019
5.45,had,-2.149600744247437,4.269299150891195,4.172829662661501,16.270006530602124
5.46,a,-1.275880813598633,4.824022609387149,4.763679229889459,18.897939449942857
5.47,"head ,",-8.088597714900970,8.394854533501912,9.457406833683146,32.721670581082194
5.48,two,-6.046147346496582,4.564524530922363,4.822347540164166,21.977045910873432
5.49,arms,-3.443586826324463,3.646869933579215,4.568830472267093,23.064700055416075
5.50,and,-0.464118897914886,4.306250612408077,4.242010977554004,23.023503813629251
5.51,two,-2.787854433059692,5.040718832661891,5.263462497222472,25.120601822361341
5.52,legs .,-3.473441205132985,11.668771584277902,11.608390506114487,32.100181786937114
5.53,It,-3.482963085174561,6.101511125184504,7.065723445463052,3.253049561235394
5.54,must,-5.822408676147461,6.109467621719241,6.327647228830567,5.134639549420412
5.55,have,-2.451947450637817,4.859875016564591,5.346571793290106,7.161757899501881
5.56,been,-0.504013895988464,5.080301498189481,5.233897102388245,9.151603840745198
5.57,something,-4.554980278015137,5.548473294080059,6.099601965061691,12.156502127912320
5.58,pretty,-5.355589866638184,5.166704285439216,5.054566260356427,14.079676228117552
5.59,superlative,-12.326623917557301,13.050044613781465,14.824702113891965,15.074913961787825
5.60,that,-14.207464218139648,6.235537653239280,6.346649414264723,16.049290001124710
5.61,he,-8.197805404663086,4.633858558873744,5.292823673043777,17.019747187384116
5.62,had,-17.698291778564453,4.743669314234734,4.852397177664504,16.254387487727239
5.63,hidden,-13.624062538146973,5.171166260213629,5.649247054721736,18.954017959435454
5.64,"away ,",-20.266959190368652,9.389469529549594,9.233005821457553,47.535062298118497
5.65,because,-10.320185184478760,8.153489065677313,8.849825741178552,27.998402228992443
5.66,he,-15.582146644592285,4.187534415338102,4.772406961946380,29.029009499346387
5.67,had,-11.475128173828125,4.379883606099612,4.532581441230962,29.998471862308151
5.68,every,-5.029416084289551,5.037580018597133,5.001537720351970,31.950759839564746
5.69,young,-12.051012992858887,4.112706437583657,4.271065835449344,32.109996680536177
5.70,girl,-9.445347785949707,3.435473887779369,4.018577383225796,32.672769989105980
5.71,at,-13.049306869506836,4.288856222677321,5.330157719740441,33.858243052269287
5.72,the,-5.918671607971191,4.702181719183952,4.939500092008814,35.707897987580473
5.73,orphanage,-25.257529735565186,6.521424340571497,7.301315456316093,39.732175424490904
5.74,wrapped,-15.010254859924315,8.948680518091843,10.455696883504297,38.710454438517992
5.75,around,-7.912467956542969,4.193819333284492,4.580785002182863,39.295336956835385
5.76,his,-8.391777992248535,4.662996511000983,5.070580432312531,42.967314513383350
5.77,little,-7.051728248596191,4.866802247653425,4.785880137963431,44.738490992896502
5.78,finger .,-16.999668598175049,12.673515455189328,13.226584691236090,90.889766511009043
5.79,At,-2.795293807983398,5.683507995269601,5.158475264470179,3.128890616145403
5.80,about,-5.822231292724608,5.566720553333370,5.812254249331496,5.416047649861918
5.81,nine,-5.710314750671388,5.040156812784262,4.992331239470652,6.937232360158439
5.82,o'clock,-20.421018719673160,21.653910977206454,21.942679875101383,7.126203815483732
5.83,on,-10.007046699523926,5.410875918069388,6.063009734732299,8.081292996775588
5.84,Saturday,-10.974113464355467,4.732599460813888,5.392512346623453,9.054582698949798
5.85,"morning ,",-24.679030418395996,9.439105439081363,10.419516137168344,17.847500519075204
5.86,I,-9.265280723571776,4.417386311804698,4.815784226734356,8.653316844297379
5.87,figured,-18.239761590957642,10.276652721036481,10.268257796400011,8.736093430129378
5.88,a,-4.132142066955566,5.965094238107794,5.709201462887854,7.909057177773121
5.89,good,-11.375065803527832,4.850832302443323,5.317382930871034,10.157652576597910
5.90,solution,-13.731500625610352,4.929367981426370,5.524141992079286,12.399011692495785
5.91,was,-13.470455169677734,4.494574756826942,5.148122170309726,13.521376615125089
5.92,to,-9.828016281127930,4.979005504033660,5.804130847318445,14.224552708437992
5.93,ask,-7.546756744384767,2.905389821729631,2.962649833800610,15.040744059978804
5.94,Eugene,-19.593687836779281,7.680811579301361,8.423254013701577,17.972764824880766
5.95,"Correthers ,",-44.038728237152100,26.318457317106944,27.863012336393197,38.029171743830545
5.96,who,-9.880019187927246,3.399594900432497,3.749953222273462,22.515621121207591
5.97,was,-10.140773773193359,3.928959280847920,4.225214539958203,23.449560645509411
5.98,one,-9.054481506347656,4.064993466105529,4.051973859481681,24.489532556742802
5.99,of,-6.113171577453612,4.608498884840827,4.797909452771842,24.728449131189901
5.100,the,-8.064422607421875,4.895025003524610,4.730026501626648,25.314767835549283
5.101,older,-13.150310516357422,4.088110490079150,4.211334766675217,29.197609300325972
5.102,and,-11.583141326904295,4.055127318761016,4.590106432866060,31.309028821183123
5.103,smarter,-20.547951102256771,8.488698312281992,8.533389813298188,33.004292767991871
5.104,"boys ,",-15.154443740844727,10.259332113294452,11.081635087545607,73.188470440873118
5.105,what,-9.944795608520508,3.725562426025911,4.419405793803664,38.001779453509243
5.106,it,-10.890937805175779,3.425962894247296,3.927168398646167,39.001503890659350
5.107,was,-8.447113990783691,4.263040304492994,4.342723631052241,40.016853717842118
5.108,that,-9.048324584960938,4.390727230829064,4.388919626749036,41.017756753072135
5.109,made,-11.625682830810547,4.479932362609260,4.475719796357915,37.342577452352423
5.110,this,-9.461182594299316,4.520322088377510,4.446636152587196,40.595671862430272
5.111,Elvis,-10.897833824157717,4.391410824006040,5.091986182171707,43.999998566354883
5.112,guy,-15.867071151733398,3.227568635563009,3.554472693750656,45.999999737618474
5.113,so,-4.874372959136963,4.572899733650392,4.698123317131174,30.842764671504607
5.114,special .,-23.401096105575562,13.857870014226432,14.169079789499966,68.038365219952979
5.115,He,-3.132118225097656,6.172610445780090,6.970292006513135,3.087320030454809
5.116,told,-5.516527652740479,8.548937278097691,7.943209890341055,5.135281005317400
5.117,me,-3.571017265319824,5.932720572707820,6.157519290826046,7.193440852893714
5.118,that,-1.021681785583496,5.229351998087393,5.378132732124174,9.285182095008645
5.119,it,-3.299514293670654,5.414373662043132,5.456646592205247,12.615785934884968
5.120,was,-0.771634101867676,4.419918077442459,4.264097620420300,14.274991037066204
5.121,not,-3.760259151458740,4.681469516213928,4.621318399523394,15.256266642998954
5.122,anything,-5.897423744201660,5.739999575337029,6.016530226060926,18.195604607800394
5.123,about,-4.243489742279054,3.802632192435897,3.698350561646168,19.951921387034766
5.124,Elvis 's,-20.058000683784485,13.199530113479614,14.928871579598436,46.719270571232983
5.125,"personality ,",-24.928731441497803,9.581262241153002,10.429514710996099,51.068262608263481
5.126,but,-4.512363433837892,4.210784195020173,4.804640114881174,26.057372177622689
5.127,his,-9.179327011108398,4.056636489206013,3.702871588881204,25.067766458977299
5.128,wavy,-19.940319657325748,12.206503200830269,12.805999943157964,24.997620839755275
5.129,"hair ,",-13.189618110656738,8.638118781957294,9.356760497874468,55.047790185109449
5.130,and,-7.611303329467773,4.767464278085725,5.474672852231852,29.009780580362396
5.131,the,-9.753830909729004,3.783372836939904,4.488795016131225,30.022401225865327
5.132,way,-12.434452056884766,4.298796369306036,4.708398645427901,31.053379985526771
5.133,he,-12.766576766967773,4.134150272580632,4.600725502281433,27.485951875728841
5.134,moved,-16.769135951995850,9.346865920681678,10.179564497293457,29.988345871603016
5.135,his,-6.535869598388673,5.464100462563255,5.685340147558111,22.332351531968609
5.136,body .,-26.828768014907837,15.834197148037667,16.235837210157595,52.202414661936814
5.137,About,-0.769988059997559,5.156055299205686,5.308272529221933,4.810156875277083
5.138,a,-0.741664767265320,4.029896235866331,4.092968134335461,5.494279179882313
5.139,half,-4.797024250030518,4.860356509868764,5.146039593026374,6.374360088926711
5.140,an,-5.682111263275146,5.153284462479771,5.120986432769980,6.392211112359107
5.141,hour,-0.063209619373083,10.227611182380636,10.510281082346898,7.372062255526197
5.142,"later ,",-0.295559979975224,10.735932115546515,9.999641102852650,9.017779853868909
5.143,the,-1.450350046157837,6.131211378931573,5.544926019228604,6.195371163862733
5.144,boys,-8.841513633728027,5.499486661806836,6.229020635313024,7.184698992714988
5.145,in,-0.910191178321838,3.400722398106310,3.922709914697440,9.029797592282307
5.146,the,-0.679051637649536,4.147811936804309,3.956192155176060,11.150772271532539
5.147,orphanage,-13.153489947319029,8.546557754315977,8.770835566189852,12.258321231096350
5.148,called,-15.425736188888550,9.448500661400976,10.071333721245237,13.231549441564169
5.149,down,-10.727478027343750,4.795577956355507,5.391308282038522,14.329795509837110
5.150,to,-7.642534255981445,4.642176906595488,5.561913616182814,15.327024295258790
5.151,the,-9.414101600646973,5.134780573872597,5.181273957817000,8.176484839023781
5.152,main,-13.864568710327148,6.055349025546612,5.651210254672161,9.207142647145652
5.153,dining,-12.226902008056641,4.738837050040046,5.042162630627458,12.933935727961426
5.154,room,-8.260083675384521,8.229606310205693,9.196335248520819,14.169695760245633
5.155,by,-10.943241119384766,4.652986689356269,5.671201226593919,15.189619657049530
5.156,the,-6.824785232543945,5.261454689128161,5.069838308566835,16.193151857808221
5.157,matron,-13.623820424079895,8.337524070224353,8.539873673377121,17.255490262178007
5.158,were,-12.526321411132812,5.013182763680253,5.205413684276127,12.628749132827105
5.159,told,-12.069633960723875,9.590741822768038,9.716267897676744,14.257845515770954
5.160,that,-7.924775123596191,4.702045342553324,5.282470992272202,15.157658908205805
5.161,they,-10.358456611633301,4.580571575942812,4.953313074248927,16.190926963875338
5.162,were,-13.862967491149902,5.786035877431398,5.739499520093168,12.523807583198225
5.163,all,-8.713545799255371,6.187064774700081,6.349017979504088,11.188635149823119
5.164,going,-11.050431251525881,5.372741952141991,5.673533988247629,16.815093588707672
5.165,to,-7.927618980407715,4.487299597342992,5.529222577209934,19.906529932556293
5.166,downtown,-14.974500656127930,3.433187511956736,3.694150360838490,22.006114375341721
5.167,"Jacksonville ,",-25.549741744995117,8.196653145797182,8.559331421054129,48.966555128511246
5.168,Florida,-12.885949134826660,4.117559839819439,4.592438964359964,27.318053454115049
5.169,to,-7.195457458496094,5.011161256068661,5.826366671918505,29.087997525791032
5.170,get,-15.003527641296387,4.452849725981801,4.558859488462043,30.025403497111252
5.171,a,-9.748744010925293,3.942693350374323,3.937730053345649,32.453403737391518
5.172,new,-9.369963645935060,4.949268080803081,4.654353485031724,34.000000059318019
5.173,pair,-12.910058975219727,3.283438007736735,3.754110684737185,32.005735751756227
5.174,of,-9.623853683471680,5.346953480413252,5.656432632218497,34.015528617321017
5.175,Buster,-13.197221487760544,7.042063633522315,8.836812386963068,36.373216420768046
5.176,Brown,-3.029759407043457,4.558205569731390,5.449828689462368,37.404521274515993
5.177,shoes,-7.099172592163086,4.442788818667251,4.596234948357151,38.163951736960136
5.178,and,-9.551527976989746,3.917770851817888,4.494338894816925,38.604647900271971
5.179,a,-2.397958755493164,4.319686188225266,4.616435713007738,41.000000831880648
5.180,haircut .,-22.966824054718018,12.043203704422641,13.618114961615904,84.999998250937239
5.181,That,-4.203119754791260,6.639422400307447,6.714888174474014,3.182374371096789
5.182,is,-2.148041248321533,4.917726471334879,5.049155076303181,5.187482299339161
5.183,when,-2.839887142181396,5.254154482659241,5.442478401451286,8.117574352641141
5.184,I,-3.833459615707397,5.057652003204254,5.906615435784651,11.161647595458325
5.185,got,-4.767252445220947,3.936770104041619,4.194237917922093,13.239871565574406
5.186,this,-4.910211086273193,5.260677983707552,5.457890399556234,15.481842793931730
5.187,big,-5.514669418334961,4.132199512325958,4.386863926065855,16.438848586389490
5.188,"idea ,",-4.653747707605362,8.575353815294147,8.718956890000461,24.513322829753452
5.189,which,-0.094690769910812,5.046550020583755,5.343458886778126,19.618284257086209
5.190,hit,-8.238391876220701,4.086917586678982,4.271646671290329,22.921082306530590
5.191,me,-1.532244443893433,4.724495106654960,4.887867320486152,24.652027124289230
5.192,like,-1.301829695701599,3.458158382058536,3.538266081717170,26.617339900152640
5.193,a,-0.468801438808441,4.502273986298911,4.851472399729051,28.803585734268587
5.194,ton,-8.836998224258421,7.959381076502808,8.520611413024929,30.073410223659319
5.195,of,-0.089135646820068,3.794131535898523,3.768635939252981,31.553345538048550
5.196,bricks .,-25.253223419189453,13.593513535844451,14.648606558943072,68.322217317491948
5.197,If,-1.650580048561096,5.815717605828771,4.767447480799143,3.115857648344622
5.198,the,-1.320568561553955,5.603694510449822,5.473255533420928,6.275935476713136
5.199,Elvis,-11.674587249755859,5.830685275290612,6.119051947395297,7.186463520590273
5.200,haircut,-16.084630966186527,4.654239935935012,4.851623957472754,8.128930308420005
5.201,was,-13.877609252929688,4.642664209293191,4.421471180834692,8.007449027601549
5.202,the,-10.389696121215820,6.203554082827590,6.187928132373361,9.006489275087882
5.203,big,-12.455024719238279,5.299695820655606,4.882904619255344,8.107509432019354
5.204,"secret ,",-18.900219917297363,10.792083987474756,10.321021752623277,21.350239756743647
5.205,then,-8.085016250610353,4.871007839558636,5.002986156939826,12.323850454520993
5.206,Elvis 's,-40.691599369049072,21.180538875875584,20.262868551591492,18.661466610888823
5.207,haircut,-16.644453048706055,4.262225318994584,4.364389397981140,7.000000557970441
5.208,I,-12.418429374694824,4.476730383128118,4.578382129949524,8.000000274203106
5.209,was,-13.331056594848633,5.258954383120486,5.152072732171041,9.000001600910556
5.210,going,-12.668282508850098,5.262611802725417,5.372832664630621,10.000001323395400
5.211,to,-5.752881526947021,5.880858123692874,5.838950198151512,10.714831425501211
5.212,get .,-19.412152767181396,16.038266118125549,16.025328727830029,24.802514010974402
5.213,I,-4.970303535461426,6.024670160483597,7.028461674606887,3.196634121080412
5.214,was,-2.914546966552734,5.661930177889126,5.539685644846776,5.228473837206359
5.215,going,-3.961447715759277,4.850367862974017,5.523951375428012,7.234042452672067
5.216,to,-0.006688113790005,5.158669350982229,5.059446900565046,10.104549293499288
5.217,have,-2.549544811248780,4.001007757901081,4.544195277045382,12.226053437249586
5.218,my,-3.908064365386963,5.449735987570873,5.712391673091321,14.748922964512195
5.219,day,-4.363098502159119,8.650397085500021,9.455943504892499,15.369862516200733
5.220,in,-0.856941580772400,3.474206871039227,4.169501876704499,16.324950329256684
5.221,the,-1.580599308013916,3.528803726256887,3.832865187433254,18.493719249558815
5.222,"sun ,",-6.359611064195633,9.109859570355262,9.997994766683735,26.992250980631717
5.223,and,-1.277290582656860,4.262100712102245,4.683953771220388,5.167619425511302
5.224,all,-2.702608585357666,5.202322236821720,4.513845578911345,8.578879089727394
5.225,the,-1.513491392135620,5.012990446584952,4.390289471428428,9.327130816429529
5.226,way,-4.626044750213623,5.384507134327246,5.782855153004516,10.616691157394420
5.227,to,-0.191860094666481,3.902290583082286,3.761901473992848,11.297795549026409
5.228,town,-5.841352462768555,9.272017372267136,9.304581432878846,12.989605955174079
5.229,that,-0.011550339870155,4.588158911067577,4.261751327616450,10.488062583161872
5.230,was,-0.847527086734772,4.964679214878593,4.854606042157347,12.156455800337891
5.231,all,-5.539386749267578,5.149390079094665,4.934346317476765,14.073492162577770
5.232,I,-0.239474654197693,3.777466200239727,4.418485541017233,18.981936023526650
5.233,talked,-7.653063774108888,4.261559248332927,4.336599739698983,20.977844485769534
5.234,about .,-0.555954400915653,13.649697987279740,13.897550540195507,30.997017112142245
5.235,The,-1.648221969604492,6.746959719648657,6.992360907198334,3.456291647660295
5.236,fact,-6.562346935272218,5.163954417420015,5.887748617101072,4.150277771990600
5.237,that,-0.026752959936857,5.086895685251688,4.731091193803522,6.141169617592985
5.238,I,-4.403728961944580,5.601016540022976,6.472202333729345,9.126143884063614
5.239,was,-2.155782222747803,4.866889687994016,4.729872679698029,11.138181255628774
5.240,getting,-4.869565010070801,5.065413158537980,5.151324864284744,13.160688608101324
5.241,an,-4.457729339599608,5.968664237469058,5.873603012318161,15.615712336285851
5.242,Elvis,-10.853057861328123,5.016461322571798,5.537300770168849,16.416981143335214
5.243,"haircut ,",-21.530283927917480,9.636132603325528,9.785300622428302,27.761526996630121
5.244,not,-7.378325939178468,4.943056538167246,5.557873613018592,11.673813217806631
5.245,just,-12.871459960937500,5.013714001416504,5.351536247093504,19.999964051588449
5.246,the,-2.973101854324341,4.099451150792389,4.213329630956341,17.757195388825195
5.247,simple,-10.953769683837891,4.790953910079306,4.737181826613112,18.999891427580923
5.248,fact,-3.917498826980591,4.631157801069480,4.484962076756104,20.000000365505553
5.249,that,-5.343163490295410,5.472634363806011,5.346685280424957,21.000004078551861
5.250,we,-13.504940986633301,5.199422526098228,5.653077082064687,22.000012777051555
5.251,were,-12.850736618041992,4.650582214190929,4.585631579872231,24.000001886935912
5.252,getting,-12.540456771850586,4.933701671796120,5.109681818730502,27.000002413276921
5.253,out,-9.159345626831056,5.347834437586521,5.627367498392954,29.000002338031859
5.254,of,-8.146237373352049,4.849890616513445,5.587488045249417,31.000001347479230
5.255,the,-9.977371215820312,4.384571192606061,4.399377922627976,33.432082499215369
5.256,"orphanage ,",-33.624711036682129,11.858866675906775,12.169231790205128,73.065388504861943
5.257,made,-9.307398796081543,4.481828451151221,4.731703829961582,38.533132756102290
5.258,me,-12.745275497436525,3.733070880936535,4.561493598747711,39.531327793350052
5.259,particularly,-14.988080978393555,7.865343373553169,7.932459630407870,40.607562150381646
5.260,loquacious .,-22.549525499343872,25.492999321674692,27.041101158008125,64.700673249562598
5.261,I,-4.970303535461426,6.024670160483597,7.028461674606887,3.196634121080412
5.262,told,-5.610304951667786,7.886552857198240,7.558004552762762,5.227716139724802
5.263,"everybody ,",-9.677421569824219,11.467355777337406,11.905455847747941,15.506417715879119
5.264,including,-0.121515854943937,9.471649351221886,9.782795974382108,10.882548874908430
5.265,the,-2.825359821319580,5.415958028477506,5.611660289873723,13.473171354514079
5.266,orphanage,-15.747884273529053,8.042462738137441,8.941092203471438,14.692470813091861
5.267,matron,-12.533727169036865,7.671783417147562,7.915980853168228,15.462906757487431
5.268,I,-8.852823257446289,4.764790051828905,5.178667570546058,16.361118946728308
5.269,normally,-17.980339050292969,9.266452784378718,9.851706536674117,17.409873045832946
5.270,"feared ,",-19.785423755645752,15.869661621092597,15.899764565312537,37.048190165752345
5.271,that,-5.463185787200928,5.670715043727393,5.812594165625023,19.996522651569851
5.272,I,-9.298891067504883,3.775769540140657,4.000668271299893,15.300768284372413
5.273,was,-2.060655593872070,4.615498557428307,4.232453265692923,15.111881366363418
5.274,going,-18.050483703613281,4.975102888776765,4.887441127983942,20.640465414491320
5.275,to,-10.306563377380373,4.945344842155138,5.028274372476810,12.865852218181717
5.276,look,-12.042570114135742,5.000135387933589,5.386661391250668,15.499071113420095
5.277,just,-10.810111999511721,5.130463496845731,5.394932896716472,17.655788400499137
5.278,like,-5.874818801879883,4.094195926744129,4.248327120911733,19.498319596104537
5.279,Elvis,-15.907771110534668,4.277948998767721,5.066570693260712,22.663534819584871
5.280,Presley,-13.854406356811525,3.702383163978003,4.310745452179411,24.784001439893053
5.281,and,-13.048592567443848,5.004938828423058,5.100022119528104,26.310602750474402
5.282,that,-9.123123168945312,3.769310193433437,3.714430840307426,27.806445526880946
5.283,I,-3.208047389984131,3.871368967219083,4.745174008018346,27.305640038659170
5.284,would,-14.247930526733398,4.327899716019725,4.806960166933346,30.258563816931076
5.285,learn,-15.198904991149902,3.660566350230187,3.823986077111475,31.373261804249530
5.286,to,-9.692000389099119,5.347327965978022,5.544675779848586,30.888677386291644
5.287,move,-12.881353378295898,3.495492199976852,3.290242197585643,32.714450942534640
5.288,around,-9.692415237426758,5.188906928655197,5.164015023535947,34.856673481679394
5.289,just,-10.213761329650881,3.633143820561409,3.383088038291217,39.861018238572036
5.290,like,-6.607490062713622,2.731422533718637,2.886056971315687,37.999970450980591
5.291,he,-9.600819587707520,4.585647406575633,5.645689677906621,39.999961689042657
5.292,did,-9.423364639282227,4.646687864876103,4.717179951306238,40.683666003228431
5.293,and,-9.148099899291992,5.628426707132165,6.053688175151064,42.940326301735197
5.294,that,-9.562239646911619,4.455864704758498,4.588626441115067,44.778837846631639
5.295,I,-10.933805465698242,4.004808233715641,4.689747122356096,46.735190105366364
5.296,would,-9.102224349975586,4.197808024070592,4.389803325669289,47.788509520880183
5.297,be,-8.773071289062500,4.324100849852848,4.410708224699581,50.873100182991237
5.298,rich,-14.748912811279295,7.469906106471384,7.494364546436876,52.946123388397332
5.299,and,-0.668967843055725,3.763447254107164,3.673130969978776,53.007481430925772
5.300,famous,-6.023163318634032,5.548809534920371,5.503183836344289,55.019341656067155
5.301,one,-6.269207954406737,4.181007624004049,4.197082667116044,60.590576091349753
5.302,"day ,",-24.607257366180420,10.441420476489391,10.727851150148378,127.441600005342821
5.303,just,-4.297461509704590,4.342059543468508,4.332072736294373,66.506458241243465
5.304,like,-6.273059368133545,4.102560196308748,4.094722935867443,67.579200638005972
5.305,him .,-21.096877098083496,13.142152505218542,14.296069662209984,129.383875653376833
5.306,The,-1.648221969604492,6.746959719648657,6.992360907198334,3.456291647660295
5.307,matron,-14.828742027282715,10.239898404995943,10.497371357216680,4.406368074865454
5.308,understood,-20.712687425315380,17.860010859833114,19.060039292609048,5.598175202708736
5.309,my,-13.874702453613279,5.074711570603387,6.386456763027677,6.841078330692556
5.310,idea,-10.579148292541504,4.547644813238419,5.191350774758483,7.479700066327948
5.311,was,-12.855655670166016,4.799275320581387,5.396196882642306,8.649078235717610
5.312,something,-12.362289428710938,5.041205925659272,5.246713790017737,10.079390755878832
5.313,that,-6.355669021606445,4.978079215565729,4.992198928635863,13.997933037759079
5.314,I,-10.940467834472656,3.932727565668008,4.765730766670451,17.995658670197962
5.315,was,-11.996585845947266,4.570798146224321,5.254057115406012,18.398942214813268
5.316,really,-11.420153141021727,8.448091135979858,8.795794190417494,20.287666696301880
5.317,excited,-8.647025108337402,4.110417118576222,4.423048123703082,23.258428626127071
5.318,about,-5.484111785888672,3.925735861314565,4.224714419336949,25.093329429277102
5.319,and,-11.647054672241213,5.115208242662540,5.410257819911256,27.072673822182804
5.320,said,-13.513883590698242,3.965705574134782,4.123502725715245,27.999996472064208
5.321,nothing .,-22.446362972259521,13.150889489103758,13.937907922301346,56.999950912066566
5.322,When,-0.049349792301655,6.429444913545866,6.314414164890541,4.050376576615328
5.323,I,-3.643045902252197,5.548104134773828,6.087918435428339,7.058360719303183
5.324,got,-3.647372245788574,3.590548056482518,3.947298677286525,9.083777021255466
5.325,my,-2.302971363067627,5.656886303173867,5.714651973197516,11.335358201337725
5.326,new,-5.408628463745117,5.640215239615732,5.875960045056829,12.284418784159644
5.327,Buster,-13.909268125891685,7.338123199736318,9.233687036780767,13.254024190584971
5.328,Brown,-3.179650783538818,4.967272414801986,5.642759167769707,14.202010825772529
5.329,"shoes ,",-15.136224746704102,10.854603151907881,11.280605406583513,31.188975831705772
5.330,I,-13.910369873046875,5.051201894764028,5.630862681531906,16.999948283637071
5.331,was,-11.508700370788574,5.724532167109653,6.424875891568793,6.164769152698387
5.332,smiling,-10.983171582221985,7.407927368407812,6.821758319975065,8.356919649333104
5.333,from,-10.418563842773438,4.502148691426597,5.188150011190444,10.178116807515552
5.334,ear,-15.542099952697756,9.277203333112650,9.554938892770270,11.021995594844508
5.335,to,-0.179441228508949,4.652496521720612,5.078604597881184,13.211369299360099
5.336,ear .,-25.127667665481567,18.739032927657277,19.845682942871733,32.092259938851157
5.337,Those,-6.379031479358673,12.736873473631608,13.041125407710366,3.561994990501786
5.338,"shoes ,",-11.795159578323364,10.000826530083351,9.606445079499615,9.040824967448700
5.339,they,-2.421764612197876,4.656396885985287,5.314455897096829,7.982019954730950
5.340,shined,-17.952744722366333,12.108502996190600,11.845501455295375,8.876223450083119
5.341,really,-17.240987777709961,10.755435264052165,11.403512779112447,9.634451223599996
5.342,"brightly ,",-15.733716011047367,10.952167314658787,11.076463050865748,26.515748732812924
5.343,and,-4.893451213836670,5.242055651667583,5.447501016356067,15.044336279599776
5.344,I,-17.674173355102539,5.721517301622611,6.058529551544831,16.054998217924116
5.345,liked,-19.650883674621586,8.753377647972636,9.626378651617330,17.885844442192873
5.346,looking,-14.229617118835449,5.995736223952409,6.127380396554182,8.223649323991097
5.347,at,-9.502811431884766,5.741284677600684,6.438149908025235,12.437364972548128
5.348,the,-8.086828231811522,5.397594375024902,5.747256028396238,15.981049348038812
5.349,bones,-16.427443504333493,8.611612342754036,9.184569016825748,17.987070791368087
5.350,in,-8.198509216308594,4.472252119186692,5.382994008854923,19.367166869396755
5.351,my,-13.071119308471680,4.419752665192743,4.412735261090313,20.346498335344144
5.352,"feet ,",-25.221187591552734,8.748528828900497,9.318661135806897,42.358005641094977
5.353,which,-8.976087570190430,4.296049639842473,4.574067197171600,24.551110349824771
5.354,I,-14.636309623718262,5.088834194259459,5.502047614386590,15.143251001480381
5.355,had,-12.198540687561035,6.010888682812749,6.097576783898259,14.873703246829018
5.356,never,-11.570427894592285,4.579196531984096,4.606955357686768,19.739774264170066
5.357,seen,-7.135968804359436,7.622458237370949,7.527342058261372,21.826009315777782
5.358,"before ,",-8.212387949228287,9.907154409353881,10.366738543785333,49.286750826239327
5.359,through,-8.319583892822267,4.173405578382405,4.443946567533652,32.700337211430252
5.360,a,-11.070875167846680,5.437109394494084,5.748913673090576,15.779406162609011
5.361,special,-13.291765213012695,6.596442698803981,6.857734202675735,16.000000001838483
5.362,x-ray,-17.656563520431519,15.385042120945315,16.104477149195127,31.982248774101055
5.363,machine,-4.726075649261475,4.493449943843260,4.586416170760974,32.956222560166211
5.364,they,-13.294028282165527,4.629714964401880,4.869590924512652,35.130796356221715
5.365,had,-14.682005882263185,5.856125997534053,6.119289474536729,16.715006470157128
5.366,in,-8.559387207031250,5.475347124035121,5.791291242745157,16.021002441215867
5.367,the,-6.795473098754883,5.014602948622987,5.045633490868140,36.995334312966811
5.368,shoe,-14.323837280273438,7.992086703231997,8.182800862454206,32.073905601981004
5.369,store,-9.868803739547731,6.148340174176546,6.421618428248446,34.385131405315853
5.370,that,-11.376324653625488,4.942953038337927,5.210355639362224,36.097948345193963
5.371,made,-11.569934844970705,5.674212980706647,6.272971133346307,41.889735257404475
5.372,the,-10.017264366149902,4.807650816275191,5.160244927320531,42.585243254957682
5.373,bones,-7.290043354034424,7.461838510446483,7.760127050303446,43.629453061592322
5.374,in,-13.207861900329590,4.765968250026437,5.449778627403430,40.427150488151568
5.375,your,-12.886476516723633,3.565642843509644,3.894912021481972,47.008398230295867
5.376,feet,-9.455658912658693,3.279766008680175,3.498461871035948,49.186191011500881
5.377,look,-15.940327644348145,3.346324726728557,3.711784919155265,50.060957894143783
5.378,green .,-24.593651533126831,13.530385052152702,14.936704233793657,104.249622969389947
5.379,I,-4.970303535461426,6.024670160483597,7.028461674606887,3.196634121080412
5.380,was,-2.914546966552734,5.661930177889126,5.539685644846776,5.228473837206359
5.381,now,-5.464734077453613,4.544189378112518,4.637590867269808,7.232855448883398
5.382,almost,-6.536221504211426,4.674153821525731,4.744719418037505,9.590936122216384
5.383,ready,-3.650742053985596,4.853633820504974,5.164426780355751,10.184211466064212
5.384,to,-0.006859682034701,5.380797619447335,5.410561442439531,13.173546474046741
5.385,go,-2.563468694686890,4.987717597173223,5.543508436761418,15.229573378556976
5.386,back,-1.305358648300171,5.077954726062691,5.558482080065668,17.265675672853522
5.387,to,-0.152765765786171,3.863157993084658,4.233248265463713,19.193267127855140
5.388,the,-1.873300671577454,3.894742751816058,4.018648003343098,21.413093641122000
5.389,orphanage,-12.224462747573853,7.319145373038047,8.129758232933439,22.448991598332750
5.390,and,-6.319396495819093,4.361388396206477,4.859882436085021,23.566618010683197
5.391,practice,-8.960151672363281,4.586934982524966,4.746464729825713,24.676286895024891
5.392,being,-9.577826499938963,4.054342447326752,4.522935572695318,25.242594325098487
5.393,like,-14.506908416748047,4.797330894475508,5.173722513095836,22.106043462651133
5.394,the,-7.538195610046388,5.164407657871800,4.737089176209500,10.808163306551149
5.395,man,-10.982347488403320,8.788579279168513,9.431856620212280,27.996062873797889
5.396,who,-15.204869270324707,4.245216810826497,4.571437294250857,22.620496187431211
5.397,all,-5.223838806152344,4.752317164776047,4.683784718492785,24.860734947339807
5.398,the,-0.621199309825897,6.035871360354495,5.862090054341836,25.797626430241788
5.399,girls,-16.644681870937347,7.459005629367758,7.691196021661818,28.817214243802791
5.400,"loved ,",-22.390311717987061,12.204055979607368,12.544136508067808,67.343793735099595
5.401,since,-10.624433517456056,4.216124173135269,5.125016052390233,35.020665081454304
5.402,I,-11.993297576904295,4.214067277351654,4.810443362900571,34.974521953638650
5.403,had,-19.325197219848636,3.783326999395930,3.897786100969568,35.999401267836276
5.404,my,-12.189658164978027,5.708310013699057,6.048988601207392,11.097843543656865
5.405,new,-11.818622589111328,5.191569147183793,4.808589589814535,15.338770289430036
5.406,Buster,-21.404297828674320,5.428261541395163,5.888707213124009,29.013837235601482
5.407,Brown,-9.073272705078123,4.167427694327078,4.937244362950811,31.005613138723749
5.408,shoes .,-22.936200618743896,10.819018384242211,11.329089867718766,64.879245233168888
5.409,It,-3.482963085174561,6.101511125184504,7.065723445463052,3.253049561235394
5.410,was,-2.214092731475830,4.795007407495021,5.060866881278936,5.162978479409592
5.411,the,-0.601406991481781,5.518728301025269,5.681779358417328,8.028436775226274
5.412,new,-7.911190032958983,5.238380372814821,5.410859037273432,8.845847176531606
5.413,"haircut ,",-22.155274868011475,10.121928593586485,10.916574990717901,20.371388064184771
5.414,"though ,",-20.907599449157715,9.300160515810500,9.617642796075147,21.408757763864251
5.415,that,-8.355443954467772,4.398962003495739,4.488627905644080,12.810587332093419
5.416,I,-10.849262237548828,5.256088257362949,5.359003872883140,12.693306916440475
5.417,needed,-12.387059211730955,5.305591547208662,5.233581382926248,16.235149453289498
5.418,to,-7.908048152923584,4.743251148037884,4.941115145410711,18.338214330021266
5.419,complete,-7.533892631530763,4.500600569987633,4.570208462998626,21.509860556983547
5.420,my,-8.539965629577638,4.940410197753868,5.665669741851088,22.679039255936683
5.421,new,-6.825118064880371,4.982743118348081,4.750880535948022,25.717921697900930
5.422,look .,-18.560140609741211,12.413588456745169,13.956420539781680,54.319306036375274
5.423,We,-5.254095077514648,6.506574966284868,7.014513830216603,3.239154078250871
5.424,finally,-4.655912160865229,7.181341312759554,7.460485144779637,5.159236350809072
5.425,arrived,-6.300868351012468,9.248843736757296,9.188391182886658,7.253777225804416
5.426,at,-0.567746996879578,4.043694813631845,4.396718451700417,9.237114386788107
5.427,the,-0.594833374023438,3.938945598563994,4.128087226550051,11.746449357323780
5.428,"unassuming ,",-17.062024116516113,15.297235675187869,15.276964939091290,26.591510577634470
5.429,unembellished,-32.869763135910034,23.656463944852792,25.183297691953129,14.640478753768596
5.430,"barbershop ,",-22.833865880966187,14.951243874515381,16.206283214835011,32.547355349575362
5.431,where,-13.149856805801392,9.630496071992487,10.147857713952224,17.710385927688343
5.432,they,-12.871623039245605,5.260201270166529,6.197800404376269,18.668715704410168
5.433,cut,-11.362815856933596,4.851318238451321,5.625055550031347,19.630812926767234
5.434,our,-12.472604751586914,5.446711158737922,5.844118582289437,20.667394145859369
5.435,hair,-10.150322914123537,5.358885688048227,5.705404450091582,21.705712570865501
5.436,for,-9.766046524047852,5.013839299176935,5.094748644388172,13.190586019358886
5.437,free,-12.702300071716307,4.694225779533408,4.936195174911487,14.644676415249553
5.438,because,-17.392898082733154,8.360584318624939,9.221119432652699,18.835734015423323
5.439,we,-10.772453308105467,5.322010424473413,6.047812354450325,20.555713628757879
5.440,were,-11.266857147216795,4.237412912363784,4.119775021153971,22.465782411015645
5.441,orphans .,-26.856970012187958,15.650021296142361,16.684710608649738,49.780799406316710
5.442,Even,-0.564064562320709,5.522391821299884,5.363199606498137,3.531750704025017
5.443,though,-1.126609325408936,5.905603474223088,5.592376633726111,4.421366633456755
5.444,we,-5.674137592315674,6.240476558755697,6.388695646012421,7.455869855430606
5.445,were,-3.341645717620850,4.715890348765145,4.589172735700601,9.478488553655502
5.446,supposed,-5.292673110961914,5.053588278725698,5.428615013946633,11.315671284222198
5.447,to,-0.005268736276776,4.973439789555337,4.810092341712910,14.316803156463294
5.448,slowly,-6.389706367684994,6.715326632663873,7.025089266968813,16.676943437987347
5.449,wait,-8.164814949035645,4.109736362699664,4.050927214709357,18.447036506733745
5.450,to,-0.004132778849453,4.832422328953463,4.598764072237660,21.409152547836424
5.451,be,-4.273555755615233,5.414260681616278,5.589399138305371,23.415348242520171
5.452,"called ,",-4.241895664483310,14.903102402585938,14.874007912036912,29.469675087536544
5.453,I,-3.281719207763672,5.445906032016789,5.754919975836272,6.068488914299443
5.454,ran,-8.301603317260742,5.458528691286160,5.688561077827624,8.126392094169448
5.455,straight,-6.262180328369142,4.936805575308507,5.120380724427085,10.592127688383826
5.456,up,-1.670513272285461,4.468003079883896,4.872686745562183,11.040889677418379
5.457,to,-0.329062014818192,4.750905676238482,4.972136321640193,12.983372964467261
5.458,one,-6.224510192871094,4.945467638511576,4.831022901754677,14.907488708075585
5.459,of,-0.039138831198215,4.232157087864577,4.361356388642186,19.001615241485482
5.460,the,-0.242170304059982,5.367073562080228,5.132194103844249,21.668578111581414
5.461,barber,-12.920238494873047,4.560970374482143,5.689055268836408,22.545157751721806
5.462,chairs,-8.839286029338838,8.603435356927411,9.703191781184669,23.410215463551182
5.463,and,-4.848730087280273,5.009961453429222,5.864396465128692,24.439881651618730
5.464,climbed,-19.018441200256348,10.343608516895767,12.241554345084245,25.478613886882925
5.465,up,-9.521394729614258,5.288224608412782,5.989912067631687,23.770011846996411
5.466,onto,-11.878530502319336,4.331512628132945,4.736473665934557,25.993770066214786
5.467,the,-9.024500846862793,5.754375156238744,5.912999188646674,26.412650382119608
5.468,board,-7.953937530517577,3.939303291715233,4.588975171535763,29.970048827696161
5.469,the,-7.346974849700928,4.447656420113344,5.168966956952222,30.962463015672469
5.470,barber,-16.234693527221680,4.760134124994755,5.401807322867272,25.588150725407228
5.471,placed,-13.535004615783693,9.968396890398212,10.911921469849503,30.087886101752318
5.472,across,-10.653943061828613,3.963243456819724,4.887895970603559,31.125701232493785
5.473,the,-9.672980308532717,5.850422810897807,6.265949489703272,31.995040695051159
5.474,arms,-13.904546737670898,3.719724464905348,4.269547702943217,32.967543484333525
5.475,to,-6.550319194793701,4.640952783468395,5.790454616140572,34.922586041322880
5.476,make,-11.011652946472168,3.779593010921899,4.197258765978426,36.000690045878549
5.477,me,-13.874413490295410,3.519239928237623,4.390523145669003,36.192892365929495
5.478,sit,-6.219307899475098,3.573636671261226,3.792084892376399,37.772914331606849
5.479,up,-9.349981307983398,4.359212526224182,5.464212100619505,39.788126152258023
5.480,higher .,-20.952786445617676,13.452792831797389,14.635599953963638,84.670620980918670
5.481,I,-4.970303535461426,6.024670160483597,7.028461674606887,3.196634121080412
5.482,looked,-7.438457369804382,8.539322215069785,8.863698258885391,5.535722848637342
5.483,at,-0.476671040058136,4.919679228963470,5.291579118140727,7.559405011155420
5.484,the,-0.892559528350830,4.841908895448308,5.063039236587106,10.023158368892327
5.485,man,-5.976022005081178,7.202680071937735,8.140297550272935,11.228014047377133
5.486,and,-0.197209239006042,5.240264734327246,5.656941672257748,7.106944827527768
5.487,"said ,",-2.066470623016357,9.133538613438503,9.938472878251861,19.182204065622070
5.488,with,-2.326898574829102,3.806253515694912,4.222762979605987,12.148323565039293
5.489,a,-1.623181343078613,4.858836452165675,4.932742703262777,14.385185476098625
5.490,beaming,-13.079610824584961,14.839492886375931,15.156049605155456,15.766285654654222
5.491,smile,-1.412343621253967,4.784661820879523,4.914303344609220,16.421568896725073
5.492,on,-15.081030845642090,4.141129468434015,5.198823516332058,17.331086707620170
5.493,my,-13.372843742370605,5.162991804732899,5.604605326062149,17.173882148565632
5.494,"face ,",-12.034164428710938,10.087223764330361,11.143247364322256,39.287614476363196
5.495,`` I,-16.497639372886624,18.173208101892968,19.829688320915498,35.802326725853895
5.496,want,-11.323479652404785,4.400884410036967,4.548644294084844,16.662696738111986
5.497,an,-9.858470916748047,4.605371463622960,5.028131676336364,19.579745534893611
5.498,Elvis,-13.271608352661133,4.327127083552317,4.665366133179190,21.117387500629228
5.499,haircut .,-25.922458171844482,12.604794407538936,12.695474091734564,45.122977638603842
5.500,Can,-2.897449016571045,4.790200238587538,4.093619460961845,2.052705586269529
5.501,you,-1.762529373168945,5.497711434554036,5.707771109938943,4.005700505330909
5.502,make,-4.876464366912842,3.775419872531422,4.684138146704654,6.047517983982988
5.503,my,-6.477552413940430,5.150467488859219,5.278004256206481,8.615190232855834
5.504,hair,-9.536552429199221,3.370091780374717,4.490879795261799,10.144829238917580
5.505,like,-4.824340343475342,3.963387875161049,4.266368319485645,10.819860242498960
5.506,Elvis 's ? '',-42.971944149583578,32.158451317896343,35.670541360714182,58.332882840904354
5.507,I,-4.970303535461426,6.024670160483597,7.028461674606887,3.196634121080412
5.508,asked .,-5.287213730160147,19.035912160807793,18.458210827723711,11.200335931030629
5.509,The,-1.648221969604492,6.746959719648657,6.992360907198334,3.456291647660295
5.510,"barber ,",-21.120770931243896,11.131945306493572,12.066992370200831,10.258731557681688
5.511,who,-12.529719352722168,3.940615248761813,4.444109424498127,6.351543560920526
5.512,was,-15.845242500305176,5.601738451136163,5.096915574813928,7.000977507230473
5.513,a,-7.181125164031982,4.361489363294741,4.430439922329123,10.591145900356194
5.514,genial,-14.744789123535154,4.307666503233779,4.001568738031491,13.473883496093727
5.515,young,-4.709860324859619,5.107001626171413,4.721562938245714,14.555165073553365
5.516,"man ,",-9.603211998939514,13.732005046253686,14.295322921876753,31.777507634904090
5.517,grinned,-14.178351461887360,11.527908089430683,12.252025258651154,17.276937639141082
5.518,back,-18.260408401489254,4.789250335101136,5.067995282168583,13.291112994326653
5.519,at,-10.724740982055664,5.239838573279762,5.450514293696203,5.240297158483143
5.520,me,-13.568454742431641,5.636019662889002,5.963820989607225,6.122302717221528
5.521,and,-4.894590377807617,5.816593975097121,5.794662964151856,7.104816605580409
5.522,said,-9.661715507507324,5.172145912427748,5.364807925766837,9.098805962420458
5.523,that,-9.629255294799805,5.488306548291098,5.467364641456648,10.079518579979835
5.524,he,-3.162397861480713,4.920162774349374,5.406325754440603,13.081789428577814
5.525,would,-10.329203605651855,4.993941978959344,5.029334563942900,12.861420626371954
5.526,try,-5.459150314331055,4.110601204402089,4.231149952892022,9.057888049603976
5.527,his,-10.669824600219727,5.618484071748141,5.116491977438341,11.000206969425006
5.528,best .,-23.915728092193604,13.010739265472424,12.948454403273018,30.263892812414987
5.529,I,-4.970303535461426,6.024670160483597,7.028461674606887,3.196634121080412
5.530,was,-2.914546966552734,5.661930177889126,5.539685644846776,5.228473837206359
5.531,so,-3.877978563308716,4.317543107620736,4.356226901232561,7.517228316888146
5.532,happy,-4.303205490112306,4.697133344592674,4.977340718197438,8.539378848497817
5.533,when,-0.001658137072809,5.380450570204258,5.637330051060936,10.176850824133144
5.534,he,-3.048312425613404,5.267828851587564,5.478269173183658,13.160987211887667
5.535,started,-4.528945475816727,8.324303052054699,8.693716677406591,15.238404219973711
5.536,to,-1.908809304237366,5.490463961699092,5.876621594347380,18.194221445114195
5.537,cut,-7.544153213500977,4.475359457442258,4.945465820986579,20.279840818554810
5.538,my,-2.297797203063965,5.300369841720863,5.663885878662758,22.323731071544170
5.539,"hair ,",-3.947298198938370,8.453369080447771,8.978062410797676,35.718088917528831
5.540,but,-1.434529304504394,4.452254877375449,4.811479004994395,5.610352243060325
5.541,just,-5.876183509826660,4.082875059187503,4.031250409964580,9.757390054380107
5.542,as,-3.204864025115967,4.840972976790914,4.641386009478029,9.903283655287851
5.543,he,-1.313391447067261,5.183973968372478,4.961538933320290,12.915714971853372
5.544,started,-4.471098178997637,7.701670880856304,8.106342300870086,14.982473496644984
5.545,to,-1.660644054412842,5.725448867884253,5.791915336751955,17.941949574351788
5.546,"cut ,",-7.601349711418152,9.478142633682022,9.748452512900633,29.014269906603538
5.547,the,-3.121770381927490,5.526219907046332,5.011606975104606,11.305264071450861
5.548,"matron ,",-22.577582597732544,14.517426227166496,14.597831810412087,25.716485308389899
5.549,who,-14.173069000244141,3.940824115844952,4.634703322079028,13.999905636728551
5.550,had,-14.452067375183105,5.066566675407429,4.807394732591230,15.675416229210498
5.551,been,-7.395715713500977,4.122923546380865,4.241490383445600,18.911509765143034
5.552,watching,-5.648212848231196,8.965869472235688,9.560166760569402,21.029356067559398
5.553,me,-8.764768600463867,4.771929736888448,5.361775475360202,22.602543056501442
5.554,and,-12.372867584228516,4.422019620610414,4.576200409819316,25.221249614158808
5.555,had,-11.034450531005859,5.429325350735941,5.365907456269762,26.054105070504232
5.556,a,-4.867654800415039,5.481074345097904,5.725525891228031,13.000559490424745
5.557,look,-10.416175842285156,5.065519418274162,5.315820271464563,29.024261476850892
5.558,as,-13.836480140686035,5.399439369028960,5.610526781200455,29.999045140107249
5.559,cold,-14.958866119384766,4.870662885809105,4.970620090384600,31.007423050961801
5.560,as,-6.422305107116699,5.513755684117673,6.057339872660473,23.458628152938012
5.561,"ice ,",-35.382555007934570,13.305047130407029,14.065759227919674,68.437914704453647
5.562,motioned,-24.702249050140381,9.092420488483171,9.502813701150655,36.999384361507566
5.563,for,-10.192450523376463,4.868308256423600,5.652156521883009,37.999995816928049
5.564,him,-15.501828193664551,4.802633386173583,5.324139073757267,39.000000576375186
5.565,to,-3.309772491455078,4.290581853955898,4.674007661268798,15.710507436770895
5.566,come,-11.124547958374023,5.038053315044528,5.838722054763304,18.128194436098994
5.567,over,-9.671602249145508,4.337988430542948,4.808858049542017,18.198362889320961
5.568,to,-6.042485237121582,5.327598992068765,6.124019143569837,21.029061194963614
5.569,where,-12.823456764221193,9.193239281997977,9.568034565557008,23.005653680107866
5.570,she,-15.726272583007812,4.873003453819265,5.464032068217349,25.043061973512049
5.571,was,-11.944412231445312,4.753142345232559,4.920825599292850,29.087879577861845
5.572,standing .,-27.257422447204590,15.821252609185169,16.125059701516911,68.078145258989025
5.573,She,-5.400978565216064,6.451306593754196,7.294753750596218,3.125623710821180
5.574,whispered,-11.572860479354858,9.051887429729874,9.984188457673490,5.323876262044419
5.575,something,-15.872280120849609,5.339685409733564,5.869388268100117,6.346930095697832
5.576,into,-11.239105224609377,4.033946155148488,4.964663497653159,8.353600116689785
5.577,his,-13.939778327941895,5.098778599381002,5.680127535603745,9.000520850123717
5.578,ear,-8.529196977615356,7.939179401293273,9.077172008370352,12.260335159987806
5.579,that,-11.613132476806641,5.340874423079397,5.665841348602699,13.240448013844356
5.580,caused,-20.262793779373172,15.266642070682382,15.775364728586712,12.019615024377945
5.581,the,-9.959296226501463,4.667172751096930,4.794848920087672,16.061046841012800
5.582,barber,-14.850964546203613,4.493792653371384,5.242355840259171,19.454052420914039
5.583,to,-9.462568283081056,4.321135929320284,5.404622281544889,20.751489984002017
5.584,shake,-11.158732414245604,3.974404827135900,4.007140330729241,21.569361485457158
5.585,his,-10.663608551025391,3.879843486402449,4.153438560751410,20.964240593845872
5.586,"head ,",-23.123727798461914,8.583131513062487,8.756013865428237,48.169844159396945
5.587,like,-9.256533622741699,4.242400273282498,4.459802009300018,26.131526923304051
5.588,he,-12.895982742309570,4.424939075500355,5.088452410860583,26.371404370163717
5.589,was,-11.963256835937500,4.091598121162448,4.224170898315736,27.092636882632714
5.590,telling,-13.657829284667967,5.640775858589568,6.032580219061158,30.040937054968499
5.591,"her ,",-20.572480201721191,9.680979491586337,10.015836109772845,65.642025048482381
5.592,`` No '' .,-46.338627453282243,36.486741627031343,37.359129577162406,144.115055163174162
5.593,In,-0.843770027160645,5.225329802897013,4.895953120101177,3.048904857549345
5.594,"response ,",-4.340463932603599,11.136215741550613,10.031130696337240,9.741918273172143
5.595,the,-1.398917913436890,5.037718574643497,4.830110963377078,6.260744927771574
5.596,matron,-14.784990787506105,10.129937598640018,10.224434262035466,7.188980647891777
5.597,walked,-25.859530448913571,9.264550304483397,10.087593867678828,8.715592909145299
5.598,over,-8.469834327697754,5.393894025398491,6.253999765908637,8.223697682912166
5.599,to,-7.683133125305176,4.356642975818191,4.730597916827172,10.125838068522578
5.600,a,-9.166968345642090,4.819627852234056,4.936920329625668,12.184285756057847
5.601,little,-7.835385322570801,4.284092413348080,4.588213868205365,14.367157207844830
5.602,man,-7.699424505233765,8.010874313595696,8.320802336922327,15.525786258221492
5.603,sitting,-14.892215728759766,4.798550926269050,4.805505542326969,16.559714927776927
5.604,in,-7.642045497894287,3.998529369502759,4.295671541225794,16.155240697668436
5.605,an,-11.034525871276855,3.847097829777893,4.361974693361633,18.000345419398567
5.606,office,-8.635724067687987,4.719207007515009,4.991897935993737,21.402221970756532
5.607,chair,-8.200081825256348,3.936769288336592,4.322368058844154,22.470315216181589
5.608,that,-14.960762977600098,4.793320864705581,5.238349597553075,23.352848143061451
5.609,squeaked,-25.264486551284790,13.740548165462785,14.598934632404928,21.009598090437837
5.610,as,-10.839352607727051,4.939032758767110,5.634582551873617,22.000102376687387
5.611,it,-11.424695014953613,3.662944910907140,4.156051969353440,23.000060416303388
5.612,rolled,-13.486334323883055,8.719473316955801,8.845648996897651,24.006028640393527
5.613,around,-4.003971099853517,3.997963993492553,4.248181487207330,32.002999632765963
5.614,the,-1.024098873138428,5.183319987686277,5.197202773365754,34.235400590251075
5.615,floor,-10.005773544311523,2.780608171193434,2.995225932719354,29.647867090789191
5.616,and,-9.832284927368164,4.306683519999138,5.107722492184824,39.023459813521207
5.617,spoke,-14.236185073852539,4.911396536946532,6.011692664313514,41.175894946820200
5.618,to,-8.945672988891602,5.455604540934024,5.751708623752839,42.112323410687779
5.619,him .,-24.665428638458252,12.476659137552641,13.277627260669270,83.003439189172326
5.620,It,-3.482963085174561,6.101511125184504,7.065723445463052,3.253049561235394
5.621,was,-2.214092731475830,4.795007407495021,5.060866881278936,5.162978479409592
5.622,the,-0.601406991481781,5.518728301025269,5.681779358417328,8.028436775226274
5.623,little,-8.913670539855957,4.233705322860602,4.516972859314116,9.032465371408657
5.624,man,-4.506818294525146,8.159768540164528,8.868365503019714,10.146206974790973
5.625,who,-0.064926527440548,5.536711299369219,5.290263953033642,11.078298255483539
5.626,then,-4.476084709167480,4.746024024020301,4.840254375496706,13.938358430660973
5.627,walked,-5.596118604764342,7.454366709164677,7.892733554763883,16.234892015642014
5.628,over,-4.313081741333009,3.825906858551832,4.576547579269841,17.886242953607187
5.629,and,-2.640882253646851,5.193386746015629,5.927602079479263,17.971137229149345
5.630,said,-7.679197311401367,4.955718938991830,4.934674253822473,12.102196300291453
5.631,something,-3.221703052520752,4.773005001155497,4.736499153318431,18.620497796957565
5.632,to,-1.438341498374939,4.345762318761217,4.307077707920739,24.449693660089768
5.633,the,-1.669760465621948,5.017839643909363,5.113629321243089,26.471526141643690
5.634,man,-5.487539052963257,7.263725023814277,8.133841480822680,27.885067572897430
5.635,who,-0.055843491107225,4.825964685904601,4.741726559579551,30.128335950447568
5.636,was,-2.196001052856445,3.209806848658244,3.110740371748988,33.136038853666470
5.637,cutting,-7.842237710952759,8.378140631718932,8.589232306693054,35.067041584541379
5.638,my,-6.136182308197021,5.514583828271449,5.546185013437414,37.170994113292323
5.639,hair .,-3.539657896282733,11.044434257590236,11.072226692927501,44.119704010527734
5.640,The,-1.648221969604492,6.746959719648657,6.992360907198334,3.456291647660295
5.641,next,-6.255862236022949,5.513335601497666,6.020524185030748,4.366751912444752
5.642,thing,-6.378498315811157,9.418914801428565,9.697168635717773,5.961074478708003
5.643,I,-1.821659088134766,4.803459680485924,5.474984698443174,8.125685619558956
5.644,"knew ,",-5.255279509350658,9.708805429946274,8.861851067483633,14.756481676907320
5.645,the,-3.375722408294678,5.739921657945714,5.484596503782877,6.773657674364303
5.646,man,-4.170199632644653,8.457604546786754,8.981652547968530,7.982280013663562
5.647,who,-0.040541078895330,5.399273035629559,5.303476252027637,10.482807488979503
5.648,was,-2.583114147186280,3.487585710317261,3.242015098531597,13.432047400060524
5.649,cutting,-8.019794821739197,8.917433713295500,8.862606629069143,16.055349907354959
5.650,my,-4.140988826751709,5.609969230449004,5.752829116237830,18.106298837920608
5.651,hair,-3.262297630310059,4.235725478158768,4.827078931976813,19.072218412011715
5.652,told,-5.287176609039307,9.204131213086981,7.798717851846383,5.173740190164340
5.653,me,-0.524978399276733,5.476391091364469,5.900543402475042,7.034485554480503
5.654,that,-1.110182523727417,4.868374357824671,4.827534857325197,9.131041600891040
5.655,he,-1.239350318908691,5.274988327326378,5.194741250883602,12.161365560197000
5.656,was,-1.305399298667907,4.785181427269301,4.823002531693698,14.182383114915757
5.657,no,-3.215265512466431,4.664720144912397,4.830609135311572,16.288573340348510
5.658,longer,-0.008843304589391,3.860395646991673,4.148074438987955,17.169212693196606
5.659,allowed,-5.625359535217285,4.813659197431347,4.787678674387496,18.086206078289315
5.660,to,-0.007494193036109,4.821115528626756,4.588545340605308,21.085569138318515
5.661,give,-5.388741493225098,4.159385932475163,4.400309178588032,23.098521800362377
5.662,me,-2.103708505630493,4.712715868152122,5.111199436240192,25.084241311506272
5.663,an,-3.928062677383423,5.540893543271304,5.927217059399023,27.331844422277765
5.664,Elvis,-12.254028320312500,4.545449349737464,5.235072371928227,28.189820579025174
5.665,cut .,-21.037739753723145,12.909748053457143,13.821077376776522,59.292122350587768
5.666,`` Why,-3.819226270228683,24.306369373745056,25.523158948422370,6.130052569234891
5.667,not ? '',-15.607865858823061,27.963678666751051,28.328660748435567,17.875608108210926
5.668,I,-13.827080726623535,5.393482246189259,6.067359772292204,8.115345729884730
5.669,cried,-15.359105825424194,14.829809365626273,16.495080504398210,10.102662891626020
5.670,desperately .,-20.150835752487183,14.307125876910384,14.192521205232040,26.251165530403185
5.671,The,-1.648221969604492,6.746959719648657,6.992360907198334,3.456291647660295
5.672,kindly,-13.952329635620115,10.544180211815943,11.811463161350527,4.162187120577547
5.673,barber,-12.906030654907227,5.300323343135059,5.541025359435546,5.194540862144798
5.674,stopped,-18.804587841033932,10.632634520387127,10.524231785283931,5.000414455386824
5.675,by,-7.874093055725098,5.635548442489963,5.563472372713447,6.000149422082906
5.676,the,-9.992318153381348,5.997377713371522,6.273755964675013,8.035975858495293
5.677,matron,-20.015595912933353,9.543474900982645,9.462960349348117,8.995817792284619
5.678,did,-12.551499366760256,4.719050485577856,5.607205827119816,9.000060204286081
5.679,not,-4.366179466247559,4.561164928701793,4.598067220902472,10.508140898268037
5.680,"answer ,",-18.169038772583008,9.106309358390817,9.198317656883493,21.525303212379541
5.681,but,-6.144818305969237,4.810682126074806,4.794924354164139,8.973263846095838
5.682,from,-11.309848785400391,4.938428989958906,5.588559108657637,7.003502910188891
5.683,his,-11.423803329467773,5.424019880849534,5.006979638965391,9.919458922048882
5.684,"expression ,",-20.971613883972168,10.778942570778288,11.189106896181586,21.970306128397290
5.685,I,-6.722363471984862,4.053120460743198,4.558313910008242,14.096711762528011
5.686,could,-13.655618667602539,4.122741794817508,4.453198793421516,16.000010021477927
5.687,tell,-13.362360000610352,3.632594537773552,3.619815968240033,16.001640770086055
5.688,that,-4.167871952056885,4.898378559692943,4.589304872920613,14.095067706099393
5.689,he,-13.242206573486328,4.307062082086898,4.994449882477622,18.801601623098179
5.690,wished,-11.879767417907715,4.498759911684918,4.515292494744624,22.095422420614792
5.691,he,-13.585529327392578,4.940290959826338,5.462797449900951,22.047727102054228
5.692,could,-12.476654052734375,4.213372690871181,4.750882581523828,25.946892334159308
5.693,cut,-9.135962486267090,3.497875357841087,3.671722090302621,28.396687775901999
5.694,it,-13.499204635620115,4.169687680481428,4.412183877873627,29.155465983479129
5.695,as,-10.996839523315430,5.220250980080223,5.632434006311168,30.141836124322712
5.696,I,-11.236911773681641,4.878627141713157,5.408166866087012,33.448864657173630
5.697,had,-3.830422639846802,3.771500399409550,3.879582712949623,38.804724508087581
5.698,asked .,-28.744244575500488,18.418088206652669,19.416199825211535,81.851455253654450
5.699,Within,-5.655445098876952,5.367314954699611,5.064288556197369,3.053320117097248
5.700,a,-2.110410213470459,5.331014844317147,5.337691355301758,5.247083183615821
5.701,few,-0.760132610797882,5.146715918845562,4.467594661177351,6.219870944866742
5.702,"minutes ,",-3.231755584478378,9.123927903730106,8.437532647990521,11.411311984725797
5.703,it,-3.428123474121094,6.488683689469736,6.805970815126781,6.224821511655080
5.704,was n't,-3.929067730839051,22.591181836087113,22.297084012223166,17.137347621589115
5.705,an,-13.791814804077148,6.293002398526716,6.602969390574700,10.067743869004953
5.706,Elvis,-11.553030014038086,6.024571883252483,6.086823149414737,11.076749672244963
5.707,"haircut ,",-20.824068069458008,10.230971691422626,10.714010109082434,27.278090492826102
5.708,but,-6.448998451232910,3.981350513689309,4.502823028047176,15.063617721724675
5.709,a,-8.984729766845703,5.033371462609837,5.586407456187582,16.063396415371507
5.710,short,-7.460332870483398,4.790286607383035,5.532156443331782,17.075556379042961
5.711,buzz,-21.556567668914795,10.174420878315534,10.583335638904655,17.999986575362747
5.712,cut,-13.294681549072266,6.420049378872782,6.458799401498888,15.061145958449400
5.713,that,-6.123826980590820,4.958509885045800,5.345341193010833,18.054555277835444
5.714,the,-9.453492164611816,4.923470230974667,4.900348890566714,19.047175968739520
5.715,barber,-11.191717147827148,4.623695808162211,5.334037742890376,19.939795000514806
5.716,had,-11.945445060729980,4.545416745264432,5.670658649993813,21.021739378374377
5.717,given,-14.145146846771240,8.623484272464253,8.728299372970399,21.966150528057213
5.718,me .,-17.591110706329346,14.483599156819553,15.830724593897230,38.051571266928974
5.719,When,-0.049349792301655,6.429444913545866,6.314414164890541,4.050376576615328
5.720,he,-2.480615615844727,6.154823269037651,6.613141651687258,7.063328043647251
5.721,finished,-5.669909477233888,4.623922567144327,4.802560329759196,9.074529291175267
5.722,shaving,-9.831687569618225,12.275813805562633,12.446760632583878,11.981613548964086
5.723,off,-10.615595817565918,5.535463406484197,5.757539795056317,12.989671542350420
5.724,all,-12.518188476562500,5.736100126700773,6.378199985617528,15.072282501008205
5.725,my,-7.003779411315918,4.761637667706140,4.671169774914239,17.012481395457371
5.726,hair,-5.676611423492433,4.427734236276724,4.733323973890826,18.007370374946852
5.727,and,-5.309086799621582,5.218540802474712,5.802563069338777,19.005471790275134
5.728,made,-10.537399291992188,4.798355355521575,5.832899571917267,20.348528389690191
5.729,me,-10.299629211425779,3.939515019690071,5.498318041546884,20.999998682172489
5.730,smell,-11.278917312622070,4.964592319503953,5.075695170305996,7.714734292063405
5.731,real,-10.113301277160645,4.050450321126863,4.281628191503855,17.371484623503896
5.732,good,-5.271714210510254,4.202510299292837,4.448066339602372,22.025944585956502
5.733,with,-13.419432640075685,5.160766456915754,5.516044655160369,23.020204458861610
5.734,his,-13.011114120483398,4.374832108985367,4.699466406743324,24.329226178291467
5.735,"powder ,",-14.269790887832643,11.213925812931809,11.681865611845437,52.748172798000766
5.736,the,-8.012854576110840,4.083993597229096,4.690405637591017,29.162571122898356
5.737,barber,-26.499275207519531,4.238201141477471,4.873168468331776,29.999999995121851
5.738,handed,-16.206177234649658,10.282087299248547,9.950831305132596,10.318003420612325
5.739,me,-9.503458023071287,5.002531362405975,5.795794874738543,9.736906890914494
5.740,a,-14.840816497802734,4.607424999181212,5.090432841427319,13.763968686582851
5.741,nickel,-11.939592123031616,10.138554918650270,10.165759836945988,8.999910175171550
5.742,and,-11.825210571289062,4.583028374481493,4.962401756109613,10.209528440256005
5.743,told,-14.472799539566040,10.225425693932602,10.495271216633915,12.755351444657705
5.744,me,-5.777847290039063,4.795546874538286,5.499136931199382,13.411955066623564
5.745,to,-9.736993789672852,4.647843667578917,4.772773057447756,13.982369412710895
5.746,go,-4.199633598327637,5.029256065475725,5.379290144175282,12.171771562785304
5.747,outside,-10.928508758544922,5.612737674993664,5.601199358210978,13.315963619594708
5.748,to,-0.199847742915154,4.896890398302646,4.912708861826836,16.453853738394500
5.749,the,-9.895763397216797,4.510678410497822,4.501746577729146,19.075132669462359
5.750,snack,-18.921110153198239,4.271133892412757,4.423548293456260,20.000052688595801
5.751,machine,-12.475195884704590,4.266359585764754,4.939527999277862,23.359427212167944
5.752,and,-13.029289245605467,3.795900471419434,4.387805859845658,25.133867142383696
5.753,buy,-10.748718261718750,4.537801265627427,5.412368746315762,26.020059953060354
5.754,myself,-15.696108102798462,10.287607273461663,10.615067133632216,27.044938197476050
5.755,a,-12.152452468872070,5.224934450195488,5.226930511731902,28.732473686336988
5.756,candy,-14.819076538085938,5.361700129156924,5.789277497082863,28.999999906352400
5.757,bar .,-21.658551692962646,13.110128824555996,14.205588284075912,54.986873000931993
5.758,I,-4.970303535461426,6.024670160483597,7.028461674606887,3.196634121080412
5.759,handed,-10.679188847541807,7.675676179823687,7.646815929668094,5.571947046480242
5.760,him,-1.487497210502624,5.359616863813882,5.462573124011039,7.552982861693875
5.761,the,-2.732022285461426,5.123604225678645,5.708787628143901,9.980356191069918
5.762,nickel,-10.506548404693604,8.481365881034074,9.147411081203096,10.006248609115415
5.763,back,-2.929130077362061,5.482980105292151,6.014138342922333,11.052624726115646
5.764,and,-3.670805454254150,4.688893211194985,5.650096682175406,11.977635557486696
5.765,told,-3.819041252136231,9.196884594788207,8.823068002657614,8.333996197607204
5.766,him,-0.215539395809174,5.577080394385346,5.570048161331991,10.212297718036485
5.767,that,-1.977392077445984,5.148889952937734,5.217432806638531,12.412107230221336
5.768,I,-1.722985029220581,3.987467602994409,4.884888817874486,15.331234993481019
5.769,was,-1.367642402648926,4.437822836515664,4.385712281488670,17.370199514105913
5.770,not,-3.207352638244629,4.898696015698254,5.058960062187206,18.382629973626688
5.771,hungry .,-7.308934316970408,19.352448973866153,19.289808356632996,29.275035225869843
5.772,`` I 'm,-6.587794994622527,37.823708564285262,37.849063616490554,13.611209605398543
5.773,so,-10.035368919372560,4.994454903097324,5.387090992689116,7.746923552860073
5.774,"sorry ,",-10.344985505566001,18.160835868002643,18.195199098092907,20.651591555709626
5.775,"baby , ''",-41.173908591270447,23.271049694299322,24.744296967443454,33.764252578344703
5.776,he,-12.969652175903320,5.402027968506348,5.669729619244491,7.999294608150580
5.777,"said ,",-19.259305000305176,9.702707451652943,9.449343959333884,21.008405166745977
5.778,as,-10.712652206420898,5.852203003919053,5.949429008946058,12.999616158400213
5.779,I,-10.426433563232422,4.803538945279524,4.892079314625250,15.001337621893427
5.780,climbed,-20.832324028015137,9.238715411949489,9.880971728716736,18.076770922611214
5.781,out,-9.025869369506836,5.550647123797535,5.881675398979566,19.985036511901512
5.782,of,-0.673691034317017,4.065851331399564,4.130893159652468,21.999879667111330
5.783,his,-11.079758644104004,3.789999582286599,3.855748574202620,23.999859999498273
5.784,barber,-13.062883377075195,4.799874055604938,5.333432239048161,26.033955994841051
5.785,chair .,-24.076414585113525,13.303133773080198,13.792820945863852,55.057850596823180
5.786,`` I,-4.767228429824172,24.493645510612883,25.184773098364225,6.797413692002586
5.787,am,-4.088399052619933,8.697818483949321,7.930543683631889,6.806403341422723
5.788,not,-1.843734383583069,5.205940824414044,5.278000572707597,7.817970555032378
5.789,a,-0.808099389076233,6.255248532070826,6.574143357593170,10.149740685855507
5.790,"baby , ''",-25.685160404769704,22.723564280840140,24.330936312553582,21.644539591874761
5.791,I,-2.382501602172852,4.165488752900592,4.716849780628857,7.568056658437575
5.792,"said ,",-5.249252557754517,9.772525006638176,10.140482194218400,17.329699485137652
5.793,as,-2.338347434997559,4.816067702404238,4.697519017277679,10.159353055887378
5.794,I,-0.502354323863983,4.396354229819249,4.674776173264982,13.192988573357384
5.795,wiped,-12.741975784301758,3.945603842329832,4.112790090227619,17.558129581085364
5.796,the,-3.228802680969238,5.983483789654620,5.945331351845968,19.588955139088601
5.797,tears,-7.468306779861450,8.190335534046536,9.456506539626186,20.465890121730524
5.798,from,-3.797976016998291,4.450234839604000,4.481404741451437,21.994034433289251
5.799,my,-0.391824036836624,5.427386231903778,5.403449870680703,23.424199778003192
5.800,eyes .,-3.316958010196686,14.318356983913127,15.196835280012341,35.172370558779797
5.801,I,-4.970303535461426,6.024670160483597,7.028461674606887,3.196634121080412
5.802,then,-5.034987449645996,5.449015560513469,5.307916414792727,5.069283204993805
5.803,sat,-6.775826811790466,12.906290305264331,12.848545915455766,7.675519541027373
5.804,down,-0.418214619159698,4.045763304428465,5.130699706858073,9.693841550762563
5.805,on,-2.005954504013061,4.113090379835320,4.834061814118628,11.620180045035394
5.806,the,-1.183036088943481,4.868619137475974,5.102277847766113,13.851509073206401
5.807,floor,-2.715786933898926,3.612192683046431,4.424480976204662,14.894165717982590
5.808,and,-0.151788845658302,5.181810583521152,5.129372256987652,9.005314226332001
5.809,brushed,-11.846302986145020,4.885673867069460,5.516201318200206,11.072320196674880
5.810,away,-9.698609352111816,5.272003987793371,5.310116685241135,12.127657766883265
5.811,the,-13.877295494079590,6.029122353427677,6.432763523309093,14.008227919634061
5.812,hair,-12.111278533935547,4.593789732114724,5.274898768330770,16.209735876843492
5.813,that,-10.924090385437012,4.814290414343471,5.611775877526403,17.238194369172472
5.814,had,-14.454319000244141,4.795958814432820,4.992276923358252,17.911696752907304
5.815,accumulated,-11.052532984991558,6.383010603848422,6.743564952131844,23.046148645500718
5.816,on,-9.181728363037109,4.968875983976996,5.066544855133133,24.000709583962717
5.817,my,-11.349400520324707,4.898507083959999,4.873971699974057,26.981413216906557
5.818,shiny,-12.705608367919922,4.921310133286004,5.398278303983675,29.054971648937755
5.819,new,-3.894768476486206,4.621773053750782,5.317498117094710,30.061973774458046
5.820,Buster,-13.880011782050133,6.140805253333482,8.177227180638312,31.054310277687158
5.821,Brown,-3.918590545654297,3.912757169994918,5.069396549886472,32.064282189914060
5.822,shoes .,-19.429229259490967,12.600229618142233,13.637420862860782,67.097933789041264
5.823,My,-7.622412681579590,5.804981642752812,6.703594032590622,3.419922484742548
5.824,head,-7.273826599121094,5.954371195347222,6.595089740837259,4.363585124299396
5.825,was,-2.002349853515625,5.070784819511517,4.597662962765615,5.311135097825090
5.826,no,-5.424425125122070,5.713775845648622,5.721773879930987,7.497668908203310
5.827,longer,-0.151861771941185,4.336640470890987,4.645609791631078,8.240069434695069
5.828,in,-0.730079054832458,3.097323687200681,3.773507095816688,9.236532509191614
5.829,the,-1.185028314590454,4.210102487977670,4.288431682552948,11.449070685883248
5.830,"clouds ,",-18.968656301498413,12.373590816069438,13.304054680903526,25.743416027772589
5.831,and,-1.517484426498413,5.130507394456099,5.469361763297234,14.257950833399480
5.832,I,-15.447572708129885,5.050611218763248,5.738041489504901,15.433416981506893
5.833,got,-12.373769760131836,6.063197894600552,6.268142810658906,7.639312669710063
5.834,up,-10.066579818725586,5.463621196265552,5.596679819961661,9.504774086475443
5.835,off,-5.225383758544922,4.948634506092524,5.029935038019461,11.961570929907881
5.836,the,-10.796919822692873,5.608397318092528,5.716504476032497,13.955647521562071
5.837,"floor ,",-15.217364788055420,9.872569972422912,11.259401960835605,33.042099371323850
5.838,brushed,-22.163028717041016,5.258094412111099,5.465921650933550,12.457547622786414
5.839,off,-10.456524848937988,5.651571618344552,5.841414080305787,16.850873668917568
5.840,my,-12.060613632202148,6.274613354839540,6.444600863126178,18.344608455870510
5.841,short,-12.670069694519045,4.620197590925863,4.940794944796639,16.027499223359531
5.842,"pants ,",-18.071506977081299,16.015748130391419,16.554638325168739,38.073864647518931
5.843,and,-7.768055915832519,5.416999595709669,6.052527123792938,21.065114132509326
5.844,walked,-16.092296600341793,9.389154626628372,11.087370184150553,22.077248589078888
5.845,sullenly,-35.891946077346795,10.492645778934241,11.031972980054659,23.079911317322001
5.846,towards,-17.210641384124756,9.461389527890400,10.742105302223864,23.999978846901993
5.847,the,-7.570127964019775,5.709134099826849,5.469191453407017,17.508629354985544
5.848,door .,-21.621383905410767,20.590657788108754,20.575363173893273,39.008816618750956
5.849,The,-1.648221969604492,6.746959719648657,6.992360907198334,3.456291647660295
5.850,matron,-14.828742027282715,10.239898404995943,10.497371357216680,4.406368074865454
5.851,was,-14.308866500854492,4.635282923115606,4.877602172090667,5.684947016784505
5.852,smiling,-11.982470035552980,8.452878965542050,8.256855518721784,5.346573518252349
5.853,at,-6.705472946166992,5.822630590650278,6.450046353695805,6.002963373709051
5.854,me,-10.616273880004883,6.152248979200769,6.329938180861982,7.008691701795629
5.855,sort,-13.545099258422852,4.711606955865530,4.954660058046160,9.122648355374704
5.856,of,-8.704094886779785,4.789102554174750,5.086037635837653,11.000000000833127
5.857,funny,-11.356463432312012,5.357725178188541,5.870762584598380,13.060410279474119
5.858,like .,-19.650532960891724,13.170871236029894,14.342497903254429,32.020747272723689
5.859,The,-1.648221969604492,6.746959719648657,6.992360907198334,3.456291647660295
5.860,barber,-13.644277572631836,5.764765110898845,6.836532068203903,4.548522328989637
5.861,upset,-13.994038581848145,5.073151202945646,4.930720138403684,5.628023714307377
5.862,by,-10.904647827148438,5.776543221417687,6.217967321272400,5.629084532583418
5.863,the,-11.537425994873047,5.479618137151006,5.657759497810273,6.997355357909527
5.864,matron,-13.423972606658936,8.082917724789382,8.083820571008388,8.137413964947788
5.865,said,-11.566345214843750,4.849148514717331,4.766421831733878,5.609323944011006
5.866,to,-5.861375331878662,5.345625081714585,5.610236397297077,9.584391168178287
5.867,"her ,",-21.368038177490234,10.394477292315717,10.705410369854940,17.712660182477975
5.868,`` You,-17.877522164053516,18.950495636990514,19.378786247992053,18.369021279438300
5.869,are,-10.459858894348145,4.907409183035470,4.639037963262036,9.248354729613100
5.870,just,-9.327780723571776,5.506533294659722,5.200566447887921,10.011714556783698
5.871,a,-9.227554321289062,5.557504468065673,5.761531730967051,12.008721820730386
5.872,damn,-8.363325119018555,4.643130437613193,4.820101734093223,15.001785058892679
5.873,"bitch ,",-18.179842472076416,14.600022293465909,15.009605923293833,35.046950741978321
5.874,lady . '',-24.870111465454102,35.472664821734156,36.038087803685855,60.023069243503357
5.875,She,-5.400978565216064,6.451306593754196,7.294753750596218,3.125623710821180
5.876,yelled,-12.503348469734194,8.941664393860774,9.840913628888000,5.430959799814687
5.877,back,-9.835963249206543,5.301871077899801,6.231523253316543,6.570688759603307
5.878,at,-5.134587287902832,4.862789353374658,5.515698816489291,7.919048707288735
5.879,him,-14.683899879455565,5.288506684796237,5.630261320294182,9.487082650501783
5.880,at,-9.507592201232910,4.518388063683279,5.226020437117000,11.901124444662068
5.881,the,-10.024970054626463,5.278194569214598,5.699086378007129,11.261148142849374
5.882,top,-8.329654693603517,4.768565099072013,5.000580084440712,14.228756773597945
5.883,of,-9.773979187011721,4.816720814422541,5.590109756304597,15.146480535097069
5.884,her,-14.457441329956055,4.886766687407897,5.346261262442050,16.361950371876006
5.885,"lungs ,",-16.830783009529114,12.525691337167615,13.604042978735375,39.086185037345587
5.886,before,-9.634837150573730,2.882059424303053,3.516905763568118,21.022588738459167
5.887,walking,-17.148177921772007,10.620614409622352,11.267708151575857,12.899664001256802
5.888,toward,-6.163775444030763,4.379410689811396,4.976471501326729,14.996369158050713
5.889,the,-8.352159500122070,5.033107578500172,4.975651846399945,17.000006462741670
5.890,"office ,",-24.747703552246094,8.635359190865884,9.405977551071958,41.109530640682706
5.891,as,-8.483523368835451,4.372853576808685,4.822605825033830,23.214248495565709
5.892,fast,-15.081168174743652,4.081495970013289,4.275898726674043,21.211964291323358
5.893,as,-2.763566493988037,5.236003571451245,5.228169034869129,22.953638762257796
5.894,she,-11.041505813598633,3.978389109987328,4.619421035804716,25.161770862380155
5.895,could .,-27.017690181732178,12.258651268125185,12.875944863974839,53.078606454562504
5.896,To,-1.173247337341309,6.161245195724728,6.370567884901839,3.875805254989159
5.897,show,-5.608340263366699,4.639828911259285,5.005920811385035,6.053210963952457
5.898,his,-3.718989133834839,5.947248758027111,5.592224152891745,8.472576204936638
5.899,"anger ,",-6.689864326268435,14.230848900615158,13.420069058183927,13.623254284703727
5.900,the,-1.885273337364197,5.506197381414587,4.600708727375445,6.267813772079601
5.901,man,-6.016417503356934,8.849835786147658,9.481792873388494,7.439616482087597
5.902,hit,-7.511600971221924,4.254868926660529,4.979973755383370,8.302513639505456
5.903,the,-1.453428983688354,5.629148536191193,5.621884684112529,10.528844095758696
5.904,wall,-3.201924562454224,3.866364515247358,4.963298692369996,11.471452453649722
5.905,with,-1.122052669525146,3.953772940525213,4.535015856238752,12.097408658385159
5.906,his,-2.128253221511841,5.515051998292686,5.326904369072594,14.395810759704432
5.907,hand,-3.123278141021729,3.805555815490731,5.327230633759897,15.349803640167027
5.908,and,-0.253195941448212,4.913781631973690,4.975305391452615,10.766654053106016
5.909,then,-0.058533664792776,5.417234087979033,5.468123068853734,11.841175379060276
5.910,walked,-4.823965407907963,8.498265594591214,9.213431534512374,13.677350424473255
5.911,outside,-5.889352321624756,3.991448024466102,4.712854803752141,15.658005153126409
5.912,where,-0.033481131569715,9.132990453290180,10.234225587659569,18.590450013299677
5.913,he,-0.464810609817505,5.153015797352046,5.658721783325051,21.594930696333986
5.914,stood,-4.485878884792328,11.193739656817042,11.309667651321073,23.593220832728228
5.915,against,-5.063874721527100,3.809881766037607,3.848193845499167,25.304753554427858
5.916,the,-1.303478837013245,5.096424930020474,5.154663591742535,27.737643929586696
5.917,brick,-9.106585025787354,8.087269540332734,9.062034020297096,28.866258876470297
5.918,"wall ,",-2.621199876070023,9.338492291770102,9.738241309469142,48.810052442356692
5.919,smoking,-6.577860236167908,8.844810870430969,8.968050890042210,26.020369088411012
5.920,a,-2.208948850631714,5.109719200363157,5.322471322474135,28.331610598876644
5.921,cigarette .,-3.705000624526292,11.592971028925906,12.879864288187015,36.896736356465937
5.922,I,-4.970303535461426,6.024670160483597,7.028461674606887,3.196634121080412
5.923,understood,-7.971957439323888,15.217516185973981,16.996601326608165,5.211367861016309
5.924,right,-3.996555328369141,4.927802243818141,5.279869060042809,7.127550363557121
5.925,there,-4.401984691619873,5.015280981158742,5.350127804708364,8.056830694359393
5.926,my,-3.749410867691040,5.376571650593597,5.352902213071047,9.397200594909043
5.927,haircut,-13.403616905212402,4.688139132058844,4.756937752046804,10.004363586955213
5.928,was,-12.628196716308596,4.712063617713998,5.005803273058199,11.043005763015099
5.929,something,-11.315721511840820,5.112889520081072,5.540924949006776,11.998910455408375
5.930,that,-4.637005805969238,5.123931992677028,5.030733754560578,13.042912489038034
5.931,had,-14.791800498962402,5.158009377614286,5.021082941325822,16.686861709140565
5.932,been,-6.676355838775635,4.086155251536954,4.187136829594109,19.214194503314985
5.933,out,-8.448913574218750,5.374842600284082,6.320181414703157,21.242882049979450
5.934,of,-0.191510319709778,3.697421018587022,3.997857368258841,23.840408649774972
5.935,the,-9.929343223571776,4.983887105448865,4.817143812110847,25.000258364734911
5.936,power,-11.360632896423340,4.780679383608487,5.360837009347555,28.156727435689234
5.937,of,-10.342185974121094,5.229572541654401,5.509644530233056,29.142347198383234
5.938,the,-10.933019638061523,4.303960316434872,4.473375031607485,28.440596000730640
5.939,barber,-13.954433441162109,4.067741867266493,4.318248124128504,33.267572578121907
5.940,and,-3.933473825454712,5.081706278374897,5.798275494636176,34.051721545100229
5.941,then,-9.540961265563963,4.034568730623127,4.498206228667404,35.052510333002409
5.942,I,-10.574609756469727,3.906126433307094,4.479750222393974,36.044079154520581
5.943,slowly,-8.916741650551556,7.518697072963607,7.908171978963177,36.960818705968215
5.944,walked,-14.838450431823730,8.757346603821121,9.339510965700120,34.611385981664853
5.945,outside,-10.570259094238279,5.111319667224544,4.992277698000219,38.038942085386452
5.946,to,-6.105268955230713,4.707303544274777,4.757133833738831,40.353636382609871
5.947,join,-12.925750732421875,3.405304446806043,3.532590561830383,34.745746779658433
5.948,the,-9.558460235595703,4.774901225696921,4.824413271843848,45.498728611299775
5.949,man .,-18.740807414054871,16.737694808833268,17.670238691400812,80.217763288827769
5.950,He,-3.132118225097656,6.172610445780090,6.970292006513135,3.087320030454809
5.951,looked,-8.556137800216675,8.904078861169431,9.444395880175504,5.523173110913298
5.952,"down ,",-3.909011662006379,8.874968335927019,9.717523609576658,14.822115821286976
5.953,smiled,-4.139842651784420,8.880387570731731,9.314299073557233,9.004679763156727
5.954,at,-10.517662048339844,4.647367303782307,5.503506118626032,10.016878249678463
5.955,"me ,",-21.887515068054199,9.984016597311353,11.165793917432170,23.821156337580781
5.956,then,-9.150061607360840,4.263241046151826,4.567444779296676,14.999998443072954
5.957,he,-11.959886550903320,5.150437867994091,5.990357168270550,12.001557916922225
5.958,patted,-16.943182468414307,15.662535490849864,16.421376529260488,13.294509405081994
5.959,me,-9.383564949035645,4.656771663618282,5.775848390266956,14.000000087401714
5.960,on,-10.935138702392578,4.354554675653996,5.191043091662888,15.000001660651732
5.961,the,-0.987684726715088,5.971402767126661,6.186370612562428,19.253439601148610
5.962,top,-12.377642631530762,5.070547525441847,5.545478165013083,21.128078652372871
5.963,of,-11.579536437988279,4.448938618768044,5.206828437328879,23.204681655836755
5.964,my,-8.876268386840820,5.233830092128493,5.249196867035894,24.248326618537263
5.965,bald,-16.311500072479248,7.998738903604448,8.431509818872620,25.746628577402163
5.966,as,-9.420397758483887,4.323334047166727,4.702190455116562,28.750646376708218
5.967,a,-10.422783851623537,4.492893736144463,5.095587534095866,29.709346870687042
5.968,coot,-14.578047990798950,11.731436536962168,12.762015140439713,30.728295447621768
5.969,head .,-23.568111419677734,13.803933644681607,14.874889965066615,62.042062837072052
5.970,It,-3.482963085174561,6.101511125184504,7.065723445463052,3.253049561235394
5.971,was,-2.214092731475830,4.795007407495021,5.060866881278936,5.162978479409592
5.972,a,-1.819428443908692,5.686133911677501,5.610169608531665,7.771632961921242
5.973,fact,-8.364127159118652,3.849687327082538,4.678952748552671,8.916305405994910
5.974,of,-0.095314532518387,3.820216777282865,4.138183146387601,10.108673695668207
5.975,my,-7.947425842285156,5.316128429718645,5.389134606816679,12.211369351393113
5.976,life,-0.512580454349518,4.487722547998205,5.470579787896222,13.095929312138894
5.977,that,-0.059907648712397,5.094112085169791,5.186721182502249,9.627727319444313
5.978,I,-1.727897524833679,4.167670215723006,5.070087492776294,12.629239604493989
5.979,was,-1.632645964622498,4.481636180281750,4.294746428215300,14.576894064535699
5.980,not,-2.752205371856689,5.057032634602473,5.146237513548850,15.723038120071607
5.981,gonna,-24.346735000610352,8.418016548934196,9.694972630506880,17.006796020904872
5.982,have,-11.818718910217285,4.149532686009679,4.594929377449876,18.000239237637828
5.983,hair,-11.737482070922852,4.233941240213992,4.722775579617454,19.000189246275404
5.984,that,-9.685578346252440,6.021181004621442,6.498786862838755,19.999367261264691
5.985,was,-10.085738182067873,5.128231417985049,5.339299884621711,20.999656738775386
5.986,anything,-11.599944114685060,4.351992389795639,4.460998214646854,23.000004573595284
5.987,like,-9.321885108947754,3.693369097809178,3.694948104505924,29.982853971157141
5.988,Elvis 's,-24.116898775100708,15.598936563464314,17.006795738186476,66.220720942675413
5.989,anytime,-15.147876262664795,10.477327197109982,11.072512076256571,36.072386774881174
5.990,soon .,-16.344504833221436,13.251060951304687,14.132768434360136,75.112735832655162
5.991,I,-4.970303535461426,6.024670160483597,7.028461674606887,3.196634121080412
5.992,then,-5.034987449645996,5.449015560513469,5.307916414792727,5.069283204993805
5.993,looked,-5.870774447917937,7.777193751756004,8.169703722592336,7.432115727136825
5.994,up,-0.890931487083435,4.748341948511531,5.565299208479897,9.661585873379368
5.995,at,-0.799483180046082,4.342355704435168,4.894731844494093,11.541713878896511
5.996,the,-1.832340955734253,4.595718737933979,4.881661563951528,13.851777609519631
5.997,barber,-12.184107780456545,4.513674093771213,5.385696555235397,14.832774993653883
5.998,with,-10.302994728088381,4.769116983157995,5.614439925402793,15.828005263666196
5.999,my,-13.505895614624025,5.377659773265023,5.828945844871918,13.697068203797398
5.1000,wet,-10.812552452087402,4.755533260464090,5.378084969073472,16.289924397440366
5.1001,red,-6.747345447540282,9.140616008952160,9.537881290800922,16.022433584796552
5.1002,eyes,-5.596995353698730,3.643338641933481,4.219069475707040,17.013599547874449
5.1003,and,-4.743932247161865,4.868560037642324,5.669564547640372,18.003795784415683
5.1004,"asked ,",-18.344656944274902,13.386159553805511,15.165529163225060,28.001344208650366
5.1005,`` Do,-5.742779431107920,21.020327124265634,22.552815802583829,21.000008630020588
5.1006,you,-8.372351646423340,3.842090040732041,4.093011992964756,13.000509701303926
5.1007,know,-13.844256401062012,4.953760932419909,5.325651716375746,15.001433515102505
5.1008,if,-9.957162857055664,4.978812982509591,5.163303270753994,17.000064599030992
5.1009,Elvis,-19.307424545288086,3.955411729352285,4.064856155356012,19.000112178738100
5.1010,Presley,-15.271593093872070,4.255347253171137,4.310705679377606,20.000000089164537
5.1011,has,-14.167959213256836,4.544351100837051,4.812326908221650,21.000000007303164
5.1012,green,-15.306420326232910,5.018033613579957,5.127927125301229,25.093860929144999
5.1013,bones ? '',-38.682869434356689,28.683762976923543,29.198858567887733,76.608400884367256
6.1,This,-4.479230880737305,6.651710392675916,6.920884393844178,3.257444186784426
6.2,is,-0.770306825637817,4.700632662136499,4.096526359084971,5.159915994428456
6.3,a,-1.296885490417480,5.588240306734957,5.694575739276099,7.912980136998602
6.4,story,-4.988935470581055,2.709193373681091,3.934893116039180,9.056514612277663
6.5,of,-0.536744236946106,4.255269644215243,3.968896767393866,10.139376508883696
6.6,how,-0.051876392215490,4.746409041181617,4.635215137663235,13.097307925970956
6.7,Mr.,-3.076715874485672,8.145087171000023,10.003240357470963,16.372297004271189
6.8,Sticky,-17.742650270462036,11.459900907585487,12.745710240681456,17.362653441593434
6.9,got,-16.165348052978516,4.862503230566340,5.032116630556311,18.651810344439248
6.10,in,-10.955744743347168,4.680600686330600,5.118837354326518,19.619936879023896
6.11,Abby 's,-21.583100557327267,16.521173990579179,16.297565132246291,38.579520177423184
6.12,fish,-16.214267730712891,3.763809363232578,4.523047339306379,20.042752437526051
6.13,tank .,-22.896390199661255,12.073234533573181,13.126545468644574,43.000004700110317
6.14,`` He 's,-7.262939670741616,37.564783947036567,37.329507917355109,13.496549073844974
6.15,very,-10.724924087524414,5.028016482691116,5.319542572867193,7.819148778220124
6.16,"small , ''",-23.115378260612488,24.637679631062717,25.693143032338341,25.970124414866238
6.17,Abby 's,-25.137031316757202,14.952449210204929,15.424254356127184,26.063573645792459
6.18,mom,-12.745812416076660,4.315394599256125,4.559738230553960,14.530471713054956
6.19,said,-10.853396415710449,5.286563145446557,5.617224821053420,14.004553933734796
6.20,as,-12.533970832824707,6.236394095879099,6.654996776509877,15.001033478338725
6.21,she,-11.403580665588381,3.560565484855468,4.074002302260197,18.043689985759553
6.22,peered,-26.775274276733398,8.182565947997491,8.452796120263670,19.529849773360311
6.23,at,-12.194630622863770,5.194285713098203,5.855650907017369,16.000086793331356
6.24,the,-7.100411415100098,4.544792607629290,4.714504574972309,17.126817967787499
6.25,tiny,-13.121294021606445,4.074990784725889,3.828026209360369,19.990118817800926
6.26,water,-12.699861764907837,7.268782084220565,7.346557837296190,22.070067410221547
6.27,snail .,-31.884361743927002,14.083758742918175,14.449803835921486,47.812062957277291
6.28,Abby,-11.785991668701172,5.288016666315952,6.034092614532216,3.790539422281504
6.29,said,-15.807991027832033,5.481407566456744,5.418301873448073,4.695439198812156
6.30,that,-12.811543464660645,6.010898127273192,5.924214054589918,5.171779982031207
6.31,he,-11.049270629882812,6.082466365021236,6.008286125117174,9.231818111881321
6.32,would,-11.151871681213381,5.183339881923597,6.284185414026577,10.370824773517553
6.33,grow,-7.935719490051269,3.318810081309928,3.357842214244544,12.385064322141812
6.34,and,-11.189867019653320,4.786966409941954,5.126827068380879,14.357984471261446
6.35,then,-8.589397430419924,4.832163934843204,4.707425387593348,15.021895110390851
6.36,pulled,-13.457226514816284,7.703927621154066,7.827177743182927,16.713070553094724
6.37,her,-12.785361289978027,5.756658437174552,5.976063515280640,16.014759792496921
6.38,pajama,-14.585308074951172,9.390108132384585,9.489225119712801,18.215786630393293
6.39,bottoms,-11.194008886814117,9.222246933699507,9.642602601012003,20.015938371078803
6.40,up,-14.013093948364258,5.421952544218787,5.932328738778379,21.012016173126426
6.41,again,-11.047195434570312,4.796579434769185,4.660059281986003,22.006785330044689
6.42,before,-15.764584541320801,4.951822630346661,5.394207708806649,23.012420520072041
6.43,she,-13.454337120056152,4.795078748400323,5.633340227894938,24.020488512247187
6.44,got,-16.609449386596680,5.177822230807704,5.268088110793562,21.000056612981862
6.45,into,-11.980391502380373,3.981220681108206,4.190049323075875,23.250173109294270
6.46,"bed ,",-33.651682853698730,14.447535756164008,14.959045302658437,53.000803609079064
6.47,for,-9.046619415283203,5.463144879297848,6.346167225731932,30.019254095679241
6.48,they,-13.436115264892578,3.613478234270575,4.115040953198982,32.000430814791791
6.49,were,-11.204580307006836,4.848705559107494,4.668707432882451,34.001109106997198
6.50,always,-16.391838073730472,3.832999441638178,3.912024778980146,32.893421390116075
6.51,falling,-14.857625961303713,4.585036028828972,4.673864360730537,26.236126172798180
6.52,down .,-22.417625784873962,12.923751099286473,13.143019543789382,54.356981871809054
6.53,"Usually ,",-6.969569981036329,15.737683065723305,13.665973784350538,7.288152366080157
6.54,Abby 's,-22.911585122346878,16.275154940031733,16.682334187706125,14.384508443745517
6.55,mom,-22.645145416259769,4.523091840691446,4.468758889832454,8.066919358714610
6.56,got,-10.183726310729980,5.267469566622224,5.457729901538316,8.959150208767232
6.57,up,-7.644497871398926,4.978558214056590,5.473997363042315,9.960172377794967
6.58,at,-9.414704322814940,5.001672607393779,5.398357010356129,10.919168267822423
6.59,the,-10.463571548461914,5.776321441041317,6.159312108177106,9.996459456366383
6.60,crack,-16.852962493896484,4.810590312667035,4.567516135552736,9.004191812348086
6.61,of,-8.262092590332031,4.946304791143706,5.428380883799782,11.009086666199353
6.62,"dawn ,",-17.361729860305786,13.154890416821187,13.434569587340768,29.222024584813109
6.63,but,-9.236567497253418,4.884657417623361,5.321524795042646,16.051556982714501
6.64,it,-7.412117958068848,4.648485800961581,5.120706988078005,19.012681840987355
6.65,was,-17.073486328125000,4.866107010692108,5.189815970119003,20.030482779394628
6.66,Abby,-25.648254394531250,4.279911256452089,4.716687415254099,20.999986625615197
6.67,who,-13.954093933105467,4.875850708174986,5.294688227505169,21.156199008571324
6.68,jumped,-14.282692909240724,4.729599843748085,5.360543511916529,16.716507964924308
6.69,out,-9.290863037109377,5.630592057687543,5.812302348698188,18.913351317947686
6.70,of,-10.094137191772461,4.558845197371465,5.203449023319981,16.000030982652568
6.71,bed,-13.029976367950439,9.664997003846180,9.952570372141091,17.008711981671560
6.72,first,-13.056494712829590,5.998508158667080,5.824677005601826,20.151427791755179
6.73,the,-9.783957481384276,4.454163586963213,4.344344287242657,23.112389276456557
6.74,next,-9.322668075561523,5.119287731089366,5.082091911827164,24.015011375153861
6.75,morning,-14.396774291992188,4.598930296977954,4.797449310691402,26.005075299494305
6.76,and,-10.609465599060060,3.855598688366665,4.741699077280076,28.005184628453179
6.77,switched,-11.965225338935852,9.225835935645627,9.818664027847898,28.075770619745040
6.78,on,-7.802344799041747,4.348681536164744,5.223021012561929,28.057679590303827
6.79,the,-6.413239479064941,5.619550658504563,5.441575037244037,29.155999397019229
6.80,light,-7.536731719970702,4.792028325514772,4.847675093110189,30.090033507227549
6.81,in,-9.914200782775881,4.332473436188364,4.644081719321597,30.830572623645228
6.82,her,-10.753710746765137,4.163629031850570,4.303228640839215,26.275801022390414
6.83,fish,-15.364303588867188,3.893148333120353,4.061343426162200,28.008882163550773
6.84,"tank ,",-19.568367958068848,10.689269760005942,11.532159996240997,61.663708771952074
6.85,which,-14.455277442932127,5.156705236295455,5.674559709190405,32.012932705127149
6.86,contained,-14.208400726318359,9.220378850884062,9.985206069607043,34.055786966970210
6.87,three,-6.922364234924316,4.445202821754400,4.729824235058118,34.005338219404415
6.88,fish .,-20.873566150665283,13.916990938382167,13.778959835960144,48.013905271611065
6.89,At,-2.795293807983398,5.683507995269601,5.158475264470179,3.128890616145403
6.90,"first ,",-4.641926348209381,10.471650875928912,9.747648182623967,8.608041632904989
6.91,she,-3.952147722244263,5.999650643406588,6.518929100052407,6.600786919581499
6.92,could,-4.182861328125000,5.099458446010895,5.024787583062174,8.217553419485958
6.93,see,-4.170240402221681,4.703108770993131,5.247022302886894,10.208048942175973
6.94,neither,-8.781536102294924,5.295174178961852,5.125975091518794,12.231966920066517
6.95,hide,-12.303443908691404,3.924718836777675,4.893731094661241,13.433093751875990
6.96,nor,-0.910121798515320,4.871947610368792,5.280595193364476,14.077248297154984
6.97,hair,-7.702228069305420,3.743723172199239,4.431078367919955,15.116017261232773
6.98,of,-5.458178520202637,3.528356211269116,3.950154308967405,14.417910260917802
6.99,the,-1.909491539001465,4.891752167636203,4.653643989341067,16.772535968054981
6.100,"snail ,",-19.792126655578613,9.062027519887511,9.994816646235183,36.763849343006470
6.101,but,-6.956773757934570,4.731408149335275,5.445541650747303,19.993011231770804
6.102,then,-7.079849243164063,4.935517555329608,5.113617628012807,16.832165154112587
6.103,she,-10.944293975830078,4.662079987289053,5.313391176718866,19.077234996303321
6.104,spotted,-16.507801651954651,9.565398564549787,10.696490085374419,21.086601408486139
6.105,him .,-29.339727401733402,13.802935422639624,14.733574378873161,47.262630649801366
6.106,It,-3.482963085174561,6.101511125184504,7.065723445463052,3.253049561235394
6.107,had,-4.154766082763672,4.635975017114373,5.072643118856488,5.173041947811852
6.108,taken,-5.879456758499146,8.410708144656741,8.440720329368004,7.250739012927253
6.109,Abby,-16.859104156494141,4.232035729645395,5.323581295977496,9.754077794323873
6.110,a,-11.903881072998047,5.033939834989051,5.385173986140549,10.553147038179542
6.111,while,-13.654457330703735,9.026089574347116,9.407759324512467,11.346844996640186
6.112,to,-9.158215522766113,5.540298832441709,6.062143128562572,12.001180226624305
6.113,find,-13.422475814819336,4.647720084009981,5.071603270582624,14.976671451516864
6.114,Sticky,-20.239217758178711,12.462583619451280,13.696804753930616,16.878014896333088
6.115,because,-15.729647159576414,10.426536819492989,10.833816880544989,17.000575462693867
6.116,he,-12.347606658935547,4.065402243168042,4.540515483188981,18.001289563606495
6.117,was,-11.723407745361328,5.482534843122004,5.799288419339677,19.001407222926609
6.118,clinging,-21.166581571102146,8.760756305056738,9.223166099795536,19.923093923405009
6.119,to,-9.195017814636230,4.673573358882543,5.307427355709136,22.655231547993871
6.120,the,-10.774473190307617,4.205993234933683,4.621634177755896,24.855295692629053
6.121,glass,-11.305980682373047,3.241459868886240,3.458252917413746,21.064471760568377
6.122,near,-12.397267341613770,5.024927692234679,4.937414776778878,22.251633395666747
6.123,the,-10.271219253540039,5.590050574367425,5.430385915564615,25.162719713643064
6.124,"bottom ,",-16.268389701843262,8.459768968351566,9.240044406765881,64.966480272673635
6.125,right,-8.915867805480957,3.933839307427341,4.006443200520364,29.000619634557289
6.126,next,-7.243789672851562,4.415704163998575,4.880581344823884,34.235860100819210
6.127,to,-5.097484111785889,5.123392820303138,5.566403662862379,36.010157287869660
6.128,the,-15.617849349975586,4.310332896249238,4.463524290175243,31.143097352181982
6.129,gravel .,-26.633154153823853,21.168960449763361,21.780112730756869,63.005427888571674
6.130,At,-2.795293807983398,5.683507995269601,5.158475264470179,3.128890616145403
6.131,school,-9.034612655639648,5.981023838755539,6.747110346761680,5.234016578997169
6.132,that,-0.038677554577589,5.208902686897800,4.535088985733841,5.291119605136566
6.133,"day ,",-2.180944904685020,12.612453321275410,12.145339117875192,12.171800068343773
6.134,"Abby ,",-20.318845748901367,9.074088426786961,9.514455422514365,17.614908765312499
6.135,encouraged,-11.205600686371326,9.358278854467306,9.751468507500400,10.186330227050329
6.136,by,-9.735232353210449,5.921527278522540,6.626536246156085,11.000999385214666
6.137,her,-10.375904083251953,6.108171887932615,6.143346368804023,13.000306196139025
6.138,"teacher ,",-14.233210563659668,10.593341296155728,11.284340263289668,31.263854416371913
6.139,wrote,-13.021908953785895,16.141968213326759,16.687509300089204,14.080517819802571
6.140,excitedly,-19.271544456481934,10.642834044798247,10.825512132708813,13.695070868696430
6.141,about,-4.854060173034668,5.542327752256334,5.625912788064588,15.030005998716938
6.142,the,-7.178039073944093,5.431057523575080,5.453824802650876,16.252110487531198
6.143,small,-15.817058563232422,4.938130709081594,4.942610717435590,17.757879240317248
6.144,and,-12.404987335205078,4.386703881801751,4.777282294362710,20.003467276162439
6.145,mysterious,-10.613694190979004,4.306094989855951,4.278324749948527,21.044010638609766
6.146,Mr.,-16.035569062922150,8.483946983673366,9.101537829281089,22.063425679176650
6.147,"Sticky ,",-20.038268804550171,15.700960788584421,17.333208300310897,47.315805212366854
6.148,who,-11.092750549316406,3.787802286412563,4.196652608792752,25.778699148423424
6.149,you,-9.786873817443848,4.439219577152695,4.824936708876912,26.945460112998372
6.150,could,-7.189090728759767,4.562611611733661,4.842629876781571,27.947230784913693
6.151,mistake,-11.486249923706055,4.758959673436647,5.049906859913547,28.876200189608340
6.152,for,-8.916210174560547,4.688696802366197,4.762073285533399,21.990127622911810
6.153,a,-8.317533493041992,4.689072191284013,4.444008149122118,25.007422659443016
6.154,piece,-14.152581691741945,9.047750907520063,9.008093605151517,26.000023161088290
6.155,of,-10.841591835021973,4.716358587861122,4.779530742174433,29.281777120657001
6.156,gravel .,-25.726603001356125,17.720038613429260,18.118877667066084,64.908800036049911
6.157,He,-3.132118225097656,6.172610445780090,6.970292006513135,3.087320030454809
6.158,seemed,-7.812152716098352,9.552654636257753,9.774193840357430,5.181902653296887
6.159,an,-1.920894026756286,5.314102661644535,5.565891024995064,7.806052862671298
6.160,ideal,-3.259392738342285,5.957899828553952,6.270714181904736,8.857386008475551
6.161,pet,-8.381299972534180,5.179421754380491,5.875761156566004,9.563174545933727
6.162,for,-2.323681831359864,3.804987505461634,4.493520963756036,9.723876450702244
6.163,"her ,",-7.701054573059082,9.720757902501006,9.636795510875167,20.744083801995508
6.164,some,-5.751978397369385,5.344144215108806,5.352847805770302,15.131958706105641
6.165,of,-0.000524383387528,3.464474298445825,4.123495209780978,17.703897230010387
6.166,the,-0.313333272933960,6.156256263512111,6.379022937751490,19.897786139392615
6.167,girls,-6.696344047784804,7.733194576509561,9.108007079346081,21.380670229844782
6.168,in,-0.658492326736450,3.601921864018406,4.096932003052121,22.588021327994088
6.169,her,-2.093423366546631,3.685297778093373,3.878298140499412,24.570388233606391
6.170,class,-3.811665534973145,7.545491860334563,8.442673572368356,25.803011129795578
6.171,"teased ,",-18.761814951896667,18.588792534173272,18.946356903072544,33.135508875975056
6.172,because,-10.097818613052366,10.203843533172039,11.016180357119332,17.717767424346523
6.173,Abby,-20.241935729980469,4.558707437189288,5.315870237652555,18.999968207914804
6.174,was,-12.261096954345705,4.044095007714005,4.235046024101131,20.000259146062493
6.175,also,-13.365955352783205,5.159704406711930,5.302080517813770,21.000046802581586
6.176,very,-11.662117004394533,5.828921792923546,5.919774798507371,20.023335395179451
6.177,small .,-19.416102647781372,12.322852749712821,12.611643075612619,44.002707394854255
6.178,That,-4.203119754791260,6.639422400307447,6.714888174474014,3.182374371096789
6.179,"evening ,",-8.921316385269165,10.049031480386837,9.966560566610180,8.311004522216329
6.180,Abby,-12.631448745727539,4.812861240440335,5.368883654580539,6.542494559207247
6.181,turned,-12.935724258422852,5.147130007198023,5.223541762037528,7.378567363973457
6.182,on,-10.854533195495604,5.377757495601498,5.610353431738344,8.272861931193079
6.183,the,-10.494145393371582,5.944918515587842,5.328386013962228,9.006015169834189
6.184,light,-10.640836715698242,4.749742746459319,4.995777552904658,12.593002927757487
6.185,and,-4.996118545532227,5.552871677364132,6.055067825348082,13.289243120130635
6.186,found,-14.033556938171387,5.322498490885748,5.926826216393101,14.283529878667695
6.187,Mr.,-10.612038165330887,11.268326050759210,11.659309053527872,11.002054171965860
6.188,Sticky,-15.794194221496582,11.851545114318750,13.343289923820894,14.189895580272276
6.189,clinging,-14.973178148269653,9.325471430502356,9.959645642423924,15.569944754717309
6.190,to,-6.045597553253174,5.269268529519262,5.832077375590877,16.337395679935163
6.191,the,-5.132974624633789,5.409369365401433,5.664975394518306,17.256481919127946
6.192,pond,-10.106184959411619,9.978719358013858,9.990164698552858,18.354573993330622
6.193,weed,-10.600694894790651,7.825120641683696,7.674625527472157,17.267862633366892
6.194,and,-9.667593955993652,5.476432196653088,6.012390366221472,20.547816651040076
6.195,bobbing,-18.372892379760746,13.255116055600958,13.338293940559527,19.003916168716120
6.196,about,-8.271356582641603,4.935425085761513,5.923005326166916,22.166460966746076
6.197,in,-10.701402664184570,4.549093106343709,5.597912196907071,23.071238335788827
6.198,the,-11.903713226318359,5.161460640545488,5.170609565158880,24.257288948952628
6.199,air,-4.818126678466797,4.352542150959823,4.848272650900737,25.078850802872005
6.200,bubbles .,-22.735243082046509,17.335964634475850,18.164483843306119,50.148253337761894
6.201,`` That,-6.439887230902968,25.360078289746536,26.065325955376359,6.671054785749234
6.202,looks,-6.284429308027028,8.669331101935365,8.877958496410342,6.701643585189508
6.203,fun ! '',-33.575378430075943,26.815900841892500,27.615876483517980,23.649095994984364
6.204,Abby,-23.359455108642575,4.990949467213968,5.558329801993387,6.721821704600540
6.205,exclaimed .,-25.895005106925964,19.042450410257231,18.921234443593139,23.491898712797074
6.206,She,-5.400978565216064,6.451306593754196,7.294753750596218,3.125623710821180
6.207,tried,-7.408640861511230,4.785072098506481,5.000666659753037,5.475889747910130
6.208,to,-0.048481717705727,5.765830455960339,5.839625553432890,8.427163832001543
6.209,imagine,-8.128686904907228,4.849717702477008,5.150933239056413,10.288797104215940
6.210,what,-0.355199038982391,4.857266999507980,4.866266887861773,13.349470208124998
6.211,it,-3.503740310668945,5.239210693000047,5.347987997799187,16.490736208188771
6.212,must,-8.957191467285156,4.557143884954755,4.339991160767953,18.311065090442320
6.213,be,-1.161655187606812,4.178250635217428,4.182796550520416,20.317241194324872
6.214,like,-0.429806679487228,3.292202997055625,3.143496993132723,22.185147794114002
6.215,to,-0.052255596965551,5.074051229276422,5.092542247078597,25.117472993777014
6.216,have,-3.662940025329590,4.399978147948726,4.894373805010678,27.107971161699290
6.217,to,-0.024805977940559,5.183204227801754,5.095580516643621,30.077609217939461
6.218,hang,-7.960222244262695,8.299696673242790,8.570475185558031,32.140511926698125
6.219,on,-0.369803011417389,3.865928940586691,4.337242763403344,34.121745307198552
6.220,to,-0.248772844672203,3.824265637309712,3.958000040825746,36.106858566039399
6.221,things,-6.282443761825562,8.550498988040824,9.052758291505164,38.433397752899687
6.222,all,-1.585517406463623,4.065485395193530,3.941026816195138,38.459010263689436
6.223,day,-4.896981954574585,10.026929379449092,10.251863580010994,39.038981931572899
6.224,and,-6.038723468780518,4.102047233141734,4.904514384516255,40.041164793180641
6.225,decided,-14.755742073059082,4.538903715073974,4.942949978890930,40.851442670604960
6.226,the,-2.236142158508301,4.498970099339943,4.802944411446717,41.413042574477821
6.227,answer,-5.608829498291017,3.672057593543066,4.428418968452506,35.428990037370404
6.228,was,-2.468705654144287,3.567127183956876,3.390398586712548,40.463888963849946
6.229,that,-0.857343077659607,4.207868933638919,4.060888854401774,39.477866348599726
6.230,it,-2.393573284149170,4.719838986765972,4.880249473232448,42.020738420660365
6.231,was,-0.973089694976807,3.893205085437216,3.802847944648352,44.448993942019577
6.232,probably,-4.210448384267693,6.553455412149273,6.977751997294325,41.123290857675393
6.233,very,-5.508763313293457,4.474885140501137,4.378828876438289,42.738735703503998
6.234,tiring .,-29.274906843900681,20.517715056743370,21.424498606323738,87.831328545547549
6.235,Abby,-11.785991668701172,5.288016666315952,6.034092614532216,3.790539422281504
6.236,told,-21.649742603302002,8.472334031110778,7.811043755036973,4.845766821251071
6.237,her,-11.277781486511230,5.702618081306214,6.115919755677232,5.998657799072062
6.238,mom,-8.130423545837402,4.393433122191151,5.056292329773818,7.744586032525201
6.239,that,-12.474085807800293,5.123762782779874,5.356948665117082,9.002976487160110
6.240,she,-9.744460105895996,5.383866997991864,5.600487822905349,10.085764813172123
6.241,thought,-15.332796096801758,5.172152109529307,5.515506643978211,9.253747321033023
6.242,Sticky,-18.145476341247559,12.154207775310251,13.459025930063193,12.413552389917117
6.243,had,-2.450915336608887,3.742141991835645,3.864239736870368,14.419336347791393
6.244,grown,-12.546957015991213,4.650474480571631,5.919633401710751,16.022417966993398
6.245,a,-9.563589096069336,5.450460336956084,6.087731753324414,17.003073275831404
6.246,bit,-3.964227199554443,4.364217387495509,4.912086119572038,18.000584596306286
6.247,the,-11.269324302673340,4.875669759607631,5.094803769216966,19.529490571310159
6.248,next,-10.398818016052246,4.747271670553110,4.900945009364941,21.000239940430141
6.249,day,-4.582671165466309,9.022845264908883,9.603116865826600,24.342306099728603
6.250,at,-12.392816543579102,5.156731236319430,5.709949200948273,25.354234887126946
6.251,breakfast .,-23.009870171546936,19.316541176255015,20.930952714303981,54.738610255724836
6.252,`` Just,-7.485424225837050,23.601016749689379,24.031302592234653,7.029033022338757
6.253,as,-0.970801115036011,5.065645200137300,4.540880779614689,6.446074531386018
6.254,well,-3.986603736877441,5.341488236202213,5.272102299476656,6.951502038887871
6.255,if,-9.093566894531250,4.402154814885493,4.150926350686970,7.084503989336561
6.256,he 's,-6.014698930084704,16.883800529780924,16.081127145724402,22.044381427200669
6.257,going,-11.515523910522461,4.893827125928341,5.063791931625146,13.045701270336213
6.258,to,-2.675576210021973,5.622987519338313,5.896210151435082,15.232256094238510
6.259,be,-3.987582683563232,4.198985603743298,4.485998658289997,18.517610918925961
6.260,gobbled,-12.638226509094238,5.005433656422138,5.699383150084262,20.516357937046024
6.261,up,-5.163706779479980,5.333959024539613,5.884031609415215,20.999510878529531
6.262,like,-11.328175544738770,4.465462815647798,4.928674133383794,21.999646486556387
6.263,"that , ''",-40.732307910919189,23.355197515764516,24.339894600469616,74.987654312642022
6.264,her,-8.827136039733887,3.863136404647367,3.997677117304161,29.935031754858780
6.265,mom,-19.198293685913086,4.126128700987460,4.069478080357989,13.088809403650439
6.266,responded,-17.580162048339847,8.406769776328884,7.590156499760305,6.988481850076179
6.267,who,-9.825707435607910,4.608014347455288,4.609424619149423,9.109306431826980
6.268,was,-10.969812393188477,3.990101520385586,3.752548539292893,11.259834570930893
6.269,busy,-14.902288436889648,4.407558020956277,4.304061773137477,12.185685035293501
6.270,preparing,-13.747620329260824,10.113861645391250,10.553623598595671,11.963854050072165
6.271,breakfast .,-30.719801187515262,18.366677817914038,18.433599588334154,29.077096047149446
6.272,Abby,-11.785991668701172,5.288016666315952,6.034092614532216,3.790539422281504
6.273,whined,-29.009643554687500,19.294525607209188,19.959743990911921,4.721336745756107
6.274,that,-7.426397323608398,6.507804534252923,6.900561073680309,5.300644447311004
6.275,she,-9.789705276489258,5.274932810537695,5.898876061484558,5.956157048391034
6.276,did n't,-24.744245288413367,18.713367622711708,21.620168246385990,16.033064741996533
6.277,want,-5.191271781921387,2.868906448291342,3.228392040024566,12.017689027004435
6.278,him,-14.281470298767090,4.793043224330840,5.238163983971337,13.019093193394205
6.279,to,-6.886532783508301,5.343981560459498,5.353310551420996,14.006628211964452
6.280,get,-8.969230651855469,4.412332734321616,4.528101174592493,15.008766368900051
6.281,too,-9.509476661682127,5.487395857276393,5.814299013084963,17.011442537342287
6.282,big,-8.904021263122559,4.939705893830507,5.327166734372259,19.002111659927767
6.283,or,-11.369212150573730,4.520612880493529,4.937569006921636,22.053548068181790
6.284,he,-7.973845481872559,3.976965236711679,5.198199093811139,24.064295405652608
6.285,would n't,-11.496696094822255,17.317709605404655,18.040829823535621,53.261533188445270
6.286,be,-7.856432914733888,4.260415636546775,4.436395735580208,28.012144781418129
6.287,cute,-13.136814117431641,4.404618135932749,4.757323040885289,29.000302908721906
6.288,anymore .,-21.646734476089478,15.899509013210345,16.901827675555712,66.069978726412117
6.289,`` Small,-11.965656941443740,24.075670793316881,24.448854938493156,6.941393175435129
6.290,"things ,",-7.359056711196900,14.322366158136997,14.592081144762862,11.578265212915060
6.291,not,-4.505985260009767,4.491928711083719,4.509749196594453,7.928780973707238
6.292,big,-4.519680023193358,5.249568688093217,5.153569460643014,10.051432460725104
6.293,"things ,",-4.026193208992481,12.477487755023713,12.315537488942855,21.940260977922527
6.294,are,-0.830967664718628,3.887719428153604,3.849358740063118,7.013101266238878
6.295,"cute ,",-14.750153064727785,9.442672753322125,9.416665389837348,19.231379484562339
6.296,right ? '',-33.355501890182495,25.689991475217187,25.615585138710411,27.999998320046959
6.297,she,-17.398092269897461,5.021131039487059,6.117746352618978,6.000000000000057
6.298,"asked ,",-30.561648845672611,15.529441433746069,16.056699072076256,16.002772502181561
6.299,half,-12.269546508789062,4.956486794035843,5.141237003071862,11.156485402533463
6.300,to,-12.033149719238279,5.892308005572770,6.243712250325284,11.999947493681139
6.301,herself .,-23.729508399963379,20.720114483627661,20.821026507595004,32.729965258472262
6.302,The,-1.648221969604492,6.746959719648657,6.992360907198334,3.456291647660295
6.303,next,-6.255862236022949,5.513335601497666,6.020524185030748,4.366751912444752
6.304,day,-0.969157405197620,9.750159599495703,9.412914174230034,5.130654575434972
6.305,in,-1.067532181739807,3.732263621705878,3.761023197173422,5.520460201016063
6.306,art,-13.878439426422119,8.132975719410249,8.669786904565559,8.114999059056409
6.307,"class ,",-10.183762580156326,12.695524794236622,12.970367125778107,13.796436174441610
6.308,Abby,-12.099561691284180,4.670227278795084,5.425241429915586,6.339988516038632
6.309,needed,-16.514932632446289,5.088323488227327,4.925195807117210,7.345743074965590
6.310,two,-10.758043289184570,5.923700079634470,6.057949747809098,8.001115684133810
6.311,pieces,-8.300458431243896,8.763623608435823,8.946640376002895,10.500853881695713
6.312,of,-15.088445663452148,5.152547156922171,5.559290110060084,11.238733496867011
6.313,paper,-15.286636352539062,4.625662265106596,5.129066123260536,12.113451147152928
6.314,that,-7.277304649353027,5.025889629970249,4.932041987936898,15.357121690137324
6.315,were,-15.956925392150881,4.680861190787736,4.809402501095417,12.769259046829033
6.316,very,-12.012495040893555,4.646288450463492,4.848459351420773,18.150535537056850
6.317,"expensive ,",-11.507591724395752,8.940176362625653,8.977013044215413,43.370255496477476
6.318,to,-6.991799831390381,4.972926311960147,5.550084673910145,22.998097671639005
6.319,draw,-9.379130363464355,3.645160973269685,3.819086241690869,25.944874272798810
6.320,an,-7.662817478179933,4.007910662303862,4.431391603249169,27.959227583853984
6.321,"elephant ,",-14.355932712554932,8.700119696939534,9.708736967609099,60.923646513844574
6.322,but,-7.990923881530763,4.305264562375177,4.686925252184278,31.953692887858146
6.323,the,-10.076238632202148,4.208588939234353,4.678276617951384,21.005921293635158
6.324,teacher,-11.694757461547852,3.822774402431556,3.971576740663877,27.651319348405341
6.325,did n't,-12.199671648937510,16.183242990723024,16.843884039158382,66.282180827659701
6.326,mind,-8.465843200683594,4.010751715532169,4.384834759125737,35.010599643953555
6.327,Abby,-21.972763061523441,3.818231870104269,4.048178433320719,35.802920346160896
6.328,using,-18.077376365661621,7.980019358008473,8.404588623509403,36.727706421905204
6.329,the,-9.798133850097656,4.779773239700863,5.035006755660556,37.594558276754690
6.330,expensive,-13.346585273742676,4.353621828668182,4.654670724490443,29.086593411363921
6.331,paper,-8.562076568603517,4.681032197077616,4.886267821005756,31.968445718851299
6.332,because,-17.230252742767338,9.733670074302793,10.463417165980839,32.579214614112608
6.333,she,-17.083065032958984,4.301342688396893,4.950814773304255,33.998341077559488
6.334,was,-10.230059623718262,4.791577504989426,5.101455952305144,36.281130860242612
6.335,pleased,-17.595439910888672,8.270592643185301,8.236350682305227,37.269887036590880
6.336,with,-7.980258464813232,4.429511825783034,4.781813943915639,38.149814286932560
6.337,the,-10.319311141967773,4.560085953412401,4.700741612548367,37.517483787765258
6.338,drawing,-13.497027397155762,5.030479175804593,5.470527696656510,40.587323952238322
6.339,and,-12.019124984741213,4.940881494350259,4.998991486690250,42.851495342209780
6.340,wanted,-10.290742814540863,6.930945360223117,7.028956054335205,44.823885892810594
6.341,it,-12.314925193786619,4.109366696471163,4.604364825645272,47.505310403269405
6.342,on,-8.347652435302733,4.908770056422999,5.548753437713627,49.842502005889301
6.343,the,-6.540712833404541,4.584956905153450,4.510999131355621,50.753041537084634
6.344,wall .,-15.723477840423586,12.266370366007912,13.521615479950547,99.650461858339170
6.345,The,-1.648221969604492,6.746959719648657,6.992360907198334,3.456291647660295
6.346,"teacher ,",-11.060211479663849,10.256093169377571,10.718526694174741,9.278916924917958
6.347,who,-0.095180474221706,5.607513919375457,4.765459520245665,8.065421699981583
6.348,was,-2.484859466552734,4.245407277846628,3.815681529332558,11.127797717498005
6.349,always,-4.325045585632323,4.046718582440477,4.185728489202713,13.138601901730645
6.350,very,-4.728108882904053,5.501106959300413,5.374533189183303,15.201121479541939
6.351,"encouraging ,",-8.122878186870366,8.960838529724953,9.677919167445452,24.295348636467843
6.352,remarked,-8.497643947601317,9.062087890580283,8.680446284920881,5.142245402972784
6.353,that,-8.752496719360353,5.175548087128607,5.626652382030136,6.171167474867217
6.354,the,-8.960499763488770,5.109412776782964,4.662863589548826,8.530960956614162
6.355,drawing,-12.662024497985840,4.586950559857198,5.325944371083229,11.578369068956963
6.356,Abby,-18.184162139892575,4.080871818784846,4.822504575072363,12.120284020715117
6.357,had,-3.178261280059814,4.320548880781928,4.403964700654791,13.022685632749946
6.358,made,-10.428394317626953,4.889713218763386,5.274543601398618,14.035536140985851
6.359,was,-2.501267194747925,4.086326549222900,4.179282629171708,13.021527396590519
6.360,very,-11.165711402893066,5.009058823601817,5.385354545714583,15.056985966067689
6.361,creative,-15.941894531250000,3.975224630434710,4.245639459797527,13.084542910100778
6.362,and,-8.363348960876465,4.935541724727615,5.024085642237137,15.058583687658189
6.363,beamed,-13.626441121101381,12.152759669795925,13.021555765882280,16.109671543654962
6.364,at,-13.486647605895994,5.032206847711056,6.037927305067080,16.200195498352240
6.365,"Abby ,",-19.838730335235596,9.321900764447090,9.692224000017800,37.423036704256226
6.366,giving,-14.812555789947510,9.641105542336412,10.008941291809403,20.547744109965503
6.367,her,-3.268952369689941,5.315013624094039,5.096839730046764,23.355414737190682
6.368,the,-9.546048164367676,5.211411847532331,5.547950182345017,24.240471239078012
6.369,seal,-11.885382413864136,11.704567195197836,12.073977726613554,25.303871532917288
6.370,of,-11.480421066284180,5.626774060486977,6.545594254411943,22.728415740758443
6.371,approval .,-17.559038639068604,11.962071471465569,12.492515550725690,51.949709493080107
6.372,Back,-6.033227920532227,5.901492866478393,5.261895267809645,3.079364477398621
6.373,at,-2.295482873916626,4.124725764767032,4.463958451209996,5.079824973192351
6.374,"home ,",-3.785865008831024,10.291196806179066,10.333432988596851,11.217110733776938
6.375,"Mom ,",-15.474649429321287,9.463813718900807,10.465856096828395,13.530269965894480
6.376,convinced,-13.610179066658020,8.468930145855259,9.113661366524283,8.191403247892071
6.377,by,-8.068903923034668,4.862079167195488,5.371275174485843,9.000001604401834
6.378,Abby,-18.971389770507809,3.810089230735790,4.404920188633575,10.016703700512164
6.379,to,-9.334247589111328,5.786135068085652,6.003879845100379,11.000107941481488
6.380,clean,-13.719974517822266,4.931253346055226,5.073873114530392,12.000026911954093
6.381,out,-9.668272018432617,4.643401837010223,5.195680916731718,16.489360851497491
6.382,the,-8.924371719360352,3.162793367340536,3.080648160816011,16.003131516191125
6.383,"tank ,",-24.781804084777832,8.628700123152834,9.492497077050277,38.848598783742361
6.384,was,-9.448825836181641,4.477642782931191,5.040122796575368,21.561293492187492
6.385,cleaning,-15.613109350204468,8.554787479927986,8.348251952509919,20.925214980825960
6.386,with,-10.311354637145996,5.567904750567863,5.747889732676567,11.171197759892056
6.387,a,-6.566454887390138,5.590921442347534,5.653162430725295,13.119848314028301
6.388,special,-15.282152175903320,5.887357784380195,6.219696998143312,15.078868634655715
6.389,"vacuum ,",-18.779339790344238,9.907906558621736,11.406308580199255,37.001123559041787
6.390,or,-5.203629493713379,4.705614442393829,4.994850638925731,20.070619809215490
6.391,`` hoover '' .,-50.936901746652438,51.825923896641108,53.500640727162704,80.964063159116108
6.392,`` Where 's,-7.095102384373604,36.996529539839813,38.099318481458965,13.376517416631934
6.393,Mr.,-22.096133232116699,9.050304605389082,9.826163544743835,8.385458405668254
6.394,Sticky ? '',-39.650636792182922,32.902024510569476,35.775771472725275,33.063403430033276
6.395,Abby,-17.066957473754886,4.147420975834939,4.450943724862073,12.997842911066721
6.396,asked,-10.445657372474670,8.290490156258834,8.775517987285973,13.929573397140610
6.397,first,-15.218094825744627,4.765118884360041,4.844800739101283,8.498180208187472
6.398,thing,-7.405623912811278,9.366302670188251,9.138751298958560,9.143841823216066
6.399,when,-15.354293823242188,5.118103080737077,5.036841851343915,9.260890273262216
6.400,she,-2.769483089447021,5.549554560416036,5.665112662928933,7.015078022178981
6.401,came,-21.785091400146484,9.417440436019325,9.704347207751397,8.164396444384559
6.402,home,-13.503970146179199,5.712671342379494,5.594308104956894,9.030565641413697
6.403,from,-12.702457427978516,5.181307883360924,4.864866247265231,10.026762206478779
6.404,school .,-28.895885229110718,13.788575070208172,14.554732932863448,27.165053092178574
6.405,`` On,-6.079426472693740,23.684185780012392,24.147121046153465,6.582431344701591
6.406,the,-1.063683271408081,4.816488931308069,4.772553949449351,6.817656384747406
6.407,"side , ''",-25.192244067788128,29.696693239924191,30.348033847378975,21.220901773577193
6.408,Mom,-7.232249259948730,4.426834481468948,4.827255790955205,9.179741748641074
6.409,replied .,-29.354305863380429,18.098203814545712,18.656048341835302,20.238471521508522
6.410,And,-4.475941181182861,6.911740063447175,6.874930150348805,2.054780871927588
6.411,then,-1.485996842384338,6.109056142195487,5.916622788031551,4.028084441757387
6.412,she,-3.862735271453857,5.794630507300521,6.276689278767768,6.053723946530671
6.413,"added ,",-6.975083351135254,9.451137514123818,10.203083660433943,17.119738892389059
6.414,`` Do n't,-1.991231964532744,32.180541986691686,31.816880230005584,37.059215496050278
6.415,worry .,-20.157540321350098,12.228803627800104,12.059591166770518,31.716615110883325
6.416,I,-4.970303535461426,6.024670160483597,7.028461674606887,3.196634121080412
6.417,went,-6.271336674690247,8.195277027727512,8.038903655149937,5.542202993584628
6.418,extra,-11.205515861511230,5.113021639808781,5.707040002118503,7.025535877596846
6.419,slowly,-7.522825673222543,9.276050877773656,9.961831539941381,8.028465457574072
6.420,since,-9.727410316467283,5.720223286174581,5.713421644236759,9.007539556080260
6.421,it 's,-6.875611002556980,15.365162979263143,14.875629780502837,26.153924623074303
6.422,better,-13.171303749084473,4.739439480504247,4.689080514495288,15.003132144124931
6.423,to,-7.618712425231934,4.377243929391224,4.949579354705389,18.018469549429238
6.424,be,-7.082023620605469,3.642936047464210,3.892223007726206,21.037192793798560
6.425,safe,-11.863449096679688,4.405305979997689,4.821627376099887,23.061421752630640
6.426,than,-7.159227848052979,4.611151723755423,4.583553235688148,24.987152419952633
6.427,sorry . '',-34.379751801956438,32.636504981487690,33.981070975350725,79.702459732427769
6.428,Abby,-11.785991668701172,5.288016666315952,6.034092614532216,3.790539422281504
6.429,looked,-23.027251243591309,11.147953251102996,10.370849496377016,4.954144993279212
6.430,on,-10.662677764892578,4.592832243873128,5.381840764389458,4.000032955067471
6.431,all,-6.498476982116699,6.123334355873013,5.907673343446969,6.338945618270443
6.432,sides,-9.195276260375977,5.421731362181340,5.992509268377002,9.104550337417693
6.433,of,-13.354415893554688,5.626594403898237,5.678982530992536,10.090696563390688
6.434,the,-11.884134292602539,5.970522681634280,5.674143394966900,9.230869383475957
6.435,"tank ,",-19.108366966247559,10.137419295167083,10.605820070845713,29.593354309972554
6.436,but,-2.352281808853149,4.842445988229557,5.037009886558059,8.280636216932416
6.437,there,-14.000903129577635,5.242035600032078,5.188971901374541,10.441122549726966
6.438,was,-12.354130744934082,5.461495130058013,5.542874885129510,7.132526428134065
6.439,no,-8.616291046142576,6.037437463944259,6.244569868490705,9.042662696192030
6.440,sign,-8.191960334777832,3.377347178638806,3.313092230155793,11.008925570974364
6.441,of,-11.707689285278320,5.966708816482863,5.933793791181889,12.002040388816186
6.442,the,-11.282953262329102,4.874402734311619,4.985182318344909,14.390433503896654
6.443,water,-6.617977023124695,8.572752287524830,8.887600284710668,17.203752939507975
6.444,snail,-15.068197250366213,4.210232022294186,4.211771947739122,18.182591480708524
6.445,that,-13.715190887451172,5.511093718536903,5.986290368068897,19.158215012218466
6.446,she,-11.593838691711426,5.057297538891675,5.866794258601350,20.209604966683735
6.447,had,-12.489081382751465,4.778450959360715,4.766447388120947,17.137887160195660
6.448,discovered,-15.253089904785154,10.126157887162217,10.025472745768381,20.211249587935480
6.449,a,-9.717454910278320,3.712233303544116,3.844797814303787,22.161752060536624
6.450,couple,-9.000943183898926,3.548421696410948,3.825645996664973,25.011768166237093
6.451,of,-9.751088142395020,4.048858257739384,4.370110733058223,28.907907390626427
6.452,days,-10.404074668884276,4.223860866445556,4.400145921960899,30.246678997883677
6.453,ago .,-21.225398778915405,13.354270113809047,13.710453036217977,59.143206451732809
6.454,She,-5.400978565216064,6.451306593754196,7.294753750596218,3.125623710821180
6.455,was,-3.232906103134156,5.101159601089268,5.150037521609952,5.273036820121158
6.456,very,-4.028897285461427,4.562612345640872,4.518206830253850,7.435397373851004
6.457,sad .,-6.356931834714487,14.739539011545890,15.110554161436315,14.433325786850173
6.458,Her,-7.716195106506348,6.281396414761494,6.797519982229900,3.522364780481396
6.459,mom,-8.305092811584473,5.001238178942363,5.667411609530543,4.539265145712282
6.460,said,-13.357303619384766,6.079265348719749,6.291260012190032,5.593358046045187
6.461,to,-8.484472274780272,5.573695756601074,6.152858369470656,5.952321217873584
6.462,wait,-13.716185569763185,5.011387330015207,5.043444924566488,6.000353302443577
6.463,a,-7.400406360626222,4.864493809142666,4.938408886680945,8.000077152078342
6.464,few,-7.544225692749023,5.315077314432656,5.204481246922414,10.000053958857846
6.465,hours,-2.168762445449829,4.331719049094420,4.409507366442365,11.000037723927644
6.466,until,-17.655073165893555,5.409292250535764,5.414756074426879,12.000014768611793
6.467,the,-11.218346595764160,4.965604797726106,5.520254670355543,12.000004350239562
6.468,water,-10.769510746002195,7.844044825156593,8.829054768824287,16.094088107772635
6.469,clears,-15.395657062530518,8.901590106350506,9.522468517498917,17.417917529898038
6.470,to,-5.473919868469238,5.035364533873558,4.904039284212657,18.978451912319642
6.471,take,-9.812187194824221,4.247487415445545,4.476938637248066,19.751080620933255
6.472,another,-11.083744049072266,5.062015180695628,5.040446701354441,21.602203614064411
6.473,careful,-11.693229675292967,4.718897694748425,4.849642984068868,23.908083548828952
6.474,look .,-26.188820838928223,12.964339985025365,14.731509070859481,49.080885526692882
6.475,That,-4.203119754791260,6.639422400307447,6.714888174474014,3.182374371096789
6.476,"evening ,",-8.921316385269165,10.049031480386837,9.966560566610180,8.311004522216329
6.477,Abby,-12.631448745727539,4.812861240440335,5.368883654580539,6.542494559207247
6.478,went,-21.973269939422607,8.450583889336995,8.862608828014260,7.779461628698820
6.479,up,-10.037042617797852,4.789967195801609,5.179377227219453,8.722165260176730
6.480,to,-9.270702362060547,4.444951692061159,4.538029319634231,9.787367222868973
6.481,her,-11.366767883300779,5.393565649352822,5.609940785595139,11.882164036113634
6.482,bedroom,-10.822744607925415,8.286363558962492,9.203654691035608,13.955483597238713
6.483,to,-8.478167533874513,4.785157982871033,6.095364720729441,14.909461874798081
6.484,check,-8.269434928894043,4.265685439218643,4.452612257442455,13.504376397108654
6.485,the,-9.111554145812988,5.095174710979411,5.673028870592157,15.889426890765600
6.486,tank,-12.707994461059570,5.015013908944161,5.231226980708431,18.033679939711547
6.487,again .,-19.811335086822510,13.887131865560821,13.129111842695906,37.174769258114480
6.488,The,-1.648221969604492,6.746959719648657,6.992360907198334,3.456291647660295
6.489,water,-8.787712097167969,10.132226537839855,10.656616439793876,4.403127116891894
6.490,had,-4.651419162750244,4.625670452304254,4.823719518746350,5.423281256641038
6.491,settled,-8.264758110046388,5.049469996087507,5.112075523344968,7.427142597944123
6.492,and,-1.346085786819458,4.525197274318431,4.455618327709319,5.217408764396819
6.493,looked,-8.092310965061188,10.244777493714091,10.794076163288695,9.905566602139761
6.494,"clear ,",-8.979759693145752,8.998874390018250,9.220973611324354,22.720270758017904
6.495,but,-4.126303195953368,4.348381501549201,4.737106535459652,11.839164151675019
6.496,Abby,-14.454705238342285,4.350237441001268,5.036130298695169,12.011711357199815
6.497,could,-12.965604782104492,4.798404415771048,4.953519888457599,13.224338605600119
6.498,not,-6.636749744415282,5.252485093584493,5.171956890715460,14.700163565555105
6.499,see,-16.507902145385742,5.068425082212130,5.140846285832668,12.031408326606222
6.500,Mr.,-11.533336192369461,10.694158363999092,10.719240264816420,14.022516169341236
6.501,Sticky .,-27.570133686065674,20.848366436658999,21.779816045013867,35.725673208401190
6.502,Abby,-11.785991668701172,5.288016666315952,6.034092614532216,3.790539422281504
6.503,kneeled,-33.616221427917480,11.159282800568723,10.827535208634012,4.689379258085672
6.504,down,-12.220476150512695,6.010762934949851,6.346394159364833,5.118878778409265
6.505,to,-12.126609802246096,5.688813041420919,6.272827855839798,6.912502492455872
6.506,have,-14.080761909484865,5.193848159012156,5.420246941347417,8.100652666974762
6.507,another,-13.229827880859375,5.689382837963839,5.600001179612065,10.398471362811245
6.508,look,-4.101162910461427,4.154571476762193,4.162740887495052,12.453891583607787
6.509,in,-8.616520881652832,3.937655885259855,4.822195084102841,15.194470347056903
6.510,the,-6.818383216857910,5.201501648620108,5.499099174745995,16.127590901914314
6.511,tank,-18.273305892944336,4.686809388041597,5.102825929866167,17.229947304489695
6.512,that,-6.255089759826660,5.115251518767602,5.113770219286637,19.628923667242926
6.513,her,-8.286520957946777,5.153574862059677,5.620454513619348,20.690751989960198
6.514,mom,-15.874567985534668,5.150497137722557,5.754321564377880,22.890206980610795
6.515,had,-13.391400337219238,3.752413449762516,3.952172026143860,26.371417895676142
6.516,cleared,-17.142269134521484,5.056423117186200,5.568701150429066,28.247302082496351
6.517,so,-10.493954658508301,4.752402728726945,5.128090947187758,29.131030121445050
6.518,"thoroughly ,",-25.273961782455444,11.184413099746081,11.528180535730037,57.380889011416116
6.519,but,-9.021203994750977,4.438485705485219,4.505017727325331,32.031879286550591
6.520,Mr.,-14.722615718841553,9.559066776660488,10.151366611775449,33.936971778584216
6.521,Sticky,-30.448648929595947,11.032126589173354,12.109569113870890,33.999999940747927
6.522,was,-9.948596954345703,4.943216970954364,5.005908889153920,34.636383506027300
6.523,still,-10.274386405944824,4.834468504453279,4.769881478525930,15.961055179508193
6.524,nowhere,-14.297019004821776,11.246003195176730,11.377517679757126,16.945141317959003
6.525,to,-13.831520080566404,5.133065246807644,5.562354885738951,17.991906896108418
6.526,be,-7.969685077667236,4.926949453710152,5.260765741200347,18.974382207439607
6.527,found .,-22.046715974807739,14.245446977064937,14.069817278107891,36.095149954981110
6.528,Abby,-11.785991668701172,5.288016666315952,6.034092614532216,3.790539422281504
6.529,was,-14.826132774353027,5.388000741830163,5.321018189988401,4.570499601577817
6.530,a,-8.178539276123049,5.600833329575360,6.357853738118835,4.305045923060819
6.531,bundle,-10.213276863098145,5.094235850378371,5.432179237437266,8.153715640879303
6.532,of,-12.329548835754395,5.494891999561005,5.743471392713849,8.881618130294434
6.533,nerves,-14.212377429008484,9.075376057598907,8.618996277160273,10.097605377017100
6.534,as,-5.413092136383057,5.151091454498196,5.431148464586263,9.800446108559369
6.535,she,-8.482817649841309,4.606612613497255,5.427041617151781,12.556203894991135
6.536,descended,-20.325067043304447,9.412672502222877,10.058285203529989,13.666503168158169
6.537,the,-11.409010887145994,5.719158564925888,5.988471500235950,10.260227107222093
6.538,stairs .,-27.848336219787598,15.683478055207409,16.540792646412687,25.403514728859889
6.539,In,-0.843770027160645,5.225329802897013,4.895953120101177,3.048904857549345
6.540,the,-1.994089365005493,4.928793622058286,4.863113910237791,5.350180506590068
6.541,"study ,",-6.914273951202631,10.109642534681054,9.949799854173767,10.969840879443181
6.542,surrounded,-12.200757383005113,9.146624326043613,9.456462879422645,8.738601194873358
6.543,by,-0.036665648221970,4.411334095477496,4.682725671621994,10.749502452587855
6.544,books,-6.605753898620605,4.820806833420543,5.209725983089538,13.624152956352608
6.545,and,-0.553265333175659,5.006690238630178,5.442106664635896,14.459372212509169
6.546,"papers ,",-4.835107600316405,8.257206360151189,8.306137996391204,24.906892210642823
6.547,her,-9.767953872680664,5.863497298160026,5.592875117729776,6.050323728996613
6.548,mom,-10.308682441711426,5.001195625345440,5.445486094008901,7.480616472580483
6.549,was,-14.001134872436525,4.370699494795057,5.247520821302913,8.807568576313964
6.550,working,-11.812287330627440,5.538670919888925,5.678036795468810,9.480206662671019
6.551,and,-7.131621837615968,6.008472163146738,6.071361001545838,10.842133099233736
6.552,she,-14.571717262268065,5.206192639378675,5.996831460935539,11.905059731618435
6.553,looked,-20.598489761352539,10.986491317426600,12.120603630589660,11.010219150001275
6.554,impatient,-12.508294105529785,4.883141348694998,4.744613109057660,13.043303155153987
6.555,when,-10.422601699829102,4.737720365027768,5.077585276660175,15.000814212362359
6.556,she,-10.426264762878418,4.750429529058328,5.393699835482472,16.008642613713718
6.557,saw,-19.458471298217773,4.503105859290828,4.864763129592080,18.006743503246032
6.558,Abby,-14.292449951171875,3.594358948685700,4.512040742659353,22.536406713134348
6.559,in,-7.796057701110840,4.841986903388975,5.433797155385653,24.409883581470698
6.560,the,-2.525789260864258,4.626333166921626,4.678984223547008,25.671340719748120
6.561,doorway,-10.508337020874023,4.828260818343718,5.098950147559981,27.206213829893212
6.562,and,-11.056674957275391,4.763742669601477,5.025443770965032,27.005716690376364
6.563,even,-8.895051002502441,4.213417919520760,4.233458864350665,30.694551153872105
6.564,more,-6.827980041503906,4.579540641157574,4.533381954926616,31.651434472181663
6.565,worried,-12.111401557922365,4.548758973156623,4.488667384602549,32.906706209462158
6.566,when,-12.806504249572756,3.902635487879539,5.078408635522932,33.172210607760995
6.567,she,-9.981827735900881,4.549340405477542,5.319082038916434,33.973695037264768
6.568,heard,-20.520014762878414,7.763405656057524,8.787598649714196,32.001336400082771
6.569,the,-8.276946067810059,4.676113502914256,4.982109560660834,33.995764291666845
6.570,bad,-13.135135650634766,5.278705318565486,5.533328838243212,30.066417069604011
6.571,news .,-25.388972997665405,11.156763688248322,12.104539264135413,67.298500925286632
6.572,`` He 'll,-10.934230176419078,38.557886777612708,38.573869055321580,13.276706281125499
6.573,turn,-15.416744232177734,4.543513400434759,4.997709253778177,7.511454957046232
6.574,"up , ''",-24.317871212959290,23.923860379224962,25.083362935838458,25.986290149072545
6.575,Mom,-14.338962554931641,3.379801308809777,4.032066634228960,14.051747709993849
6.576,"said ,",-16.020215988159183,8.882799960434079,9.237792306730592,31.089025872347136
6.577,and,-10.059780120849609,3.592399002309300,4.053237244335007,17.999046158989440
6.578,that,-7.852314472198486,4.315582894139255,4.562935717896734,18.001753164893149
6.579,was,-6.642673015594482,4.847730997227472,4.816346363140878,19.692573125454192
6.580,that .,-15.660516232252121,13.748820052907195,12.844667639561736,34.625150305648177
6.581,"Then ,",-4.596648216247559,12.570997424768461,11.493905070824830,7.064033945909894
6.582,to,-5.474555969238281,6.020843279728679,6.303530513552585,6.820789892630137
6.583,add,-5.680517673492433,4.638669589771212,5.213384463280763,9.039511734900694
6.584,fuel,-4.365782737731934,3.778441081169461,4.362849296036734,11.027069894394099
6.585,to,-0.073091223835945,3.801317383745879,4.507034298329296,13.013514652986295
6.586,the,-0.642273545265198,5.172538433919676,4.970056228145347,15.185252989965859
6.587,"flames ,",-15.281857952475548,21.185067761947533,22.677230273243691,33.733216092833338
6.588,she,-16.129358291625973,3.970503060023820,5.070749887816600,17.999984865395152
6.589,raised,-13.549341171979904,10.936937632055137,10.694418368105968,9.178306754468471
6.590,her,-13.258851051330565,4.940491758873383,4.806717554028960,11.026992316102447
6.591,tone,-11.944998741149902,5.178625547497560,6.021635318974573,13.235297123195984
6.592,of,-9.563282966613770,5.280135236614952,5.974352112319695,14.150811914254279
6.593,voice,-17.168931961059570,4.221014943710799,4.391054689630631,15.959448404318163
6.594,and,-9.609596252441406,4.971445846890640,5.381559185303128,17.000286877139899
6.595,said,-8.114730834960938,4.303449037090801,5.135814598000843,18.988674531712718
6.596,"dismissively ,",-39.608470439910889,19.074108360128150,19.534859492522365,33.655331364428442
6.597,`` For,-11.629235595424689,21.002711766940894,21.550485806112924,35.992940180878151
6.598,the,-7.888790130615233,4.932233320329007,4.727020449018453,19.681296881347929
6.599,time,-10.911560058593750,4.036307493053810,4.217038624435757,20.000009929428273
6.600,"being ,",-24.278140068054199,9.882185227727776,9.496031866115704,47.273787174894196
6.601,go,-8.112804412841799,4.255203409726374,4.711409719786817,25.089099454923897
6.602,to,-7.474704742431642,5.198224137929113,5.211791654670709,22.001224369631132
6.603,"bed ,",-21.553060054779053,14.937574290500240,14.944446305863664,50.976066580731846
6.604,Abby .,-15.713086724281311,12.523231493163944,12.407462549053330,41.092827204030073
6.605,I 've,-22.643918514251709,15.916885818477057,16.053825358241454,67.021867951481767
6.606,got,-17.329977035522461,3.835370721027394,3.742813179572174,34.822458544383430
6.607,masses,-13.327734947204590,7.522072650871674,7.228997938806915,36.000319576926643
6.608,of,-11.517251968383787,4.232476723916748,4.077942868632683,37.002782530246094
6.609,work,-7.749773025512695,4.825578840474694,5.113996514832784,38.013866917949187
6.610,to,-4.767207622528076,5.204290158751967,5.215700071844209,40.008703869865677
6.611,catch,-5.278829097747803,4.356058890035853,4.416254629321212,35.995882073724253
6.612,up,-9.699460983276367,5.177267956271831,5.135936063826926,36.996097754741896
6.613,on . '',-24.826283931732178,25.450663745322270,25.222166659425405,120.147968853284681
6.614,Abby,-11.785991668701172,5.288016666315952,6.034092614532216,3.790539422281504
6.615,had,-15.948243141174315,5.290172469378279,5.256187230735693,4.664953086725462
6.616,a,-8.310412406921388,5.534505636822486,6.215943500509598,4.029086832222736
6.617,quick,-9.041954040527344,5.145486190072892,5.469132989207241,7.794773385883400
6.618,temper,-9.035608291625977,4.405581558163433,4.431018600687215,8.607817813577876
6.619,and,-4.612725734710693,6.058481812222987,6.428823239008728,9.350926423246804
6.620,she,-10.148723602294922,5.244376302811267,5.496468725859388,10.382644087750895
6.621,was,-12.583542823791506,4.459470227562863,5.033724058022107,11.197520715391283
6.622,angry,-11.461078643798828,5.750846322725704,5.123199551698465,6.581061230155872
6.623,as,-9.508140563964844,5.249251078450444,6.166649925042695,9.099327201372374
6.624,hell .,-23.459644079208370,19.796747235577456,20.530949394230674,23.673266189420627
6.625,`` You 've,-9.662637868583261,36.117356617251403,35.290058889852268,13.556080013244923
6.626,hoovered,-32.688818454742432,17.938730107900533,18.486835118811150,8.014319451926090
6.627,him,-10.591917991638184,5.189720280233628,5.500216065212909,9.009138060726444
6.628,"up ,",-15.432593345642090,10.819554322769372,11.339071709172302,21.006418322857503
6.629,have n't,-31.427743158827070,19.248452886079988,21.030424274392377,29.263279366418764
6.630,you ? '',-52.210721969604492,29.869929706300614,31.318556075171820,20.980324766943959
6.631,she,-14.374888420104980,5.562837133579693,6.048274661117915,8.333806162143343
6.632,said,-9.605289459228516,4.475524953753327,4.718838017768308,9.033921985183516
6.633,accusingly .,-27.317294344305992,21.571682646846039,22.107289352376057,23.147235451809927
6.634,Abby 's,-19.968319215811789,16.542624876657310,16.682291234176020,9.308588727023000
6.635,mom,-22.549470901489254,4.786152894995438,4.618083910533689,5.568683877522369
6.636,denied,-13.304319381713867,5.418381940709070,5.622640407388466,6.790852548578488
6.637,Abby 's,-19.828488953411579,19.272788219302480,19.588299703930197,15.973465847932697
6.638,version,-13.698787689208984,4.955386131228064,5.015062171796343,6.718553321096923
6.639,of,-10.640855789184570,5.263783181180425,5.548575246025127,7.994962148551230
6.640,the,-4.978332519531250,5.739983967716182,5.945961441037579,8.997735137231491
6.641,story,-5.407928466796875,3.715524893591024,4.836898162724101,9.379146097141840
6.642,was,-14.131580352783205,4.495721346893168,5.200553205278808,10.401959738458986
6.643,true,-14.164169311523438,4.973942837831221,4.942881948689498,11.992601077418685
6.644,and,-10.813559532165527,4.843539456968291,4.738639508364161,9.413550079601423
6.645,said,-12.140990257263185,5.441857286881323,5.670773310674274,12.865737974148606
6.646,that,-6.652979373931885,5.566721412643950,5.538720766387496,14.002789261246985
6.647,she,-13.132503509521484,4.449616990434937,5.094897023084148,14.648424959442742
6.648,was,-9.553711891174316,3.772104566688334,3.944005044264831,12.002374471775973
6.649,"careful ,",-25.698846817016602,9.520358891061994,9.253165882099196,28.496657445348415
6.650,but,-9.447144508361816,4.325865417454480,4.147084193832649,16.012147150370364
6.651,because,-17.716207981109623,8.860999460869273,10.117382545335175,19.077059819500079
6.652,Mr.,-12.883012846112251,10.498518241211091,10.953486637097418,21.029503129947106
6.653,Sticky,-14.253831624984741,11.451554611120596,11.872445050570962,23.001645533669855
6.654,was,-10.690570831298828,4.940584510184284,5.105533550516777,25.002009574368191
6.655,so,-9.920395851135254,5.570477725998041,5.784282431588057,25.970042665634171
6.656,small,-14.627133369445801,4.346665084828810,4.451522006040535,27.999993278532262
6.657,he,-2.373157978057861,5.107788138111251,5.563795324302705,23.378446625990648
6.658,was,-17.587474822998047,4.288892111719973,4.874574189274607,24.549419651660646
6.659,hard,-10.955507278442383,4.538622414845139,4.584085619446013,25.419156236228147
6.660,to,-7.636041641235352,5.569278009754903,6.080865713036477,26.535065816151892
6.661,see .,-18.245938062667847,12.206854077438592,13.054830375839291,52.997913423076625
6.662,`` What 's,-4.126278354036913,36.724581601948714,36.541426308052138,15.486361455310032
6.663,wrong,-12.661174774169922,4.770257185011793,4.876228736535347,8.259413950446874
6.664,with,-4.599641799926758,5.160674339085032,5.133980437595276,9.828450124421543
6.665,being,-11.994720458984375,4.151362746174770,4.126413351913917,11.065369654888556
6.666,small ? '',-37.157301425933838,26.021482675726567,26.676876932674887,36.120899814962783
6.667,`` Nothing,-10.472979729682265,24.657712798866463,25.013715822462842,7.032463045413770
6.668,at,-4.281473159790038,4.509718482345292,4.895516059821741,7.537488817163657
6.669,"all ,",-2.074973955750465,9.011723022916435,9.321013969286035,13.967023150637132
6.670,but,-4.224878311157227,4.349817557311805,4.171880954029517,6.338647238847138
6.671,it,-1.791870236396790,5.037212087985945,5.084833192248662,9.224161947588325
6.672,makes,-4.366845607757568,4.036849591716488,4.391766403944764,11.141754040648534
6.673,things,-4.693245172500610,10.082215903210189,10.268531729745376,14.189903218758905
6.674,hard,-6.485051631927490,4.405638192405439,4.429840577081968,16.165329966646112
6.675,to,-0.004440447781235,4.430067826906170,4.393680219786471,20.199715073811301
6.676,find . '',-20.283336420194242,26.974009987090717,26.201943152946765,42.111189959228298
6.677,`` Or,-12.181442921668349,24.207203828631091,25.390207993676569,5.081572057038850
6.678,"notice , ''",-23.835307002067566,25.607882710680421,26.707703609306982,17.106075247684068
6.679,Abby,-11.332728385925293,4.564033640222512,5.136544915161075,8.281092819773361
6.680,"said ,",-21.495150566101074,9.589597721626605,9.953431693185973,17.971570175154504
6.681,suddenly,-15.335219264030455,9.870283597012042,9.783330270137826,10.000008276105351
6.682,feeling,-11.686727523803713,5.330370707708304,5.299898258760432,13.994933203799080
6.683,like,-5.450002670288086,4.369524020098903,4.203166305619582,14.998185902555964
6.684,the,-9.714368820190430,4.446227485598262,4.396384985719116,17.004302181140400
6.685,"small ,",-13.324193954467773,9.276234119784789,9.236925549310818,40.488489643251071
6.686,overlooked,-11.663540400564671,7.708096956325356,8.030305778664776,21.018002555354396
6.687,Mr.,-8.249860724434258,8.141627317183701,8.393804980026019,22.024690196991763
6.688,Sticky,-17.010165691375732,11.099293265853673,12.843069284506994,23.025375406634229
6.689,herself,-15.455266237258911,9.050441447723543,9.982328761418124,24.026806155586218
6.690,and,-8.478607177734375,5.136966757220914,5.523518395436000,25.016575011062077
6.691,storming,-18.785457611083984,9.763006502782989,10.226711871235196,26.018249590648995
6.692,from,-11.182474136352539,5.494406884465823,5.718237418820120,27.015441094868027
6.693,the,-8.266440391540527,5.442581089969993,5.758947550214187,28.016662480963998
6.694,room .,-17.756962716579437,18.683987632656368,18.773559920595957,49.111975586134989
6.695,The,-1.648221969604492,6.746959719648657,6.992360907198334,3.456291647660295
6.696,door,-9.963322639465332,9.890704468146881,10.516353391339836,4.563984012247137
6.697,to,-0.399712711572647,4.581766944431165,4.688433759853893,6.187186753749137
6.698,the,-0.998649656772614,5.001754753865223,4.893927734730304,8.413209064968791
6.699,bedroom,-8.622430801391603,9.741322573040721,10.320934054451538,9.318212788845463
6.700,opened,-5.783478356897831,9.841746755949998,8.849106827154985,5.384058126462419
6.701,a,-3.958050727844238,4.605611505674962,4.900430884988772,8.002891012194830
6.702,few,-4.781387329101562,5.791123534989332,5.355139913925274,9.147029422199196
6.703,minutes,-2.583328247070312,3.890926239555538,4.041535159604102,10.160678337336060
6.704,later,-0.741117715835571,5.824604934134800,6.089695876134700,9.173618686159720
6.705,and,-1.926161527633667,4.629745722453522,4.365534859293049,4.220991472525037
6.706,Mom 's,-15.471869431436062,14.656432028689252,15.232011558957439,16.382521814086605
6.707,face,-16.318622589111328,3.836172515332236,4.200300364184129,9.037628075750700
6.708,appeared .,-22.159918785095215,19.494983747456679,20.300592115462887,20.975527047597879
6.709,She,-5.400978565216064,6.451306593754196,7.294753750596218,3.125623710821180
6.710,was,-3.232906103134156,5.101159601089268,5.150037521609952,5.273036820121158
6.711,there,-3.937032222747802,5.091514682849545,5.013606180364438,7.296839545872768
6.712,to,-0.391353994607925,5.678572946408840,5.523531844340543,10.285857012399401
6.713,try,-4.454265594482422,5.073361448293706,5.560611426293796,12.287352308908405
6.714,to,-0.051960255950689,6.194667466920809,6.351703952482938,15.259924031274073
6.715,make,-3.348629713058472,4.169772694174720,4.888641860811796,17.249771812706854
6.716,up,-0.077615410089493,5.091586096104888,5.922303179476508,19.237427531614934
6.717,for,-0.022802179679275,4.323936014893018,4.776080011996410,21.230733441359661
6.718,having,-2.469776451587677,8.393315152579028,8.361625369047406,24.200571321415939
6.719,been,-1.960211753845215,4.504597333212535,4.592861314769364,26.208764863755736
6.720,insensitive,-7.731224536895753,9.216622873330893,10.598331595190961,28.184161535966940
6.721,earlier .,-29.208514690399166,17.523279029170443,18.240871740517392,59.156501044451744
6.722,She,-5.400978565216064,6.451306593754196,7.294753750596218,3.125623710821180
6.723,had,-3.976082563400269,4.834933364573363,5.421118816044920,5.271200053135078
6.724,put,-6.215162277221680,3.968024636467274,4.518065213297598,7.416174537952187
6.725,her,-1.330513000488281,5.638193827674733,5.865103708150281,9.479169957809848
6.726,work,-5.746597766876222,5.265200835527592,6.497341177745309,10.462061222257844
6.727,on,-0.674896597862244,3.668304031132163,4.343265577691716,11.395364502542447
6.728,the,-1.386857151985168,4.682837271429954,4.698436423379468,13.524805386969376
6.729,back,-5.259337425231934,4.413208581995222,5.114831787817450,14.659595156997266
6.730,burner,-1.233365833759308,8.174195066048791,7.872306447605205,15.378928647334865
6.731,and,-9.654208183288574,5.176217425871521,5.656345842538317,16.381526919332092
6.732,occupied,-21.967035114765167,9.797224425626894,10.826609329781997,17.269149721262711
6.733,herself,-12.146113395690918,11.546047375815833,11.485496713188214,12.999992126596394
6.734,with,-9.354142189025881,5.164920727535852,5.755908763456960,12.836637578437106
6.735,Sticky .,-33.079879760742188,23.049772642230060,24.277727522732789,27.441815392932657
6.736,"Abby ,",-20.687285423278809,10.074814068566390,10.534592103127505,8.154199113206577
6.737,who,-12.258358001708984,4.540680430116875,4.590253548417323,5.229423967908646
6.738,was,-15.424340248107910,5.401794697320270,5.558542460889909,7.462504975839341
6.739,breathing,-14.615487098693848,7.272598155938129,7.357544394226878,10.809522413892717
6.740,fire,-8.607825756072996,8.960171087157182,8.823868984556279,12.442469502497394
6.741,all,-5.521806240081787,4.969683339244266,4.636658511896593,14.685593543751393
6.742,on,-10.405241012573242,4.490658978454677,4.832600481141408,16.640376052529973
6.743,account,-16.521627426147461,5.460927095340028,5.837484545313554,17.674044523906201
6.744,of,-10.639226913452148,4.584519454978851,4.900960334242241,17.778405891801075
6.745,the,-9.500013351440430,5.638824034686801,5.531462033139317,19.000015716203038
6.746,little,-9.467893600463867,4.457861647582515,4.303328339274465,25.359708648933555
6.747,"snail ,",-21.168941497802734,8.558466465761212,9.020030963817437,53.042173573842796
6.748,tried,-12.709381103515625,4.269378399013957,4.729210332584582,28.004585922536130
6.749,to,-16.311630249023438,4.526149381983720,5.512397289888322,28.972311079111481
6.750,ignore,-8.449234008789062,2.992862062875073,3.095213402391645,28.944583267592176
6.751,"her ,",-18.769137382507324,11.275121728834110,11.816312390055707,14.218220125318251
6.752,but,-8.822957992553711,4.289704024945658,4.383856543262523,12.249009448391465
6.753,it,-17.407741546630859,4.865138902079202,5.302210141915110,13.000000800984967
6.754,was,-8.936480522155762,4.451551830332543,4.551945801731884,13.778628981980413
6.755,hard,-11.554167747497560,5.876011882015036,5.772060820307028,10.021485255547775
6.756,when,-10.269147872924805,5.081610771755651,5.074189197332776,12.828467903342315
6.757,Mom,-13.966805458068848,4.054110940982583,4.751698745720890,14.106521955150304
6.758,walked,-22.482456207275391,10.270793651718536,10.910963178258960,18.826166847555896
6.759,over,-12.636603355407715,5.374005840822372,6.059794528869460,21.933578379032198
6.760,to,-10.307252883911133,4.667027784296673,5.671305250305752,22.910248004179124
6.761,the,-9.378408432006836,3.719179051691992,4.015601946413929,23.864559497422594
6.762,bed,-12.835132598876953,8.653128856403391,9.481808419936348,25.852196909153108
6.763,and,-10.837671279907227,4.652114359020922,5.403270043513464,27.814043335355610
6.764,sat,-11.580202579498293,12.793105416888508,13.851414526225170,29.805993458252875
6.765,next,-9.506226539611816,4.539145826857782,4.975746042878820,30.815643149078049
6.766,to,-6.573334693908691,5.196964261622097,5.944355881860926,31.808400175589643
6.767,her .,-20.985063314437866,13.885539675992812,14.314676412822639,60.990554685272883
6.768,"Mom ,",-16.676551818847656,11.181033713934120,12.288374418564352,7.630558249555453
6.769,who,-11.428774833679199,3.804579568278657,4.107630536245309,5.064501602839295
6.770,Abby,-19.145404815673828,4.501267351197370,4.993583253470941,7.134530514430272
6.771,still,-13.582580566406250,4.427842073699269,4.360263936941565,12.120562766841786
6.772,strained,-18.850646495819088,13.592150377936679,13.534176595035131,10.120246568119056
6.773,to,-11.663941383361815,5.258767822100262,5.625375594302428,13.375876438425939
6.774,remain,-8.487768173217772,5.645801672658032,5.543636188736594,11.865563873084811
6.775,upset,-12.142504692077635,4.681300739661631,4.486802918995370,8.026622996065520
6.776,"with ,",-15.430314064025879,11.001633089992120,11.640653220407728,22.000032875999501
6.777,had,-13.513658523559570,4.184002646065166,4.010508459573890,15.000000832370768
6.778,gone,-11.068718910217283,5.312078070698192,5.881976933525452,18.045983601037150
6.779,out,-7.200564861297607,5.015844662538505,5.348085146373419,18.007785719099598
6.780,to,-4.618164539337158,4.926381226705915,5.016198555291925,19.286122230808839
6.781,find,-11.493062973022461,3.849210399252978,4.090117675269266,22.003343140751834
6.782,her,-9.809497833251953,4.795931051482432,5.728970393204952,25.009107131502294
6.783,glasses,-11.114339828491213,4.573509640483461,5.001498249149430,27.007757112034110
6.784,in,-9.052268028259276,4.281296881144578,5.233421449179923,29.129836007353557
6.785,order,-8.663845062255861,3.843927873530809,4.038304202026860,31.000061818794361
6.786,to,-4.778882980346680,4.478300790744199,4.878620144646231,31.989721520557971
6.787,search,-11.840649604797365,5.340566828696584,5.517012010043009,34.382212613258943
6.788,for,-6.653100967407227,3.713133895935369,3.918623830968823,36.999653341803352
6.789,Sticky,-18.812610387802124,10.388053148125438,11.034993982472939,37.352203916692368
6.790,more,-12.889329910278320,5.074677930671403,5.438574144238294,40.016102909429911
6.791,effectively .,-29.422428965568542,18.297444060192802,19.187552451437270,85.471691640143973
6.792,`` This,-6.022230332404433,25.294138955174926,26.209024765430318,6.866871225534917
6.793,is,-0.328617930412292,4.481198505075008,3.873956251064741,6.845067134170095
6.794,my,-5.828134536743164,5.697836624378240,5.932284854664793,9.124517833583072
6.795,new,-5.315403938293457,5.058541543467476,5.447619200205308,9.982548281442195
6.796,and,-8.608407974243164,5.582617687891869,5.640196807986320,11.036961963613029
6.797,extra,-8.776545524597168,5.990699953800704,6.618547966357808,11.693819000154159
6.798,powerful,-10.970260620117188,4.967772869044135,5.373345324632332,12.733286352116080
6.799,pair,-11.893082618713381,4.555552845238606,5.765225582455901,13.678051891828927
6.800,I,-0.550352275371552,4.144012578327902,4.557292134604460,13.264282501038370
6.801,have,-2.763616800308228,3.803810832714811,3.732798696543763,15.444589672287615
6.802,for,-2.226898670196533,3.343399815280486,3.569006657150660,16.808265542219718
6.803,important,-11.506345748901367,4.051044566318525,4.052425770190324,18.235981401654161
6.804,occasions,-6.305528786499053,7.225202644130887,7.638448992966441,19.203141976212969
6.805,like,-1.871151924133301,4.866778851799245,4.812296356690354,21.011071060141443
6.806,snail,-14.164470672607422,4.659157055012216,4.835477260099533,23.452406415049740
6.807,"hunting , ''",-28.908243179321289,25.516210893364359,27.045651848884042,75.407191038669311
6.808,she,-13.810500144958494,5.288671224734649,5.685227448097106,10.041076757258182
6.809,said .,-21.249634742736816,15.264211789030981,14.902523991929932,21.195251404023061
6.810,She,-5.400978565216064,6.451306593754196,7.294753750596218,3.125623710821180
6.811,smiled,-9.648373961448669,9.439281464647046,10.361883089614263,5.624990279830144
6.812,at,-8.666223526000978,5.240594303146618,5.978758280036639,6.534613082888489
6.813,"Abby ,",-30.409038543701172,9.036901222669256,9.778727304267200,17.266065849751268
6.814,trying,-9.060350418090820,4.846243393998384,4.934657535771954,10.000149914852530
6.815,to,-10.105368614196776,5.463087509004851,6.347362744537272,12.066948721768274
6.816,butter,-12.561381101608276,9.504271592394065,9.950795320800649,10.983317608340085
6.817,her,-9.607558250427246,5.344189829563473,5.912823727065502,13.701212536439648
6.818,"up ,",-20.554729461669922,8.585187494371137,9.779825372556022,35.260026940322305
6.819,but,-13.532386779785154,4.493915264806834,4.917125405843215,20.025912833938271
6.820,Abby,-21.883277893066406,3.098769425853618,3.439905783895257,21.999917849623746
6.821,did n't,-22.508077135862550,19.223200050464303,19.587281156326281,33.659091524209842
6.822,smile,-9.603165626525881,5.565686726269345,5.718717509674040,17.000001608486038
6.823,back .,-25.373950958251953,16.117489571983661,16.080282912484783,37.893502814322161
6.824,Abby,-11.785991668701172,5.288016666315952,6.034092614532216,3.790539422281504
6.825,believed,-16.474054336547848,12.174562114561953,11.984299876432445,4.339200568812044
6.826,her,-11.615924835205078,6.011550317759074,6.206756435770648,5.951967890701043
6.827,mom 's,-18.151803828077387,15.859071379382048,16.177474176738407,16.023730135651700
6.828,idea,-14.161958694458008,4.010405758356272,3.852446614224105,9.290716277135363
6.829,would,-4.728188991546631,4.645197050485900,4.607358720476696,11.096500055892491
6.830,not,-10.096908569335938,4.251898201812875,4.228467887200544,12.217662861784961
6.831,"succeed ,",-25.596855163574219,8.840190232976298,9.267775914495635,22.969262658830932
6.832,but,-5.516825199127197,4.212018268019138,4.325822458473104,11.551474007254608
6.833,then,-11.029632568359377,4.899747314652396,4.742541121049584,14.000120624444525
6.834,she,-12.224860191345215,5.055130169806938,5.681073178064778,15.000217782101718
6.835,had,-9.742633819580078,5.251254400842685,5.316387239469337,16.000143582978954
6.836,an,-9.470730781555176,5.864216041841702,6.096014441919910,17.244402992857733
6.837,idea,-11.613947868347168,4.383984909727763,4.267220133219754,12.033544980559899
6.838,of,-9.454576492309570,5.874839897772211,6.090712929388366,15.146433821661940
6.839,her,-5.362573623657227,5.534897976855817,5.453553774472360,17.429792759689203
6.840,own .,-15.011992931365967,15.279126081158118,15.594259663108250,38.477775442562944
6.841,`` I 've,-7.893995051890670,37.327885291724286,37.527668588824227,13.710562437706166
6.842,got,-15.248872756958008,4.462739197810498,4.202948687007209,7.601483840213604
6.843,a,-7.585757732391357,5.178049730304148,5.674082924154072,9.854970009075561
6.844,magnifying,-12.652985747903585,24.052990853597809,24.760261709340586,11.975277641335303
6.845,"glass , ''",-33.953166604042053,25.966566308100891,26.843909068459332,40.975547734088053
6.846,Abby,-16.415166854858402,4.385962559207838,4.507318240687469,16.518459166157168
6.847,suddenly,-19.674535512924194,8.362261279464873,8.296705183173938,12.545424909380570
6.848,remembered,-12.991437435150145,9.281603197743733,8.837529427602213,8.123526946141155
6.849,and,-10.221654891967773,5.840805776858566,5.991594271912207,14.153705582669222
6.850,rushed,-13.933655261993408,9.403013112887354,9.122700090037405,16.871736600854010
6.851,off,-8.653198242187500,5.835330049132159,5.996226238732135,12.188279148150935
6.852,to,-4.395055770874023,5.619731618416605,5.528585962480515,13.103952984458950
6.853,find,-14.395673751831055,4.955591718059416,4.956527665121712,14.015738810714257
6.854,it .,-16.992408752441406,15.541517353428395,15.385517732781558,33.003312873903781
6.855,On,-3.203532218933105,5.557891316803792,5.130556010674794,3.065984493450226
6.856,the,-1.260031461715698,5.615446123909832,5.313466873932224,5.342067325861247
6.857,floor,-7.443899631500244,4.170444163967240,4.386893922235282,6.825703788669959
6.858,beside,-7.358246326446532,5.552439151452587,6.032109053254232,6.009771593969020
6.859,each,-14.538983345031738,9.873124310200758,10.189258491084283,7.012502127926725
6.860,other,-6.917553901672362,5.572599070380607,5.535649115442665,8.123288355965151
6.861,they,-10.921905517578123,5.315022476366344,6.519447829571012,9.697009799217923
6.862,"sat ,",-24.962917804718018,20.441300259928873,20.175410528033545,12.394468572085696
6.863,shuffling,-13.317472994327545,17.895363952899718,17.801753247325781,8.032162606194191
6.864,around,-10.322847366333008,5.835303724460558,5.655176215317397,9.001179900731394
6.865,the,-8.047169685363770,6.633054648949930,6.673536358747713,10.008089421003767
6.866,"tank ,",-28.068359375000000,9.667689177356753,11.065216125011865,26.322301741937011
6.867,looking,-11.320274353027346,4.590193662706213,4.926431412009597,15.488840122089345
6.868,all,-12.972108840942385,5.317274268481419,6.159857567353648,15.955565274407801
6.869,over,-9.956351280212402,5.658575777346842,6.738411389405622,16.168274829954367
6.870,the,-10.180010795593262,5.146685059855466,5.009484820347407,15.965927827457859
6.871,place,-12.300561904907227,4.866858154112647,5.065519972680792,19.583734466533070
6.872,and,-9.712544441223145,4.166337422769625,4.837766699355475,21.936169447294766
6.873,peering,-18.139178752899173,8.552440932896742,8.475761592428759,22.861066953537730
6.874,into,-16.667343139648438,4.364229222619674,4.811909652345788,23.987815566296181
6.875,the,-8.373579025268555,5.296469474453501,5.072248272476831,24.996328642812209
6.876,corners,-10.468213081359863,4.196276718132816,4.251076734924634,25.994212186851286
6.877,among,-6.069683074951173,4.322268641923179,4.306639920981310,21.010137607899559
6.878,the,-1.181783676147461,5.520068686550354,5.389789717912404,23.583890499970799
6.879,big,-6.142289161682129,5.110050855878440,5.238239076635981,24.513639470931199
6.880,pebbles,-12.864087231457233,8.567688285188098,8.775880395368379,25.421747059379786
6.881,and,-11.039735794067383,5.604712779543298,5.982323632534348,26.998619619604106
6.882,the,-1.309266209602356,4.862611475655857,4.858818163555306,27.974974109551052
6.883,pond,-9.917680978775023,7.462703144545099,8.306316599736633,29.035697989412853
6.884,weed .,-28.671825408935547,16.131601481153158,17.649071616537185,60.702874345891487
6.885,Abby,-11.785991668701172,5.288016666315952,6.034092614532216,3.790539422281504
6.886,tried,-16.012228012084961,5.733676626524793,6.191469061802076,4.674097182519999
6.887,to,-9.084336280822754,5.095184192533419,5.990408093381348,4.578524663472884
6.888,"imagine ,",-16.983821868896484,11.125058753896150,11.251473797280644,15.039987236127342
6.889,if,-7.551622390747070,5.464292699564867,5.405298013780774,9.904066863956119
6.890,she,-12.537426948547365,4.892136104854134,5.347178450244421,12.001845124774206
6.891,were,-13.106454849243164,5.089287721469688,6.131752898333911,15.000822180922386
6.892,"Sticky ,",-32.466061115264893,14.509850765921090,14.348981130737027,36.184364831588823
6.893,a,-4.944995880126953,3.818157666479815,4.065238748278555,20.321961980888489
6.894,little,-1.612687587738037,4.587121752110827,4.742456813597952,22.586381267378510
6.895,water,-25.230375289916989,8.293368458212951,8.622345780130214,23.998673915763174
6.896,"snail ,",-22.578355789184570,9.419674800992338,9.850014231090981,49.121511451045507
6.897,where,-12.184616148471832,7.610839342432373,8.577027551767808,26.016763220534600
6.898,would,-11.585642814636230,5.048494426633610,5.509122251815669,27.013021433894785
6.899,she,-10.485702514648438,3.395119834343218,3.859462375061805,28.007677865086443
6.900,hide,-18.597578048706051,4.117635667604554,4.072348641007188,20.722468636192293
6.901,out ?,-24.848395586013794,12.589626476941554,13.224444519658830,46.531000318387974
6.902,At,-2.795293807983398,5.683507995269601,5.158475264470179,3.128890616145403
6.903,one,-3.366718292236328,5.611573596340730,5.679804938471947,5.276788938469021
6.904,point,-0.310677826404572,5.310408420828354,5.630990871718867,6.236379407375646
6.905,she,-6.058360099792480,5.743549696952241,6.495665970969561,5.196474944119172
6.906,thought,-5.993880271911621,5.386786098445294,5.810788222983590,7.374725103191213
6.907,she,-1.601894617080688,5.420002238509568,5.763791527712512,11.409085555284696
6.908,saw,-6.727924346923827,3.985249294051536,4.617221058141364,13.396538115292387
6.909,"him ,",-8.677493095397951,10.214156745872195,9.894977750407847,21.952933509893342
6.910,but,-0.933984935283661,5.251693699976445,5.373713963966483,6.049726763153825
6.911,it,-2.418190002441406,5.967604620431813,5.977723087303432,8.222838524390612
6.912,was n't,-2.166759787673982,22.203891294065329,21.850455815952149,21.166091635438512
6.913,the,-9.641891479492188,6.505377134497285,6.096125405097571,12.115769878025198
6.914,water,-9.368024349212646,10.446393537906708,10.543868574653608,13.203162688812792
6.915,snail .,-31.334209680557251,15.121472557808680,15.484010511435109,31.344676697750700
6.916,It,-3.482963085174561,6.101511125184504,7.065723445463052,3.253049561235394
6.917,was,-2.214092731475830,4.795007407495021,5.060866881278936,5.162978479409592
6.918,a,-1.819428443908692,5.686133911677501,5.610169608531665,7.771632961921242
6.919,large,-6.753572463989258,4.808443781305448,5.055159654029602,8.983381346242654
6.920,speck,-15.335278749465942,8.929920804912191,9.048656726574869,9.679760803713711
6.921,of,-10.753834724426270,5.537673513233377,6.044760182615337,10.949390759032813
6.922,dust,-20.413328170776367,9.699470263098778,9.658201251533148,9.051289875206754
6.923,that,-6.228466510772705,4.939845670540220,4.982983675800921,12.185353010698874
6.924,was,-19.409791946411133,4.916073063631337,4.935063672945474,9.528700708747865
6.925,deceptively,-18.444777965545651,9.434039532032322,9.756626912434584,18.404406480533755
6.926,bobbing,-12.277958631515505,13.934660995709072,14.165160433085367,17.338930135374394
6.927,around,-13.116429328918455,4.371025200653959,4.398622328361756,18.205232210466249
6.928,in,-13.392834663391113,4.580178552041431,4.917291914207857,19.144447158941361
6.929,the,-7.474080085754394,5.256842388895073,5.433880827254407,21.021897895511845
6.930,water,-6.685208201408386,9.393938875655618,10.003701877359047,22.041498533538586
6.931,like,-13.961743354797365,5.489237190002979,5.573384255374213,23.110516680383590
6.932,a,-8.179756164550781,5.296659657463195,5.663697161499398,23.934886635948537
6.933,live,-15.874504089355467,5.087679837036910,5.474589002785150,22.020343879026623
6.934,animal .,-18.886905908584595,12.916414660329021,14.171593651405169,45.292326007273346
6.935,They,-4.251524448394775,6.244497321274864,7.038320747247854,3.129683793724233
6.936,were,-3.113256692886353,5.358619323239354,5.167029008958113,5.186904579540005
6.937,ready,-4.634098052978517,4.675163066064846,4.544806176501297,7.206481537689923
6.938,to,-0.015704995021224,5.174724181303988,5.115209514069266,10.204122407591868
6.939,call,-5.861517429351808,4.117671329230253,4.598437386624301,12.328981961010534
6.940,it,-1.207676887512207,5.270545887678077,5.616662167377106,15.046213496544885
6.941,"quits ,",-14.240025997161865,10.320445328285949,11.463467767804778,35.105080640767291
6.942,when,-16.728099822998047,2.562154438149221,3.214913032550599,19.009401484103449
6.943,suddenly,-16.445284032146443,8.519263730212845,8.691970445217049,10.479045510674544
6.944,Mom,-11.723745346069336,4.353492457797457,5.065147234003504,11.281514053689589
6.945,"cried ,",-23.128357887268070,18.569357528830395,19.622116461126254,31.695589492998316
6.946,`` Ah,-21.169091701005527,17.807428291648748,19.054475305134694,38.108318851712326
6.947,ha ! '',-28.747255444526672,28.965023841128740,30.005464061072015,64.740332608927929
6.948,Tucked,-9.624016523361208,9.833900106138096,10.091309719019341,3.619171097682426
6.949,in,-8.878634452819824,5.181246824213275,5.971691446777928,4.757385817517432
6.950,a,-8.586539268493652,5.687106718984537,5.772171073234158,6.729139685274649
6.951,curve,-14.465382575988770,7.775996127125960,7.810576674056755,9.292509081723990
6.952,of,-8.493301391601562,5.072649864943220,5.319828913511007,10.053021115914827
6.953,the,-10.832871437072754,4.486415818953978,4.626486243097381,11.045993340330305
6.954,"archway ,",-27.447874903678894,16.875314668227432,16.749435275805162,28.862809313458829
6.955,perfectly,-15.311326503753662,9.246237258881738,9.346969237996193,15.957921842984602
6.956,hidden,-21.759872436523441,4.663708422395824,4.500559176214714,11.881712660413498
6.957,against,-10.614706993103027,6.007912824552039,5.991874235723111,8.986785507011474
6.958,a,-8.946825981140137,5.896162920617275,5.931754432402419,10.286028427799595
6.959,pitch,-16.351291656494141,5.085564751647134,5.321519843715133,8.004158500486477
6.960,dark,-9.496597290039062,5.357643005893516,5.392885594716097,13.997562062138725
6.961,"stone ,",-7.135215997695923,13.868774097973457,14.029072581219541,19.973308197968297
6.962,sat,-13.890868186950685,15.374771535112860,15.867864944330940,9.219288230375090
6.963,Mr.,-12.556027550250292,10.118944759824537,10.802736032403612,9.956196297907342
6.964,"Sticky ,",-30.792333602905273,17.957248773386016,18.964820764834741,24.120841032309187
6.965,safe,-11.717589378356935,4.659993234395591,5.003455178279928,12.693709229202510
6.966,and,-4.048698425292969,5.918332705526908,6.776684820702532,13.347025435222838
6.967,sound .,-17.971924781799316,14.369424566573333,15.058169234886329,29.797493484293831
6.968,"`` You ,",-14.578973000556289,28.800015847832150,29.362536257247299,12.940352651668508
6.969,I,-1.150767087936401,4.460146349911314,4.919461452698892,8.003164419402577
6.970,can,-2.603765487670898,5.115273223101791,5.576588847427166,9.413958534517130
6.971,always,-2.127623319625854,4.236611041942571,4.462238644322945,11.389490272430821
6.972,count,-4.967516422271729,4.705181055884888,4.875439495412497,13.529728826509860
6.973,"on , ''",-10.056449651485311,24.265343387741908,23.876753636730719,33.815017372312269
6.974,Abby,-12.906321525573730,4.649077325376807,5.199551807981038,11.134597737189784
6.975,said,-14.422828674316404,5.050808198715692,5.171236798036506,12.161895776986412
6.976,to,-8.993396759033203,5.111638751289403,5.402657866837401,12.592910378477635
6.977,her,-10.333023071289062,5.092968141574398,5.265678719119816,14.010716567014141
6.978,"mom ,",-13.711876869201660,9.564909289200944,10.696148855662909,33.899222405989939
6.979,with,-10.786361694335938,4.398039495971712,4.700072396600684,18.595949107782079
6.980,relief .,-28.815285205841064,12.832231304339285,12.759609242611639,37.987874952671625
6.981,Then,-3.562890291213989,6.774785583797397,6.632086604967967,2.969230832768160
6.982,she,-3.196015357971191,6.048150166311101,6.649558221964403,4.964631281368576
6.983,noticed,-7.734259873628616,8.917830751732993,9.430116837175373,7.232498643749692
6.984,another,-4.364904880523682,5.616565770977548,5.804194804923679,10.028277896661393
6.985,water,-8.957002162933350,8.574999537981034,9.312104998599752,10.737024178081363
6.986,snail,-13.496337890625000,4.026638180601614,3.859460597698564,11.761205208869431
6.987,was,-12.420441627502440,4.684696492508254,5.564034571114347,12.804896975132074
6.988,right,-10.892969131469727,4.793968841044368,5.482297463692392,13.983580225253455
6.989,next,-6.654442310333253,3.798504277057897,4.703948038165720,13.122201630644655
6.990,to,-4.577220439910889,4.543957401188798,5.241326520197312,15.019264495862036
6.991,Sticky,-24.841396808624268,13.888931313292858,14.813361638776342,16.001332377450250
6.992,and,-11.214158058166504,3.589049797968608,4.324090983973909,19.135742345126339
6.993,asked,-10.792424798011780,7.950888759341447,8.192751624047128,20.106711138308718
6.994,where,-10.743406295776367,8.285249728692781,8.493933614605046,21.129030960060771
6.995,this,-12.099883079528807,5.099248963394074,5.159158406746911,22.050148185483518
6.996,new,-9.536723136901855,4.912517027986130,4.836995527643469,23.000065549390587
6.997,addition,-17.160182952880859,5.044072711797021,5.243528334512357,23.237031388432861
6.998,to,-8.986373901367188,4.065292257229478,4.723416429282948,29.052861807567982
6.999,the,-9.805437088012695,4.904742934777984,4.921024757073289,30.110056854053568
6.1000,family,-6.340969085693358,3.926909910915574,4.122019478445596,23.059722776838626
6.1001,could,-16.335470199584961,4.135998842396098,4.248486062451218,23.000000538619954
6.1002,have,-10.562014579772949,4.508233487805247,5.003869558377898,25.212714142296839
6.1003,come,-9.178970336914062,4.137632669161878,4.576970197227372,26.141644007408601
6.1004,from .,-23.342047214508057,11.814664754761200,12.773299020469569,47.073992731827275
6.1005,`` I 'm,-6.587794994622527,37.823708564285262,37.849063616490554,13.611209605398543
6.1006,beginning,-13.847629547119141,5.258949660066921,5.360737788015999,7.803843236470131
6.1007,to,-0.232836678624153,4.970624571357797,5.386615991936396,9.013235844372009
6.1008,suspect,-7.293917655944824,4.525507363644695,4.369936888043227,12.676610360420973
6.1009,the,-7.295908927917480,4.496287815744060,4.664800582193648,14.745444518374466
6.1010,pond,-16.095352649688721,8.271297254476769,8.539199398214647,17.079030685975450
6.1011,weed,-12.113803148269653,7.256439686883875,6.709600384787906,18.206235911748067
6.1012,is,-12.165868759155273,3.720905113768973,4.217770877953940,19.101667547045132
6.1013,"guilty ,",-22.836088657379154,8.652532179446940,8.779221637790805,42.892699284689272
6.1014,do n't,-19.152156591316267,15.798705451356408,16.940127442742451,45.005010744602785
6.1015,you,-17.769260406494141,4.272332896215462,4.551377103716035,20.819861997142471
6.1016,think ? '',-40.547767877578728,29.795642032253177,29.910105859355276,21.416350006798318
6.1017,replied,-20.418548345565799,10.606504664853807,10.929696826702118,9.012698190656169
6.1018,Mom .,-19.010598421096802,13.302701006255527,13.991806525123810,24.366425699451668
6.1019,They,-4.251524448394775,6.244497321274864,7.038320747247854,3.129683793724233
6.1020,both,-2.224640369415283,4.858076099208238,4.595734969699710,5.133892718662686
6.1021,laughed,-9.870693206787109,9.755175871499706,9.621482772878766,5.352922281549611
6.1022,and,-3.559991121292114,5.681344897282213,5.978478309543452,6.430130135693513
6.1023,climbed,-16.624788478016850,7.463421170358808,8.399866770808590,7.308380498612800
6.1024,into,-9.104497909545898,5.413041355460334,5.659766717715797,8.297834509766467
6.1025,Abby 's,-33.926160812377930,15.937969907425586,17.196681155642743,22.231595304567001
6.1026,bed,-16.503202438354492,8.319014756230347,8.944139820893163,13.000194354766965
6.1027,together,-11.644762039184570,4.538856451350247,4.537882040464432,12.947875691781272
6.1028,"and ,",-7.506309270858765,10.236707219989347,10.740538979289083,31.901998068257651
6.1029,though,-7.148570060729980,4.357246857637705,4.573691371814442,16.618239700981928
6.1030,it,-18.882402420043945,4.984914083514584,5.470895484328000,13.758632793759460
6.1031,was,-11.592102050781250,3.752449233936411,3.551352173118719,13.281436262544918
6.1032,"cozy ,",-28.301967620849609,9.781525103053681,9.896982902747222,30.182667958714902
6.1033,it,-11.388357162475586,5.472819073994279,6.100827988672244,20.730189001910244
6.1034,was,-5.141507148742676,4.458138834470062,4.658774113241120,22.704482402496534
6.1035,a,-11.703495979309082,4.966206720284587,5.276220357241773,23.732348342888326
6.1036,bit,-2.518846511840820,4.736948244093454,5.052944424489807,24.609141647334646
6.1037,of,-11.494802474975586,4.677190202181210,5.348807511353629,28.198665077704192
6.1038,a,-7.457060813903809,4.180503746896139,4.310063580664083,30.220269092150112
6.1039,squeeze .,-18.093996763229370,11.206540460444028,11.642299075965102,65.170464256883065
6.1040,`` Budge,-18.304028695136367,34.017413197284981,35.015012144184723,6.778815331111645
6.1041,"up , ''",-29.729421615600586,24.413373074816036,25.100540815321509,17.999715414390110
6.1042,Mom,-18.432237625122070,3.983183912837689,4.628830951793752,11.028427415302133
6.1043,"said ,",-6.954836368560791,9.108970237941085,9.275853856400920,22.404062907198817
6.1044,giving,-9.864916443824768,8.717816890667859,8.857906335513565,9.925564802408360
6.1045,Abby,-22.618507385253906,4.758836579105130,4.659968154739592,6.093886328631160
6.1046,a,-8.813166618347168,4.381117860834093,4.682951950537751,13.002091039879328
6.1047,push,-10.252608299255373,4.424310378262452,4.719091472185392,12.014676273346762
6.1048,with,-11.488918304443359,5.111881901793302,5.143740248586174,13.005749384978571
6.1049,her,-8.552780151367188,5.022123990448824,5.091741496085185,16.040691209996652
6.1050,bottom .,-22.568816184997559,14.489195048439312,14.794093446645931,35.010267479462499
6.1051,`` I,-4.767228429824172,24.493645510612883,25.184773098364225,6.797413692002586
6.1052,ca n't,-26.708433224004693,24.179227718491603,26.806350829320401,13.492862871396177
6.1053,because,-13.546966552734375,10.307652132560500,11.105343134590766,8.129069287122798
6.1054,I 'm,-26.254842281341549,19.905331297731426,20.539436769585691,19.193841316143402
6.1055,already,-13.637483596801758,5.068181714091097,5.186917292229659,13.502938475661216
6.1056,on,-11.822408676147461,5.530754094899296,5.788973600240928,15.380996949734907
6.1057,the,-7.947605609893799,5.261907849478086,5.398522043113561,16.434849179015394
6.1058,edge . '',-35.545705318450928,27.134007856498201,28.677752183499305,61.819639845114864
6.1059,`` Good,-11.600491230994521,24.061882797576441,24.851183836064639,6.623576293363319
6.1060,"heavens ,",-22.612023830413818,12.179490566713168,13.524167990098793,9.657722205300459
6.1061,you 've,-25.226044774055481,16.452925953975910,18.313565321970664,14.011584106909027
6.1062,grown,-10.458805084228516,4.114634275434228,4.042505757680753,9.160839170387788
6.1063,then .,-20.568419933319092,13.955997894460630,13.495957778499694,22.060720792846624
6.1064,When,-0.049349792301655,6.429444913545866,6.314414164890541,4.050376576615328
6.1065,did,-2.051396846771240,4.861025288962559,5.043572933336365,5.015139673911069
6.1066,that,-4.781516551971436,5.287106082761307,5.448519665853357,7.101564408123338
6.1067,happen ?,-0.194200308527797,12.508704742719818,12.840641325956843,15.006639741612553
6.1068,You,-6.298817634582520,6.149204429114082,6.843944307190347,3.205367059636441
6.1069,could 've,-11.170980244874954,19.215542095387654,18.116273374354300,12.357284533064369
6.1070,put,-9.685351371765137,4.620061715453338,4.855979071945902,8.257445339078544
6.1071,an,-9.300985336303713,4.962397358297826,5.895624127129514,10.098429122890265
6.1072,elephant,-8.765421867370605,4.717110326241518,5.340410780147863,12.378749611205087
6.1073,in,-9.892742156982422,4.465827879611826,5.211814720528750,13.402088653875856
6.1074,here,-9.170672416687012,4.167901263558865,4.371176002024511,14.414959063207094
6.1075,last,-13.989733695983887,4.614385917416923,5.123964023576391,14.313847205350285
6.1076,time,-8.188482284545897,5.130913908281927,5.660866523162293,16.368401752825047
6.1077,we,-6.008601188659668,5.156164704171372,5.020240853840948,12.413193918384053
6.1078,did,-12.316514968872070,5.043741437556986,5.459703180349324,17.152413385135354
6.1079,this .,-18.295916318893433,12.227749659116910,12.143518433087159,36.513642712946584
6.1080,Before,-5.034567832946777,5.791151479419521,5.211884166500859,3.063362878392957
6.1081,I,-3.965751171112061,5.440386405925084,6.241044846305186,6.009460448420544
6.1082,know,-5.736490249633789,3.668663859803688,4.199995852612198,8.012038795113448
6.1083,"it ,",-1.483332552015781,9.617595250268632,9.189503446470329,14.321501021317175
6.1084,you 'll,-7.454177796840667,16.458900860995588,14.719997081206184,14.287239222654318
6.1085,be,-11.615468025207520,4.724907478376907,4.433679971253946,8.836611853754544
6.1086,all,-10.033094406127930,5.878803405818728,6.585793455230691,10.910675519431891
6.1087,grown,-12.352588653564453,4.929382227768111,5.033997698862687,12.002212792084189
6.1088,up . '',-35.045106383040547,27.351351382725461,26.906014336766340,38.006268710405237
6.1089,On,-3.203532218933105,5.557891316803792,5.130556010674794,3.065984493450226
6.1090,her,-7.331604003906250,5.932466629804238,5.589680123620878,5.410586829518667
6.1091,mom 's,-9.901495593134314,16.855025999997068,17.901211685259160,14.297738056026507
6.1092,chest,-16.433650012128055,13.620752410938740,14.085850182713692,5.979414507013763
6.1093,Abby,-16.634681701660153,4.675349583341776,5.132527054757388,8.458323476202665
6.1094,then,-10.501936912536619,5.258336271300736,5.919137673818192,7.246676867922758
6.1095,put,-14.000592231750488,5.399854886358066,6.110943384918532,7.926330312071813
6.1096,her,-10.444224357604980,5.458432630325606,5.558481476157692,9.001145955398318
6.1097,head,-11.864643096923828,4.470083939735384,4.696399356943783,7.083612086146794
6.1098,and,-10.070893287658693,4.772979864603372,6.166862551329782,7.995713105397013
6.1099,smiled .,-23.121395587921143,19.744717281741149,21.754295961217856,21.090031479004338
7.1,The,-1.648221969604492,6.746959719648657,6.992360907198334,3.456291647660295
7.2,text,-9.471285820007324,5.016271958115066,5.901548283755488,4.521130985917455
7.3,message,-11.598992347717285,4.231924048243195,3.968288943213837,5.318059675340373
7.4,said,-5.061887264251709,4.742314264790410,4.751190510410095,5.096655291891004
7.5,that,-1.404477953910828,5.037109087818598,4.606007122954988,7.224530298269187
7.6,Lucy,-13.497993975877762,13.464299336336046,15.058474359801213,10.720589638968249
7.7,Josephs,-12.702810764312744,8.327391553209461,9.217634670745195,12.185711919159644
7.8,was,-11.726025581359865,4.396589671469506,4.730248314790394,13.382670252515016
7.9,a,-12.926455497741699,4.927639170763628,5.057616669780701,14.295213023975355
7.10,failure .,-23.974918842315677,13.599658940889046,13.613101667939652,28.088604939493536
7.11,It,-3.482963085174561,6.101511125184504,7.065723445463052,3.253049561235394
7.12,said,-2.337837696075439,5.155656307371807,6.027083872203533,5.030251574628059
7.13,she,-9.078315734863279,5.394851670475547,6.551434259319644,9.159582368114421
7.14,was,-2.350588083267212,5.320659839323639,4.946009567588208,11.239632107846168
7.15,"ugly ,",-17.231132030487061,9.167672541871896,9.616958117663696,27.213458949493113
7.16,had,-0.482338368892670,4.522114357716153,4.851529567598460,16.395237134279093
7.17,no,-1.552189111709595,5.457430975015338,5.417522001762931,19.323514213721914
7.18,style,-10.319325447082520,8.587070809264953,8.568439725460292,20.122002412496432
7.19,and,-1.437620520591736,5.025591431700251,4.690515726883909,17.685752146859894
7.20,the,-2.460896492004395,4.923900654379827,4.891054879011796,22.827644773070933
7.21,world,-5.407388687133789,4.487950739157976,5.042523478818986,22.799053765838426
7.22,hated,-9.409400918520989,11.131568071090495,11.667680887452640,22.090189851928205
7.23,her .,-22.823308944702148,13.751135502765516,15.076216484855777,49.759053141759800
7.24,At,-2.795293807983398,5.683507995269601,5.158475264470179,3.128890616145403
7.25,least,-0.000286895607132,5.209639734404584,5.178701929285187,5.146334049251236
7.26,that,-1.705456972122192,6.262177846565971,5.570097365623750,5.000476185156409
7.27,was,-2.923810243606567,4.676352471415854,4.118604300529181,7.007015671309914
7.28,what,-0.007339301053435,4.367800520046254,4.107780587094116,10.015257859642867
7.29,it,-2.823864698410034,5.215296581987892,5.483753684890174,13.074819957731259
7.30,said,-4.435370922088623,4.646700230389972,4.614349696349472,15.011397159002314
7.31,to,-0.170007258653641,3.533899907199617,3.771753394823107,17.309785003716108
7.32,Lucy .,-23.200669497251511,19.718983877521442,22.037385205690306,40.970989650099021
7.33,It,-3.482963085174561,6.101511125184504,7.065723445463052,3.253049561235394
7.34,said,-2.337837696075439,5.155656307371807,6.027083872203533,5.030251574628059
7.35,that,-2.631511449813843,5.297552097914880,5.269844871215930,7.257598679190904
7.36,and,-10.084893226623537,4.865823255485472,5.276140146769749,9.267135296510039
7.37,a,-3.205760002136230,4.765846852535836,4.813996432151184,13.048953619746218
7.38,whole,-7.990137577056885,5.687436245457013,5.966413944343754,14.139512423109384
7.39,lot,-4.677626609802246,4.370240326557092,4.946304594121481,15.151487881797681
7.40,more,-8.449979782104492,4.311668901559647,4.155433755362249,15.707213848044979
7.41,that,-0.099998749792576,5.139178759630599,4.846616824925466,16.266080740664112
7.42,she,-9.557642936706543,5.108064637096263,5.427863795579086,19.552251644562237
7.43,was,-3.791601181030273,4.780618497378359,4.529855853359686,21.372459636372067
7.44,struggling,-8.495207426400157,8.110126695905025,8.510633354285714,23.366805550693588
7.45,to,-0.003777156351134,4.434625829163503,4.406509651258447,26.360888444645727
7.46,understand .,-6.168367968472012,12.624521517462673,11.664047378773915,37.256455721249488
7.47,The,-1.648221969604492,6.746959719648657,6.992360907198334,3.456291647660295
7.48,actual,-8.330563545227049,5.391536259936188,5.299767774411204,4.607051273145391
7.49,text,-8.912627220153809,5.214821837665824,5.844577303878125,5.678667457206793
7.50,of,-0.062172412872314,4.192537267273578,4.733466883624012,6.146789126060005
7.51,the,-0.508420348167419,4.859477525116292,4.784290130029794,8.345454788789450
7.52,note,-7.415436267852782,4.776887057818811,5.269627090664235,9.235206948122748
7.53,said,-5.124248027801514,4.697835146435978,4.478058266074433,5.116378138080111
7.54,that,-1.561697363853455,5.162639235953424,4.798590509621934,7.217267938359543
7.55,Lucy,-13.368017792701721,12.505285115414006,13.970698271062073,10.673998713562650
7.56,better,-13.628577232360840,4.781835984468320,5.106630403486348,11.790072997566908
7.57,not,-6.280299186706543,5.078109530598990,5.617858130223363,12.511419405207885
7.58,show,-6.118405818939209,3.833756207500640,4.103717917178939,13.001537453418255
7.59,up,-9.351151466369627,5.046610603215639,5.152821181014835,15.039307592381745
7.60,at,-10.319012641906738,4.753348402559163,5.119623361137645,17.005111235869329
7.61,the,-10.685300827026367,5.255131142744659,5.152976152456336,19.041347692578093
7.62,party,-11.282104492187500,4.651721180095381,4.908871444852061,21.041760063349614
7.63,"tonight ,",-22.384360074996948,14.612146964170481,15.146750393680122,45.005542305650565
7.64,because,-10.678081512451172,7.901423748104548,8.214526728713091,22.508942329401670
7.65,it,-12.356278419494627,4.800927604126773,5.243705702531114,24.393621386120767
7.66,was,-10.842598915100098,4.448640622155226,5.120557862812598,23.968783449416662
7.67,going,-9.862263679504396,3.097809512631984,3.371386978187676,26.052963503768691
7.68,to,-3.175696849822998,4.074719666122856,3.994014962199888,32.002644102862853
7.69,be,-4.121596336364746,3.385694267065865,3.676615414778849,34.034860954338548
7.70,bad,-11.505998611450195,5.166829296853300,5.561352496963056,35.294953830655558
7.71,enough,-3.945160508155823,9.354453908823000,9.673835943393296,37.000598001445390
7.72,already !,-27.223235368728638,15.119700435436624,15.324782937471506,78.006158651549384
7.73,"Lucy ,",-24.632808208465580,18.812281670734844,19.758119290891063,9.191503665450872
7.74,who,-11.675833702087402,4.103905068526120,4.331782329985584,6.116108444069114
7.75,had,-13.753905296325685,5.250797414981625,5.127737434506625,8.464160523345571
7.76,started,-6.369047261774540,7.467291059746723,7.487431463135279,11.492846798201025
7.77,receiving,-6.059806823730469,4.331544727646834,4.444758303810532,13.226495493673330
7.78,these,-11.933221817016602,4.958231381768696,5.015507807852067,16.352243618117303
7.79,messages,-10.922405719757080,8.143299005697653,8.912854609149129,18.542259282936726
7.80,a,-13.796680450439453,4.546745872619170,4.630207591500461,19.965117457136696
7.81,few,-8.116837501525879,5.564419060391492,5.243030422478979,18.502261654382686
7.82,weeks,-2.100744724273682,3.328821976867337,3.498535028326081,19.419003289314546
7.83,"ago ,",-20.455296993255615,7.635001535235388,7.354221184094247,40.421010413530453
7.84,tapped,-23.395743370056149,9.558252901866195,9.460499012034759,18.820110828204054
7.85,the,-10.168517112731934,5.566326749962498,4.686561209540487,5.354075243316760
7.86,mobile,-13.979135513305664,4.704206239714684,4.637250301095589,7.761347277985608
7.87,screen,-10.434945106506348,3.832697034364057,4.533980753495528,8.635408666905610
7.88,to,-9.711009979248047,5.351261909767078,5.670301580257425,10.399104158749235
7.89,make,-10.259303092956543,4.717020472404978,4.982032549351907,11.976979648939874
7.90,the,-6.363923072814941,4.890559477290171,4.461798390236805,13.989167652372750
7.91,message,-11.012923240661619,4.609784287591299,5.331479061551766,14.689773024785387
7.92,disappear,-14.692501068115234,4.117913492414559,4.392497106215112,15.185375114674249
7.93,from,-11.405619621276855,4.746843351169392,5.184641096072385,16.000069922088684
7.94,view .,-24.482088088989258,13.533602830990922,14.603571863779422,40.117978297428337
7.95,She,-5.400978565216064,6.451306593754196,7.294753750596218,3.125623710821180
7.96,only,-5.989628791809082,4.915908066762538,4.561663993862252,5.479268354127441
7.97,wished,-9.520384788513184,4.595668460727597,4.414912228039671,7.302596182285003
7.98,it,-13.632408142089846,5.656072068881809,5.370966576497789,8.291792147490211
7.99,was,-11.015441894531250,4.804120093543548,5.472073857507311,10.584203230885835
7.100,as,-9.658026695251463,5.493770532073773,5.812134371867255,12.008883880113835
7.101,easy,-7.419979095458983,4.030656981067337,4.237211158531196,15.065744802930398
7.102,to,-8.708242416381836,5.223570189124314,5.751120363552244,16.141523097271136
7.103,tap,-12.305303573608398,4.188627208642449,4.303199301891953,18.996481088661668
7.104,her,-8.945137977600098,5.058718533809976,5.512273295820483,20.409491756957305
7.105,heart,-9.980472564697266,5.138070531817077,5.715184374128149,22.217734905231897
7.106,and,-4.002261161804198,4.695270804408158,5.455621923684695,23.056063778519203
7.107,erase,-20.143011093139648,4.090440052013226,4.514980292006546,23.081755094292411
7.108,the,-7.542479991912843,4.152189470978645,4.965934631156601,23.999931978554521
7.109,trace,-9.986382484436037,4.021502090287873,4.444204263032722,24.999973303042296
7.110,the,-2.423476457595825,4.878435432181116,5.023060129405309,26.725995246515414
7.111,message,-7.984091758728027,4.023525159301003,4.393529916971672,27.573174034509481
7.112,had,-13.200090408325195,5.039842046655878,5.749188910343960,30.881085655876888
7.113,left,-12.015297889709473,4.935226932193643,5.620993815665909,31.120081172384968
7.114,there .,-26.791165351867676,10.916726214802113,11.711425074262021,66.609778803667609
7.115,`` Was,-7.400519555121718,23.779232977596628,24.557339259228328,5.249472836911348
7.116,that,-2.892130851745605,5.490405177138340,5.806659069039753,5.300846805018933
7.117,another,-6.360079765319824,5.103167956279830,5.829222224837233,7.623434078948003
7.118,one,-4.759151458740233,4.923963734017502,5.749443035768137,8.651269268546791
7.119,of,-0.616575300693512,4.548642109935765,4.634547949861076,10.330516867711315
7.120,those,-2.037036354857264,14.976820886742614,15.689292870224294,12.633804180152920
7.121,messages ? '',-24.011013685609214,31.919025399068840,33.710135643136468,30.096303281462923
7.122,her,-17.819133758544922,5.962278763112075,6.237612443956598,9.811997780187539
7.123,mom,-12.413572311401367,4.753552286630369,5.742298739228906,12.591653831781429
7.124,"asked ,",-18.409694671630859,15.816080031554465,16.224668505174876,28.961894585957268
7.125,who,-12.799710273742676,5.319491333459800,5.613022310892505,13.245681215218321
7.126,was,-13.115396499633787,4.697856548378116,4.733752038779085,15.757753314465074
7.127,driving,-16.221609115600586,4.985913694182160,5.076718017402134,17.759447017291649
7.128,the,-8.997314453125000,4.329374205267676,4.331555012071457,20.949000015200888
7.129,car .,-15.850882291793823,12.769043786238218,13.994843134990758,47.113369144987026
7.130,Lucy,-18.301596164703373,14.611538897074828,15.371492345307640,4.086114920605366
7.131,confirmed,-11.970294699072838,10.032494953372613,10.945173424320917,5.071863985874806
7.132,her,-9.243840217590332,5.525562489640710,5.976550038240467,6.094087558642640
7.133,mother 's,-11.023772213840857,20.142538854666014,20.840500678664817,15.000007444323291
7.134,suspicion,-19.458732604980469,5.741470076175113,5.809406630006981,8.999954451552115
7.135,was,-13.821785926818848,5.763725837720457,6.029903490194180,9.999881454419976
7.136,founded,-15.185947656631470,11.507849585567049,11.891938331884287,10.221124799960736
7.137,as,-10.057680130004883,5.171662399992078,5.921406284274005,4.928450819964851
7.138,she,-11.881522178649902,5.501145072000337,5.740566912763059,6.000380274546334
7.139,answered,-18.405747652053837,9.714146701791909,9.678326822864971,9.008671415027452
7.140,"dejectedly ,",-35.691607475280762,23.057583241287908,24.020758782890692,25.774899925037481
7.141,`` I 'm,-23.254900206244201,30.750338742554380,31.903073017696411,48.058017329058913
7.142,sorry,-8.942594587802887,11.943822830495286,12.233725865875131,19.197693752062399
7.143,to,-8.196381568908691,4.614085501221004,4.913986691418211,20.107356878277574
7.144,say,-9.882251739501953,5.269461582407210,5.437812990541343,22.918275923701678
7.145,it,-11.911683082580565,4.147458002679580,4.748618841202638,24.974449946630426
7.146,was . '',-29.715682387351990,24.763131302150647,25.552055773919719,83.991612561688967
7.147,`` Have n't,-8.522741739024241,37.881137739891329,40.036146986109927,9.925581544975733
7.148,you,-14.077959060668945,5.203194426150445,5.666357333617379,5.402133923270398
7.149,reported,-11.855450630187988,4.977000444309542,5.244612804743502,6.238111819976084
7.150,it,-2.420098781585693,5.547436969007395,5.849656036794769,8.548920395219630
7.151,yet ? '',-36.821183681488037,25.151949902807626,26.240861645872947,34.679902069786927
7.152,asked,-17.186059117317200,9.276510541467298,9.406762275929440,11.056542025300601
7.153,"Jill ,",-25.560503482818607,10.643343129695236,11.284500337142159,19.232027872856484
7.154,Lucy 's,-28.132399559020993,27.129069497199978,29.126511762040533,20.928701145196904
7.155,older,-16.320739746093750,4.463174307010992,4.358600230353558,12.014955136235091
7.156,sister,-5.730848312377930,4.506446169903475,4.625509930547289,12.995132358863952
7.157,who,-11.560522079467773,4.134248539390216,4.682968893781016,13.261043343528636
7.158,was,-10.126277923583984,4.579228230332414,4.877282267199488,14.074431748453655
7.159,sitting,-11.028939247131348,5.933946664726503,6.090218594719932,15.065117445390651
7.160,in,-5.269832611083983,4.794303121246307,5.066413937382881,16.074831369169885
7.161,the,-9.980579376220703,4.111095449070398,4.777278331257873,15.297583096272707
7.162,passenger,-9.316613197326660,5.186330104297381,5.038110754751926,16.232072454560360
7.163,seat .,-26.233124256134033,12.309909586143785,12.646654871434968,37.012036634828760
7.164,"`` Yes , ''",-24.635399629980380,40.148134752434125,40.380257014955632,18.273212990191006
7.165,Lucy,-9.828783616423607,14.048073101803313,14.766400145796553,8.442398803322384
7.166,"replied ,",-22.875476360321045,14.253930644290072,14.767504777618734,18.594853869495939
7.167,lying,-14.202832520008087,13.811192540432087,13.818457175165760,10.001218001535658
7.168,through,-12.977218627929688,5.008081632574465,5.350111966084167,12.871265997958504
7.169,her,-12.904067993164062,5.765162103274396,6.060574140536742,15.001126694019627
7.170,teeth .,-18.360438585281372,13.144340084791121,14.233521312414698,35.972641226085138
7.171,That,-4.203119754791260,6.639422400307447,6.714888174474014,3.182374371096789
7.172,Lucy,-19.322787374258038,14.891803332469351,15.896950569341280,5.922856333836910
7.173,should,-12.886927604675293,4.260341138049451,4.537828974145246,7.487662749347669
7.174,not,-8.589070320129395,5.776847051131218,5.726788482608996,6.005849173276133
7.175,let,-8.465553283691406,4.957925635170874,5.186366841806558,9.753134277474604
7.176,the,-9.376554489135742,5.334006906342216,5.230541530094094,11.041660589875429
7.177,messages,-12.849504381418226,8.956540197656830,9.562396781861009,13.340184982804425
7.178,get,-17.366985321044922,5.119042456190766,5.405803275242430,5.187775056770317
7.179,to,-6.172448635101317,5.543200782356771,5.321259506201638,15.844961942428293
7.180,her,-11.562009811401367,4.416929746928286,4.773233431065796,17.866472260122087
7.181,and,-11.201353073120117,4.686844870894314,4.839641085442447,19.045422046716961
7.182,that,-9.635835647583008,4.318458581854617,4.373124963802121,21.037510277057613
7.183,the,-8.448575973510742,4.369501361666612,4.391758073117191,22.872110234820013
7.184,sender,-15.473970651626587,7.468805869830129,8.223457344578256,23.000249370944534
7.185,was,-11.072100639343262,4.565372929708250,4.737820396656937,20.724156377098769
7.186,only,-14.205191612243652,5.287171762532318,5.340776601108795,19.397523579618355
7.187,jealous,-15.701402664184570,3.683250793589270,3.496002570028016,5.036372533695600
7.188,were,-11.402402877807615,4.565173091421347,4.420475959882007,7.000044333911370
7.189,Lucy 's,-24.760788559913635,25.026943678132444,26.604409899020972,20.714804438426491
7.190,mom 's,-26.170700192451477,20.479601225979554,19.733081165068818,19.301919319124558
7.191,"arguments ,",-26.005115985870358,15.944603262561943,15.189847910400566,17.098243264624386
7.192,in,-6.934561729431152,4.877764993992686,5.454090117337882,13.216641401794226
7.193,an,-11.005547523498537,5.224069743375050,5.479406432664400,14.162334430249039
7.194,effort,-14.820737838745115,4.689140411290388,4.466045162579253,12.441081574418382
7.195,to,-7.363965511322021,6.016757257058313,5.826979119942938,13.338460699440329
7.196,comfort,-13.208970069885256,4.547868897286262,4.403246144838731,14.315994275129450
7.197,her,-11.779114723205565,5.093246339897363,5.562467278978331,15.306047389483956
7.198,daughter .,-17.443374134600163,13.654839502865698,13.186469633313063,30.306482870652086
7.199,Lucy 's,-21.977208260446790,27.589321704762149,28.512354430009179,9.450861640112322
7.200,mom,-21.717741012573239,4.881089356951247,5.129280322364447,5.013846205148663
7.201,suddenly,-18.468428850173950,10.090668988146346,10.780226063181667,5.737827357315000
7.202,felt,-12.217065811157227,6.064549639835226,6.696912221529058,7.960583312324006
7.203,"guilty ,",-22.389318466186523,11.592289729056660,12.345008126948006,15.823177841764970
7.204,for,-8.779664993286133,5.456814371394444,6.376740114879357,7.659932448021895
7.205,she,-10.023014068603516,5.883482879473204,6.318331266512332,9.003472092232302
7.206,had,-15.440073966979980,5.210958222575456,5.021417591496014,7.825314226918969
7.207,been,-10.999555587768556,4.531870780820790,4.615100551082508,12.248645303275087
7.208,the,-2.920393466949463,5.221395351660372,5.332995087188022,14.000018460094259
7.209,one,-12.026559829711914,4.873118308502353,5.080757144462554,17.247783064184681
7.210,to,-6.242748260498048,5.338834802857894,6.126170239526853,18.041292859473604
7.211,buy,-11.984320640563965,3.291397479815245,3.405958855867006,20.011589098638996
7.212,the,-7.123387336730957,5.397046760898323,5.768165189512984,23.164799110536233
7.213,phone,-15.186937332153320,4.044465197012015,4.338364730825417,23.933199357761282
7.214,for,-6.459595680236816,4.543140885735601,4.620741647094629,26.947573733500050
7.215,Lucy,-13.910083025693893,12.246844417563429,14.293040263152220,28.386862068074109
7.216,just,-11.976356506347654,4.070524555012698,5.086891126878316,29.350313711035810
7.217,a,-8.190690040588379,3.354315696381327,3.560538626468392,30.266974962047211
7.218,couple,-7.142190933227539,3.991697554802705,4.303649843255177,28.766652291453862
7.219,of,-6.454664707183838,4.347683731303647,4.693368712739772,25.015141878327562
7.220,months,-10.752837181091307,4.392000785637791,4.832271170682186,34.856448511168963
7.221,ago .,-30.847954750061035,12.513291909531898,13.251787317044016,71.228239183045687
7.222,She,-5.400978565216064,6.451306593754196,7.294753750596218,3.125623710821180
7.223,then,-3.199855327606201,5.667057315904603,5.625523286429965,5.066417622861789
7.224,admitted,-7.631845474243164,4.725899003421851,5.274445054167766,7.206740100428496
7.225,her,-2.846878051757812,5.436134617472496,5.634383766274158,10.211185691610464
7.226,regret,-9.146520614624023,4.429053223854341,4.645609372302797,10.000965111378244
7.227,about,-6.890771865844727,4.033630144117823,4.519175869967142,11.158703254823106
7.228,the,-0.916300058364868,5.125050374593097,4.887942467033970,13.901664244246867
7.229,phone,-6.373174667358398,4.387066467201537,5.153146824299038,14.696964511645000
7.230,was,-7.964414119720459,4.144194438038800,5.398507985717188,15.878432551072184
7.231,still,-2.985575675964355,4.162815185843447,4.335518022018478,17.998958598299879
7.232,bugging,-12.483096778392794,8.543438750240028,8.836612464871045,20.000380692356483
7.233,her,-13.939433097839355,5.397721764031210,5.794567755030898,20.995531186707961
7.234,out,-4.249897003173828,5.352911917714057,5.507921240509769,21.995162904765955
7.235,loud,-12.367457389831545,5.441723816773840,5.914061688579460,24.134650511846065
7.236,as,-6.305030345916747,4.840084997193192,5.700467683948357,25.092082748006920
7.237,she,-14.022441864013672,3.754948890205879,4.493148423439696,26.002608535572573
7.238,"sighed ,",-36.665748119354248,12.862002803274059,13.664914539986398,57.889422361053043
7.239,`` I,-15.987144589196760,17.836878326884555,18.478088343150752,67.128454001932042
7.240,never,-13.174285888671875,4.710218831393968,4.950445221271386,35.026740414644401
7.241,should,-11.287075996398926,4.004756338465342,4.150356172857260,36.029494773716543
7.242,have,-10.895595550537109,4.069848062380135,4.372401212803289,38.001762661372325
7.243,given,-15.049337983131409,6.448498183549255,6.263369294544606,40.961299804038575
7.244,you,-12.195186614990234,4.464214680256107,4.683229435557795,41.031214827324206
7.245,that,-11.442991256713867,5.480779488061186,5.677134293691360,44.089156373882027
7.246,phone,-10.111516952514648,3.674097971069967,3.592858426358048,46.038523455709012
7.247,Lucy . '',-32.886605337262154,31.648445084130429,33.601522231322051,143.519436078539769
7.248,"`` No ,",-8.054314022570907,28.363154446127130,28.996506880862487,12.115214265047637
7.249,it 's,-2.743646529503167,18.511281310943630,17.412829898959124,16.969672827899803
7.250,fine .,-24.303184986114502,15.768768950814845,15.317196019930570,22.813063114748552
7.251,I,-15.519289970397949,5.152354237853662,5.152367760531223,14.100967095979126
7.252,love,-11.098136901855467,4.365183141495002,4.554163049567246,16.864678417698428
7.253,"it , ''",-23.834386981092393,23.331057056637071,23.142737003387360,45.309892451964217
7.254,said,-11.891892433166506,5.879555793548504,5.983279935577182,12.461741316125620
7.255,Lucy,-16.464880824089050,12.924861225502221,13.431775987002384,19.557486428368367
7.256,knowing,-12.523365974426270,4.852535011567288,4.961046910860920,20.486659191152672
7.257,that,-5.974007606506348,5.397191972392157,5.534292753854022,20.210751454244992
7.258,affording,-13.728003919124605,7.558642569381323,7.566481711922616,24.006055671439285
7.259,the,-11.771729469299315,4.940687429279662,4.894933597789163,26.000001529029465
7.260,phone,-11.964523315429688,4.340372085572085,4.945998191833863,27.000000000004945
7.261,had,-13.341699600219727,5.374264717102967,6.087733268738121,28.000000000010772
7.262,been,-11.492852210998535,5.023173218610731,5.132568994924341,33.130542299248795
7.263,no,-10.491353034973145,5.616216190655726,5.693785535739687,34.268240928880893
7.264,small,-13.939204216003418,4.727826066807172,4.676463095881871,35.236409588534890
7.265,thing,-15.041085004806519,8.774877981075827,8.584216085758182,32.004538271234253
7.266,for,-10.940246582031250,4.820983476431034,4.980892573063176,34.111602918528533
7.267,her,-11.277286529541016,4.594807916123919,4.654402586522352,35.087512817602182
7.268,mother .,-22.926969528198242,13.151152212427430,13.485109536492148,73.212736282299034
7.269,It,-3.482963085174561,6.101511125184504,7.065723445463052,3.253049561235394
7.270,had,-4.154766082763672,4.635975017114373,5.072643118856488,5.173041947811852
7.271,been,-0.980843126773834,5.234883421262291,5.441111677068680,7.165971916997241
7.272,nothing,-9.448635101318359,5.220863023306331,5.777982888355707,9.835118502920448
7.273,but,-0.155152112245560,4.125859523245258,4.011525363120652,11.828006199553142
7.274,trouble,-9.402904510498047,4.845604726470151,5.412687882845455,14.136032823239294
7.275,though .,-8.139383493748028,15.359674940023154,15.143793972230680,17.119448743263732
7.276,Lucy,-18.301596164703373,14.611538897074828,15.371492345307640,4.086114920605366
7.277,did,-10.672464370727539,4.226149787804709,4.354275642720362,5.067545676639249
7.278,not,-6.593836784362793,4.993426569205397,5.395314164489392,6.078807752877068
7.279,know,-17.888490676879886,5.757298538673191,6.305092466140310,7.070781622815383
7.280,who,-8.436982154846191,5.244471800509942,5.805186485779688,9.035204733864044
7.281,it,-12.771135330200195,4.846730507217014,5.508712514721055,11.705353402600698
7.282,was,-11.169589996337891,3.810145115746594,4.466174812075758,14.546590300194408
7.283,that,-11.623216629028320,4.141849050487608,3.991681188938792,16.470000517227572
7.284,was,-9.508837699890137,3.979946900512782,3.879162772573339,18.999963614184612
7.285,sending,-13.726028442382812,12.221655815139167,12.555607712097585,21.005189841160011
7.286,her,-8.720050811767576,4.788366517389544,5.082968078253434,23.166594897529176
7.287,the,-2.684503793716431,4.713220905440227,4.859786688865079,26.191797886160352
7.288,"messages ,",-19.696363925933838,13.343367639163558,14.180216749888295,57.295251504491873
7.289,and,-5.690087795257567,4.715164381326765,5.157045886467178,29.992625186451306
7.290,she,-14.045708656311035,3.077803635233224,3.534483994356624,30.997123241489007
7.291,did,-11.268165588378904,5.162963350129792,5.334821754136057,27.370151113919484
7.292,not,-7.596588134765625,5.260960586302468,5.198285869062076,30.888102824823150
7.293,know,-10.549458503723145,4.334878622981448,4.391272508651963,34.443937947845647
7.294,how,-5.993701934814452,4.942305599298724,5.277163342826586,36.475857771709535
7.295,they,-14.213745117187500,4.564255637484590,4.992665461530026,17.827292238426558
7.296,had,-12.518528938293455,5.118202770164423,5.754231635984089,21.956576979674953
7.297,got,-5.042049407958983,3.262803768173235,3.383575706311093,24.041483985142282
7.298,her,-11.117296218872070,4.509887748088558,4.816320411456770,25.672262491518069
7.299,"number ,",-19.414164543151855,9.548871089059009,10.613590542012547,56.357384809631199
7.300,but,-9.221854209899902,4.687123099338351,4.639546907558016,27.411417984703871
7.301,whoever,-18.320273876190182,7.680394297659999,8.038903343608197,29.108704433981128
7.302,it,-9.578431129455566,5.439403669718528,5.583530202284615,14.094697150104768
7.303,"was ,",-25.720662117004395,10.870563723109385,10.783041377981899,35.060199153649179
7.304,he,-9.215796470642090,4.931448807314687,6.092891774080996,20.017865967878226
7.305,or,-9.477710723876953,5.995766624732252,5.834506891268022,20.989226952792521
7.306,she,-3.740550041198730,5.118874713861618,5.459522024423173,17.786140226492677
7.307,had,-15.173875808715820,5.126503909397044,5.086271256890588,18.968718331683949
7.308,slowly,-15.120986938476562,11.221152601462894,11.066886811395257,20.154521955318717
7.309,taken,-12.384413242340088,8.937019879143429,8.578302811559299,18.923788784132658
7.310,over,-5.945507526397705,5.820034560374537,6.014973781784867,20.963919730711190
7.311,Lucy 's,-31.535812556743622,27.109737347028886,28.511687017357719,47.199988520559629
7.312,life .,-23.164451122283932,13.314931048698117,14.173227391408826,54.929523668602457
7.313,She,-5.400978565216064,6.451306593754196,7.294753750596218,3.125623710821180
7.314,was,-3.232906103134156,5.101159601089268,5.150037521609952,5.273036820121158
7.315,getting,-6.753510475158691,4.822947547435639,5.317734821803016,7.293631583278166
7.316,several,-6.296297073364258,5.953652261712258,5.867475599426808,9.818462479159338
7.317,texts,-10.784110903739929,8.048064358169581,8.960006352457679,10.665802973546713
7.318,a,-16.304971694946289,5.211091762038351,5.155492661722075,11.713430282709739
7.319,day,-12.079864740371704,7.333084897866144,8.663245428669564,11.994730562070231
7.320,"now ,",-13.766799449920654,8.026275249137942,8.201237995097998,25.262677498163079
7.321,all,-11.540456771850586,5.355949560576316,5.552462849621486,12.000159159748540
7.322,of,-11.430445671081545,5.704164656996090,5.546977011137696,13.003745182160394
7.323,which,-12.056275367736815,5.532358597692602,5.745721140106075,15.011020695750910
7.324,were,-13.867550849914551,5.166663157924703,5.251097839855491,19.977759920018840
7.325,abusive,-16.197528839111328,3.913490826197946,4.248938274382331,18.018407576090905
7.326,and,-9.839620590209961,5.735130080653717,5.858487459384111,19.256977148733888
7.327,hurtful .,-23.488584518432621,17.173053547832755,17.675490087737643,41.702933311752332
7.328,Lucy,-18.301596164703373,14.611538897074828,15.371492345307640,4.086114920605366
7.329,wondered,-17.409859657287598,10.127111161005942,10.747410014334905,5.042132029976393
7.330,what,-11.078529357910156,5.513620381401156,6.034876050589467,5.999853500814727
7.331,the,-6.581556320190430,4.839135832669963,4.883441023909564,8.680187437343649
7.332,person,-11.548297882080078,4.341217496119985,4.609178997293657,11.535319423632169
7.333,who,-11.363640785217285,4.548597322125756,4.656017755842751,12.734932767092481
7.334,was,-16.567857742309570,4.788501982657940,4.432453016747551,10.618089493566011
7.335,messaging,-23.334785461425781,9.463868440332524,10.097361547893501,18.850924123328340
7.336,her,-7.729123115539551,4.445582388974606,4.797054390834806,18.147719935995212
7.337,might,-10.373272895812988,4.877476283648359,5.222091363576273,19.785823909726929
7.338,be,-7.013026237487793,3.441749972625407,3.798993918169760,20.989720202240893
7.339,thinking,-12.823197364807127,5.265112377970353,5.792954982854023,23.128217554409428
7.340,or,-10.317094802856444,5.496192385137231,5.644805316087897,23.545809292945947
7.341,trying,-9.943096160888672,4.010741089990841,4.124361419021283,14.669198783922679
7.342,to,-0.327126950025559,4.730533237913273,4.839812597278692,17.980616949583698
7.343,achieve,-15.140640258789062,3.310067333851970,3.549284737969739,18.011539300396112
7.344,with,-7.144402503967285,3.203539972155908,3.241626698683782,19.030527613502841
7.345,all,-8.864244461059570,5.515112824582816,6.124346064732896,22.003022426261406
7.346,of,-10.570030212402344,5.475666840595663,5.818799555456259,24.002982932562364
7.347,their,-12.430528640747070,4.164730112310242,3.981640812804309,26.001239364605532
7.348,hateful,-11.469764709472654,9.662350902999492,10.013459660107776,28.018077752012008
7.349,messages .,-30.641171455383297,17.312413555213006,18.348900418232837,64.118322260677431
7.350,As,-1.950689911842346,5.687655228447203,5.298336359404333,3.085113780770548
7.351,the,-1.435885667800903,5.683529869677474,5.429240204945864,6.230347352144852
7.352,car,-7.428712844848633,5.134421066230416,5.802917870165207,7.206699633006060
7.353,pulled,-6.185264348983765,7.724216053738573,7.196396378197019,8.120326543820505
7.354,up,-2.599582672119141,4.552961659218000,4.896116934877000,10.113943112655448
7.355,outside,-7.200924873352051,4.460004576484533,4.547330569528394,11.995823484935132
7.356,the,-0.679127931594849,5.208380781831772,4.758962877731657,14.197539343945275
7.357,"school ,",-8.053563363850117,9.531134035800186,9.397105166256230,19.478925733839699
7.358,which,-0.026020919904113,5.202949336839366,4.951974851918278,18.898431483478564
7.359,looked,-7.167947232723236,7.450168546991551,7.785526048859094,21.586647549016398
7.360,like,-0.354929596185684,4.016649928199379,4.206834085029926,23.665221914587871
7.361,a,-0.722817778587341,4.672666162889297,4.513689371556482,25.985757970554715
7.362,large,-6.202213764190674,4.810139225003129,5.106195865349536,27.161314426530076
7.363,shadow,-9.509905815124512,4.300191654840076,4.734053985094944,28.393754294033290
7.364,in,-1.398280978202820,3.577148754121795,3.873590564846157,27.586760174648518
7.365,the,-1.212179660797119,4.642740884215709,4.492899961728283,29.966228161435300
7.366,darkness,-5.934406757354736,8.011894365370093,8.362082199476442,29.907663389856051
7.367,of,-12.825758934020994,5.123474144732032,5.621363042365668,30.801178278580171
7.368,a,-11.856782913208008,4.123647455596746,4.949584082172921,28.821294122111393
7.369,November,-9.344789505004883,4.115594649598046,4.693187800501383,33.375521966881031
7.370,"evening ,",-16.039055347442627,8.679126919863901,9.621116603724207,69.598334609803516
7.371,Lucy,-25.158327221870426,9.946266437038167,11.090024663324213,34.802873487488903
7.372,felt,-11.184224128723145,6.394420860489832,6.328920327279048,6.088053966138724
7.373,a,-8.696895599365233,5.246585574333902,5.870880047878638,7.187354249104818
7.374,shiver,-11.360161185264587,15.376468743311651,15.808671272157516,8.000002411701356
7.375,run,-13.025551795959473,4.234680157686634,5.327182022308993,10.279530662241037
7.376,down,-10.254630088806152,4.978502493450438,5.782798175478666,11.050238616344677
7.377,her,-10.887721061706543,5.542764775532223,5.881566485563835,12.108768131569825
7.378,spine .,-28.441616773605347,24.119096710955645,25.254352028974495,26.749842809807333
7.379,Hastened,-27.188790321350094,15.152913641011555,15.821824316835075,3.811747478175709
7.380,by,-10.330528259277344,5.749553448381883,5.998942422505476,4.828433389041713
7.381,"Jill ,",-34.658306121826179,10.024829754957613,10.522948325837262,12.675746461031579
7.382,who,-9.397535324096680,4.400169439247074,5.008769650505913,6.000026887140565
7.383,did,-12.614881515502930,5.484010682903298,5.968481028320148,7.000004995154026
7.384,not,-13.284101486206055,4.790334000295496,4.862089651543529,12.564623050092839
7.385,want,-13.170233726501465,3.848277971289453,3.618681132998268,15.102493591970598
7.386,to,-2.851184844970703,5.331710146920321,5.203525642116295,18.093486538121468
7.387,be,-9.751467704772949,3.355161812693824,3.531365277774547,19.199368081068510
7.388,late,-14.024746894836426,4.904432192195356,5.342206017093379,21.285354964576051
7.389,to,-0.398027628660202,5.533110017334420,5.478499860634249,24.257711624372359
7.390,her,-10.048559188842773,4.456575878801512,4.947487298200334,26.276120565525961
7.391,own,-7.743752956390381,4.584799994849121,4.709063707256314,27.000957183360626
7.392,"concert ,",-26.516097068786621,8.733648808633856,9.814990487865817,59.007579067723086
7.393,Lucy,-13.290632680058479,10.812578675506286,12.015328782314675,32.751819997556034
7.394,hesitantly,-22.479879379272461,6.739997394642664,7.574802042237325,34.091093907228043
7.395,stepped,-21.089681625366211,5.461948719791630,5.616979302018684,20.732530043988891
7.396,out,-9.915049552917480,5.958716290255293,6.271630614544295,6.131540344447356
7.397,of,-4.927321910858153,5.243189751328763,5.547026489986677,7.098203769053701
7.398,the,-9.938415527343750,5.486784360804908,5.001380543662768,7.999741064660442
7.399,car,-11.814731597900391,5.614888726447009,5.743075934543890,8.999983332593526
7.400,and,-6.115736007690430,6.116391803510734,6.129694242651062,10.982580527819614
7.401,walked,-15.364371538162231,10.051813640990787,10.198697127851467,11.005450963881753
7.402,toward,-5.767124176025392,4.385569216719095,4.645528957810819,13.004103981749322
7.403,the,-1.060307979583740,4.001302017142555,3.817086936606374,15.008764534827527
7.404,school .,-9.806472182273865,14.981901906893663,16.375453276957785,28.658085448254827
7.405,It,-3.482963085174561,6.101511125184504,7.065723445463052,3.253049561235394
7.406,was,-2.214092731475830,4.795007407495021,5.060866881278936,5.162978479409592
7.407,Jill,-17.260349273681641,4.764293610263794,5.824066154696998,7.941751585460932
7.408,who,-11.725404739379885,4.531997622240301,5.037781682728588,8.724129065638401
7.409,in,-14.869921684265135,4.805731322675046,5.426144069992958,10.054581300279883
7.410,her,-14.245976448059082,4.712892164873479,5.353939332306934,13.010350422178499
7.411,final,-9.611935615539551,5.176917370810163,5.517855396101242,15.642295075340714
7.412,year,-4.709931135177612,7.136021973218173,7.515996143711008,16.489082355589172
7.413,of,-14.023191452026367,4.865097420303536,5.238357673885810,17.736059668857482
7.414,high,-14.712071418762207,4.220582348679724,4.511637290669380,16.898047898670505
7.415,school,-5.846614360809326,4.688641797022825,5.229006309073584,19.003898142283347
7.416,had,-12.521883010864258,5.091016850138309,5.909611032300402,21.884070134903045
7.417,become,-8.864412307739258,4.086198320888069,4.325903176909075,15.811806815376954
7.418,involved,-5.022709996905178,8.586255829784891,9.336535048625134,17.846415375023458
7.419,in,-4.729484558105469,4.908786309701263,5.775207650026977,19.593817407665856
7.420,helping,-12.019678115844727,4.320213903895321,4.551230082659204,21.862191261459408
7.421,organize,-6.805701732635497,4.217428268171489,4.253354268726429,24.844756005130129
7.422,this,-13.041660308837891,5.342101177786032,5.446102617824496,26.205070628298049
7.423,year 's,-8.291592356123147,17.032736174828521,18.671918488578552,57.199562297318302
7.424,school,-18.283601760864254,4.269227215737184,4.697752017948032,30.002284846280023
7.425,talent,-11.086940765380859,4.090709710839183,4.433140207883942,31.003483503578877
7.426,"show ,",-18.238850116729736,9.101149766486945,9.451868008898060,64.613073962737545
7.427,and,-4.130884170532227,4.712623749798147,4.960972843900317,32.076985542493446
7.428,she,-15.319038391113279,4.383490036805481,5.130630059393510,30.419586522382680
7.429,took,-11.096158981323242,4.310833267782210,4.633612410585347,31.145499895150838
7.430,her,-0.956598758697510,5.836763447520252,5.836714720191458,16.660256161888832
7.431,position,-10.930657386779783,4.139653024624910,4.485279039174986,15.061277151399812
7.432,very,-12.244819641113279,4.636120966374596,4.593827767749593,19.835922635393022
7.433,seriously .,-18.651343107223511,19.604521358838646,19.963743838906190,39.869226023812843
7.434,Lucy,-18.301596164703373,14.611538897074828,15.371492345307640,4.086114920605366
7.435,hurried,-14.122023463249207,9.583928698389609,9.804405546714136,5.060284698283186
7.436,behind,-11.041992187500000,5.786867946448123,6.221810002552250,6.060280748033741
7.437,"Jill ,",-27.795325279235840,10.496383970688328,11.283658519474027,15.110420879628268
7.438,pulling,-14.868227958679199,8.763343666347327,9.212506024449832,8.529677467848719
7.439,on,-5.841972827911378,4.809520368643184,5.298118375455593,9.678571469198204
7.440,the,-14.108960151672365,5.197126647054993,5.210176248895883,7.645441134388196
7.441,"worn ,",-24.333143234252930,15.564096051434962,15.715301251282593,22.673147952466696
7.442,oversized,-10.649180889129640,9.750330348551866,10.893296638600779,16.065456924383891
7.443,coat,-7.597826361656189,8.741185805514853,9.141082304576267,12.694859546245814
7.444,that,-12.634104728698730,5.097033459134512,5.471244119486263,13.443694230163945
7.445,had,-3.743106842041016,5.366348208367135,5.542222651339832,11.833187886817409
7.446,originally,-20.327999114990234,11.695432419743341,11.889481365190425,9.726471556632587
7.447,belonged,-13.670988559722900,9.567229553458793,10.648902904351321,16.298607979798462
7.448,to,-14.057112693786619,5.233331458688955,6.107996820722097,12.348486619197526
7.449,"Jill ,",-25.243611335754395,7.732593739463933,8.550530074536381,37.075614544636352
7.450,in,-8.650127410888674,3.425652346774243,3.803836899579256,21.000244541073190
7.451,order,-9.208623886108398,3.081616891864977,3.292919488790266,22.003236111439801
7.452,to,-7.267250061035156,3.903783035536444,4.160169882338152,23.034993746022309
7.453,keep,-11.410024642944336,4.193157348441775,4.270304630797708,26.969848929249586
7.454,her,-2.646498441696167,5.043820753723553,5.046247210489542,28.036182469782410
7.455,dry,-9.357351303100586,4.869016893933666,5.270404872444264,29.055621221654306
7.456,as,-13.242242813110352,5.001443592343356,5.712290633244447,29.959692267362822
7.457,the,-8.930915832519531,5.860194354112284,6.066346932580713,10.698083667918144
7.458,raindrops,-21.172765254974362,14.329533222447882,14.753481178345172,19.872543229591329
7.459,fell,-14.224689483642578,5.218692554865314,5.536791642686187,15.080099865083124
7.460,all,-8.796919822692871,5.727264008580956,6.567362662723880,14.851580197888456
7.461,around,-11.441946029663086,5.298114775046494,5.494731459319526,16.027126488702613
7.462,them .,-24.844734430313110,15.500519140524840,17.138146966145520,37.925370187989088
7.463,As,-1.950689911842346,5.687655228447203,5.298336359404333,3.085113780770548
7.464,the,-1.435885667800903,5.683529869677474,5.429240204945864,6.230347352144852
7.465,sisters,-12.090016365051270,9.044437425884412,9.600587923061942,7.208756522574282
7.466,entered,-21.724309921264648,8.979856030444630,9.065713149507664,8.151531161090077
7.467,the,-9.644853591918944,5.594381836331487,5.603291960084392,9.147659695160350
7.468,hall,-12.939600944519045,8.196242226600509,8.493916282647465,10.405301464300782
7.469,where,-15.010008573532104,9.307854147831881,9.443644604401571,11.122752626768310
7.470,the,-13.161825180053713,4.792090096009225,5.100329744003625,13.360670070815644
7.471,show,-10.301013946533203,4.754884194893449,5.444836800589896,16.322506315765427
7.472,was,-10.868296623229980,4.834910615099929,5.626526539357548,17.353614609139679
7.473,to,-8.804544448852539,4.216549166647919,4.281825166371672,18.580718035651049
7.474,take,-6.048299789428711,3.776428359163921,4.000296198592681,21.000040656096111
7.475,"place ,",-14.209752559661865,8.569681788301537,9.075814812906064,48.000026598348406
7.476,Jill,-28.673892974853519,6.401208021065859,6.283079053470452,4.190711906807628
7.477,filled,-13.691160202026367,6.206895486736529,5.823751772948254,6.817963703700089
7.478,with,-6.254215717315674,5.948624512004721,6.475150315654693,6.786923292372878
7.479,excitement,-14.142521858215332,4.723454899064929,4.891424819281877,8.000001180315618
7.480,while,-14.339652538299561,10.483239873459972,10.391254610955283,9.283584368307199
7.481,Lucy,-13.278783321380615,11.736120441442402,13.252885698109742,12.583754748714075
7.482,regretted,-21.692868351936340,8.179201634808162,9.491621825982183,13.523907193685069
7.483,that,-5.576359272003174,5.267249851824594,5.759653680621788,14.964496559638233
7.484,she,-10.351476669311523,4.587509810345166,5.129908067631551,15.977096567593662
7.485,had,-1.624475955963135,3.447572766016916,3.482384215255822,17.018791512097227
7.486,promised,-15.142732601612805,8.075633586274440,8.023570075594852,18.014365593879766
7.487,her,-12.672787666320801,5.693467361023762,5.861814261640752,19.019919454352049
7.488,mother,-18.549522399902344,4.487650565305688,5.318516966941202,21.342185873354879
7.489,she,-0.838475823402405,4.131694601333503,4.478750124892351,23.988233811427673
7.490,would,-0.345579594373703,4.568251663269772,4.529071613623224,26.180607965402945
7.491,participate,-7.507204532623291,4.417648319838378,4.564920286026303,28.027866294496668
7.492,in,-8.576002120971680,4.705722304381422,5.597853912149889,30.127293232895369
7.493,the,-5.951319694519043,4.375569430945395,4.234633797271774,31.136395794618092
7.494,show .,-26.535330295562744,11.509428744932286,13.023725444395987,68.567016734774057
7.495,`` To,-4.781470482856093,24.228037519979182,24.769499996124701,7.330542997862608
7.496,waste,-10.252071380615234,4.041740197726392,4.350938613176772,7.560402148695239
7.497,your,-2.749073028564453,4.907438179412185,5.017199471159215,9.438358413415427
7.498,talent,-7.513053417205810,3.866788477058655,4.464315135749460,10.466284550857074
7.499,would,-2.733462095260620,5.209085460558828,5.147542057118743,6.519122791765875
7.500,be,-0.627034783363342,3.717355152449741,3.533825878884154,8.526591289784808
7.501,a,-0.810146093368530,5.450995691142634,5.102919517676027,10.905285211597183
7.502,real,-3.856498718261719,5.523231601769578,5.517350860900018,11.852141742075533
7.503,"shame ,",-14.694908142089844,10.942698387766839,11.564936531568803,26.110252304764174
7.504,for,-18.908338546752930,5.098834603979300,5.197989172222386,11.474946721957537
7.505,you,-9.394290924072266,4.922043580341937,5.214542212369088,13.414503479241073
7.506,have,-13.083575248718262,4.308025292687123,5.023044949557832,15.934116301284980
7.507,such,-13.847542762756348,5.166447477055757,5.161704034373749,18.262383134306170
7.508,a,-3.002252340316772,5.041423612696259,4.873951108495018,20.657322835867397
7.509,beautiful,-7.090653896331787,5.140058768623332,5.006003792842371,22.376150258265483
7.510,"voice , ''",-26.629587888717651,23.529870407410961,24.984022770265845,52.522363457695150
7.511,her,-14.153088569641113,4.153025942288493,4.173382588437270,23.871048047711419
7.512,mother,-10.850374221801758,3.968110368263997,4.429050776787697,25.946705217136547
7.513,had,-13.836244583129885,4.897244512744692,5.755719143798423,26.985801886971569
7.514,argued,-11.813093900680542,7.516180447192794,7.804773052894895,26.691128849541336
7.515,two,-10.477950096130373,4.706834913016194,5.027598536255129,9.384123815389412
7.516,months,-4.588892936706543,4.170186997702240,4.590311265272248,16.883811427274633
7.517,"back ,",-23.103158950805661,7.422049928227980,7.684047256729789,35.209682184324301
7.518,when,-16.264398574829098,4.632335671585119,4.834834220476594,18.804648369247190
7.519,the,-10.502092361450195,5.043275912600921,5.147418576769081,20.158726076202608
7.520,concert,-13.227571487426758,3.812241576266989,4.707889519305361,23.172142225608653
7.521,was,-9.867206573486328,4.428041112256572,5.517199364449433,24.027307065121786
7.522,first,-12.046423912048340,4.074285391460497,4.329178653923774,25.023417419894294
7.523,announced .,-23.349401831626892,14.465584247697084,15.507866799926447,56.006525001434966
7.524,Lucy,-18.301596164703373,14.611538897074828,15.371492345307640,4.086114920605366
7.525,had,-10.913658142089844,4.427590261800435,4.538527606903566,5.096883796650089
7.526,been,-10.375421524047852,5.313321029064785,5.495519507592904,6.124537879676852
7.527,considering,-8.148258258705027,10.736893754740349,11.279538862776187,7.071727295791470
7.528,"it ,",-21.395348548889160,10.430476068378422,10.433251910156379,21.147776734836995
7.529,for,-9.998671531677246,3.958993872427764,4.061213177173328,12.667511653432179
7.530,she,-13.198204994201660,5.597849606805059,6.049769098035417,7.024351729073187
7.531,did,-11.719044685363770,5.134010887821697,5.346591577253768,14.988618070699868
7.532,love,-6.504643440246582,4.132708328268607,4.143060615552577,9.146710584196040
7.533,to,-8.509904861450195,4.630147458477566,5.341823383028712,11.177385790764983
7.534,sing .,-26.901896119117737,20.532808276228895,21.269120308661439,30.742910375397081
7.535,That,-4.203119754791260,6.639422400307447,6.714888174474014,3.182374371096789
7.536,very,-4.477437973022461,5.035653030076134,5.137133053922514,4.678413098581059
7.537,"night ,",-5.186759233474731,10.436856131392366,10.428163723989066,9.119357160284025
7.538,the,-1.922708630561829,6.008420640543537,5.994225211876628,6.342925790456187
7.539,first,-1.772034525871277,5.038663081609589,5.140599292777195,7.984478542701639
7.540,text,-9.226274490356444,5.248300566406259,5.502361727497852,8.563832009820345
7.541,message,-10.691424369812012,4.401982819190709,4.221509340286700,9.270461113751116
7.542,had,-5.088592529296875,4.432202911339303,4.545779254949474,8.081020482510594
7.543,come,-2.130560159683228,4.961427416365393,5.157446577003645,10.072954957595199
7.544,through .,-4.823498514480889,14.516804180916619,15.308672995744093,21.078315020403430
7.545,`` How,-3.856489186793624,24.492436276910702,25.427951010063126,6.180004834195135
7.546,does,-3.110726594924927,3.884094202537145,3.900832451045512,6.125806375814474
7.547,it,-1.984679341316223,5.183389126225825,5.544521303718010,8.291458082450630
7.548,feel,-4.614979743957520,4.422419876964375,4.147891805472271,10.132553706492047
7.549,to,-0.455982238054276,4.582450521670078,4.608754347318478,12.849942443641384
7.550,be,-0.247474074363708,4.118046888292368,4.271142955240101,15.054126335363494
7.551,tall,-10.247876286506653,9.327269192089373,9.690033110276417,17.173109293727784
7.552,and,-1.196012139320374,5.638603746833384,5.577459699067664,18.214032709585450
7.553,lanky,-10.354993388056757,8.134226189989358,9.087241420990637,19.009459891240009
7.554,like,-14.713895797729492,4.719489645009089,5.177069267211831,20.481681405910926
7.555,a,-7.889439582824707,4.870274907047035,5.418921437402692,20.981913201889483
7.556,giraffe ? '',-33.702033106237650,38.548535218715912,41.790466143877481,73.431771423448396
7.557,it,-13.006291389465332,3.901957973104090,4.215832771169141,25.110447563977750
7.558,had,-16.414804458618164,4.632984451186561,4.871837050563552,24.125714773258363
7.559,"asked ,",-14.083304047584535,12.491826377262051,13.043510901254638,34.043934444743073
7.560,taking,-13.834368228912355,10.504766632700186,10.270898332037019,11.106150117977927
7.561,Lucy,-16.593213617801663,13.547246577848844,14.816230160436001,13.066371665074813
7.562,by,-9.532661437988279,5.174017881422749,5.808420324475362,15.210466243072419
7.563,surprise .,-22.524727106094360,13.861860457867044,13.899227322009981,33.008708243277788
7.564,One,-5.470492839813232,6.351398551102593,7.041222701386385,3.601103813691336
7.565,of,-0.018091309815645,4.232970149466679,4.959115069029248,6.217848673592028
7.566,the,-0.344031929969788,6.433644806159474,6.551896007963211,8.904170974375548
7.567,popular,-8.722880363464355,5.785658106908281,6.329039987976477,9.919886643757236
7.568,"girls ,",-12.943351222202182,14.592861046372661,15.631266146835824,16.430122435936489
7.569,Lucy,-12.051752477884293,12.845398880827494,13.087508723803785,6.442453558353403
7.570,had,-11.721796989440918,4.561882796198646,4.542979225941553,7.643703878629142
7.571,always,-12.864841461181641,4.850222509795056,5.185663655944897,8.528211641707941
7.572,known,-12.767091274261475,9.747663766771844,9.704122592189485,9.015492748030312
7.573,she,-10.468537330627440,5.653661284207139,6.270584250319224,10.392321989804900
7.574,"was n't ,",-35.478013779851608,21.641260847519938,23.079114822319681,51.413237228387189
7.575,but,-5.325550079345703,4.429334028349711,4.593737321663422,20.180851659103269
7.576,before,-11.054926872253418,4.075827599354375,4.074042593816436,21.163826297535614
7.577,the,-11.584980964660645,5.201945226845778,5.479224075776630,22.048333721563807
7.578,messages,-11.726665139198305,8.679555916488063,8.747703267213227,22.937731670468768
7.579,"began ,",-29.402042865753170,16.940483073591007,17.144428787082116,25.343758316984896
7.580,Lucy,-12.912726312875748,11.650208680374384,13.102484799110213,22.153122987777678
7.581,had,-3.187908649444580,3.989561327234200,4.092287654176574,23.074047022714016
7.582,always,-14.641727447509766,4.704021694162981,4.795251612755483,24.000399235080806
7.583,been,-12.551436424255373,3.933281844297556,3.820691421830922,15.000558308227403
7.584,quite,-10.573549270629883,5.529594863747328,5.549026118662363,16.000748121091689
7.585,proud,-12.748550415039062,5.673943501317598,5.618411936838100,18.050678864563316
7.586,of,-7.715860843658447,4.672450555310998,4.587797009099967,19.054142629284929
7.587,being,-3.842888832092285,3.954171771661203,3.911024590627899,21.944880548674668
7.588,a,-5.911039352416992,5.639430264173590,5.535512174464879,24.347517324307770
7.589,little,-1.707750916481018,5.900324623416052,6.046268330802309,25.378594937474194
7.590,different .,-26.831199884414673,13.956176414769200,14.537750695588127,57.312318536204600
7.591,But,-3.281546115875244,6.957151407259841,6.943963526960617,2.070035712924830
7.592,text,-13.616291046142578,5.433828137688185,6.003745564197176,4.427128301232527
7.593,by,-2.984525442123413,4.679795767883914,4.933618901351168,7.028847499442620
7.594,"text ,",-14.419457435607908,10.132721659134788,10.610194775742533,17.732685705375275
7.595,Lucy 's,-18.342028126120567,23.507936001618042,25.431603000605200,27.638245100277924
7.596,self-confidence,-24.837555989623070,18.509468897039451,19.286405765223961,14.995563180866020
7.597,had,-12.466701507568359,4.854562597256709,5.729297988743934,15.996329086946485
7.598,deflated,-22.018108683638271,10.899389364626060,10.978486330308336,16.312616597138547
7.599,"and ,",-13.347989559173584,11.635713768860622,11.727231866323780,35.923446044070829
7.600,in,-7.372795581817628,4.801731622459286,5.487638628541223,17.942912422848888
7.601,the,-5.225814819335938,5.905236702590143,5.855893538209710,18.999683210992121
7.602,"end ,",-12.732650279998779,10.147673546069731,10.580237724340844,29.720668801840414
7.603,it,-10.597458839416504,5.244953198014316,5.622498256313581,8.832253237688944
7.604,had,-12.202761650085449,4.951912946010650,5.222976895053836,10.860011512895912
7.605,taken,-14.796655654907227,10.977755802315981,11.014276995142779,11.617623286393895
7.606,some,-8.341524124145508,6.511847673649608,6.426455723318330,12.715962482995213
7.607,doing,-16.932153701782227,5.013445971949362,4.985098169742606,11.622947720328545
7.608,to,-10.018438339233398,5.806744794667632,6.354859231841099,12.428014266438902
7.609,get,-5.097270965576172,5.388894715330834,5.287063834821969,14.120020124714255
7.610,her,-11.531730651855467,5.522514475216741,6.290859200406020,16.002227570605775
7.611,to,-6.526927471160889,5.082225823808629,6.072443226714285,18.080527975873945
7.612,agree,-13.052792549133301,4.612408628865063,5.365497571407959,19.000000350396469
7.613,to,-0.069918885827065,4.343237197502572,4.381911867059124,20.047784035987046
7.614,perform,-7.226786613464355,3.909342510354313,3.988327248779703,23.000000382315022
7.615,in,-9.266279220581056,4.763143329680261,6.008585427333317,25.000049757718145
7.616,the,-9.794153213500977,4.205169272921873,4.445937825951827,28.001329308027231
7.617,show .,-20.288207054138184,13.376943927756002,14.218984934187382,62.633867213328593
7.618,"Now ,",-3.482551395893097,11.013467297258792,10.602598961577453,7.225113622142439
7.619,"however ,",-0.485533315410066,16.226929329865619,15.564977644744079,13.091106345156376
7.620,Lucy,-13.594597369432449,14.580634121012251,15.622168407809751,9.569519787041619
7.621,had,-10.752882003784180,4.305122876135268,4.481487089279613,10.895556260443204
7.622,no,-11.015233039855957,5.319890479605115,5.922629559433151,11.650035272316776
7.623,choice,-10.962326049804688,4.097579354106641,4.513941875555688,13.019233605130287
7.624,but,-6.484211444854736,4.877543672492983,5.156866275349478,14.172350621804796
7.625,to,-8.233657836914062,5.252481091452124,5.667903515852369,15.329561396259734
7.626,make,-5.795323371887207,3.963545778974659,4.417293798133691,18.087227667479095
7.627,her,-7.687339782714844,4.726722762404735,4.877684535448490,19.383043657460220
7.628,way,-10.995323181152344,4.790445455968691,5.232895574944594,22.217106108299578
7.629,towards,-17.111631274223328,7.660501852781745,7.816542112032003,23.166497552986971
7.630,the,-12.181479454040527,4.590957285533012,4.749797810799794,22.864396691552301
7.631,stage,-7.994695186614990,4.595246793859807,4.896647803774571,25.654338839382401
7.632,where,-12.647773742675779,8.132126539733354,9.328484654633844,27.252508618802189
7.633,Jill,-17.780702590942386,4.397024608155998,5.193116939310507,28.256447390958446
7.634,was,-12.246003150939940,4.282637046973998,4.347142855207118,29.442803439323360
7.635,beckoning,-20.241782665252689,7.667345990926907,8.141150894846929,34.299442782642409
7.636,encouragingly,-20.680147171020508,9.967433428311182,11.214520504867542,35.427762716191282
7.637,to,-7.727319240570067,4.772419199295734,5.058420715767867,36.149199415518254
7.638,her .,-25.491784572601318,11.683710592757201,12.819019191831995,75.981549987294727
7.639,She,-5.400978565216064,6.451306593754196,7.294753750596218,3.125623710821180
7.640,was,-3.232906103134156,5.101159601089268,5.150037521609952,5.273036820121158
7.641,the,-1.573902606964111,6.199870123938934,5.661848173395923,8.200224251835259
7.642,first,-1.359984636306763,4.882441025127235,4.468859141441142,9.177328802927622
7.643,performer .,-9.350172815291444,13.811910534090757,13.850802185536576,16.102060559763512
7.644,"Lucy ,",-24.632808208465580,18.812281670734844,19.758119290891063,9.191503665450872
7.645,announced,-12.385215304791927,9.761503925881133,10.162688728229815,6.104190223616230
7.646,by,-8.178242683410645,6.103534109030917,6.303143614404863,7.999924999670006
7.647,her,-9.220542907714844,6.202532565325375,6.230465211791558,8.273159348041402
7.648,sister,-7.084985256195067,5.409602554665081,5.533051052514082,10.371182867491511
7.649,to,-9.737799644470217,5.551109975212127,6.204595536146433,12.301381816650613
7.650,the,-10.186904907226562,5.162746743066871,5.534699078472610,11.138983112926885
7.651,"audience ,",-19.525326251983643,9.300950943664891,10.023838046883355,27.453059708113283
7.652,was,-13.192518234252930,5.170815542896936,5.205344762243628,11.920139848895635
7.653,all,-8.418916702270508,6.023393555056161,6.276390305775870,10.357109354444372
7.654,nerves,-14.375749588012695,11.587125827668169,11.578518720660298,6.014986608608497
7.655,as,-9.129863739013672,5.365982515996169,5.990488636299004,8.369586198939881
7.656,she,-11.008493423461914,4.343390692742599,4.791978982112010,9.815864998728891
7.657,walked,-20.026620388031009,9.121520859483331,9.494751785420144,11.063343323593397
7.658,out,-12.268189430236815,4.809045792320839,5.994260485346656,14.148749733194322
7.659,onto,-13.212162971496582,4.190314332417254,4.205160176754932,16.038032976878345
7.660,the,-6.095082283020020,5.249141877055790,5.308728618122822,17.999995483367080
7.661,middle,-14.480353355407715,4.172305336855713,5.144514118306930,17.085832065423535
7.662,of,-11.652833938598633,4.208065388686571,4.682992191739407,22.165440430913588
7.663,the,-3.903008460998535,4.965072827930715,4.843150169279945,23.345231060296971
7.664,"stage ,",-28.382143020629883,8.399630039338623,9.253619942260251,52.209499673509093
7.665,where,-9.740145206451416,7.101668157669461,7.639436313883686,28.060789642188148
7.666,there,-13.738238334655762,4.692992828287316,4.912132650484907,20.737412872995936
7.667,was,-12.020915985107422,5.107540145956468,5.107466283973089,18.000302849636128
7.668,nothing,-7.539405345916747,4.076571608880129,4.279228192153122,24.641192247967528
7.669,but,-8.304245948791504,3.974957300880405,4.136329383965765,26.492184544756132
7.670,a,-1.569245815277100,5.216248555160263,5.122618889815706,29.206590038067212
7.671,microphone,-19.390428543090820,4.056971461590255,4.346066260139617,31.166168426003626
7.672,and,-10.465768814086914,4.288940653285007,4.986971432168686,33.415128990829110
7.673,her .,-17.445533275604248,12.117728199309234,13.398022809824717,72.492394412110443
7.674,She,-5.400978565216064,6.451306593754196,7.294753750596218,3.125623710821180
7.675,heard,-8.913197755813600,8.680637749541281,8.344549268936436,5.430221437075776
7.676,the,-2.166395664215088,5.595072555019379,5.744078634874348,8.019915656161713
7.677,audience,-3.917761087417603,4.399249223723296,5.116063386453418,9.211184022721651
7.678,applaud,-4.891103267669678,3.551788937820618,3.594770035374046,10.095228179129260
7.679,and,-5.551084518432617,6.164718226819055,6.474663100268733,11.056682639301384
7.680,could,-10.856069564819336,5.095801100449512,5.889458782669909,12.053212262601392
7.681,feel,-5.054091930389403,4.708330610831212,4.542616803651724,13.000012635290904
7.682,a,-6.492287158966064,5.094400182268171,5.224133959471523,14.782815559302509
7.683,sense,-9.986868858337402,4.643413392767204,5.105769121577524,17.999921362915298
7.684,of,-11.603225708007812,4.917804012979627,5.020356217371804,18.998412449502265
7.685,anticipation,-17.905576705932614,4.558161893512372,4.735003947900990,19.980352682611173
7.686,emanate,-16.284994840621948,8.588024338563937,9.058623075165425,22.104230642092567
7.687,from,-9.529040336608887,4.855979017347083,5.134561939724335,23.564803786642141
7.688,the,-10.957593917846680,4.659953267998151,4.966896561618126,24.771631988157363
7.689,other,-3.605651855468750,4.688860254189176,4.527126086645884,25.553849194652766
7.690,side,-10.740138530731199,9.989102226557179,10.504757928324530,26.424615581172361
7.691,of,-11.543649673461914,4.940494054915402,5.349345279499056,30.873507438776119
7.692,the,-7.617414951324463,4.880773989854442,4.912096711470865,32.492329984520623
7.693,heavy,-9.043064117431641,4.892353210682418,5.024829717992417,33.564055822751868
7.694,curtain .,-27.544129371643070,12.155324748043487,13.396016510706676,68.938864415060777
7.695,As,-1.950689911842346,5.687655228447203,5.298336359404333,3.085113780770548
7.696,the,-1.435885667800903,5.683529869677474,5.429240204945864,6.230347352144852
7.697,curtains,-10.481161832809446,8.348704414271426,9.165175771540405,7.109529820411779
7.698,began,-23.134308815002441,10.232044574095086,10.982519940868249,8.132077791824576
7.699,to,-8.282491683959961,5.386714930223476,6.318566826510368,8.055714483422824
7.700,"part ,",-19.502231597900391,9.886891770461901,9.606403045536672,20.017856196799656
7.701,she,-16.421199798583984,4.658535068343364,5.270768156249999,14.655726500342295
7.702,cast,-11.658284902572632,11.176135346199606,10.728470702737187,6.414997520306281
7.703,a,-8.103531837463379,5.215076562805592,5.455938749353021,7.353474778630804
7.704,worried,-11.432189941406250,5.154657316412298,4.844614998099821,10.211267137227884
7.705,look,-7.769663810729980,4.942901205073118,5.366962737493787,11.106032114992320
7.706,at,-9.720934867858887,4.895097826215729,5.464122785136268,12.024261105375672
7.707,Jill,-22.414426803588867,5.122826980110465,5.768392006682676,12.007911746502948
7.708,in,-9.204262733459473,4.179900951241321,5.341532511332443,14.517992399614064
7.709,the,-9.850561141967773,4.480615119480572,4.381122259815955,15.640889794019609
7.710,"wings ,",-28.115585803985599,13.666041965263327,14.646015356250242,34.299044786111665
7.711,who,-10.453009605407717,4.203466421004788,4.835128809229519,18.517284932045971
7.712,assured,-16.187416076660153,5.215645603776447,5.025613038203113,15.893025300379453
7.713,her,-9.876152038574221,5.999955206912444,5.662503264372826,17.779698907586692
7.714,with,-9.764787673950195,5.059435618963157,5.273906517372803,21.900227975690679
7.715,a,-2.793477773666382,5.090380140159309,5.003591325772867,24.816971874104230
7.716,positive,-15.919022560119627,5.366624172554769,5.264690995516423,25.356848563870262
7.717,thumbs,-11.905055522918699,11.460472008770445,12.438406069658136,29.106045201158036
7.718,up .,-20.312592506408691,13.791306687545418,14.753550728166328,59.479696541381571
7.719,Lucy,-18.301596164703373,14.611538897074828,15.371492345307640,4.086114920605366
7.720,thought,-10.078594207763672,4.288092851683594,5.360831699136384,5.096302458897673
7.721,to,-11.107483863830566,5.997042598418333,5.643223844586437,5.269763234555374
7.722,herself,-14.720664501190186,10.873165675063245,11.001267004232792,7.994402670224591
7.723,that,-5.088325500488281,5.623883374001144,5.679674329572843,8.045435054776179
7.724,she,-12.961348533630373,5.326285461225701,5.862029086970514,6.129890077146857
7.725,could,-12.725028991699221,4.647231664424740,4.999862551476639,12.226490954535793
7.726,not,-7.327754974365233,5.113456373353369,5.147422247146022,14.402588662767974
7.727,go,-9.285895347595217,3.653673032264448,3.815289291675515,15.847989111894114
7.728,through,-9.093757629394533,3.258234273854066,3.416951915728909,17.810103191743934
7.729,with,-3.153562068939209,3.466821611252015,3.458547275049844,19.784923780836369
7.730,this,-11.877417564392090,5.069560477103646,5.307709942169353,20.768175222391825
7.731,and,-10.274716377258301,4.303107764675008,4.539546145687376,22.155342303996783
7.732,that,-8.419388771057129,4.254622639392005,4.269820891041237,23.023015974536953
7.733,"she ,",-15.962001562118530,10.343081434606461,10.853784113218779,29.485804029501640
7.734,unlike,-16.855140686035153,5.806658565812975,5.788558199660081,6.562864572935712
7.735,her,-14.345068931579590,5.960168895442936,6.084480384465908,5.047393327205025
7.736,older,-7.778687953948975,5.252573920954545,5.137886477896747,21.024540115141811
7.737,"sister ,",-8.914852499961853,10.354686768244365,11.003640055787637,23.316365962811105
7.738,was,-7.817903995513916,5.803944934097466,5.508806717547245,9.057004845595838
7.739,not,-7.792998313903809,6.236813021915999,6.301807233609827,10.013962609491475
7.740,confident,-10.778110504150391,4.954146156541187,4.799900751760678,12.371297939749546
7.741,enough,-2.777423977851868,10.605474003199994,10.478349321811306,13.835469018926856
7.742,to,-7.010671138763428,5.791156339288504,5.940936031532601,14.453474086312525
7.743,put,-11.257937431335449,4.868339311451856,5.468820106364597,17.173237772168090
7.744,herself,-10.014503002166748,10.566148640762183,10.930820690404666,19.145889470104589
7.745,before,-10.240989685058594,4.629738343493736,5.398623940836947,21.095235971205305
7.746,the,-11.902729988098145,4.176009078126584,4.588122061705795,23.994903275959288
7.747,judging,-12.706712721846998,9.782166239352103,10.525998100037132,26.020563516897393
7.748,audience .,-28.298279285430908,11.790625816138455,12.535494170892509,55.003270738947961
7.749,The,-1.648221969604492,6.746959719648657,6.992360907198334,3.456291647660295
7.750,crowd,-8.492191314697267,5.148644676709353,5.610321890900305,4.490555165620507
7.751,looked,-6.147962331771851,8.972346784124511,9.083822578620859,5.345804475771617
7.752,up,-1.855177640914917,4.849075978209648,5.518669494372501,7.546129154357147
7.753,at,-1.217511415481567,4.066473748582226,4.677926301259786,9.491579395634677
7.754,her,-4.086073875427246,5.284599319067125,5.266678332922732,11.661470711236177
7.755,and,-0.314376533031464,4.922071436741506,4.859175491501253,6.915430528236179
7.756,Lucy,-12.211162865161894,13.106400883502605,14.029976051388822,8.290690840340448
7.757,was,-12.978621482849119,4.615398987819995,4.824673671774375,9.087651387264012
7.758,ready,-11.708154678344727,5.765791895907603,6.437426756927223,10.169095094875406
7.759,to,-8.681543350219728,5.885164531462194,5.418339535471236,10.401159954315053
7.760,run,-6.736643314361572,4.440795126753391,4.409939861047897,13.067774822478745
7.761,when,-12.413854598999025,4.278881073787378,4.670811107024184,15.021593184547989
7.762,the,-12.895077705383301,5.259048761168011,5.480595662427366,16.583601014365364
7.763,first,-10.674105644226074,4.624205841390587,5.650589273346402,20.727556230976912
7.764,notes,-7.828673362731934,4.922554588491313,5.483890091813830,21.969120683473850
7.765,of,-13.396727561950685,5.382742648664802,5.684012879079820,19.869091932258360
7.766,the,-11.849258422851562,4.182390722109647,4.153137843984506,21.662395882549106
7.767,music,-10.912281990051270,4.431156429881618,4.802513805461789,23.378299395401243
7.768,sounded,-21.791077613830566,8.003351703872111,8.639642043201704,27.454595194943284
7.769,out,-8.009525299072267,5.041181032444781,5.745345078396799,23.579481999545571
7.770,and,-12.912469863891602,5.213833681065966,5.560168805681005,20.001533809989226
7.771,a,-8.394350051879883,4.854451629513414,5.016839378823334,22.001051434220123
7.772,sudden,-10.162220001220703,5.048499593147752,5.345958873826292,23.999999625403628
7.773,calm,-10.278135299682617,4.170792478908786,4.408284973779536,24.193880307476416
7.774,settled,-14.984347343444824,5.051724915405812,5.947842042005773,25.113239446253647
7.775,over,-9.563639640808104,5.119778906659953,6.078329089346278,26.956728634601589
7.776,her .,-17.932419538497925,12.760752370451058,13.837043354637622,57.238422395408350
7.777,She,-5.400978565216064,6.451306593754196,7.294753750596218,3.125623710821180
7.778,closed,-8.996828079223633,5.164026370770038,5.564920047929653,5.317690058788255
7.779,her,-1.046162247657776,5.609187997597977,5.413766130416050,7.432612533800929
7.780,eyes,-2.689622879028320,4.575206586410402,5.280801679509452,8.341470127996555
7.781,and,-0.352511763572693,5.329225967249418,5.516377870567716,7.095220021669920
7.782,shut,-7.464249134063722,4.503539080356957,5.003289488638086,9.088553305175614
7.783,everything,-7.269608736038207,11.032324655786002,11.426337816091426,11.230958833487930
7.784,"out ,",-2.516452789306641,9.593941272190150,9.679692738504574,22.573218872549958
7.785,including,-3.087832450847600,10.473917862108433,10.848630534191503,13.634520254430853
7.786,the,-2.009539127349853,4.907838688418479,5.052025926777034,16.497816919882339
7.787,"audience ,",-9.837818264961243,8.776245359469598,9.600713887891398,34.217673325405542
7.788,the,-0.641410350799561,5.212777127154152,5.256686511424828,20.687476746694227
7.789,nerves,-10.909816503524780,8.347003540621817,9.414894669826335,22.426477488164775
7.790,that,-15.305581092834473,5.418940830890737,6.235288465971043,22.612465262955176
7.791,threatened,-19.370641320943832,7.749190034418294,8.014358332165571,24.204826927886728
7.792,to,-5.537881374359131,4.974768931544460,5.080096582786792,27.263852725273033
7.793,take,-5.091823577880858,3.342291821325640,3.579839599393632,30.998741047938232
7.794,"over ,",-18.002188682556152,10.559239013955153,11.738390011895772,69.430104292131603
7.795,the,-17.078668594360348,4.377011281366008,4.321575836311294,36.217642396855737
7.796,text,-13.752563476562500,4.785496455575464,5.465020694741758,39.325186955329897
7.797,"messages ,",-19.784089736640453,11.576948712454110,12.697345449671674,67.830220507213397
7.798,and,-2.365171909332275,5.080632392800712,5.561308663283112,27.945055516065160
7.799,the,-9.816369056701660,5.233534038906928,5.414622878592943,27.998777381816375
7.800,way,-9.096886634826660,4.922182863889125,5.536700170919810,29.938054628220605
7.801,they,-13.320094108581545,4.404125479440998,4.989878635808555,30.445239256384763
7.802,made,-13.364007949829102,4.491177702721448,5.192191854560567,33.938296961658665
7.803,her,-12.291400909423828,3.630868581222912,4.066803888409497,35.884803638189005
7.804,feel .,-20.352015018463135,12.950689878581755,14.204226252024764,77.334724415797950
7.805,It,-3.482963085174561,6.101511125184504,7.065723445463052,3.253049561235394
7.806,was,-2.214092731475830,4.795007407495021,5.060866881278936,5.162978479409592
7.807,just,-5.422463417053223,4.331954570160306,4.370835539171829,7.563790071954403
7.808,her,-8.771264076232910,5.640392981495753,5.794553310791339,9.141679244215544
7.809,and,-5.541664600372314,4.809387811402223,4.687964642535945,8.106543194944299
7.810,the,-2.086916446685791,4.845408089073518,4.766879583129117,11.983791655352741
7.811,"music ,",-5.469765871763229,9.145947990164551,9.494262214243120,19.893863121304133
7.812,and,-0.693989634513855,3.942033996253620,4.049096041889206,9.351979784820452
7.813,it,-1.958425641059876,5.396518625742076,5.233794883354633,8.243421330360285
7.814,was,-0.807556688785553,5.170802659333700,5.146073455933999,10.028930987019869
7.815,a,-2.520529747009277,5.834817385692935,6.006417852092433,12.740714890611400
7.816,love,-5.303686141967773,4.422253033130591,5.417433015891420,13.918370169007616
7.817,story,-3.061311483383179,4.213271924862568,4.551368807116582,14.948614114583741
7.818,that,-0.015001107007265,4.816441480196267,4.563996383114093,16.017165538108376
7.819,had,-2.884522438049316,3.745390506899136,3.713217017456888,19.076749570605749
7.820,been,-1.099787235260010,4.504008558212297,4.649469584844616,21.098535392737404
7.821,going,-4.297218322753906,5.224001259689565,5.341487017501978,23.071754614970558
7.822,on,-0.047078058123589,4.859718969492152,5.119896804535645,25.064869148825174
7.823,her,-4.093169212341309,4.488020965640162,4.557154484773356,27.161965200704351
7.824,whole,-7.247337341308594,5.256119421657369,5.183938013503236,28.375536155450128
7.825,life .,-2.336918239947408,14.056480356383648,15.031340185934756,37.674723127957215
7.826,She,-5.400978565216064,6.451306593754196,7.294753750596218,3.125623710821180
7.827,began,-6.454111278057098,11.343424066115013,11.055396465913081,5.250355138624569
7.828,to,-1.027626276016235,5.237987681084287,5.536081239909256,8.172908621881588
7.829,"sing ,",-9.634490847587585,17.422941415748603,18.545082676722132,19.180687244576184
7.830,and,-0.563572645187378,4.810772323945527,4.942285934095602,7.079653196083472
7.831,all,-6.903748512268066,5.794354011921179,5.362752645010353,8.916651767088457
7.832,the,-1.713364243507385,6.205463838295861,5.697876887775237,9.417175260941338
7.833,pain,-8.689983367919924,3.806474596030507,3.916702171994744,10.399451402046539
7.834,and,-2.383594512939453,5.706912731595788,6.333029715139253,11.413775567943857
7.835,confusion,-5.845140933990479,4.340417601714867,4.106793676594938,12.392103604023236
7.836,that,-0.002207582583651,5.327949151270738,5.128050026992007,12.034763120728565
7.837,the,-2.189957618713379,5.104303240226455,4.737882118275438,15.156877885295213
7.838,messages,-10.769136428833008,7.704381776792331,8.173041049741560,16.186791089864329
7.839,had,-2.911400318145752,4.748668553730272,4.502181001096601,17.013541830241230
7.840,been,-1.989916324615478,5.293438054652460,5.419127996166536,18.780938962705008
7.841,causing,-4.780482403322821,10.075575728305180,10.250746044708427,21.026779643176656
7.842,inside,-5.833657741546631,4.333093226532649,4.588950353859547,23.027400853439218
7.843,her,-1.078273773193359,5.198957890519824,5.178585219721475,25.040545771136614
7.844,just,-3.448814153671265,4.068955284419215,4.179032433414489,10.787768197857547
7.845,flowed,-9.650534154847263,7.154322206268487,7.293335501030789,12.013934093464586
7.846,out .,-0.870913668302819,14.100711557691326,14.392918059447439,22.010637972963330
7.847,The,-1.648221969604492,6.746959719648657,6.992360907198334,3.456291647660295
7.848,words,-8.996471405029297,4.296806539958406,4.999752120689699,4.589119562350605
7.849,were,-1.655572772026062,5.380328589297753,4.869055953103508,5.141540917393686
7.850,not,-4.274482250213623,5.525303724249474,5.433740119068373,6.328258480556557
7.851,"important ,",-7.392361164093018,8.588237843777577,8.301052549082105,14.861208082043094
7.852,for,-2.541502714157104,4.308536314945652,4.228654034072671,11.033845473453471
7.853,it,-3.590892553329468,5.414540158036344,5.482461360778986,14.291899294788895
7.854,was,-1.447370290756226,4.704470859172880,4.585508551390187,16.029739882603227
7.855,the,-1.251278638839722,5.326709875508530,5.651127824446956,18.901753176612104
7.856,feeling,-7.303041458129883,4.656195275892669,4.899071116653533,19.713836264833784
7.857,behind,-5.713842391967773,4.179012502690092,4.224388666088097,21.062489424351970
7.858,them,-3.210576772689820,5.187557861577641,5.529145274235384,23.128115510213341
7.859,that,-0.298773884773254,4.696549787982329,4.459663211043533,22.072224370242377
7.860,she,-5.486565113067627,5.312104053482359,5.817899308943982,25.096474010888791
7.861,latched,-13.987443778663875,10.045001361148248,10.387841882899410,25.000606158403674
7.862,onto .,-30.289381504058834,13.893984412051323,14.133441156355687,53.008440926637974
7.863,Lucy,-18.301596164703373,14.611538897074828,15.371492345307640,4.086114920605366
7.864,was,-10.112576484680176,4.622609230012286,4.889545408106341,5.079068019274777
7.865,in,-12.445024490356445,5.148823355659143,5.498102392107581,6.070320014729482
7.866,the,-12.489045143127440,4.911141133169896,5.014869993790323,6.610312410494966
7.867,heart,-10.356304168701172,5.154619625286219,5.177425729359135,8.656215844250328
7.868,of,-10.976819038391113,5.180898113809722,5.826471366497597,9.400705551439536
7.869,the,-11.461558341979980,4.880332680945616,5.005992996772719,10.999564861548603
7.870,song,-11.052109718322754,4.310346120677829,5.097577262670417,13.186691641055605
7.871,with,-11.146956443786619,4.832488200011711,4.843997583745509,14.072441717139574
7.872,the,-9.924489974975586,4.785503661662223,4.911789701552784,9.993629440367537
7.873,rest,-10.192560195922852,4.505260578015371,5.186751587470924,13.603882774612787
7.874,of,-12.208950042724609,4.783673549712240,4.761167056410786,12.976893572084501
7.875,the,-10.891666412353516,4.980648549572051,4.955175149618383,15.003201439925515
7.876,world,-4.553450584411621,4.215088658528936,4.852842852492651,17.003796285955470
7.877,slipping,-20.491070270538327,8.722256462769325,8.783608082851037,17.998062490112829
7.878,away .,-25.420329570770264,14.080913419898687,14.250421020421356,24.044277873815457
7.879,When,-0.049349792301655,6.429444913545866,6.314414164890541,4.050376576615328
7.880,the,-1.563184618949890,5.433605495703800,5.167122020839193,7.220212087057599
7.881,song,-10.114041328430176,4.695451291914950,5.708584918759617,8.199395242235514
7.882,finished,-6.145194053649902,4.362224121732431,4.207524422291138,9.077433744690312
7.883,and,-1.040622711181641,4.510807161603238,4.262373372616234,8.774971735794420
7.884,the,-0.898562610149384,5.638919865084268,5.104690198160363,11.130904083461752
7.885,last,-6.396421432495117,4.622889706251970,5.118847238518802,12.405919620626054
7.886,note,-6.834834098815918,4.589898650101475,5.406970338611313,13.245414223522605
7.887,died,-6.130554676055907,4.642747798544263,4.693980284651396,13.000488260894778
7.888,"away ,",-5.243064485490322,8.391684721839614,8.455077583093644,19.054784089953653
7.889,she,-2.539936065673828,5.501072176839745,6.043216268613487,6.177132666287414
7.890,opened,-7.666185500100255,8.619743332986388,9.139732176595764,8.395489644527386
7.891,her,-1.921562194824219,5.866066870386252,6.123203205068082,10.502733762139966
7.892,eyes .,-2.237038333783858,13.567672449137316,14.837423182324574,20.511428263829707
7.893,To,-1.173247337341309,6.161245195724728,6.370567884901839,3.875805254989159
7.894,see,-5.348777770996094,5.009375543538355,5.565506101158164,6.051840744698832
7.895,the,-1.428367137908936,4.906338414016510,4.625213757183971,8.665412097234709
7.896,whole,-6.031662940979004,5.805973823400723,5.636855267882607,9.651023042002342
7.897,audience,-6.615509033203125,4.563339899143164,5.417740311977767,10.595758973436316
7.898,on,-3.643934488296509,3.907484257497280,4.138712884228862,10.472619239655105
7.899,their,-4.823544502258301,5.549142085840512,5.298330050572909,12.327923976121411
7.900,feet,-1.983096718788147,4.209431592247522,4.640356373762536,13.529014981645627
7.901,and,-0.890103459358215,4.547361687989119,4.544876173907586,8.187760558286364
7.902,the,-0.133112445473671,4.688229402142913,4.131913312006354,12.325290183286615
7.903,hall,-8.114975452423097,6.896870061628919,7.195647707877349,13.352958947245018
7.904,filled,-3.141997575759888,4.984476997669272,5.006298144880816,14.905338606936061
7.905,with,-0.059774927794933,3.975925531226914,4.297416966006186,16.970076997687929
7.906,cheers,-7.702911734580994,7.795072612594860,8.800321680524171,19.219829821033766
7.907,and,-2.506793737411499,5.377331063103143,5.470047821704790,20.069449045155121
7.908,applause,-20.093935000593774,6.842547243737519,7.970174231888712,21.045492410663439
7.909,was,-11.063383102416992,4.212401725566891,5.166898963657128,22.057098886286802
7.910,not,-7.244661808013916,4.087724922406915,4.705147546737356,23.034869064391398
7.911,what,-12.916451454162598,4.685063720874607,4.233695357100322,5.016540341149672
7.912,Lucy,-22.037744700908661,16.288040161123508,16.393868923179802,6.000000000003817
7.913,had,-12.516520500183105,5.287345409456547,5.046502590310637,8.999999999867539
7.914,expected .,-24.529940843582153,14.227200674439928,14.195726477048010,19.000043167959248
7.915,Lucy,-18.301596164703373,14.611538897074828,15.371492345307640,4.086114920605366
7.916,allowed,-11.390041351318359,5.248573573128423,5.146127699514558,5.066390602898140
7.917,herself,-15.093562602996824,10.342432029627618,11.010376629145947,5.958812307785865
7.918,to,-7.089107513427733,5.949739271995512,6.170113596616548,6.178835349872628
7.919,enjoy,-6.653548240661621,3.811769787726519,3.990411260367758,9.422741645408971
7.920,the,-8.332872390747070,5.615096969226185,5.735854489981325,12.022872986683007
7.921,sense,-10.370817184448242,4.677230481044988,5.081166828480443,14.269618392502847
7.922,of,-11.377637863159180,5.288449975347575,5.563138562603201,16.008769114529542
7.923,achievement,-18.578979492187500,4.263257657848234,4.525239887022762,17.010715059629984
7.924,and,-8.743319511413574,5.113387363655889,5.647030490632108,18.999136491021027
7.925,belonging,-10.897898674011230,3.256970056375116,3.901793494567469,21.023543450977321
7.926,that,-13.391795158386230,5.507931053649338,5.395590649968409,8.702150206939427
7.927,she,-11.077056884765623,5.440784503869886,5.974248961785256,7.632228132188001
7.928,had,-10.656720161437988,5.160905438775004,5.189245982300915,7.472413944717044
7.929,not,-10.646863937377930,5.211083387969464,5.254202421416663,15.488776031373973
7.930,felt,-11.290714263916016,5.701724740729756,5.878437015740527,27.042117653779133
7.931,in,-8.060494422912598,4.847752625330089,5.452512993255639,29.003523418271179
7.932,a,-13.715353012084961,3.614045158573250,3.905350882352289,31.019627809471132
7.933,very,-10.002030372619627,4.704552577786359,4.975088705665871,33.138615502764395
7.934,long,-12.545894622802734,3.694399127243182,4.273827651341536,35.744747474701207
7.935,time .,-12.616371035575867,12.520774156207320,13.805749691904779,66.096670572890247
7.936,Then,-3.562890291213989,6.774785583797397,6.632086604967967,2.969230832768160
7.937,she,-3.196015357971191,6.048150166311101,6.649558221964403,4.964631281368576
7.938,saw,-6.377781867980957,4.422491867343050,4.921998466126938,7.279777348378674
7.939,her,-1.484646081924438,5.826239678161635,5.735418175300953,9.972371560345561
7.940,"mother ,",-4.158358037471771,7.164629208444955,8.469238271078684,22.061508343348002
7.941,who,-0.136247366666794,5.176173345296188,5.268966017467491,14.251368340886321
7.942,was,-1.579396963119507,4.228713269504921,4.119561870337360,17.280961868005303
7.943,cheering,-10.111145734786989,8.713748264594344,9.693416553421967,19.112577751283887
7.944,the,-10.598011016845703,4.864099532704177,5.153173425565648,20.096725066872484
7.945,loudest,-14.599475766270187,13.544207379018509,14.473031141244846,22.211316222183623
7.946,of,-10.752991676330566,4.674892234317725,5.239948292583282,23.171711651429352
7.947,all,-5.107529640197754,5.309241050728700,5.181250048823208,24.230088788299561
7.948,in,-11.182307243347168,4.791655163542369,5.559423315669675,25.124590652355309
7.949,the,-12.129869461059570,4.368647607807307,4.824279672464304,24.080851572988536
7.950,"crowd ,",-20.330659866333008,8.335666615010286,8.561785973302484,52.676327218474526
7.951,and,-9.223363876342773,3.880309933693473,4.227390739822620,30.949347713347329
7.952,"Jill ,",-14.317205004394054,7.988810487083388,8.633166820546677,48.601275956771509
7.953,who,-11.542748451232910,5.163709137554326,5.334054721887825,12.116654362071904
7.954,was,-11.525158882141113,4.360323340648907,4.978639173695399,17.947337255347318
7.955,beaming,-24.350405931472782,13.280348448357501,13.274917920495660,18.047808537560002
7.956,at,-9.660856246948242,4.713690619450600,5.076223790163117,18.343428056524679
7.957,her,-10.947359085083008,5.719951636205471,5.416916068926946,21.112030188099855
7.958,with,-9.206535339355467,5.471620407127991,5.934390580394727,24.113305075221763
7.959,pride,-8.317255973815918,3.816417619246052,4.261708519849821,26.055959825440642
7.960,from,-11.078953742980957,5.416668594651852,5.520010254167817,27.021635140942038
7.961,the,-10.204381942749023,5.431154370771107,5.624683755588722,29.034510426204182
7.962,wings .,-25.916296958923340,16.134646505237761,16.939739797107997,63.823396919907836
7.963,She,-5.400978565216064,6.451306593754196,7.294753750596218,3.125623710821180
7.964,knew,-7.270538330078125,4.374556025312025,4.846352945387927,5.373633424449348
7.965,she,-1.423919796943665,5.378119642885038,5.872265533851613,9.404346502373141
7.966,owed,-9.004743337631227,7.609201472045576,7.298755544550611,11.411055198994772
7.967,them,-3.885792255401611,5.248599712191798,5.542442370340314,13.407292753322267
7.968,big,-7.610812664031982,5.083827932777083,5.365187233503738,15.453905972002651
7.969,time,-8.312837600708008,4.790305997215199,5.335841715318988,16.445349186076147
7.970,for,-1.295547485351562,4.111241511503238,4.345252737250025,17.507019068326631
7.971,reminding,-9.275833602128840,8.173532883790362,8.953218641765149,20.043946871241943
7.972,her,-12.959699630737305,4.601820991426574,4.837912390058500,21.013499932421148
7.973,what,-11.668255805969238,4.324253985123061,4.735261879823193,24.427197757262544
7.974,she,-12.126693725585938,3.776379834124342,4.261430752785093,25.843972545035843
7.975,was,-11.291272163391113,4.175460582144585,4.877826364848008,29.140019786892630
7.976,capable,-16.941583633422848,6.900602621181956,7.506369616589175,31.093653332601601
7.977,of,-7.522318840026855,4.135749354102809,4.252499904854690,32.000058465220647
7.978,and,-11.266618728637695,4.069736161760654,4.650046138136426,35.143447171970145
7.979,who,-12.524868965148926,4.767102078830869,5.643717425300668,37.216680929310897
7.980,she,-10.766037940979004,3.999245691118639,4.457830164668441,29.589172689546469
7.981,really,-14.728180408477785,7.623629212931160,7.311263113674879,33.052804725695964
7.982,was .,-21.134978771209717,10.751804775891468,11.128362862482708,72.294199645337045
7.983,The,-1.648221969604492,6.746959719648657,6.992360907198334,3.456291647660295
7.984,next,-6.255862236022949,5.513335601497666,6.020524185030748,4.366751912444752
7.985,time,-4.339204788208009,5.437649088523567,6.063459217965287,5.900566994479253
7.986,her,-7.130575656890869,5.607438104182839,5.686658657098231,7.993405955486232
7.987,phone,-6.854865074157715,4.657418033676369,5.127476495238011,8.986579788114485
7.988,bleeped,-13.843059182167053,13.601638493637473,13.984980266218026,10.019640325271238
7.989,she,-14.225018501281738,5.059385413138767,5.903541204320459,11.009867697090414
7.990,would,-9.606751441955566,5.936635345977669,6.222242113155819,11.991636917900937
7.991,tap,-13.756774902343750,5.227494316864925,5.829166723215676,13.587408962256813
7.992,the,-9.360289573669434,5.994320774491539,5.597564729051866,7.426956799929243
7.993,message,-12.374660491943359,5.151950032578489,5.116923432999325,9.136922347739533
7.994,straight,-12.589697837829590,5.853584606894293,5.798746159421202,12.334922627048323
7.995,into,-10.475247383117676,4.238493828039344,5.524560177716634,12.828742174943821
7.996,oblivion,-16.800234794616699,8.276255260476091,9.131266101462627,13.000006570696867
7.997,where,-11.813783168792725,9.614189248112460,10.435698609130595,15.357545236087669
7.998,it,-5.238229751586914,5.285154562120121,5.534007034913165,15.366778768867936
7.999,belonged .,-33.931388795375824,20.929936050911216,21.861762029557614,35.000671093262227
8.1,The,-1.648221969604492,6.746959719648657,6.992360907198334,3.456291647660295
8.2,Roswell,-16.045215368270874,9.566418706065146,9.568113299091412,5.237593568461240
8.3,UFO,-19.039131164550781,11.341535040949600,12.076398356602432,5.657173991038338
8.4,Incident,-22.158554553985599,15.633870250173613,17.132732685466745,5.050308434790597
8.5,was,-13.047784805297852,5.625604025851583,5.892952521225992,6.096851003097481
8.6,the,-10.748270034790039,6.732943816457706,6.416389442192157,7.068305781502294
8.7,alleged,-9.287658691406250,5.785121253334656,6.013708695283031,8.015917093248902
8.8,recovery,-11.292640686035154,5.557856617399641,5.611503664998075,9.284633065116733
8.9,of,-10.760193824768066,6.438416659014353,6.654232587332772,9.719998538841113
8.10,extra-terrestrial,-23.899264160543680,30.551436992492057,32.677760134354173,7.734387923974714
8.11,"debris ,",-19.778669513761997,15.711991583774150,16.777539446946921,18.161765815228158
8.12,including,-5.190249661798589,10.456681020270381,10.673910187926481,9.739672805673996
8.13,alien,-9.907395005226137,8.790018430824507,9.027622244697408,12.865046837477564
8.14,"corpses ,",-15.265826818998903,12.508310471213985,13.724640741203963,28.168407278596007
8.15,from,-10.934301376342773,4.114601948624920,5.193603286174867,15.333067555433495
8.16,an,-11.954534530639648,4.908470225937185,5.637850488575943,16.246032187992842
8.17,object,-10.117805480957033,4.140309225957007,4.727176792321492,17.254374735484276
8.18,that,-17.304124832153320,5.370763384303186,5.947741014471028,18.167202114965466
8.19,crashed,-16.882100582122806,9.805683852078396,10.465075184006896,18.326342116306950
8.20,near,-12.388854980468750,5.277723403081068,5.935327024744558,20.206765161665142
8.21,"Roswell ,",-31.897002220153809,13.694897555634794,15.181815722109977,32.403720954082566
8.22,New,-9.170639038085938,3.974464330433385,4.426057276815913,18.000001401392172
8.23,"Mexico ,",-7.095884084701540,8.481645009435324,8.835597413239100,41.006027878895686
8.24,on,-8.833012580871582,4.865117063474744,5.547956560433708,22.001882913371386
8.25,or,-6.158865928649902,4.652138644148168,5.109837545236736,23.001419856873628
8.26,about,-7.214481353759767,4.519024960007509,4.528430693748528,19.015798842432748
8.27,July,-10.305875778198242,4.613652078053264,4.888251317262721,21.249535557399717
8.28,"eighth ,",-30.873461484909058,12.157509918870087,12.687027168878441,47.999615635212194
8.29,nineteen,-22.115432739257809,8.254424945313342,8.589384814380404,28.018834208059648
8.30,forty-seven .,-35.633720397949219,29.031393834895788,31.133301497127448,63.005022445745645
8.31,Since,-4.151935577392578,5.451489966251335,4.641064813776941,3.072535515030912
8.32,the,-1.287505269050598,5.611090629621841,5.817301670819682,5.855062487278425
8.33,late,-3.662049293518066,5.673090962404939,6.247016132528727,6.157999099274648
8.34,nineteen,-15.527102947235107,11.103979997054932,12.252892616887749,7.266821856264692
8.35,"seventies ,",-32.294470548629761,16.522196070723741,17.148078863751330,17.771564298471262
8.36,the,-7.120427608489990,6.073414047180941,6.181379781166116,10.434459779718061
8.37,incident,-11.084462165832520,5.119924656844606,5.435784636920762,11.193956475722462
8.38,has,-12.951188087463381,5.740332914976791,6.071123940121795,12.270878387371097
8.39,been,-6.930879116058350,5.727672638821375,5.984184308964063,13.353128739428694
8.40,the,-11.441700935363770,5.973334319801157,5.961959249487256,15.136825271199687
8.41,subject,-11.311362266540527,5.696863908950450,6.481585342479304,6.419636299767054
8.42,of,-13.256358146667480,4.454570861019733,4.633075861977492,9.618050752995343
8.43,intense,-15.389028549194336,4.223607776998924,4.171890774017161,9.997736082803126
8.44,controversy,-9.214004516601562,5.999216914897286,5.818065065101433,9.234894960182713
8.45,and,-10.358228683471680,5.023138531234837,5.372717136246869,12.632390266880273
8.46,the,-3.438909053802490,4.763239439234050,4.787738624531600,14.013131965481918
8.47,subject,-16.454967498779293,3.548739147597779,3.394204754659117,14.001534146566176
8.48,of,-10.569932937622070,4.468296775765413,4.839900827800647,17.207200208707480
8.49,conspiracy,-16.542184829711914,4.867129277178812,5.130760866509917,19.140033015209390
8.50,theories,-14.822751760482788,8.617043036440410,8.724941414878186,19.951981962774788
8.51,as,-7.607831001281737,4.466946850227052,4.727763607016832,21.298948149114658
8.52,to,-11.606293678283693,4.057362018928631,4.568268608482191,21.991353285659386
8.53,the,-11.373896598815918,3.724775731764629,3.720423507640993,23.734669697532158
8.54,true,-8.458515167236326,4.835471367143327,4.790139411867795,24.385336644808568
8.55,nature,-4.502703666687012,3.327148686909206,3.570002212038143,27.007242863603288
8.56,of,-8.226531028747559,4.236085828515647,4.380437097188840,21.896525179271542
8.57,the,-7.685028553009032,5.277175178896185,5.287622742974778,23.984341006703662
8.58,object,-10.470124244689940,4.614471950832729,5.268239168159097,26.327561182352248
8.59,that,-14.328479766845705,4.661974062279625,4.703095186569902,27.060726574346162
8.60,crashed .,-29.760210990905758,14.656463481268300,14.915987438231026,54.665965585018711
8.61,The,-1.648221969604492,6.746959719648657,6.992360907198334,3.456291647660295
8.62,United,-7.387403011322021,6.066796242783179,6.009123778551433,4.484523053835812
8.63,States,-2.803769588470459,5.554504849920934,5.674287476792884,5.529685952998913
8.64,military,-7.328795433044434,5.265954262998648,5.926193761893122,6.555263368337870
8.65,maintains,-5.749417826533318,9.179093119823930,9.570127907620552,5.271309799887481
8.66,the,-2.591006278991699,5.350245158417317,5.495490927996781,8.603029908800266
8.67,debris,-11.919003088027241,7.193032057728816,7.987262223166196,9.752590476246326
8.68,recovered,-19.631910324096680,4.933970404383968,5.385792319644676,10.901236356651983
8.69,was,-1.157854795455933,4.118285100009182,4.195356919923047,11.056680851809045
8.70,from,-13.161419868469238,4.283735312380335,4.827767191206457,12.045375707244224
8.71,an,-7.511463165283202,5.516315501559331,5.542629154387404,14.004011228550668
8.72,experimental,-9.895502090454102,5.296298829444719,4.846808108463301,16.181892437666868
8.73,high-altitude,-11.320673406124115,15.280548993048322,16.000517134967431,17.195206510856348
8.74,surveillance,-4.411772251129150,4.789742861363202,4.817840611489065,18.239242357894717
8.75,balloon,-9.418486595153807,4.552459116529391,4.789794625128843,19.204868205671481
8.76,that,-13.627439498901367,5.122493987141326,5.582203812407056,20.075869891739806
8.77,belonged,-16.927541732788086,9.933095251330377,10.288606337809377,21.087396689025162
8.78,to,-6.908300399780273,5.631389349478630,6.195764647055262,22.054322850689910
8.79,a,-6.498970508575440,4.737817394419606,4.766591981605174,23.050026030192644
8.80,classified,-8.718362808227539,5.924281646828160,6.085600731824846,24.044590729059362
8.81,program,-18.434928894042969,4.646513620367998,4.568305841054030,15.991387436669680
8.82,named,-10.743699789047241,6.454129390114117,6.540584344541130,22.896129478968238
8.83,`` Mogul '' .,-57.100867339874526,40.805594172259582,42.901299860191884,101.214231382037582
8.84,"However ,",-2.372875440834832,18.212883449667270,16.932650475319509,7.163903714306628
8.85,many,-4.746428966522217,6.097190186415450,6.349916221024211,6.331278080430626
8.86,UFO,-15.952325344085693,10.710686342312458,11.247031101694057,7.282783970405199
8.87,proponents,-8.744017240853282,10.112608203675794,10.251076646195660,8.264506117565157
8.88,maintain,-22.180768966674805,5.623542471375494,5.652952674625361,9.335076311709862
8.89,"that ,",-21.183137893676758,12.145528579136780,12.009021869415122,17.250600262960674
8.90,in,-5.783351898193358,4.355492483565532,5.307432516077223,10.051494487989824
8.91,"fact ,",-21.835477828979492,9.830501160892979,10.250100493779694,24.191241621064314
8.92,a,-3.976163864135742,4.879872621572511,4.808270097554754,16.030166696617336
8.93,crashed,-12.979552268981935,6.834895346570297,6.576679222252540,15.052036427639875
8.94,alien,-13.675000190734865,8.805205197139717,8.539007897164231,17.891939449939226
8.95,craft,-10.289975643157961,7.418403559571668,7.260813223947112,18.652788451854807
8.96,and,-5.830700397491455,5.426676664791338,5.634523701123675,19.523746489756871
8.97,bodies,-6.172335607698188,11.968181358116610,12.567762588260400,20.553700198831645
8.98,were,-15.531231880187988,4.481455619450734,4.330611059799918,19.012083164462787
8.99,"recovered ,",-25.657379150390625,9.146772225115726,9.141226862672788,43.088630865715302
8.100,and,-11.972824096679688,4.156476969506975,4.406429652665173,18.000159059731352
8.101,that,-10.766729354858398,5.738369920469768,6.064990113391612,20.536314867491257
8.102,the,-9.058659553527832,4.940057679100240,4.963899038676765,21.985175888723955
8.103,military,-5.243223190307617,5.836864985995938,5.974578254940116,23.003872955728610
8.104,then,-11.475076675415039,5.680633724956770,5.672809392583213,14.578716529117337
8.105,engaged,-14.904269706457852,9.820436617561084,10.385704090283868,17.112680765387019
8.106,in,-5.798747062683105,4.298607575051050,5.206595165004861,18.103949579064640
8.107,a,-7.230110168457031,4.807840534485517,5.322027623597786,19.092538118350749
8.108,cover-up .,-34.833564281463623,21.784406160969297,23.209546994045944,44.115162758648630
8.109,The,-1.648221969604492,6.746959719648657,6.992360907198334,3.456291647660295
8.110,incident,-7.661167144775392,5.203253700728594,5.737747736100157,4.265715380313378
8.111,has,-2.754550933837890,3.838712379844716,4.048654720758534,5.169945019022373
8.112,turned,-5.289585113525392,5.177346685113767,5.188090100439788,7.145969851417087
8.113,into,-0.124182648956776,4.567434574648599,4.933015321128855,9.136938828540613
8.114,a,-0.418549597263336,5.175002761707892,5.163637586784847,11.686116526247561
8.115,widely,-5.118649482727051,5.042809205242992,5.744539837384914,13.556303448649381
8.116,known,-4.075925469398499,8.606202851702571,9.255917727673779,14.498379815669573
8.117,pop,-10.878443956375122,9.994574370541059,11.215067679435576,14.339952415784529
8.118,culture,-5.743395805358888,5.377440645239410,5.905577475076941,15.280328375295598
8.119,"phenomenon ,",-7.939711928367615,9.813867198914361,10.304474455406273,27.348227564619286
8.120,making,-3.180315494537353,5.328541337777477,5.830986870644963,13.067660784277027
8.121,the,-2.494670391082764,4.725743487755424,4.425604830983716,16.419981536067088
8.122,name,-7.457202911376952,4.159144799791553,4.434056405334839,17.583338701795181
8.123,Roswell,-14.876065731048586,8.152399248480723,9.788852944464589,18.376187570439196
8.124,synonymous,-22.420183181762692,8.228713826368647,9.014424404892424,19.880272831609961
8.125,with,-9.388689994812012,5.216260104190233,6.150396106386249,18.351006636989013
8.126,UFOs .,-36.887889623641968,24.143956693715811,25.277166883731063,42.791061928302398
8.127,It,-3.482963085174561,6.101511125184504,7.065723445463052,3.253049561235394
8.128,ranks,-9.018514752388000,8.653971365460253,8.427795473427821,5.171273361109746
8.129,as,-0.877700090408325,3.943175195075942,3.987416489708438,7.150803970797242
8.130,one,-2.914894104003906,6.011366643268402,6.688776760359881,10.157116444177268
8.131,of,-0.011882594786584,4.331423940183162,4.411335440706808,12.190539007835104
8.132,the,-0.158940672874451,5.944216802646084,5.967357902697555,15.160875845469892
8.133,most,-0.449464976787567,5.940449000284754,6.545241501403588,17.067652476405311
8.134,publicized,-7.744670928514098,7.778569541388435,8.041308039758103,18.116912450992345
8.135,and,-0.445055186748505,5.567327761398992,6.078987774333800,19.034173693760028
8.136,controversial,-2.364651679992676,3.713857394999999,3.935486181822367,20.097452309672533
8.137,alleged,-8.810528755187988,5.658316840648849,6.159050909718176,17.957815495274680
8.138,UFO,-17.356104850769047,9.732820243072794,10.479625206574587,18.906412495446478
8.139,incidents .,-24.135478367199536,18.157596187301525,18.358278663783071,40.368324267560638
8.140,On,-3.203532218933105,5.557891316803792,5.130556010674794,3.065984493450226
8.141,July,-4.354572296142578,5.346864236753056,5.598573542888427,5.081272666882342
8.142,"ninth ,",-20.861850738525391,10.418010862673118,10.692850072306905,13.224689320410869
8.143,nineteen,-24.767683982849121,10.025513911327288,10.449941687821195,8.121010697698951
8.144,"forty-seven ,",-26.594774365425113,33.014259917974591,34.007517983451123,17.009503016708862
8.145,a,-5.570022583007812,5.503157321258705,5.682164133805260,10.008406381604161
8.146,press,-10.097203254699707,5.974109582071187,6.246625520791302,11.013395983899018
8.147,release,-3.359339714050293,5.254279591656989,5.349899185700129,12.870013077184188
8.148,that,-12.736877441406250,6.149944047827733,6.154497492228908,13.840519074370912
8.149,Roswell,-18.670728683471680,11.388656154260651,12.475894233515156,14.706316151163700
8.150,Army,-10.492812156677246,6.415351034409468,6.440221784931964,15.724862564289625
8.151,Air,-15.618040084838867,5.589712565109481,5.776537348950408,16.837597284537193
8.152,Field,-12.690041542053224,5.023787753832309,5.267889013636839,6.723998759027742
8.153,issued,-18.054619789123532,10.135905908550717,9.906372077186438,9.405435791788438
8.154,stated,-13.954369544982910,6.062294917681855,6.049532760833785,11.119110097217648
8.155,that,-0.019525934010744,5.188036140333960,4.955087930678124,10.025801911475510
8.156,personnel,-10.685287475585938,5.049664949689605,5.244399642214981,12.000012741430140
8.157,from,-12.008420944213867,5.801151520248566,6.215597463142368,12.999994250026024
8.158,the,-7.881147861480713,5.092860730892578,4.721198491181500,14.000043059522099
8.159,field 's,-17.394435143098235,21.439909875683732,21.101442802859189,31.007470906951610
8.160,Bomb,-16.747198104858402,3.280922817219679,3.580027830628171,13.868456497835131
8.161,Group,-14.784801483154295,3.583910911698497,4.240540628153972,16.052001846002682
8.162,had,-10.909320831298828,4.518076345751981,4.916933836819457,9.077425450245423
8.163,recovered,-14.359017372131348,5.698353570661157,5.430802442552205,11.628074655943561
8.164,a,-9.690009117126463,4.247358581701662,4.434188879500868,14.442807327898810
8.165,crashed,-14.635468006134033,10.018829911624547,9.719719401761392,16.100231379461835
8.166,`` flying,-13.017643511229837,22.734576892730100,23.203345259739898,36.165843547220888
8.167,disc '',-21.586115196347237,17.887123318327795,18.552637506374623,39.153458276028829
8.168,from,-8.122141838073730,5.182768886097252,5.390981705643853,20.020804795568051
8.169,a,-9.080722808837891,4.877359652804432,4.604750098363077,18.278640929916374
8.170,ranch,-15.689989447593687,5.958820911213249,5.908066540480418,14.109849432245591
8.171,near,-8.103572845458983,5.270625937171690,5.061784326095137,15.033599276474982
8.172,"Roswell ,",-20.397426128387451,12.370608253770639,14.464936500627271,38.441493479646091
8.173,sparking,-18.574590682983398,8.492287375660428,8.610844353468062,20.549249139564303
8.174,intense,-11.450120925903320,5.164556546236589,5.105266666903076,21.000110576044012
8.175,media,-8.170794486999513,4.792115745529296,5.141180740481402,22.001620821890537
8.176,interest .,-19.834670066833496,11.554131656976459,10.983547494536106,31.002692097280324
8.177,Later,-4.991900444030762,5.849805540155788,5.650558804375696,3.049867648571635
8.178,the,-1.877166986465454,5.591859445542829,4.755360288535273,5.145192175388124
8.179,same,-0.162672668695450,5.848525027358567,6.117970732472041,5.184228290887101
8.180,"day ,",-0.735877081751823,14.090311354201846,13.316302349074524,10.310188162715765
8.181,the,-1.647571921348572,6.041144264816380,5.763561007802825,6.403699058300173
8.182,Commanding,-19.622066497802734,9.814755418252748,10.318394612213060,7.584990247846007
8.183,General,-7.491615772247314,4.693195442406520,4.886511677724459,8.504804662316541
8.184,of,-10.917145729064940,6.098339758834856,6.564993514081852,9.936966433450239
8.185,the,-5.847234249114990,6.242064384642647,6.232131462774543,10.960491929031102
8.186,Eighth,-21.955215454101559,5.223614344367769,5.689414017852403,12.453912941010316
8.187,Air,-7.608603000640869,4.414297952694729,4.731252663346281,11.454409170659508
8.188,Force,-0.358175456523895,4.565803820941683,5.100816783360979,12.443160661865658
8.189,stated,-11.982216835021973,5.676561496348880,5.749354600779466,13.499462233142845
8.190,"that ,",-17.010027885437012,11.426690663614345,10.985611268045968,29.393834408093404
8.191,in,-5.953361511230469,5.176162844825065,5.545552204232927,16.083341619536572
8.192,"fact ,",-25.064100265502930,10.356384070664074,10.438702672897158,27.022997911209828
8.193,a,-11.106654167175293,5.005217845261332,4.478636632208072,13.502649542465106
8.194,weather,-12.982991218566895,4.166034306312548,4.443085074116460,13.854388730362285
8.195,balloon,-12.010976791381836,4.916843913704795,5.208902057395920,16.038743704424302
8.196,had,-13.249866485595705,4.818053788283514,4.729471986612545,14.999785857874185
8.197,been,-11.382501602172852,4.810809572880215,4.975126006139948,16.703531557352427
8.198,recovered,-11.695653915405273,5.506584728548046,5.654098668792655,18.258857252328880
8.199,by,-7.517294406890869,5.022547237340689,5.618720800456252,19.090313634722854
8.200,the,-8.071175575256348,6.134631791085111,6.098869263500706,20.155540696179127
8.201,Roswell,-18.184915542602539,10.617173906266506,11.799634292788518,18.870682780689638
8.202,Army,-9.520998001098633,5.305444630940825,5.521417167498777,21.162621112382084
8.203,Air,-9.696749687194824,4.973536299972375,5.393845037557637,22.013118589735669
8.204,Field,-15.147951126098633,3.790789087802709,3.984431388110720,24.000157851963593
8.205,"personnel ,",-17.492912292480469,10.531666100877839,10.654694579174176,55.853849491139137
8.206,rather,-12.673227310180664,5.177530252071403,5.650200274841603,29.141574834739910
8.207,than,-0.001050635357387,5.083793025770854,4.973756641375235,30.139551568448692
8.208,a,-6.509039402008058,5.530410329932786,5.462318809015706,31.148227336013161
8.209,`` flying,-14.382591336267069,25.814271586748436,25.745737479413609,65.342811331605631
8.210,saucer '' .,-51.982539892196655,35.308663326326581,35.602873417415239,96.043464172345793
8.211,A,-3.861002445220947,6.184483090000588,6.580385323331305,3.638898389652430
8.212,subsequent,-8.003952026367188,5.236381249394360,5.425191882147146,4.741151718952200
8.213,press,-6.651676177978517,5.289084449826065,6.498581162847880,5.571713933467736
8.214,conference,-0.909930944442749,5.169761688363376,5.831984028415059,6.641770465723848
8.215,was,-2.007660627365112,5.349765811908074,4.973564437830361,5.199563683309202
8.216,"called ,",-7.368286371231079,14.745604821392055,14.793188925758487,13.872151467568941
8.217,featuring,-13.482922971248627,9.922446930923481,10.928904769002600,11.026158181348070
8.218,debris,-12.146750658750534,9.003042067358949,10.012286146560696,12.109469864069126
8.219,from,-14.914634704589846,5.181322706831561,5.614630446106101,13.180457776023399
8.220,the,-12.563928604125975,5.460858839600832,5.732363019875095,14.087043857047393
8.221,crashed,-16.518921852111813,9.044053113155037,9.493098093832320,16.571882068173714
8.222,object,-11.682451248168945,3.675190626414598,4.601172579827074,16.998014687102955
8.223,that,-13.940917968750000,4.798287124091901,5.291977804300657,17.358336426912615
8.224,confirmed,-17.870109617710114,8.028067359027659,8.285539021110850,18.848074150647928
8.225,the,-10.852876663208008,5.209392136378508,5.063427681532604,18.788371469001405
8.226,weather,-10.274184226989746,4.838608169006659,4.974944189513551,22.286396337028066
8.227,balloon,-8.891208648681641,3.693195575739128,3.553198755368374,23.321816781818967
8.228,description .,-24.059477329254147,12.656207512756366,12.635831705263787,49.542447589818991
8.229,The,-1.648221969604492,6.746959719648657,6.992360907198334,3.456291647660295
8.230,case,-6.077283859252930,5.134162855500035,6.177076894119805,4.315279782183317
8.231,was,-1.781973004341126,4.035775492972745,3.952020447103114,5.111252583119533
8.232,quickly,-3.586778274504468,8.359359511222342,8.098885640226701,7.968510604359914
8.233,forgotten,-8.240766283503035,9.867340000774595,9.888458356585232,9.084167699995870
8.234,and,-0.579308152198792,5.180107681704135,4.963136382537853,7.195227676696097
8.235,almost,-4.637192726135254,4.599360100503612,4.587513543746793,11.607719343549965
8.236,completely,-3.010023117058154,8.486106171968348,8.455503588318548,12.955870190435324
8.237,"ignored ,",-5.226477831718512,13.176513287868266,12.510060353061180,25.037395918121945
8.238,even,-3.622958898544312,4.100472013908735,4.147341459938848,14.433381898755600
8.239,by,-0.767279863357544,3.824943273307599,4.019352021503792,16.701463637178716
8.240,UFO,-15.303892612457275,10.020827462450928,10.691564407426867,18.870703887046229
8.241,"researchers ,",-14.665514488471672,15.536143237613063,15.923863639366722,40.617101311498203
8.242,for,-10.414903640747070,4.594756588736268,5.655613597731588,21.687426065540514
8.243,more,-12.401346206665039,4.549618086035332,4.773310636703088,24.991221242795330
8.244,than,-0.003349291859195,5.129904895026833,5.336729690331262,17.336484810426160
8.245,thirty,-12.452240727841856,13.688403796869311,14.453469982046961,20.232310406792621
8.246,years .,-15.463351249694822,10.315144985846285,11.148710064378985,44.414313756264690
8.247,"Then ,",-4.596648216247559,12.570997424768461,11.493905070824830,7.064033945909894
8.248,in,-0.814771234989166,3.597676954274863,3.809857835823127,6.050579517220485
8.249,nineteen,-20.322534561157227,11.288563413749616,11.770823106903309,8.113584692511724
8.250,"seventy-eight ,",-36.642745733261108,27.173538027557584,28.902539848274472,18.749265982826373
8.251,nuclear,-11.594444274902346,5.781408554964893,5.934634161077006,10.553522407320569
8.252,physicist,-9.194389343261721,5.616633148464798,5.995008635714487,12.076751065633335
8.253,and,-6.089677810668945,5.362704357604420,5.989050744807974,13.021094231519216
8.254,author,-7.328004837036133,5.423053257061737,5.471219061732078,14.022318548250913
8.255,Stanton,-11.034426689147949,5.042129358127200,5.819347107317584,15.032236295778150
8.256,Friedman,-7.417815685272218,5.496768172840951,5.808764189526293,16.029410775330870
8.257,interviewed,-18.319857954978946,9.688128572453920,9.499399279160896,9.741651221395351
8.258,Jesse,-10.719517707824707,4.775153519192753,5.207718611059090,9.552606417369891
8.259,"Marcel ,",-21.518089771270752,9.076674576566161,9.948718784489957,22.857174119323208
8.260,the,-6.436379432678223,4.526348784431010,4.856130536869594,12.741401190133958
8.261,only,-6.930512428283691,4.864586331124551,4.617628634209773,13.715701427457875
8.262,person,-6.459630012512207,4.431163141117431,4.561771629717665,14.943592670021706
8.263,known,-13.593490123748779,9.698479515706508,9.577590404257442,15.938953277622645
8.264,to,-6.457431316375732,5.184837625891214,6.096060741807692,16.700404931993823
8.265,have,-4.704353332519531,4.641236789257716,4.434841998808643,11.181462400360928
8.266,accompanied,-13.541949398815632,9.964860319404169,10.548321624098193,13.603687672081616
8.267,the,-6.908182144165039,5.583431039958964,5.562467102518028,14.801635565687327
8.268,Roswell,-15.976186275482178,10.488349296143973,11.291404903977325,15.977832726991055
8.269,debris,-23.446949243545532,10.122678732870529,10.795883258471855,16.356079668741160
8.270,from,-10.763363838195801,4.031745299219659,4.715918739761616,17.739376626695336
8.271,where,-14.297332763671875,9.389575363994600,10.009720253830675,18.604485838670946
8.272,it,-10.947664260864258,5.539171584960028,5.737240056778703,19.473183924210321
8.273,was,-4.849864006042480,4.368200210327586,4.518422764961144,19.750841261458906
8.274,recovered,-15.180306434631348,4.117107945505020,4.249783819963038,22.769601216643444
8.275,to,-2.297092437744141,5.128913584519765,5.357256417611032,24.181016201882763
8.276,Fort,-12.174483299255373,4.511489198085422,5.146216278917463,27.290200582332371
8.277,Worth .,-21.985181808471680,11.848155680201558,12.587165808173275,59.741162418941983
8.278,Over,-5.224664211273193,5.561535282624223,5.577750100887501,3.151081200595035
8.279,the,-0.205955475568771,5.603576561919311,5.209009745411905,5.133678081122214
8.280,next,-2.237183332443237,4.911445097622258,5.086748133715362,6.135312962882857
8.281,few,-1.550962567329407,6.122041565550866,5.985076983041951,7.123822604335380
8.282,"years ,",-1.038101524114609,8.728500831982732,8.736228613301844,12.353239915900156
8.283,the,-1.552064657211304,5.723072740749758,5.635880028312954,6.478505615080122
8.284,accounts,-10.575121879577637,5.269376004277949,5.318043271991179,7.478809935433924
8.285,he,-1.331502914428711,5.130011122252447,4.973269007951755,11.214524844322385
8.286,and,-0.064286522567272,4.449738466096589,4.286402351724123,12.778975578302676
8.287,others,-2.934853076934814,4.642280688395559,4.643538699089229,13.961341826970846
8.288,gave,-6.137667655944824,3.948810575737483,3.641867656765067,13.098185299719123
8.289,elevated,-15.163457817165179,8.867820903723606,8.835218703429581,8.371944513876006
8.290,Roswell,-25.719868183135986,9.889019236298033,10.981076576115411,16.106726494555133
8.291,from,-11.997488975524902,5.452737225277660,5.580338043284980,16.995556911060060
8.292,a,-8.851900100708008,5.653149735429784,5.780065170583566,17.996898249232682
8.293,forgotten,-17.599544167518612,8.961680812940518,8.688675016835276,16.011841229125285
8.294,incident,-10.559392929077148,4.055261852249186,4.446410405300707,19.193456458276113
8.295,to,-13.892621040344238,5.361748869897514,5.389590058409852,8.035973390212483
8.296,perhaps,-9.052363395690918,4.470203249621290,4.640270278348416,17.232796372084966
8.297,the,-11.705250740051270,4.601231190100031,4.832549589422498,18.999996688779181
8.298,most,-4.406464576721191,5.622594128853302,5.445026315712052,17.243504849904600
8.299,famous,-7.838405609130858,5.468715733824300,5.366194235627914,18.028421906679622
8.300,UFO,-15.569171905517578,10.134111961652234,10.651009999126590,19.104372536694147
8.301,case,-11.901590347290039,5.303252157013967,5.402989317546809,20.107971477895788
8.302,of,-11.498199462890625,5.094922447221807,5.397595528216304,21.062396266516615
8.303,all,-7.818153858184814,5.686134171420287,5.846053231449415,22.162842719309612
8.304,time .,-17.348000526428223,13.879688674697892,13.866545488340352,47.077330574813828
8.305,By,-3.725710868835449,5.824942065903673,4.907200821637392,3.094516105479741
8.306,the,-0.296323299407959,4.956548328888224,5.058626006019466,5.833531423940657
8.307,early,-1.865508437156677,4.922179238662046,5.197874324336077,6.134228432669373
8.308,nineteen,-17.862244606018066,11.233695047164128,12.510588226260765,7.184450860064108
8.309,"nineties ,",-32.845553398132324,16.862566148054317,17.263898659655975,17.275593567306920
8.310,UFO,-22.327294349670410,12.043106728949425,12.354454100526953,10.249091219429527
8.311,researchers,-14.466057702898981,11.177718194029493,11.158553808472092,11.175933152613453
8.312,had,-12.601123809814453,6.165639410052183,6.429731995519209,12.178197306783693
8.313,interviewed,-17.157235324382786,11.464087543625091,11.837236815942347,12.706792312635979
8.314,several,-4.833415031433105,5.415155994468330,5.226369104407353,6.434798236467590
8.315,hundred,-4.894946098327637,5.284190932484392,4.956121193339602,7.288598014306391
8.316,people,-2.330845117568970,4.834051310090136,5.136674274464561,8.245686481743926
8.317,who,-15.621247291564940,5.841752219017754,6.452382807327743,9.180128886913160
8.318,"had ,",-13.575888633728027,11.445507865595360,11.412705922396192,17.192448253354570
8.319,or,-9.005914688110352,4.676528551511339,5.615662532002531,12.243131340185116
8.320,who,-11.598823547363279,3.298267279976995,3.346302435769914,13.257776125331681
8.321,claimed,-13.306902766227722,9.066129749325516,9.056658822934974,14.103308251204965
8.322,to,-9.352314949035645,4.958708065003068,5.086275421789471,15.798547390272448
8.323,have,-6.155825614929199,3.197203285481792,3.342669883567970,19.069354473969199
8.324,"had ,",-17.970185279846191,8.161407226162916,8.319665992859500,41.306271037560322
8.325,a,-11.179879188537598,4.831427576840849,4.917472506694211,23.631117255310283
8.326,connection,-14.835851669311525,2.835366191164483,2.928198436319172,26.123297155738868
8.327,with,-10.575756072998047,3.373217164789254,3.295208561215549,28.388149187872195
8.328,the,-8.156636238098145,4.953520618182325,5.138879629845550,29.432579631905359
8.329,events,-10.585952758789062,4.136593889007900,4.345662746667202,31.693372622665354
8.330,at,-14.115761756896973,4.122530990649090,4.441286837571653,34.289678574681055
8.331,Roswell,-13.982437014579773,10.209946870575680,11.774718517301686,37.262167473598424
8.332,in,-10.904672622680664,4.560773949389819,5.088626997696540,38.220932222423656
8.333,nineteen,-21.533822536468506,9.184308755686828,9.695783472530383,39.038999408757846
8.334,forty-seven .,-32.593644261360168,28.725659568341900,30.688298505902019,84.538405806556455
8.335,"Additionally ,",-6.130318849300238,18.065583571007608,14.853081272042260,7.154703488083376
8.336,hundreds,-8.614610671997070,3.958124854607777,4.746403360315818,7.164721557501748
8.337,of,-0.020190080627799,3.893199418488930,3.990116694356738,9.207243708287583
8.338,documents,-7.122538566589356,4.723692827433625,5.267659841776029,11.683573672923984
8.339,were,-1.340713858604431,5.165879552244458,4.843336145948922,8.324923927860889
8.340,obtained,-3.627470493172950,9.667690729044862,9.683831364833546,10.358057082004784
8.341,by,-1.245826125144958,3.459031637986929,4.079306968179563,12.335123240776742
8.342,Freedom,-12.263623237609865,3.023336611240362,3.892224379173749,15.289276051862373
8.343,of,-0.014554756693542,3.157462584580285,3.573542500423183,17.500638998581220
8.344,Information,-0.022627614438534,4.106989021615069,4.525319743704924,19.463906769387464
8.345,Act,-3.462912082672119,3.691016145310968,3.760109840033692,16.689645628011132
8.346,"requests ,",-8.919187724590302,11.161259684412697,11.509790153857580,31.694878929098710
8.347,as,-2.347598075866699,5.800922618776827,5.740287911858010,15.514197644969052
8.348,were,-0.839289903640747,5.123734787322563,5.406451328675430,17.970300076380699
8.349,some,-3.672888994216919,4.829447305221129,4.573135048959476,21.079370966999420
8.350,that,-0.303701698780060,4.631290052636410,4.219178298780647,24.034004170622012
8.351,insiders,-9.437262535095217,3.991420637782393,4.194091534925398,27.155173764116874
8.352,apparently,-3.415766716003389,7.394488867180026,7.792492631503527,29.049386425558094
8.353,leaked .,-8.385452026966959,16.281354768582631,16.063910555029018,40.007257499151578
8.354,Their,-6.751350402832031,6.649382001728932,6.999715468427304,3.356650015098970
8.355,conclusions,-7.224857985973357,8.415364726544901,8.778228620409728,4.135752590190072
8.356,were,-1.928023099899292,5.474830125457413,5.122180391334449,5.092938921476480
8.357,that,-0.237574353814125,4.251818600125085,4.133816438280647,7.174136459204665
8.358,at,-3.009245634078979,4.351330563385837,4.386999097260927,10.202795956392363
8.359,least,-0.000136008544359,3.966740290995921,4.206081321674054,12.015268892088189
8.360,one,-1.048313856124878,3.847214286447751,4.002832555418093,13.530138665348725
8.361,alien,-10.030191421508787,8.485308796104759,9.495194923863233,12.439738345191364
8.362,craft,-11.561531782150269,6.984859428008282,7.371204613594512,13.345596755330893
8.363,had,-14.281193733215332,3.607430617851374,3.756692862246168,12.037956873389534
8.364,crashed,-9.786226926371457,7.142651692033393,7.205381573484487,12.125613927012884
8.365,in,-6.779682636260986,4.253547896899974,4.837707241523635,13.002576548055082
8.366,the,-7.224965095520020,5.116065712768204,4.990855110493611,15.003238491977632
8.367,Roswell,-14.018073081970215,8.600351499970071,9.624273536549623,18.611660368025028
8.368,"vicinity ,",-25.748414634959776,16.673741971447850,17.166234073205764,39.566362205435723
8.369,that,-9.231869697570801,5.008316878256571,4.962880497151293,21.003275590631379
8.370,"aliens ,",-17.112614750862122,18.211532473958655,18.468450715650324,45.004105570861441
8.371,some,-11.771726608276367,5.101103570394974,5.498432346513102,24.000324857040312
8.372,possibly,-10.926921844482422,5.333126856283354,5.281297908730063,18.000533690667407
8.373,still,-11.217391014099119,4.600363976416252,4.321621527913457,21.000449614877077
8.374,"alive ,",-26.281765937805176,13.413164881795158,13.185931293851574,49.203273992445801
8.375,were,-11.410301208496096,4.496448091187396,4.621105112710889,27.010704307271336
8.376,"recovered ,",-24.659407615661621,8.973301272025619,9.000876412197318,60.000187383417682
8.377,and,-7.228587627410889,4.704258834411589,4.760262438080080,27.000000000038519
8.378,that,-11.996708869934082,5.243880279048359,5.299807852351539,24.000000095728531
8.379,a,-7.888763904571532,3.922809306802494,4.105879667190519,25.607286982667986
8.380,massive,-13.701925277709961,4.214028260378357,4.197304102646628,26.093832371256688
8.381,cover-up,-20.141208291053765,12.440754096108261,13.767043343857818,27.995711967441245
8.382,of,-9.637013435363770,4.423792745126927,4.469621928559906,23.871932089176131
8.383,any,-6.909936904907227,4.810439295714929,4.824310418131224,26.337313780721026
8.384,knowledge,-9.700117111206056,4.024548424152377,4.131460199093381,27.415279606867170
8.385,of,-12.369880676269533,4.121316116806566,4.162159739764832,28.055310848548718
8.386,the,-5.283815860748291,4.692432415548829,4.564472351388051,29.065574269439448
8.387,incident,-5.180020809173584,3.495348785495904,3.728249036798019,30.040949035687863
8.388,was,-12.082016944885256,3.963522147088089,3.977960469667491,27.981801887765045
8.389,put,-12.457630157470705,4.559580408257930,5.690844536556948,31.134278205668693
8.390,in,-8.207148551940918,4.191767089646448,4.720392473545915,32.016237791076065
8.391,place .,-23.619777679443359,13.591526485763252,14.304921564137413,69.888529274019788
8.392,Numerous,-11.681525937412514,12.653056816545446,13.454976261960983,3.511410660214026
8.393,"books ,",-12.809626102447510,10.883441171316056,11.077459646274484,10.225695231122618
8.394,"articles ,",-4.983829705393873,12.661587895910444,14.198144859799591,13.589346188544162
8.395,television,-8.604554176330566,4.746093878873687,5.276918088209579,7.999981629823950
8.396,specials,-8.441545119509103,9.553453401034961,10.382264918984086,8.999210862645723
8.397,and,-9.301246643066406,5.168043593832858,6.159977590448492,9.999978144966617
8.398,even,-5.871220588684082,5.862035274504862,6.323789119719522,11.999999999999993
8.399,a,-4.659174919128418,6.182888984680122,6.861240863799976,13.000000000000000
8.400,made-for-TV,-17.967961631715298,23.064652338141922,28.249959973331450,13.999998652395153
8.401,movie,-1.064083576202393,5.312667135516543,6.167747454243145,12.996629193605065
8.402,brought,-17.924526214599609,11.038714676630594,12.314829600750894,13.036019836455939
8.403,the,-6.977683067321777,5.223536936966010,5.855165776594228,14.011945143995113
8.404,nineteen,-15.558894157409668,10.294107013630473,10.771529414597802,15.021698630719804
8.405,forty-seven,-33.884324193000786,29.056050611180943,30.020458568010898,16.070193925903954
8.406,incident,-10.866148948669434,6.229319677510670,6.485481146242603,17.239398341648922
8.407,fame,-15.843793869018555,6.584612268203776,6.693786321317396,18.190627639059869
8.408,and,-3.877133846282959,6.155965825497358,6.560562870211758,19.090854674434254
8.409,"notoriety ,",-20.107855716720223,17.027447889134073,17.856043702511815,36.203108372731450
8.410,so,-8.966630935668945,5.038382799796289,5.674297435661828,7.739181436835919
8.411,that,-10.083308219909668,5.357019952112895,5.187051964540045,8.619901887480342
8.412,by,-10.373131752014160,4.898140610128137,6.109111695674549,9.624648400550981
8.413,the,-9.437263488769533,5.333840129243290,5.155087609787942,10.669101640992574
8.414,mid,-6.551782131195067,5.838531851421332,6.462144614048889,11.413322600992336
8.415,nineteen,-16.730707645416260,9.649947135971509,9.662997713162877,12.221674752985539
8.416,"nineties ,",-28.958998203277595,16.062671978600136,16.002799931517661,27.143972492884021
8.417,strong,-11.618984222412109,5.775143105918069,5.865669243331197,15.057556627962731
8.418,majorities,-14.629675388336182,10.056453381213114,10.168051397926696,16.042771133247758
8.419,in,-6.132423400878906,5.323845231621505,5.831242900645830,14.334182598787766
8.420,"polls ,",-16.167307853698730,9.880475947831908,10.188244255546760,30.249599752107123
8.421,such,-11.933734893798828,5.891996536087168,6.154317845442590,17.866329593127876
8.422,as,-1.150878667831421,6.299484842959397,6.623363812289228,19.295248431473841
8.423,a,-9.200098037719727,6.149835584320138,6.317555438082199,21.498667826907486
8.424,nineteen,-24.823478698730469,11.409107655379591,11.565559272011605,21.148642058965358
8.425,ninety-seven,-26.956620156764984,28.753133857824306,29.363423126201180,11.346253716392331
8.426,CNN,-14.974776268005373,5.358652567860034,5.959201049368613,13.927366646868089
8.427,Time,-12.356554985046387,4.854811202044106,5.545230061337856,15.988762025026370
8.428,"poll ,",-17.014478683471680,8.986543624037344,9.681194355017618,37.127635246240104
8.429,believed,-14.593231201171875,9.205097609673622,9.177370958122225,20.132275907809433
8.430,that,-8.586134910583496,5.271379061380731,5.399107595796416,20.524175316024738
8.431,aliens,-16.528904080390930,13.117044927789669,13.604176398156991,22.086607529035746
8.432,had,-12.101584434509276,5.425385503162111,5.823813559197110,23.087808379246969
8.433,visited,-16.616976976394653,9.355931099284710,9.778728691920854,24.053275841753429
8.434,earth,-11.219139099121094,5.112994861869860,5.407717861588549,24.994998035563551
8.435,and,-4.906250476837158,5.297488371708988,5.626290344908202,25.998027754664502
8.436,specifically,-16.752027630805973,9.628948464096940,9.704675031793384,27.006288531099266
8.437,that,-5.156562328338623,5.962240056759227,6.015701576130924,26.382694340399045
8.438,aliens,-17.733783245086673,14.613247392072608,14.728652165000273,29.989274433083210
8.439,had,-13.072554588317873,5.570621827084032,6.073895321235304,30.995222001428569
8.440,landed,-18.688063383102413,13.608603275441046,14.093630685852947,21.000438345471963
8.441,at,-10.543692588806152,4.660055040998603,4.725233168206493,22.003205286152124
8.442,Roswell,-20.653483152389526,9.671659606350241,11.228350037311694,24.999837383273107
8.443,and,-10.792877197265623,4.713951562926570,4.948213142495000,22.000003096117855
8.444,the,-8.304709434509277,4.932002262059614,5.127232295490251,23.000000618160897
8.445,government,-10.097732543945312,5.484084389159476,5.415437921016422,26.240330039227885
8.446,was,-10.322035789489746,5.241924998350368,5.859679545494219,27.108091307371961
8.447,covering,-13.073743820190430,4.781007133410719,4.848950210411548,28.103221850988341
8.448,up,-10.611530303955078,5.021444376076484,5.289826900207687,29.064686235672031
8.449,the,-9.210096359252930,5.141339325426753,5.158947700732520,30.051229885127697
8.450,fact .,-19.174382448196411,14.733033628626721,14.933943649773576,63.594349083975523
8.451,During,-4.539681792178271,10.832417514076667,10.725361364734850,3.077743640125962
8.452,the,-0.876797378063202,5.645770076334911,5.792404062195920,5.370894733597746
8.453,nineteen,-14.598673343658447,11.688755744412331,12.988677760471720,6.176779357257081
8.454,eighties,-25.147496223449711,11.360281756575127,11.329965894348115,7.120590204661808
8.455,and,-6.719784736633301,4.861024805549760,5.132599655947430,8.276697857655781
8.456,nineteen,-9.160759687423708,11.659830700263765,12.461702951024918,9.158753090810892
8.457,"nineties ,",-26.357809543609619,17.917299650697732,18.429437860268550,21.030816980357919
8.458,a,-7.786395549774170,6.279222316611160,6.245730727740002,12.015572542751439
8.459,new,-9.612225532531738,5.978179716555277,6.221723394610171,13.017327129638055
8.460,narrative,-12.409955805167556,11.290661814345968,12.473958330107337,14.014348433554394
8.461,emerged,-20.789291381835934,9.992412167953438,11.291496199534553,15.012776154104404
8.462,which,-14.189397811889648,5.747441359050558,6.119810018425911,16.015434716505769
8.463,was,-10.245566368103027,5.610967159178179,6.061456680139482,5.000000003563834
8.464,at,-9.651112556457520,5.908864021234302,6.220725536261094,6.000000002515250
8.465,strong,-15.153320312500000,5.915919147569578,6.218217002534837,15.971912216202073
8.466,odds,-11.766185760498047,4.688207374758062,4.792418231116012,9.969763186214790
8.467,with,-14.449732780456545,5.058799778323367,4.762119348195051,11.471642615680528
8.468,what,-11.767314910888672,4.876662554123978,5.000624720606335,12.781255076348307
8.469,was,-12.718459129333494,4.661955609433951,4.852524244801351,14.232736898114409
8.470,reported,-7.035188198089600,5.232198935789729,5.020070368391178,13.100617400424616
8.471,in,-9.741042137145996,4.207036798139324,4.783399586578299,14.000038287661484
8.472,nineteen,-22.150614738464355,8.197022055712429,8.729099848615368,16.162887856079401
8.473,forty-seven .,-32.581954717636108,31.798219355105747,33.748067659832401,40.039505730858551
8.474,This,-4.479230880737305,6.651710392675916,6.920884393844178,3.257444186784426
8.475,narrative,-11.465578857809305,9.502684039018677,10.755165935110529,4.424682424918363
8.476,evolved,-17.979055881500248,10.639059134920256,11.207036629320360,5.589536572027441
8.477,over,-9.111676216125488,5.617691703460716,6.698255917600883,6.480233049768340
8.478,the,-10.888381004333496,5.782648090229001,6.322388503836931,7.274203233689425
8.479,years,-11.820662498474119,5.325411085923260,6.230572907936003,8.043545278568896
8.480,from,-13.204342842102051,4.966840850101716,5.546935630241592,10.634365189929435
8.481,the,-8.625360488891603,4.687867646808537,4.612745942108618,12.001772560920966
8.482,time,-12.399694442749025,4.958626622356666,5.505282645240364,13.001453749886148
8.483,the,-0.761240839958191,5.090451445790468,5.441667878441947,15.100353679728014
8.484,first,-5.737522125244142,4.792337982104928,4.378055805922068,16.066056891595892
8.485,book,-10.420836448669434,5.054029311697967,5.803365878950252,20.001230808954862
8.486,on,-11.441725730895994,5.341021513767564,5.929597940329200,20.994025863524307
8.487,Roswell,-16.481727600097653,9.448557412485606,10.662760512396687,22.015446885248814
8.488,was,-13.700490951538086,3.974439353611842,4.230635730788133,22.925641454161397
8.489,published,-11.224242910277097,9.452571999137753,10.388724794416767,22.252906646134228
8.490,in,-6.573513984680176,4.429724901933837,4.926430661657514,23.233666598616253
8.491,nineteen,-21.381527900695801,8.879719213769063,9.970225578575556,24.322942384519447
8.492,"eighty ,",-28.052499771118164,15.605349145844869,15.836139707502568,42.028656277203936
8.493,as,-8.900059700012207,5.051271035425083,5.347051011039063,24.487085670286628
8.494,many,-1.708428740501404,4.227328516962937,4.222540851019475,27.105531046862012
8.495,new,-10.808915138244627,5.426637971783287,5.373763926333896,27.962095543589211
8.496,witnesses,-9.131234169006348,3.629323727869392,3.869601876141714,29.056783197650336
8.497,and,-4.696830272674561,5.798383697238247,5.832473656331532,30.043815285257274
8.498,accounts,-8.169812202453612,3.965216555927345,4.195212602304208,31.034567532196078
8.499,"emerged ,",-25.613776028156281,13.505498484992891,13.555533139692475,55.497376648938328
8.500,drawn,-14.318274021148682,9.386449474166774,9.894872151163684,31.837249207977766
8.501,out,-8.498439788818361,4.397453657964115,5.077985623133634,32.876249788788371
8.502,in,-8.275584220886230,4.406626312929180,5.071410001366499,33.940156216973712
8.503,part,-11.951851844787598,4.013930650282829,4.205254539139434,30.549296250739012
8.504,by,-13.519516944885256,5.102129830400523,5.231290532561428,31.681719919801413
8.505,the,-10.622896194458008,4.730521611932371,5.049010831786870,29.956587359150539
8.506,publicity,-10.921400070190430,3.750197111888531,3.923496001295216,31.472895178459353
8.507,on,-12.564689636230467,5.287492790816310,5.887277440846086,22.079058303942642
8.508,the,-9.772020339965820,4.782397675722266,4.875341794024059,24.017503770424128
8.509,incident .,-21.183009624481201,13.663831689368116,14.584436476682658,54.035255277009384
8.510,Of,-4.366920471191406,5.914393424145943,5.331540529167406,3.081865935452621
8.511,the,-0.394312649965286,5.979788837977844,5.596107705066888,5.613757927371627
8.512,hundreds,-6.373290061950684,5.066465571290474,5.600558167981439,7.056743234327715
8.513,of,-0.089359045028687,4.951471944579064,4.900382624543127,8.215178369777469
8.514,witnesses,-8.393214225769043,4.833639408247582,5.055885567652743,10.489850074855458
8.515,that,-2.335744142532349,5.416940352257082,4.992357556145709,11.256564063785060
8.516,the,-1.539993405342102,4.711768186831079,4.488974239936393,14.192605158401618
8.517,various,-8.087654113769531,5.040238580138320,4.645290975758630,15.340543422437241
8.518,researchers,-9.595699168276044,7.794873352613697,8.537624665040891,16.413277785640858
8.519,"interviewed ,",-3.603541029617190,11.359958341911558,10.821368427793580,20.477880084271384
8.520,a,-3.991455078125000,5.394592400575485,4.529926058482277,6.568492307787647
8.521,seemingly,-5.912660832327673,8.712674889135121,8.856324357875469,8.538163254721631
8.522,impressive,-7.866450309753418,3.820682552314176,3.883659950689169,9.701305607064683
8.523,"figure ,",-5.922577500343322,9.158616525726483,9.725853195992027,17.940199290564088
8.524,a,-3.509086132049561,5.955984606651620,5.528870524532065,10.805548966187963
8.525,comparable,-10.525993347167967,6.102692344209750,5.647014570252710,11.561001970662632
8.526,few,-12.501777648925779,5.799917679649202,5.720097287540685,12.203478422897634
8.527,were,-1.234857082366943,4.615520375684387,4.387630408139965,8.043917061818789
8.528,true,-5.011210918426514,4.803879346746379,4.958696181785498,10.014927341672335
8.529,`` witnesses '',-29.226765587920454,28.217425112180294,28.294594083114060,38.598821965533986
8.530,who,-0.102867722511292,5.456267040436146,5.443033250821105,14.744162401211215
8.531,claimed,-5.404645286500454,6.601370358780590,6.623691623411168,17.761797116511719
8.532,to,-0.014562393538654,4.289540502710385,4.420311243744719,20.781467920007991
8.533,have,-0.879600405693054,3.750143526527301,3.937666266838631,22.812897440060393
8.534,actually,-3.189752817151657,7.467585443500695,8.131338901963867,24.834665732731629
8.535,seen,-4.477108478546143,9.552940412091756,9.839424470333466,26.753913692069787
8.536,debris,-13.928145095705984,8.467378996586852,9.719438506490643,28.520825344628765
8.537,or,-6.919581413269043,5.351384257704232,5.598752001386309,29.307990973242674
8.538,aliens .,-32.562577247619629,19.092422978220462,20.534680757612801,61.551906695134768
8.539,Most,-6.198147773742676,6.671027868781670,6.779930375532258,3.567657776837912
8.540,of,-0.008531787432730,4.117080161185984,4.598563942489947,6.200993653510180
8.541,these,-2.909445762634277,5.773293581732714,6.019404626380694,8.274169845301854
8.542,so-called,-6.971069587511010,14.132220755707614,15.678125170712581,9.303905615383481
8.543,witnesses,-10.519166946411133,4.506933379028800,4.860681019125692,10.277494350585672
8.544,were,-15.598966598510742,4.967753933397633,5.300967809247597,11.244377004867003
8.545,repeating,-14.623806953430176,10.406387377979151,11.169468196995703,12.014766387278163
8.546,the,-11.219728469848633,5.076212501407861,5.368755740949485,4.963344972893728
8.547,claims,-10.313034057617188,4.530323436427248,4.488338277792439,6.005496440675478
8.548,of,-12.189723014831545,5.801147668859004,5.893414251061922,7.009262492016579
8.549,"others ,",-15.986884593963623,9.483451596115167,9.944147469491799,22.288114870528368
8.550,and,-10.661309242248537,4.381014426291634,4.414057460031507,12.329621368592438
8.551,their,-2.324398040771484,5.763399056217140,5.505310648188806,15.271670834839142
8.552,testimony,-10.760169982910156,4.391751944072261,4.449032026402888,17.344404473802040
8.553,would,-12.308274269104006,5.097513932473628,5.180372044734402,16.195791673422889
8.554,be,-8.112878799438478,4.870400244197088,4.977716155893718,19.058710060520898
8.555,inadmissible,-22.330985743552450,14.546087595064099,16.281290402146947,19.391575852907589
8.556,hearsay,-20.018056869506839,10.380801233423369,11.188728685860989,17.000028749314431
8.557,in,-5.995182991027832,5.221390330093556,5.623276567478703,18.083568543788406
8.558,an,-9.087889671325684,5.257151388480387,5.309218401963730,21.594965868992855
8.559,American,-8.839588165283203,5.554926697311156,5.590734509413533,22.612277170816732
8.560,court .,-20.026466846466064,13.586379056516241,14.523293349404012,47.930096650190201
8.561,As,-1.950689911842346,5.687655228447203,5.298336359404333,3.085113780770548
8.562,for,-0.762892782688141,4.195245144373875,3.792964055052087,5.063070905736895
8.563,the,-1.481066226959228,3.770911107100992,3.736910388286491,7.532659155008655
8.564,several,-9.563990592956543,4.341205452462943,4.057728228088134,8.810702901093897
8.565,accounts,-8.452601432800293,4.651698062959750,4.519646970415637,9.632230184689693
8.566,from,-4.558318138122559,4.376789204218463,4.104418045360199,10.380242961046397
8.567,those,-5.917146155814407,14.557879395919000,14.578741676137025,12.445466848090312
8.568,who,-1.071932435035706,4.710247462927477,4.537951919383547,16.103188094123510
8.569,claimed,-5.874501392245293,6.210715757428352,6.438908737118022,19.101194314926428
8.570,to,-0.015714734792709,4.467516180379316,4.606765795797807,22.113857253464889
8.571,have,-0.311639010906219,3.871902082595347,3.968960881584988,24.116381418425146
8.572,seen,-5.993157386779785,8.419344040273389,8.738639755312223,26.118178819618574
8.573,"aliens ,",-11.454343926161528,16.332397291081701,17.022126709576959,32.486159705412568
8.574,critics,-7.792054176330566,4.876428915236164,5.010748841884757,6.238472026492282
8.575,identified,-5.037598074530251,9.256182749650156,9.977585431019110,8.242030574664259
8.576,a,-2.360912561416626,5.016127296438403,4.833366726014832,11.027383141890374
8.577,variety,-3.667442321777344,4.261828709896505,4.408460230029086,12.067246235462241
8.578,of,-0.022476680576801,4.033446870834652,4.209598852582974,13.090122227765296
8.579,problems,-3.438395738601685,4.111933075402152,4.322952626137408,15.399540330685149
8.580,with,-0.921929717063904,4.082323011411839,4.208281167700249,17.706741833345390
8.581,them .,-4.849273223608179,12.533612607149808,13.985416551273163,28.939903314095915
8.582,These,-5.444258213043213,6.666720486998164,6.513188808830719,3.247405957614314
8.583,problems,-5.161533355712892,4.991797315904973,4.260222202230553,4.165158747942933
8.584,ranged,-8.188019752502441,9.197028462929742,9.990244320254854,5.083983462534911
8.585,from,-0.028375819325447,5.219774713603671,5.060008761816209,8.071637058140452
8.586,the,-1.927431702613830,5.450507010437887,5.742646301668849,10.912857067310403
8.587,reliability,-8.208841085433960,12.176507675336234,12.816214483700250,11.973367253673857
8.588,of,-0.006718309130520,4.353463432010218,4.481167395096369,12.977620480221276
8.589,second-hand,-13.392264157533646,12.356780658674481,15.089513273063801,15.224717432118290
8.590,"accounts ,",-16.797916412353516,8.877006331773362,9.376105398907367,33.504534558735088
8.591,to,-8.067576408386230,4.546837010556953,4.807211978234077,18.116045227430625
8.592,serious,-16.289976119995114,5.437231082031298,5.628487013655183,14.352481377637975
8.593,credibility,-18.193382263183594,4.878056510975221,5.166334830946465,11.384633933515511
8.594,problems,-6.758398532867433,4.605697374678346,4.595250504673473,12.005538463005214
8.595,with,-18.149238586425781,4.740682365925948,4.999727801974966,14.298907930217140
8.596,witnesses,-9.747445106506348,3.893666802694637,4.027019621018203,15.447802902464867
8.597,making,-15.898584365844727,4.281286317264541,4.541676079681106,15.113216873683958
8.598,demonstrably,-17.157348990440369,8.161982343471250,9.006512969071359,18.534430825421428
8.599,false,-9.484530448913574,5.496885757237806,5.389167972031994,19.000018068527645
8.600,or,-8.520225524902344,4.933951809470346,5.860363458118665,21.026866608738302
8.601,internally-inconsistent,-42.316150814294808,29.371519058763948,33.796337395282130,22.029504599464044
8.602,"claims ,",-25.215284347534180,9.753113619145875,10.094024936118561,51.047985527250191
8.603,to,-9.737487792968750,4.308581731687953,5.246397451396077,27.014455926537629
8.604,dubious,-12.122498512268065,4.513942312513032,4.308003175891845,28.003535403328232
8.605,death-bed,-22.660185813903809,12.380654190287352,13.831502570076788,29.003732035333144
8.606,`` confessions '',-29.473626582413999,33.610454800728675,35.235102187371034,93.023893474962932
8.607,or,-6.398478507995605,4.214487269929832,4.258013597641540,28.176762527774947
8.608,accounts,-11.576526641845705,4.093575104244760,4.422484463969262,28.519938782897171
8.609,from,-11.207621574401855,3.700488934515564,3.720590192305936,29.052521334028594
8.610,elderly,-16.675689697265625,4.957108309597078,4.815412632148306,30.832047645490039
8.611,or,-3.974411010742188,5.244190799446628,5.546664994819240,31.894594355917210
8.612,easily,-13.504016935825348,9.387357519393273,9.717394556503349,32.974269765327804
8.613,confused,-11.515996932983398,3.789340834212053,3.822064099773452,33.999603184726929
8.614,witnesses .,-19.534729480743408,12.786047758985632,13.362855788635656,70.399319003063738
8.615,A,-3.861002445220947,6.184483090000588,6.580385323331305,3.638898389652430
8.616,basic,-8.645760536193848,5.458657327071893,6.098510359444325,4.709713808371798
8.617,problem,-2.308972120285034,5.447691234929046,5.888298411332675,5.611315055666804
8.618,with,-1.172314167022705,4.620903168216548,4.615817889759950,6.197678018885164
8.619,all,-4.768803596496582,5.036381376066962,5.248698524290384,8.401872016388532
8.620,the,-2.428807020187378,5.329160355133805,5.255474238799956,9.701313545539833
8.621,witness,-10.893108367919922,4.305837193720177,4.890248883185818,10.000588289405504
8.622,"accounts ,",-8.884085358120501,9.211189019429590,9.139059548323809,15.807976430974099
8.623,according,-0.477304339408875,4.650241128289268,5.277699098843291,6.012381920024268
8.624,to,-0.000486493954668,4.536769081966151,4.648357955610106,8.012793808103348
8.625,the,-1.767663359642029,5.049528039189337,4.880465903465977,10.433871123961783
8.626,"critics ,",-7.727053449605592,9.671547417210821,10.430981486021334,18.552166061958189
8.627,is,-0.153271511197090,3.975391697084282,4.049609883785616,8.979581074913263
8.628,that,-0.183262214064598,4.274354383165528,4.300858877845412,11.007764785788737
8.629,they,-2.224740028381348,5.412437016910727,5.650695087232094,14.038383610463082
8.630,all,-0.609672009944916,4.268073776916948,4.113301641606204,16.775607733356754
8.631,came,-6.434975385665894,7.443364606924593,7.216619878514153,16.135146720213385
8.632,a,-2.926319122314453,4.221171837302296,4.680814664137412,18.618769773474924
8.633,minimum,-6.141087532043457,5.097526902641495,5.088086777068723,19.682524875689321
8.634,of,-0.018489275127649,3.714525249139813,3.775607236198134,21.041431990078834
8.635,thirty-one,-19.274184353649613,23.256466568994146,24.279100346332449,23.081674443994228
8.636,years,-0.943278670310974,5.025765755689394,4.965049487098501,24.085848576541792
8.637,after,-14.053407669067385,4.600945147808313,5.311614002167160,25.048641425344332
8.638,the,-6.927977561950684,5.415577526837271,5.209582131711120,26.042617828069211
8.639,events,-9.473046302795410,4.145105404324974,4.373864802686096,27.051044697138451
8.640,in,-1.308453083038330,3.602814638050370,3.967565460768377,20.610773765036978
8.641,"question ,",-20.399668693542480,8.844361423945221,9.647778771228852,53.368761370152555
8.642,and,-10.644265174865724,4.726118399293101,4.991366174783715,22.071326805796215
8.643,in,-7.977796077728271,3.866059887617518,4.256783154409076,23.004022728810927
8.644,many,-15.617625236511230,4.342092585492534,4.103293687037708,25.004482347259199
8.645,cases,-4.745500284479932,7.966752182818775,8.320681294250519,26.008820427551878
8.646,were,-10.585750579833984,4.729068370734461,4.787374060130079,28.600260524853702
8.647,recounted,-15.893917083740234,10.432687290386513,10.797130296738622,30.873257306088863
8.648,more,-10.203582763671877,5.159805819985435,5.523346371853844,31.895046923610803
8.649,than,-7.100073814392090,5.423075931285569,5.645031300559688,29.036739506967159
8.650,forty,-14.237957954406738,9.952498953889840,11.033683320060334,30.020344526125825
8.651,years,-9.183622360229492,4.851669768171544,5.121803849372814,31.009625132207773
8.652,after,-5.877886295318604,5.338590202113559,5.705734550649263,33.013511498574083
8.653,the,-7.491188049316406,4.912287513285347,4.657818295868196,34.006963243790807
8.654,fact .,-19.473485946655273,13.360667981742546,14.130805371621161,71.003962285940659
8.655,Not,-3.963173866271973,6.223664720596488,6.406137229438666,2.838731762004396
8.656,only,-0.006261967122555,6.865531844220540,6.146570083253976,3.996276985028330
8.657,are,-2.036093711853028,5.386309809986417,5.007692197826782,5.027465771217642
8.658,memories,-10.100223644170910,9.070437393097444,9.984938127255269,7.816090806487478
8.659,this,-4.289546012878418,5.287883280345527,5.610005077319165,9.280947832165660
8.660,old,-6.808195352554321,9.164073822672551,9.107138210544301,10.070670639715811
8.661,of,-0.255492269992828,4.894514904365166,5.309443085449711,11.594979100186059
8.662,dubious,-8.994918823242188,4.975263897299450,4.963200253286646,14.186130479252670
8.663,"reliability ,",-8.011589884757996,16.268732654025385,16.687204559225439,21.594907474022172
8.664,they,-0.808598279953003,5.089061731119327,5.014596376222745,9.027202556592034
8.665,were,-3.709403753280640,5.198762284612288,5.147919743223657,11.011494661834114
8.666,also,-1.938140034675598,4.460317295426814,4.644608760285912,12.984477930607580
8.667,subject,-6.634787559509277,5.430190025165487,5.969002408863479,15.078111397240665
8.668,to,-0.024920282885432,4.492110688960153,4.796864234363175,17.018578765066938
8.669,contamination,-11.940459966659546,12.185979480010493,12.693213280953549,19.512976740488668
8.670,from,-2.185367107391357,4.384718241826786,4.575966250111512,21.967581933292237
8.671,other,-4.194585800170898,5.093801172254440,5.038961165432278,24.408927174978448
8.672,accounts,-10.901133537292480,3.723849175451695,4.310228937279569,25.344017798724984
8.673,the,-2.353528261184692,4.435387786521244,4.379337293354161,27.003935689478158
8.674,witnesses,-9.245920181274414,4.516496708884053,4.824259167730711,29.811955853183971
8.675,may,-5.764273643493652,4.560517990511250,4.693784170927142,30.878275199389783
8.676,have,-0.270071417093277,4.301108945786869,4.448112824372044,32.873986734848735
8.677,been,-2.069704532623291,5.873287736151055,5.956248463608916,34.879057215032645
8.678,exposed,-2.860711008310318,8.234677531894112,8.689111393210178,36.970683634725212
8.679,to .,-0.162220779340714,13.370489700658373,12.660620393985557,47.980638058750849
8.680,Though,-3.229653835296631,5.764762319226234,5.134750020125445,3.065993209125363
8.681,there,-4.064540863037108,6.112214977116334,6.765474803184787,6.085877887133348
8.682,had,-5.069231986999512,4.345246560380755,4.067773288750528,8.100031333776183
8.683,always,-2.327795505523682,4.606625566976158,4.374315737120745,10.085435646938024
8.684,been,-0.004132778849453,5.132304935765066,5.027473361143744,12.084702246770419
8.685,skeptics,-12.463174819946287,6.754122163705727,7.310837435257793,14.792228715159009
8.686,who,-0.036775387823582,5.387991484549365,5.650427023617032,18.027590153828388
8.687,had,-2.283350229263306,3.267063347479192,3.251622907826870,21.039930228717047
8.688,many,-7.531798362731934,5.259232608250622,5.291781531352322,23.692071037346608
8.689,objections,-5.910519675584509,7.019956684332845,7.869856202956633,24.650243952119897
8.690,to,-0.033318247646093,4.453333802141819,4.420453718735001,26.026630932655529
8.691,the,-1.102422714233398,5.364858419700928,5.605343318702297,28.309992510584454
8.692,plausibility,-15.020467713475227,19.620908441356427,21.903274666764347,29.473026367591782
8.693,of,-12.471993446350098,5.099409684754677,5.574807370959200,30.189588136517919
8.694,these,-8.883688926696777,4.557752848809212,4.653527561725856,31.314138478515748
8.695,"accounts ,",-20.892878532409668,7.517537799961498,7.860885947185928,62.227460417205918
8.696,it,-7.930533409118652,3.760399549937237,4.427317795247110,33.249146382764856
8.697,was,-16.858695983886722,3.955039889557263,4.450640267118548,34.106588644512122
8.698,not,-14.451916694641113,4.291526812786072,4.248107066354575,31.198601928337716
8.699,until,-11.453433990478516,6.176651706890254,6.098470422938638,6.202790335494747
8.700,the,-11.541834831237793,5.331070054804875,5.056705336952033,8.036279863581182
8.701,mid,-8.919744491577148,6.022584844958312,6.607585011382763,9.074489394636688
8.702,nineteen,-21.706493377685547,10.589397632159773,10.488304678283759,10.000002186671287
8.703,nineties,-15.922846794128418,10.289499281679706,10.115880888850935,13.299532490048540
8.704,that,-10.952083587646484,5.574716326303627,5.506266261168212,14.241967122805047
8.705,a,-7.299517154693604,4.544647715835316,4.975290154772884,15.291471211104055
8.706,strong,-10.845411300659180,4.890030715809491,5.264670961884795,16.251009170914465
8.707,counter-argument,-25.025449573993683,28.990338551985520,31.749296243293038,17.473274546287307
8.708,to,-9.739271163940430,5.987085444297249,6.334386060297938,18.322876855461672
8.709,the,-5.926513671875000,5.514294149814584,5.640566055139010,19.290789419507465
8.710,presence,-11.627875328063965,5.220272931101516,5.195353572371388,20.397816535188376
8.711,of,-11.339339256286619,5.872907411763297,5.788262036860387,21.271705026578637
8.712,aliens,-24.282516166567802,12.347231607016866,11.848772478048373,15.693420928634019
8.713,was,-11.432707786560060,4.822511778033875,5.526649262635901,17.785876200347346
8.714,widely,-10.979380607604980,5.192226528910020,4.984217471878173,20.223416870687394
8.715,publicized .,-15.718043055676389,16.501189488919724,16.950144790211169,43.961325647449740
8.716,The,-1.648221969604492,6.746959719648657,6.992360907198334,3.456291647660295
8.717,General,-7.883089065551758,6.269287455995243,6.356857216101361,4.424482549232187
8.718,Accounting,-0.848010659217834,5.482819688592937,5.555693947639692,5.288006770332616
8.719,Office,-0.000235649000388,6.030605461802084,6.314627393338625,6.287958748514304
8.720,launched,-7.658971188073338,9.786406461831668,9.931023689394767,5.106995689931925
8.721,an,-1.728996753692627,6.095225524420728,5.732683739060308,7.961276482766563
8.722,inquiry,-2.048913200793322,9.336911132386494,10.258871496221696,8.962062404356882
8.723,and,-0.302338659763336,4.996633575586871,5.159205714031571,7.245461782528772
8.724,directed,-6.835087299346924,4.308007543003929,5.341435573010009,9.009610044585598
8.725,the,-0.871002197265625,5.289409823390921,5.212516690870874,11.212310348520845
8.726,Office,-3.183257579803467,4.173832326786795,4.928320045805363,13.063901273145401
8.727,of,-0.007649179082364,4.199872125704347,4.532858087422447,14.096151074302144
8.728,the,-0.715187966823578,5.743973140070546,5.490254379987691,16.714052483321911
8.729,Secretary,-7.587722778320312,4.651157669051122,5.101641713159577,18.084928349227010
8.730,of,-0.002019034698606,4.456948713998677,4.259913791561436,19.195142354756285
8.731,the,-6.348442077636719,5.443543546945671,5.478643417630110,21.420559591143331
8.732,Air,-4.490290641784668,5.608416050961903,6.208462806922758,22.350179934539309
8.733,Force,-0.344233214855194,5.002835046282537,5.531737736937382,23.364815163679090
8.734,to,-0.009590031579137,4.841201291036446,4.947894032450670,13.984126043609679
8.735,conduct,-4.007232666015625,3.568024293212183,3.922868163065526,15.991727096520348
8.736,an,-2.625569105148315,5.656505155991279,5.462329955525784,18.654573444277890
8.737,internal,-2.074874639511108,5.825885307502962,5.823670922130488,19.682459265977400
8.738,investigation .,-0.413864655523866,14.905587998377866,15.454311966000686,26.667032832294396
8.739,The,-1.648221969604492,6.746959719648657,6.992360907198334,3.456291647660295
8.740,result,-5.768030643463135,4.682938897688022,5.704792864124595,4.128678802316589
8.741,was,-1.422314405441284,3.693988735796358,3.578144114592378,5.078738448812357
8.742,summarized,-15.649431347846985,9.423427117861424,9.613605915104834,7.103093557025240
8.743,in,-7.744699001312256,4.824372793516186,5.503078688546461,8.196794483229805
8.744,two,-13.125565528869627,4.639748112705927,4.547481128374022,9.242810988369509
8.745,reports .,-23.165553569793701,12.800321841759450,13.072099864169143,25.217121956301561
8.746,The,-1.648221969604492,6.746959719648657,6.992360907198334,3.456291647660295
8.747,"first ,",-6.890191078186035,10.481919784622047,10.591525197735850,9.702503731331465
8.748,released,-5.035347819306934,11.431823459134824,10.887330946681406,7.057803581259907
8.749,in,-1.188960909843445,3.573864491896491,4.048559169019487,9.059150515837253
8.750,nineteen,-18.415028095245358,10.137579842308261,10.558271008279721,11.040666212166462
8.751,"ninety-five ,",-36.530910730361938,27.261790455134751,28.285239502717431,25.266416201043842
8.752,concluded,-14.045296907424927,10.546260842005008,11.116480747351797,14.160723379788516
8.753,that,-11.771903038024902,5.944330706385625,6.085181890563033,15.136103810137515
8.754,the,-8.212577819824219,5.598806939125129,6.134837713981181,16.157993126111734
8.755,reported,-9.784284591674805,6.338744576209294,6.404456919395645,17.189764618944359
8.756,recovered,-12.404623985290527,6.638555111088770,6.695906131449844,18.413819205550851
8.757,material,-8.379193305969237,5.947058619708662,6.357907835320089,19.319405522630657
8.758,in,-9.051989555358887,4.616454369311701,4.901525193508158,13.936118934485831
8.759,nineteen,-23.714749336242679,9.464257132796233,8.679016090627117,13.986084800636695
8.760,forty-seven,-28.058566093444824,23.764969414506695,25.224125766982230,7.000202185048531
8.761,was,-10.527048110961914,5.113857195263491,5.808755227588142,10.081847854543476
8.762,likely,-13.913035571575165,11.372145928117735,11.639029241767100,11.069103686169839
8.763,debris,-9.499434374272825,8.966210842184049,9.688638687271249,12.000000000479323
8.764,from,-14.636783599853516,5.248118400515629,5.719473838734326,13.000000000233513
8.765,a,-9.943565368652344,4.937917531166264,5.356503509743883,14.954385462028586
8.766,secret,-12.367647171020508,5.008897743319229,5.148180942625835,13.094250767116881
8.767,government,-8.397974014282228,4.987765201382837,5.118685533886137,14.174738103534406
8.768,program,-8.814848899841309,5.118781114669710,5.324819761103535,15.135886012429660
8.769,called,-16.681991338729858,9.710596205260412,10.006097008240543,16.396780117591732
8.770,Project,-11.147913932800293,3.640035773634510,4.099563345078488,22.372007277197564
8.771,"Mogul ,",-24.453107833862301,11.681449974791720,11.884140729338583,47.350084212117977
8.772,which,-10.622820854187012,4.707205969077551,4.874040149676778,25.218041576712388
8.773,involved,-9.207856655120850,7.542972518671032,7.860424076079497,25.566628695363860
8.774,high,-7.244754314422607,5.246535049183438,5.208391471253061,28.980350605979112
8.775,altitude,-9.664763212203981,9.614847011072472,9.574608185583012,29.999999589920076
8.776,balloons,-9.796281099319456,8.954923152812508,8.882483959105757,30.999999999883023
8.777,meant,-17.420185089111328,4.248786017860159,4.131224806579040,21.014043973185441
8.778,to,-6.979184150695801,5.012102500310905,5.544451975484577,24.163618138521905
8.779,detect,-11.246433258056641,3.589371610540728,3.383829001746921,25.129816387029031
8.780,sound,-11.175250053405762,4.212834742303381,4.261716383806395,26.154838983098699
8.781,waves,-5.183370683342218,7.242185863301276,7.401036501280719,27.152588258744640
8.782,generated,-6.445285283029079,7.186499604159121,7.430921803501572,26.980161971055363
8.783,by,-9.520095825195312,4.572307949433133,4.706844572946331,28.004161460333194
8.784,Soviet,-10.870197296142578,5.596237292374336,5.476828008543913,31.299793588974630
8.785,atomic,-7.117178201675415,8.907487821869632,9.728844251216337,32.243876295801151
8.786,bomb,-2.837642669677734,5.202151775396701,5.710707656851906,33.222859962969373
8.787,tests,-19.249807357788086,8.370458046957026,9.107909786413613,33.999995639823261
8.788,and,-17.098903656005859,4.861604813167490,5.056360861467787,29.117394242141248
8.789,ballistic,-13.721100330352785,6.297896326304853,6.428354027791556,32.149998984885762
8.790,missiles .,-19.050666332244873,11.037532650404037,12.490078382912985,69.529315738020742
8.791,The,-1.648221969604492,6.746959719648657,6.992360907198334,3.456291647660295
8.792,second,-6.312047004699707,5.816168943752626,6.149976521765435,4.514236270914178
8.793,"report ,",-6.742331147193910,9.548375280864505,10.315065560319738,10.437337978094995
8.794,released,-1.096047401426972,11.411571462964616,11.256812080837381,7.067562732275597
8.795,two,-1.248967885971069,5.353593843304020,5.389947370509390,10.083461262306006
8.796,years,-4.753333568572998,3.750690765263542,4.055767831543319,11.069860588996901
8.797,"later ,",-3.513041808822891,10.645644578796993,10.735226576435547,19.142593164642580
8.798,in,-0.536360442638397,3.870736689550162,4.175704840504729,9.758193556722217
8.799,nineteen,-19.872556686401367,10.196824100498123,10.173207764264578,11.736462124810613
8.800,"ninety-seven ,",-32.853540420532227,31.725322348883942,33.564238568506440,25.310135059270515
8.801,concluded,-13.392766714096069,10.752650581237251,11.155874068947911,13.534911087310133
8.802,that,-11.621291160583494,5.715715127606069,5.811571287968931,14.588382463671209
8.803,reports,-8.664572715759277,4.405560087953067,4.697842516648488,15.039085328249145
8.804,of,-17.102777481079098,5.563196678275497,5.661901164337852,15.725616236767651
8.805,recovered,-13.806822776794435,5.739894674001344,5.754759677706724,15.614468215703168
8.806,alien,-13.573477506637573,9.851832952862742,9.958680236045256,17.160349123886746
8.807,bodies,-17.739891469478611,15.664615403422211,15.972490479658509,23.757617576770425
8.808,were,-1.737300634384155,5.750168680157895,5.628802488952612,6.418167642361301
8.809,likely,-17.987309455871582,9.963715763909994,10.087486611568510,8.066099313591398
8.810,a,-3.193070173263550,5.368806981309018,4.956255189450545,10.378185344098355
8.811,combination,-17.228500366210938,5.408116202587094,5.468024310567597,12.013774377661019
8.812,of,-10.986162185668944,5.119639849722518,5.431326203653681,13.001672127648936
8.813,innocently,-21.886812210083008,10.701835290753101,11.318360310112686,16.642714059807478
8.814,transformed,-11.429619580507278,9.345271294704009,9.660346655390759,17.907213874787953
8.815,memories,-9.392807211261244,8.564316068833628,9.133694465969731,18.912684963271307
8.816,of,-11.186056137084961,4.834204010940336,5.108713489950827,16.629796033108573
8.817,military,-9.949461936950684,5.778693124555620,5.766233424765929,13.288611085779516
8.818,accidents,-9.449103072285652,8.266426313096273,8.738354470204657,16.000021350302902
8.819,involving,-16.311879612505436,9.586518868559811,10.187422738005095,17.000031894724728
8.820,injured,-15.614928215742113,9.475583767581217,9.704809606246940,18.006391485571786
8.821,or,-8.613621711730957,5.155273183343126,6.164154588728232,21.030947058560677
8.822,killed,-8.123153686523438,3.839966133625592,4.379055988896687,22.000021416520120
8.823,"personnel ,",-21.776957511901855,9.601637618282696,10.444819385389017,49.002304976089157
8.824,innocently,-22.795416831970211,9.630875295003793,10.375719426950411,20.125936546069280
8.825,transformed,-15.386331543326378,9.054427132637784,10.032256927642543,22.357432372962609
8.826,memories,-10.194297321839258,6.750782578922108,7.402836147473524,22.961930751523489
8.827,of,-8.058103561401367,3.918758814484558,4.214377917211069,28.999720195351010
8.828,the,-1.777769804000854,5.261939618623473,5.337125977547479,30.999841755174799
8.829,recovery,-9.752885818481444,4.474725172636795,4.782231486869990,31.999814403688397
8.830,of,-12.210729598999025,4.555181583358666,5.120334656648707,32.999799187255675
8.831,anthropomorphic,-22.157232701778408,21.209911286370325,23.553447538762260,34.010889731182900
8.832,dummies,-33.755569092929356,7.370296699262288,7.763554344751380,23.482814244767990
8.833,in,-9.933096885681152,4.538244161165913,5.092477091544423,26.555104031207513
8.834,military,-11.156376838684082,4.300885964227144,4.527640320160058,26.634720289881898
8.835,programs,-12.321842193603516,3.699925252281739,3.913296004918970,32.981016739919767
8.836,US,-12.588994979858398,4.883405694133051,5.258240484569018,29.702041032018531
8.837,conducted,-14.638072729110718,6.986044593881067,6.908290035134130,26.375385966487645
8.838,in,-8.002469062805176,5.504436403933314,6.035681016482321,29.312967038096961
8.839,the,-11.578786849975586,3.761880387057225,3.646351931227416,30.449657334508931
8.840,nineteen,-24.705510139465328,7.428059859044170,7.251406856992910,30.615870516816130
8.841,"fifties ,",-21.526489019393917,22.091306981739670,22.446789445819483,65.006317302513537
8.842,and,-5.202760696411133,4.915784697442799,5.128713211788894,34.001625918404969
8.843,hoaxes,-11.757258101599293,8.276285296553038,8.818900009857931,35.004316292486727
8.844,that,-15.386679649353027,5.605594713623427,5.650991050108843,36.001123488006051
8.845,various,-10.650176048278807,5.624013563677603,5.562487628097553,37.000833430802714
8.846,witnesses,-10.414072036743164,4.486211203246726,4.746542902875250,40.015704621995546
8.847,and,-4.372719764709474,5.531270680378517,5.541494704688561,41.063178939424965
8.848,UFO,-17.511133193969727,10.367915537193971,11.166002159749699,42.117034717354045
8.849,proponents,-18.853691697120670,8.140923245551893,8.621203471131535,29.145752578857003
8.850,perpetrated .,-26.225248932838440,15.604728385779588,17.709085414548682,68.330545014967043
8.851,The,-1.648221969604492,6.746959719648657,6.992360907198334,3.456291647660295
8.852,psychological,-10.506505012512207,4.991978716017075,5.473529687474212,4.958068109477684
8.853,effects,-3.530038356781006,4.973936808650532,5.128276519866295,6.052738399143190
8.854,of,-0.062508314847946,4.767015467017483,4.997342621642924,6.296044999098475
8.855,time,-9.006700515747070,4.726967829438679,5.562748645023135,8.389543126404400
8.856,compression,-21.941014289855961,8.390416932263951,8.449018827832447,9.317798606393886
8.857,and,-3.705800294876098,5.367897858860243,5.677557855108239,10.244605394909662
8.858,confusion,-6.304908752441406,4.002539682086613,3.870786588134453,11.181772328006804
8.859,about,-11.634716033935547,4.952495953162863,5.643788632333881,9.528532379209976
8.860,when,-14.359885215759276,4.783181105125910,5.760356422021986,12.505034441075251
8.861,events,-15.657787322998047,3.877277509644966,3.954921810632413,14.113953670744653
8.862,occurred,-18.065678238868717,9.958572758860416,10.369641826333096,17.362084358697210
8.863,explained,-13.998423814773560,9.870966204556767,10.858141658387748,21.145645830660595
8.864,the,-10.506496429443359,3.563793413247055,3.780592202884804,22.981317955210677
8.865,discrepancy,-19.265858173370358,7.226169302301060,7.228076790673660,21.546493606952911
8.866,with,-11.542613029479980,4.410352052806629,5.505178716998813,7.308354966335359
8.867,the,-7.264213562011719,4.723988390515172,4.253991161968631,8.199516764920732
8.868,years,-8.329330444335938,4.184923016019772,4.277435269615434,9.202489945849145
8.869,in,-3.499922275543213,4.058886394633420,4.449282418135888,9.192522356857797
8.870,question .,-18.504939079284668,12.924718614827608,13.428509007115963,24.268354726367278
8.871,In,-0.843770027160645,5.225329802897013,4.895953120101177,3.048904857549345
8.872,January,-5.643992424011231,6.367415962362683,6.443337655986468,5.092315511443180
8.873,nineteen,-20.488067626953125,12.144140469729898,12.597273678317313,5.998236588204278
8.874,"ninety-seven ,",-34.243090316653252,31.246527179231101,34.496778784516863,13.173645369809478
8.875,Karl,-12.584633827209473,5.645403509151028,6.539181371228097,7.879732988488718
8.876,"Pflock ,",-21.949051141738892,24.706445211755316,27.260555979534065,19.735182632282068
8.877,one,-9.211377143859863,5.069983917054429,5.000642717774898,11.335916888111074
8.878,of,-7.367496967315674,5.661551167972538,6.126907407573951,12.303685916925625
8.879,the,-5.000776767730713,5.844067617137100,5.949707000657019,13.267165649201667
8.880,more,-11.025613784790039,6.071978243429140,6.125316237343505,14.253224349904945
8.881,prominent,-10.353834152221680,5.757764339468915,5.834278583467811,14.999999998975902
8.882,pro-UFO,-23.166499376297001,19.887630938302898,21.840542314063207,15.999999989828911
8.883,"researchers ,",-16.331434784457088,16.857866287490083,17.360311031262306,34.999999994576740
8.884,"said ,",-21.925133705139160,10.672602999997910,10.847195719798332,26.755919759057186
8.885,`` Based,-25.593559495755471,22.600694883076926,23.578433804843446,32.018746342243560
8.886,on,-6.995469570159912,5.495125558063315,5.793525352182153,19.707254186123290
8.887,my,-9.002748489379883,4.712447642236490,5.004938974615991,20.739765451252673
8.888,research,-8.098545074462889,5.354914922620620,5.546918563554713,21.810561373676311
8.889,and,-4.754896640777588,5.631088704929563,5.605085612803776,22.822957005329329
8.890,that,-9.367819786071776,5.192342043585239,5.134845042045653,23.815071517986077
8.891,of,-11.360575675964355,5.694017268822257,5.713947035678399,24.849965285823675
8.892,"others ,",-19.331560134887695,10.812687516097483,10.723099216883718,52.737695387084614
8.893,I 'm,-27.618211269378662,19.483658506932112,17.889369649208863,20.866319781412539
8.894,as,-9.421928405761721,5.919357786964032,5.982043596771335,8.208232682569719
8.895,certain,-6.257845878601074,5.658206882356152,5.650431523989785,9.250318123936003
8.896,as,-1.216338396072388,4.923615895155223,4.832925593946245,11.000947422449844
8.897,it 's,-20.525590896606445,16.707277209239020,17.117874089360338,28.095157066385724
8.898,possible,-15.437142372131348,4.183122545393585,3.995242175750932,16.004148886328682
8.899,to,-7.559088230133058,4.712415547001943,4.740233270905017,18.003110598429775
8.900,be,-8.309410095214844,4.578941957028137,4.629726266080059,20.016801198021916
8.901,without,-4.558299064636231,8.714521260653429,8.577925585529403,21.896745363123088
8.902,absolute,-8.308485031127930,4.792899202691519,4.909367980604769,24.017422549111728
8.903,"proof ,",-28.104153156280518,13.501991309674615,13.375103181660229,39.247334833797751
8.904,that,-11.962928771972654,5.631530712687240,5.676293330498107,17.453580472420455
8.905,no,-8.264116287231445,5.118856591135950,5.411404533818977,17.686428920453203
8.906,flying,-12.532995462417604,8.527254494420481,8.614653484418209,20.217278108163750
8.907,saucer,-12.905210852622984,13.216453149461920,13.476322188082747,21.441204098887265
8.908,or,-9.774905204772949,4.525341817173757,4.494623843437879,23.498509667962214
8.909,saucers,-15.714500904083252,11.612050802979804,12.092035756896706,25.193749095093153
8.910,crashed,-11.985498189926147,6.086944005747791,6.537323482324796,28.528395761290298
8.911,in,-8.973843574523926,4.126757926670918,4.480944034210776,29.502491847992612
8.912,the,-5.575922489166260,5.322762990775131,5.267806428977824,30.020720534666662
8.913,general,-13.692217826843262,4.818389204989209,4.907792973725837,34.115022384522192
8.914,vicinity,-13.551033347845078,10.783664434087859,11.299929207403395,36.110143221851892
8.915,of,-5.837308406829834,3.641443801447629,3.680045034125477,37.875589066187409
8.916,Roswell,-14.635639667510985,10.133312659640699,11.679621909530516,40.381493534194952
8.917,or,-7.199526309967041,4.999483965829953,5.433158451295408,41.130450325152985
8.918,on,-12.163167953491213,4.416899641837585,4.462279578519842,37.695189512581493
8.919,the,-9.675151824951172,5.122645523822676,5.020192467477833,24.228526797795421
8.920,Plains,-16.216213226318359,3.815951976428587,4.317655957493435,41.689376534599965
8.921,of,-10.182747840881348,4.968486590076051,5.243235647238490,28.001123691537096
8.922,San,-9.685824394226074,4.780461055243537,5.343734770957286,29.000022129391798
8.923,Agustin,-18.725847244262692,8.741736871659626,8.843115984500553,30.000002247766485
8.924,in,-12.990121841430664,4.754923625068696,5.373655995563647,30.999342717506273
8.925,nineteen,-17.429590702056885,8.500244562706055,8.409728751107416,31.999912769946089
8.926,forty-seven . '',-56.384064197540283,46.128073258898169,46.373644874605731,100.073293124560962
8.927,He,-3.132118225097656,6.172610445780090,6.970292006513135,3.087320030454809
8.928,then,-3.207408428192139,5.761574421914598,5.859431612379982,5.060688520315543
8.929,"added ,",-6.296359419822693,9.975803849126958,11.052528704204439,15.173275906433247
8.930,`` The,-3.306571891949716,20.397849039412918,19.854154453920039,21.490410691875887
8.931,debris,-13.330786010250449,7.932918868469741,9.035228261567894,13.315680645626960
8.932,found,-16.133039474487305,5.108217722366341,5.613386437305143,14.383183851797426
8.933,was,-6.950363159179688,3.902490168699717,3.750018853069573,14.030775063316035
8.934,the,-11.106773376464844,5.395208821290723,5.905279051045327,14.964347355273421
8.935,remains,-11.407327204942705,8.535324064187281,8.768523736513844,16.285788677872873
8.936,of,-11.007536888122560,5.185950368716627,5.563262140842676,18.000119028824276
8.937,something,-13.721185684204102,4.608154470076959,4.726262795016054,18.051053163327005
8.938,very,-9.064880371093750,4.770901323707996,4.838727700732943,21.052508476393552
8.939,"earthly ,",-16.656970739364624,13.177679645569420,13.311526892468599,47.011354067197175
8.940,all,-6.759604454040527,5.361624510811656,5.435911904455973,25.000241493587122
8.941,but,-11.521218299865724,5.219073118565813,5.134436718070449,26.927493744642927
8.942,certainly,-11.999784469604492,7.031638003366347,6.967989417112664,20.299557673618526
8.943,something,-16.296323776245114,5.039217595027038,5.266007537428202,25.933580174344808
8.944,from,-6.768180847167969,5.526342308748970,5.556177366203928,25.997511790822038
8.945,the,-1.231218695640564,5.029528974355891,5.026903214269718,28.422368273738225
8.946,Top,-15.195199966430664,4.054207309084403,4.612737834747273,31.000021651941953
8.947,Secret,-11.066298484802246,3.049771305301491,3.718722663603990,34.427965646614126
8.948,Project,-12.774348258972168,3.132273989016912,3.837008772162653,36.336871554513685
8.949,Mogul . '',-43.110145926475525,25.808903269414206,26.137337023055707,114.811482936266671
8.950,Although,-2.279837488149496,12.132324374195210,12.065867637200654,3.068730277400624
8.951,most,-4.462477684020996,6.082930189942492,5.829066032752343,6.420377243709493
8.952,now,-1.903346419334412,5.845395302624109,5.913501276956818,8.035963340604718
8.953,agree,-3.323665618896484,3.832234584004953,3.786109948543432,10.051839386874905
8.954,with,-0.588071644306183,4.293709999900149,4.383830740385251,12.080710526560431
8.955,this,-4.229416847229004,5.008128171340578,5.167986712087517,14.171842465097141
8.956,"conclusion ,",-4.743090514093637,9.314021919440691,9.539770351824369,19.230663763767293
8.957,each,-7.150098323822021,11.316853937552409,10.800829591039689,6.316296062052170
8.958,"year ,",-8.833826065063477,12.476010331441294,12.512478545610326,14.691896555225851
8.959,during,-5.670245885848999,8.752317612203804,8.720189796343208,9.710495272466616
8.960,July,-8.952839851379395,5.963057090881089,6.198219159135102,11.401911271113114
8.961,Fourth,-11.362264633178713,4.582031016639969,5.194054059307312,12.334226719151614
8.962,"weekend ,",-8.958198904991150,9.711861571147477,10.179694093402208,23.715938552437485
8.963,the,-1.413664817810059,5.491712990470333,5.035160826629910,12.487663117088461
8.964,City,-9.566490173339844,5.106134973322667,5.732939573523892,13.572586313215766
8.965,of,-0.012883874587715,4.095534549980576,4.261424738769387,15.480425189713447
8.966,Roswell,-13.490213036537170,8.970209638751555,10.012738223635539,17.732217111412950
8.967,hosts,-13.759954512119293,9.417881081716708,9.688469061633574,18.425084220386960
8.968,the,-10.617148399353027,5.581175566798977,5.162586605518872,14.713155648825042
8.969,Roswell,-13.178145647048950,11.877413764061689,12.471898731876200,15.393310687792598
8.970,UFO,-13.568544387817385,9.834360827896072,10.119279578723665,17.284258942926034
8.971,Festival,-10.723107337951660,4.436474923337680,4.650440759479091,18.411781701351863
8.972,celebrating,-15.842117309570312,9.865074133462713,10.263130457481124,19.539218456175089
8.973,all,-10.315212249755859,5.418113669717434,6.095503071936838,20.366523606576589
8.974,things,-12.374190330505373,10.056153727563848,10.342459418898292,21.548327795334021
8.975,"UFO ,",-32.084837436676025,15.638471897209946,16.021578425426810,45.028446459110135
8.976,featuring,-10.888018012046814,9.334987912547110,9.671213380857649,23.411198038034662
8.977,prominent,-17.442445755004886,4.931811884747949,5.067246678646145,25.049703918223834
8.978,UFOlogists,-29.952267169952393,18.880579264225023,19.770949712534613,23.776869095467010
8.979,and,-3.542933702468872,5.958590825265879,5.906705447033019,24.389303219673696
8.980,discussions .,-25.831670165061951,18.494792913904938,19.330520819646296,51.840359270669808
9.1,Tulip,-15.659009335562587,9.575261464011840,11.494343650198305,3.502028729722893
9.2,mania,-11.667565822601318,9.630873374794566,9.694831928503806,4.190833432524562
9.3,was,-13.677577018737793,4.590137627737649,4.935447946236268,5.134785085921816
9.4,a,-9.885391235351562,5.428004863017216,5.377116526486300,5.520917470782694
9.5,period,-10.664544105529783,6.130781607655200,6.282515601537923,7.540048267346537
9.6,in,-8.252539634704590,5.939220621518840,6.281216185920307,5.206687430203315
9.7,the,-1.093391656875610,5.310373735231106,4.984326752331565,7.581929679821483
9.8,Dutch,-9.271868705749512,5.377309174762034,5.498526034939919,8.484178654371206
9.9,Golden,-17.792001724243164,5.300632883154557,5.830391594104992,9.383675411121317
9.10,Age,-9.913626670837402,8.453638590852888,9.484491852599954,11.500701756020273
9.11,during,-13.376065254211426,7.891959480300231,8.965313422251310,12.307831623309244
9.12,which,-10.834523200988770,4.324676645769173,4.643768563305477,13.042911955189028
9.13,contract,-10.401738166809082,4.597117247275413,4.633941032548456,14.050152726085551
9.14,prices,-14.227334022521973,4.520425789109285,4.605750521272854,11.157144298526456
9.15,for,-16.797857284545902,5.474260630232981,5.557350636963442,13.199859789891240
9.16,bulbs,-12.560653135180473,12.798016913755820,12.269068396344339,14.000576117664854
9.17,of,-14.933695793151855,5.179387943258736,5.329247143748765,15.010156100826849
9.18,the,-11.606760025024414,4.696781138839931,4.648899252483352,17.537890821120961
9.19,recently,-12.483258247375488,5.310814425258153,5.234728392980990,21.037287443508308
9.20,introduced,-3.220423933118582,5.932088012707531,6.758383139142084,22.081397919725596
9.21,tulip,-23.808366775512692,4.162135138859508,4.289556297979066,22.351272130053751
9.22,reached,-15.774584770202635,10.145429689255874,10.395769267104468,23.870789238272675
9.23,extraordinarily,-10.654059275984764,9.116327078256015,9.271969750580746,25.676277991096114
9.24,high,-1.966864705085754,3.825022202358052,4.158490764618167,26.845278918986274
9.25,levels,-3.701650865375996,8.661852910252772,8.664118376873473,28.048786742150270
9.26,and,-7.001865386962892,4.972244671940680,5.190925424517419,29.031293995067639
9.27,then,-9.964952468872070,4.894880387744727,4.964705607955093,30.039683108966933
9.28,suddenly,-16.731759548187256,8.372397972401433,8.602129666869498,30.957796191563130
9.29,collapsed .,-21.991261318325996,17.727883724546036,17.776967657779885,37.020857686212018
9.30,At,-2.795293807983398,5.683507995269601,5.158475264470179,3.128890616145403
9.31,the,-1.186583518981934,5.816706730065635,5.626459483153306,5.442040280575061
9.32,peak,-7.581802845001222,5.335409093933826,5.664225747747048,6.881935537265986
9.33,of,-0.037086732685566,4.586860824283968,4.545327098746911,8.102620386364030
9.34,tulip,-15.882616996765135,4.824518542712852,5.260681594136321,10.431873384117656
9.35,mania,-8.198942899703981,8.087579892562966,8.006990223530384,11.356707167215864
9.36,in,-14.089543342590332,4.833042518662074,5.503072247018492,12.344537330485844
9.37,February,-10.705769538879396,4.870530208978293,4.748131290171580,13.251694225293312
9.38,sixteen,-20.448112964630131,9.890516413744203,10.069375969104836,13.506453551961243
9.39,"thirty-seven ,",-40.507674038410187,33.351780763568925,34.459401078193991,25.512897453685447
9.40,tulip,-14.486895561218262,5.131034798219146,5.125691127470409,13.013535743835357
9.41,contracts,-11.624144062399864,7.720653353631972,7.702537703476462,14.089961000058359
9.42,sold,-18.143013000488281,7.140922679000101,6.934278001931157,5.004150701768557
9.43,for,-6.137349128723145,6.256520942748645,6.453004384479136,6.016950060433916
9.44,more,-10.369881629943848,5.917474061683524,5.406735734375993,7.003340667393287
9.45,than,-1.820931673049927,6.098511955911398,6.540719435028956,8.010527439575378
9.46,ten,-18.914230585098267,10.401311376430158,10.485294124174599,11.007700089551678
9.47,times,-4.080521583557129,5.155489921569407,5.239655494689883,11.999999999995095
9.48,the,-7.531820297241211,5.623448371884887,5.604461193082386,12.999999999991493
9.49,annual,-9.347681999206543,5.584282875053941,5.479397773733210,13.999999999973097
9.50,income,-5.297489643096924,5.183466170058359,5.114873581871215,14.999935918257520
9.51,of,-11.941827774047852,5.824103319265776,6.331709184389362,6.541558025158057
9.52,a,-9.241669654846193,3.849677067959152,3.928113835446714,9.036098951282057
9.53,skilled,-16.363075494766235,8.584253737952602,8.638012424255979,11.046299515498342
9.54,craftsman .,-25.468728542327877,11.889191166228258,12.160246499512544,27.237267045855535
9.55,It,-3.482963085174561,6.101511125184504,7.065723445463052,3.253049561235394
9.56,is,-1.824608445167541,4.945679283494729,5.222460864745804,5.128450238226482
9.57,generally,-4.393178582174187,8.081675352016992,8.098301410221133,7.110710037366228
9.58,considered,-3.064154148101806,5.400567593255674,5.345149841302684,9.174492420938314
9.59,the,-1.206950306892395,5.188006553112938,5.304608792230777,13.058884471293291
9.60,first,-3.815706253051758,5.708542143707562,5.359043728836327,14.096819026752264
9.61,recorded,-13.279046058654785,4.565680563935184,4.488052676921387,15.013936762936432
9.62,economic,-5.306965351104736,4.822781365374903,5.252255794072892,16.002022235140686
9.63,bubble .,-25.253154754638672,11.765523990313895,12.658818237213236,35.000089117935076
9.64,The,-1.648221969604492,6.746959719648657,6.992360907198334,3.456291647660295
9.65,"tulip ,",-21.116464614868164,10.477895873767709,11.147986291008330,10.043260955658251
9.66,introduced,-16.969485282897949,9.530394545766633,10.103269939778331,6.677305273835398
9.67,to,-9.074990272521973,5.222024305807173,6.213214683301518,7.432344844240029
9.68,Europe,-13.594769477844238,5.613371384360828,5.649724194602548,7.999983937479872
9.69,in,-1.788233160972595,3.724720784547339,4.087272101806351,9.041979806078581
9.70,the,-1.296767473220825,4.108211243916096,4.318292953343962,11.315139127066828
9.71,mid,-13.924378395080565,5.235067203193069,5.771985533470459,12.579833556470106
9.72,sixteenth,-16.067454457283020,14.785022174381131,15.759186939236507,15.972238851527214
9.73,century,-3.783890247344970,10.272345073438874,10.256045714685722,16.971428360987254
9.74,from,-10.153153419494627,4.673366390995370,5.153695390530290,17.952271400495952
9.75,the,-7.162803173065186,5.442496661199392,6.006617362917344,16.062060253605598
9.76,Ottoman,-9.708600096404552,14.749374624755745,16.675328378904869,17.059299570277222
9.77,"Empire ,",-11.989747285842897,10.754375153672790,10.996862271064222,37.082737837548748
9.78,became,-22.411605834960934,10.025974530312775,10.631938258884082,13.394281231707780
9.79,very,-11.877946853637695,4.992688859220391,5.450282037989004,15.838936624657466
9.80,popular,-6.609088420867920,5.364285701105226,5.310314085330385,16.537187896920386
9.81,in,-7.867682456970215,4.561188588392584,5.345758095889625,17.620166920174011
9.82,the,-8.873397827148438,4.820658708559113,5.060311258870987,18.343326767725447
9.83,United,-4.851702690124512,4.900317540530394,4.860999241894077,19.644403391914192
9.84,"Provinces ,",-18.823515534400940,13.873311462501402,14.027157335669147,28.759100197863809
9.85,which,-13.498198509216307,5.338385459966672,4.879646470265400,5.131740787872556
9.86,we,-9.655661582946776,5.765729598221218,6.358701851736808,7.159567098646692
9.87,now,-13.701753616333008,5.928792707199460,5.604749082000816,8.295350721295440
9.88,know,-11.912556648254395,4.992318794659654,5.090941992782108,9.246830881033613
9.89,as,-8.621084213256836,4.827070434442896,5.130275585652653,11.864680714681690
9.90,the,-6.610265731811523,4.602751726564006,4.514505557778847,12.331628784493773
9.91,Netherlands .,-21.824922084808350,12.884848427934749,13.047692601316037,27.449753368584922
9.92,Tulip,-15.659009335562587,9.575261464011840,11.494343650198305,3.502028729722893
9.93,cultivation,-14.299285452812910,14.342237404738180,14.187023432138519,4.330343873357076
9.94,in,-11.092913627624512,6.047404182417478,6.840304733188377,5.179487265776028
9.95,the,-11.190572738647461,5.801648845560198,5.905550227517708,6.100447677404278
9.96,United,-5.897115707397461,5.253386267356976,5.214652815734096,7.086712881837161
9.97,Provinces,-29.617255687713623,8.867823165377901,9.369494248487054,7.699124792290128
9.98,is,-11.019773483276367,4.550613208641892,5.088785763360264,7.943068683965834
9.99,generally,-14.752789258956909,11.080874155782203,10.938934202290282,8.723651357157859
9.100,thought,-10.375789642333984,6.117821803852128,6.570128717253299,10.324278496019256
9.101,to,-8.052563667297362,6.533097527675581,6.725400539534975,11.212033699518487
9.102,have,-4.639464855194092,5.172802282714162,5.536316837472893,12.247996610268800
9.103,started,-16.734268188476562,10.120130929718917,10.219689568357843,13.345541290772495
9.104,in,-9.755064010620117,5.241920209374200,5.686438976091758,13.896440160457573
9.105,earnest,-7.201050758361816,4.260356484926138,4.430292586900587,6.019455096621665
9.106,around,-11.594219207763672,5.965654827527320,5.816548681059404,7.000055104514398
9.107,fifteen,-23.049206495285034,17.980528043273921,17.915865393567856,12.219357312039346
9.108,"ninety-three ,",-32.225380778312683,25.023007723800756,24.814349127610427,28.009357389967860
9.109,after,-3.473851203918457,4.644763500316410,4.880102796739600,17.000184453062815
9.110,the,-3.661265611648560,4.103733131640681,3.920572138076032,20.464984919060520
9.111,Flemish,-17.523171424865726,7.088336236264176,7.004084134334572,21.998923911662008
9.112,botanist,-13.259502172470093,16.550006192234846,18.045701990985783,22.171382255309680
9.113,Charles,-5.208091735839844,4.854805735664777,5.486788636332157,23.174813385006413
9.114,de,-4.914502382278441,8.149921439231381,8.818688424428444,24.147685361631236
9.115,l'Ecluse,-46.920246720314026,26.275890836437288,29.059636724949712,25.388350908381209
9.116,had,-11.329259872436525,4.797644686072251,5.157209055764644,26.440704540305013
9.117,taken,-16.886926174163822,8.581703459863657,9.089805277106096,27.219712430672146
9.118,up,-12.434249877929688,5.389117343414998,5.578106675471425,28.195929554051474
9.119,a,-14.287005424499512,4.689673199569603,4.952705186119448,28.931093514148635
9.120,post,-11.292248725891113,4.586543957299158,5.091529422168631,21.999939871416998
9.121,at,-10.880291938781738,4.587762034852425,5.455868884944755,25.409586657759551
9.122,the,-10.729456901550293,4.701630442606548,4.634535077479897,26.362060425719157
9.123,University,-9.685209274291992,4.143678354882674,4.325727953851946,28.082621366572212
9.124,of,-7.929738521575928,4.846623963401298,5.163265166841414,29.255365917109877
9.125,Leiden,-21.112916946411133,7.859243190988308,8.441779983216191,29.467467721807370
9.126,and,-5.515522003173828,5.347995589954484,5.462109543965222,30.439173505485702
9.127,established,-10.500070571899414,4.962203889694115,5.093500851935456,31.396958509146945
9.128,a,-8.318135261535645,5.260694746166600,5.670558591548258,32.266458831597902
9.129,botanical,-17.768385231494907,16.757797581020878,18.003089210230147,30.866330199933838
9.130,"garden ,",-14.511384010314943,10.021583741448046,10.386132106294191,64.441934164336743
9.131,which,-12.283214569091795,4.449694421052872,4.899999705983558,33.283438247954081
9.132,is,-9.718212127685547,4.235942275233475,4.880020470941952,34.028666287967376
9.133,famous,-11.613372802734375,5.458126880265867,5.340221830112485,35.254896595510523
9.134,as,-9.758193969726562,5.416026713711202,6.073299980541557,39.743081623394033
9.135,one,-11.465183258056641,3.497040858766833,3.893901002814419,29.025889245999643
9.136,of,-7.199046134948730,3.355749401110777,3.683922701462045,32.002072555673330
9.137,the,-1.200783848762512,4.198406450446642,4.182705960526798,34.963090667570590
9.138,oldest,-6.232655048370361,11.106089200377829,11.061395562608585,35.947049717741287
9.139,in,-2.260526180267334,3.434860646238456,3.796558464374730,36.992416176336519
9.140,the,-0.544733881950378,3.745328785986797,3.680956761272045,39.018412131845686
9.141,world .,-20.691232919692993,12.662067367325196,13.093869395700070,81.053012601333506
9.142,"There ,",-5.415244191884995,11.436849559226008,12.097829754900692,7.288367202618796
9.143,he,-1.744490623474121,5.909749405613816,6.792797815748558,6.370252862337117
9.144,planted,-8.827498435974121,4.271391077004925,4.916981353348332,8.349059362414112
9.145,his,-2.470497608184814,6.013859211182943,5.999206483820875,10.603406237194712
9.146,collection,-7.311900615692139,4.421611706850102,5.234547808299236,11.833064266160509
9.147,of,-0.013463531620800,3.896234827279154,4.724271066937001,13.325520030612529
9.148,tulip,-12.453580856323242,4.698602407530268,5.909587278915801,15.906768330336066
9.149,bulbs,-9.140626925975084,10.830572653532755,11.724072866818956,16.778947320019430
9.150,that,-16.800014495849609,4.595261457726561,5.310616929089617,17.788466834835642
9.151,the,-8.106393814086914,4.215578340315131,4.665802471462918,18.838407677829128
9.152,Emperor 's,-31.686593532562256,16.588756652225960,17.846906521673777,40.254970993883560
9.153,ambassador,-13.977043151855467,3.875593444925852,4.271191826895533,23.170716085831838
9.154,sent,-12.707688331604006,3.651361402853305,4.507074100628252,23.765637503518921
9.155,to,-10.218478202819824,4.915849265101912,5.232095872063011,24.726030194590980
9.156,him,-9.426170349121094,4.438952566741381,4.753176243117194,25.133619922524943
9.157,from,-13.582443237304688,5.342118280076178,5.330979354426313,26.107247876123857
9.158,"Turkey ,",-25.254863739013672,9.117077850549206,9.641506195544533,51.007058603805788
9.159,which,-13.592287063598633,3.660178491873965,3.971712211126385,25.522848379639921
9.160,were,-10.653414726257324,4.463530069639594,4.931630932514798,27.058933111124762
9.161,able,-16.214920043945312,7.572925271085907,7.662459220471669,27.093251884490037
9.162,to,-5.824649810791017,4.284605188462804,4.414705892129627,29.026198323553729
9.163,tolerate,-14.782077789306641,3.956214643785927,4.152402421845746,31.058670692224513
9.164,the,-9.182590484619141,4.662117559335977,4.624717342585044,33.245618033947565
9.165,harsher,-16.811953067779537,6.062380275825957,6.339331855766460,36.999395648336439
9.166,conditions,-16.421641349792480,6.775037421880037,6.866473447640711,26.637691639913864
9.167,of,-13.002154350280762,3.761111495465585,3.718056212357340,42.000007808984215
9.168,the,-7.557593345642090,4.977811902386317,4.812209097531425,44.061495008238325
9.169,northern,-9.141849517822266,4.787323335268697,4.971457696851989,46.196189066565417
9.170,climate .,-26.170070648193359,11.782443279100249,13.141951247015223,97.091873795425954
9.171,It,-3.482963085174561,6.101511125184504,7.065723445463052,3.253049561235394
9.172,was,-2.214092731475830,4.795007407495021,5.060866881278936,5.162978479409592
9.173,shortly,-3.817788989166728,7.537398772077467,7.746305571438394,7.835344398272565
9.174,thereafter,-1.211072798818350,9.827796022336457,10.055172619990119,8.004397502026091
9.175,that,-0.001089932397008,5.635458191369327,5.809910790730072,9.796039901489983
9.176,the,-1.658567428588867,4.850643600192176,4.932566210557439,13.034372944606226
9.177,tulips,-14.042882084846495,6.697233424060688,7.371701201014268,14.112971653553954
9.178,began,-20.856926918029785,9.722267808147881,11.248317912062809,15.342139300792965
9.179,to,-9.812189102172852,5.226129117221031,6.108100045993866,16.352117877119525
9.180,grow,-8.890134811401367,3.688768314173471,3.636861666055061,14.867982963041015
9.181,in,-8.840559959411621,3.299139804001797,3.967057822455901,16.996634907486509
9.182,popularity .,-25.259331703186032,17.826927970627864,18.628886253159379,38.036772907546357
9.183,The,-1.648221969604492,6.746959719648657,6.992360907198334,3.456291647660295
9.184,flower,-11.685236692428589,10.243084779418488,10.162932690728047,4.596324300980785
9.185,rapidly,-9.220609664916992,5.465263679002988,5.708132795639697,5.456129260985620
9.186,became,-3.834900468587875,9.366253065108918,9.539395826375852,6.746431774666503
9.187,a,-1.219424962997436,5.857018835484342,5.739328200711224,9.532899870121589
9.188,coveted,-8.201068755239246,19.460141203625678,21.531679544068350,10.665833597691798
9.189,luxury,-7.360932350158691,4.964115657750503,5.043543887696700,11.574209648065528
9.190,item,-1.998272299766540,8.268754585363554,8.571022527381841,12.500593075762275
9.191,and,-6.425828456878662,4.580844930448563,4.911418044725812,13.382213211725626
9.192,a,-13.090257644653320,4.931371319492864,5.049734635773060,14.224812624901835
9.193,status,-10.565045356750488,4.735706758758459,5.147982590935764,12.977982272179199
9.194,"symbol ,",-11.117003440856934,7.705485850090511,7.951091684301305,30.001960249050413
9.195,and,-4.248516559600830,4.559357089803600,5.091066830869684,16.991217571622901
9.196,a,-8.665247917175293,5.068867840088821,5.304638701458104,17.924221977493428
9.197,profusion,-12.097459316253662,8.561402833715048,8.833884197573523,18.000100946100194
9.198,of,-11.650348663330078,5.209670829879130,5.746034182974764,19.091147520290424
9.199,varieties,-13.351442605257034,8.093088399246612,8.244400700606811,20.175221114141799
9.200,followed .,-24.541441068053246,19.948465917809308,20.647486158664911,40.576536356514922
9.201,They,-4.251524448394775,6.244497321274864,7.038320747247854,3.129683793724233
9.202,were,-3.113256692886353,5.358619323239354,5.167029008958113,5.186904579540005
9.203,classified,-8.235556602478027,5.293476669536424,5.876518971803407,7.088736495668837
9.204,in,-3.878135442733765,3.079221385555058,3.464496590959219,9.078109777628184
9.205,groups :,-15.511859416961670,8.563729641672115,9.088141983712962,24.249455437965239
9.206,one-colored,-18.832348823547363,14.808924965573471,16.401209063768661,16.303669692292129
9.207,tulips,-12.121640771627426,6.886390713799813,7.807217606349299,17.330506088036152
9.208,of,-14.191596031188965,3.966337132702261,4.863586870434619,18.279038615875344
9.209,"red ,",-14.667540311813356,14.795872657248051,14.835038024640783,39.601599968522045
9.210,"yellow ,",-14.630545139312744,7.610955398567778,8.048567709824527,36.447164873913380
9.211,or,-9.232341766357422,3.292298039312136,4.097183594112392,20.490651019221204
9.212,white,-17.796577453613281,3.936500659053030,3.992707872103118,21.483946460303269
9.213,were,-15.689043045043945,3.978027717394228,4.268035274085364,22.470060450593490
9.214,known,-16.225011825561527,7.723853597430812,7.821071237339268,23.215047471858039
9.215,as,-11.974806785583494,4.692893618065579,5.063386521888675,18.788434934726659
9.216,"Couleren ,",-36.488638401031494,15.119897443207931,15.924745422938312,52.534817423174339
9.217,but,-10.741427421569824,4.418901818954541,4.728694672635518,23.999698230153889
9.218,it,-14.337154388427734,3.898341393684629,4.358474270009885,21.171587933295829
9.219,was,-11.218384742736816,4.075193653697599,4.703818735959167,23.289017975500194
9.220,the,-11.872598648071287,4.679332988042413,4.628224652560727,24.233453929206128
9.221,multicolored,-12.416347265243530,8.858556828512722,9.288808647642792,25.200203154149609
9.222,Rosen,-13.677822113037109,4.307757449494094,5.247431568536300,26.186322522309343
9.223,-LRB- red,-20.231171898733010,22.158983833359216,22.350560072450449,54.139482534723726
9.224,or,-12.645369529724119,3.919912063840244,4.592628921621733,29.002195479581882
9.225,pink,-11.350063800811768,10.966120516041274,11.529640822163060,30.927982048191382
9.226,on,-9.755691528320312,4.751901006142409,5.542322052339782,32.828985501868928
9.227,white,-11.156804084777832,5.004874209213633,5.008621188403342,31.835690613963610
9.228,"background -RRB- ,",-33.161685328860585,31.124858840631425,33.189459584332411,101.219336684963594
9.229,Violetten,-25.430331230163571,16.981328841922824,18.988800922646000,35.444717804090722
9.230,-LRB- purple,-17.054075627456768,18.852142536799676,19.416143421862706,72.070047454368762
9.231,or,-7.665502548217773,5.437113289662837,5.681003478363251,40.999986704162701
9.232,lilac,-12.683298230171205,13.600465148319495,14.433423571166500,41.999902779743742
9.233,on,-11.925246238708494,4.521699758910329,4.713947190799146,43.001225677842477
9.234,white,-12.618730545043945,4.445607196833604,4.615219193560169,44.951904022982127
9.235,"background -RRB- ,",-28.020404844545737,31.317883192221792,32.600772246645327,126.938199498754699
9.236,"and ,",-11.919004440307617,7.412835739853817,7.216752182152710,60.772048090024533
9.237,to,-8.101939201354980,4.385082212161791,5.046786502725515,36.555438328471134
9.238,a,-11.882093429565430,4.105768586042842,4.018720347407230,37.063526184110884
9.239,lesser,-7.224552631378174,4.639008222014215,4.516292622008038,38.038315037857963
9.240,"extent ,",-8.582549333572388,6.845235924198358,6.987688808912985,71.185814513108681
9.241,the,-11.186193466186523,4.600709654222593,4.514159565368213,33.424818548422806
9.242,Bizarden,-33.948201656341553,16.729031208127953,17.445228256379561,43.961587962889872
9.243,"-LRB- red ,",-29.678853704710491,33.585471866611968,33.604649128421045,137.999252752061722
9.244,brown,-5.914525032043457,9.224231968195335,9.331434431305551,48.000025939336041
9.245,or,-4.885331630706787,5.098731988302085,5.387662823027465,49.000032666541891
9.246,purple,-17.936132431030273,4.886311051516179,4.974264144017751,50.000000099828675
9.247,on,-8.419583320617676,4.986308607935320,5.511020453182617,52.107673620154792
9.248,yellow,-10.718335151672363,4.323664355446147,4.399401140408548,54.135206320567796
9.249,background -RRB-,-22.510980218178474,29.304813522795882,29.775964729970461,97.525785679730518
9.250,that,-15.023439407348633,5.221858017745554,5.261679032627941,42.933078986065524
9.251,were,-9.737100601196287,4.308893571071900,4.351084072346826,38.999837798236364
9.252,the,-13.282840728759766,4.090490505751653,4.050664055468777,39.999725462826312
9.253,most,-10.540722846984863,5.167385683788116,5.091592266601444,41.000008063799932
9.254,popular .,-20.941650271415710,13.012317487522566,13.439674567441040,89.149239507814983
9.255,These,-5.444258213043213,6.666720486998164,6.513188808830719,3.247405957614314
9.256,spectacular,-11.406607627868652,4.575921582637688,4.818521987384269,4.361768211451616
9.257,and,-3.261477470397949,5.257342981495535,5.008454827000414,6.291704853173872
9.258,highly,-3.414419889450073,5.682361865351156,5.478408688906184,8.991908275374074
9.259,sought-after,-9.296310065779837,14.354870024587731,15.862968416302191,9.975517242995354
9.260,tulip,-21.915191650390625,4.852451370408006,5.775401143562392,8.303849158317581
9.261,bulbs,-15.745495319366455,13.383923556953759,14.015771738638016,8.999756892250669
9.262,would,-16.265893936157227,5.191922177652562,5.811157354322884,9.999848236873351
9.263,grow,-10.918803215026855,4.770412586201918,4.991237665445888,13.994500022179320
9.264,flowers,-11.258678436279297,4.476413356280530,4.504464046479024,14.991186296113382
9.265,with,-15.361233711242676,5.589675647527287,5.466834868307838,15.999965158206546
9.266,vivid,-11.306746482849119,5.441954824645539,5.967862268632755,6.000010801734673
9.267,"colors ,",-14.332906134426594,16.090975078668691,16.971676712642026,12.040774820035711
9.268,"lines ,",-20.948216438293457,9.716383732952522,10.395541969981320,15.073813175143863
9.269,and,-10.652672767639160,5.299246182705015,5.566463224438113,10.032343224797092
9.270,flames,-10.161601513624193,19.768867310981811,20.424789413984051,11.056137117690552
9.271,on,-15.181090354919435,5.440787153256337,5.721949877490633,12.000479648694085
9.272,the,-9.992900848388672,5.840941724953886,5.817594855128817,16.015166963139436
9.273,"petals ,",-30.602076053619381,14.995487267794172,15.788938104145542,33.885770686052410
9.274,as,-12.702128410339355,5.131168940023271,5.548651957527827,17.999904779903780
9.275,a,-9.551558494567873,4.769384201004655,5.025243610227717,18.992312409272074
9.276,"result ,",-17.736153125762939,9.337692260742188,9.759079456329346,41.000000000000000
9.277,it,-18.481315612792969,4.735316391705543,5.229351995871616,23.000567407952623
9.278,is,-10.500152587890623,4.281774071032411,4.752305978749715,26.031059065775658
9.279,now,-12.425206184387207,4.401323550111396,4.572393045744318,27.000013877226820
9.280,"understood ,",-21.948898270726204,19.982963494386052,20.315478964066692,52.911750962833715
9.281,of,-10.743311882019043,4.954367377552290,5.212572971762982,14.143337258172195
9.282,being,-11.330988883972168,4.326785458285731,4.456932340515566,16.611835174683574
9.283,infected,-13.782531738281250,9.498672561520335,9.034768176912623,17.775907747001501
9.284,with,-13.362660408020020,4.580331008509127,5.451641304480590,18.613655085628341
9.285,tulip-specific,-29.835322856903076,13.056216482975257,13.932682151528116,17.828758737837767
9.286,virus,-10.994983673095703,5.083166677860227,5.391891100901880,19.878670644037683
9.287,known,-11.646965980529785,9.962089416556420,10.464127901358165,21.794546480572627
9.288,as,-8.509692192077638,4.693871828380813,4.947739236669067,26.954101746536288
9.289,the,-15.914831161499025,3.321445143552656,3.638674838727541,26.456273069148370
9.290,`` Tulip,-25.876729920000795,20.192610953743689,21.876049160639148,43.043287017044776
9.291,breaking,-10.411642074584961,7.770357151699232,7.439129774054782,24.024786037697865
9.292,virus '' .,-40.322234869003296,24.529802914335505,26.672223502294781,83.067896881076109
9.293,The,-1.648221969604492,6.746959719648657,6.992360907198334,3.456291647660295
9.294,Dutch,-8.333412170410156,5.468165350925474,6.054215113257055,4.336657540296184
9.295,Golden,-15.255750656127930,5.125098752014509,5.638656114293305,5.301884590004719
9.296,Age,-6.755010686814785,10.811396103073823,10.681511900733303,6.396997315610808
9.297,growers,-10.712319556623696,11.363282940659998,11.301025926848027,7.326551365964089
9.298,named,-8.260270595550537,9.111715895583924,8.348461112969652,5.344722506993508
9.299,their,-3.444187402725220,5.949518432400818,5.444434880772255,7.673991653836789
9.300,new,-2.780577421188354,5.079218009327341,4.841072217138898,8.585860372719951
9.301,varieties,-10.680554807186127,7.977046142915679,8.931682189677623,9.254621187184194
9.302,with,-14.650249481201172,5.099452665715283,5.535917417650714,10.326756161233408
9.303,exalted,-26.062090516090393,9.202280991747752,9.699710925581494,11.728807548432940
9.304,titles .,-26.118580043315887,17.411969887539758,17.966427646798657,22.752730973991074
9.305,Many,-5.693682193756104,6.663124122369861,6.799362269839254,3.434842042578288
9.306,early,-8.178722381591799,5.862634946488787,6.156485037673661,4.341674334491353
9.307,forms,-9.169876098632812,5.973272095391453,5.797693013574778,5.878936645974551
9.308,were,-2.302650928497314,5.015087138635252,5.373886670504570,5.302289766895498
9.309,prefixed,-14.592817479511723,14.604554585609081,15.091867737855052,7.357177996739793
9.310,with,-8.915277481079102,5.815817350704903,6.249448538991392,8.185436077716197
9.311,"`` admiral '' ,",-46.156898855902909,32.473195202432905,33.499476697317206,49.514252823337657
9.312,often,-10.228545188903807,4.606476714785260,4.657765455019958,15.659490336640010
9.313,combined,-12.338212966918945,4.469913738348764,4.419004531823486,16.659072944369267
9.314,with,-8.965771675109863,4.809360957277021,5.278160450661451,15.002023413463281
9.315,the,-7.719795227050781,3.994901476532893,3.767490632192754,18.000081166471965
9.316,growers ',-23.208254933357239,16.131657004726968,15.951696578552042,41.062878252845380
9.317,names .,-21.181109189987183,9.231407643538954,9.126732564761868,47.091482949549864
9.318,`` General '',-28.072616284400279,40.009421537600446,40.804707314812283,11.785043927987635
9.319,was,-2.573775053024292,5.122381935434866,5.027366595547927,7.010467576804988
9.320,another,-6.258111476898192,5.693140869093638,6.051006113420897,9.513432198330827
9.321,prefix,-15.655985355377195,8.507148694063021,10.036546514974221,10.362358033314298
9.322,that,-13.632974624633787,5.490817159895613,5.667007676720417,11.336325338808591
9.323,found,-18.541751861572266,4.969861906094705,5.276441217872816,11.194141976239617
9.324,its,-12.958372116088867,4.404925330541293,4.410417714895988,15.662944966062204
9.325,way,-10.339013099670410,4.942271455027124,5.537308309173179,18.435631341562512
9.326,into,-10.834067344665527,4.119277195408354,4.227297181610130,19.062866363499168
9.327,the,-11.083386421203613,5.005908337910646,4.980300166797118,20.317590120063620
9.328,names,-9.392486572265623,4.191435610765475,4.371762605747547,22.169028155458765
9.329,of,-13.079679489135742,3.763834643041213,3.773418701475885,23.050833108238148
9.330,around,-7.342216014862061,4.238728389369794,4.224744402057317,25.032037770168209
9.331,thirty,-13.141440570354463,12.720327333572516,13.636218063902968,27.113106432374629
9.332,varieties .,-24.118022039532661,15.096381275358079,16.088182494769047,57.276697165546082
9.333,Later,-4.991900444030762,5.849805540155788,5.650558804375696,3.049867648571635
9.334,came,-2.523324459791183,10.600810318388222,9.625071313153619,4.971863285800342
9.335,varieties,-14.627086997032164,7.435853939844365,7.706060063898184,8.187921621035512
9.336,with,-16.115749359130859,5.576213340762791,5.718106194517032,8.339010900804354
9.337,even,-12.222146987915039,5.200023444783460,5.815353004159390,9.886599190124981
9.338,more,-6.659756660461426,4.712648190554392,4.893082331197958,12.986157607526383
9.339,superb,-10.743621826171877,2.964438788100619,3.304731778964782,14.451268881558844
9.340,"names ,",-14.081784248352051,8.888687248799277,9.821049531371171,29.105007869106821
9.341,such,-8.358138084411621,4.561398835184082,4.950578275395321,16.041617449554330
9.342,as,-7.040234088897705,5.069279373311452,5.304873970495518,12.016135523384449
9.343,even,-11.962232589721680,4.366148862045192,4.307268479892214,16.987562444734071
9.344,`` Admiral,-16.217401834187513,21.090422529971868,22.301098850477715,35.463848975184227
9.345,of,-10.123617172241213,3.958044993207765,4.620962244202091,20.044999660023912
9.346,Admirals '',-34.645753979682922,25.545513115907305,25.589820606562505,44.214613945268702
9.347,and,-4.672587394714356,4.619199499450692,4.866744927575962,23.395877152118835
9.348,`` General,-23.586320557049476,18.616378231220317,19.007405839114824,51.040196050854270
9.349,of,-13.111104965209961,4.776214778301465,5.370033592917912,27.962834341406641
9.350,Generals '' .,-43.041200160980225,32.902094469249882,31.480167627191008,46.396150520580164
9.351,Most,-6.198147773742676,6.671027868781670,6.779930375532258,3.567657776837912
9.352,of,-0.008531787432730,4.117080161185984,4.598563942489947,6.200993653510180
9.353,these,-2.909445762634277,5.773293581732714,6.019404626380694,8.274169845301854
9.354,varieties,-10.044206142425537,6.729342724934678,7.323594541034041,9.273260010677218
9.355,have,-20.482095718383789,4.285619859319228,5.023503584929331,10.275256161865562
9.356,now,-13.068505287170410,6.056511184263639,5.794348558248132,5.147077732238278
9.357,died,-13.650996208190918,4.695113957220167,4.757870355156395,7.738880132995622
9.358,"out ,",-17.544167995452881,10.923821843488081,11.203363473482938,19.062152678845756
9.359,though,-11.175946235656738,4.846558310080668,4.811596299917033,4.005754958031175
9.360,similar,-10.568414688110352,5.801838073640540,5.850267808663852,13.999759337877107
9.361,`` broken '',-36.299576863568291,34.964997447932703,37.017332318287103,48.052863576339433
9.362,tulips,-14.839074730873108,8.836994394402424,9.270890437265283,20.137393302552237
9.363,continue,-16.887252807617188,3.133804675356110,3.264532045178833,19.011135707327107
9.364,in,-11.179874420166016,5.350240316077453,5.586388253696646,20.014725408366143
9.365,the,-7.339086532592773,4.745294870243231,4.542579173738787,21.007913239731366
9.366,trade .,-24.232636928558350,14.041116256690312,14.639779078401759,45.006103516982918
9.367,Tulips,-23.318334102630612,9.968933013932457,11.258474914186170,3.481369446433198
9.368,grow,-14.036664009094238,4.327407416047254,4.914051430387607,4.646414743854876
9.369,from,-11.141234397888184,5.652568438702063,6.558399454622707,5.218978982948767
9.370,"bulbs ,",-26.954349726438522,20.734842216694091,20.645455978564968,12.281783066013393
9.371,and,-9.716015815734863,5.680193975366536,6.339909226799311,7.000008019777638
9.372,can,-7.052715778350830,5.241952906183532,6.068045424919852,8.000002706684723
9.373,be,-10.869747161865234,4.327159849767118,4.599779722925350,10.972337641432420
9.374,propagated,-18.540930032730106,10.488382513373988,10.520527337051599,9.604308537046442
9.375,through,-10.452165603637695,5.916847865763925,6.234068922032765,10.001649485713211
9.376,both,-7.796884059906006,6.552391914380841,6.553337083771637,12.048450267083352
9.377,seeds,-12.892452239990234,4.431096945034347,4.854043001479973,14.416292882648607
9.378,and,-5.744060039520264,5.698318458609832,6.158136601404721,15.008819876476615
9.379,buds .,-28.291719794273384,21.784035690005126,22.715315337010495,36.026190148111318
9.380,Seeds,-14.960017442703247,15.223778699031087,15.653125588491706,3.687332494489423
9.381,from,-13.663490295410154,5.672560413355062,5.956695829842809,4.636930091053251
9.382,a,-9.868350982666016,4.463907701551976,4.915370810075298,7.001085566618749
9.383,tulip,-14.344617843627930,4.741095340846043,5.099444659400474,9.366177193021967
9.384,will,-12.614241600036619,3.752302604021250,3.772066644982363,10.117636093835296
9.385,form,-9.673068046569824,4.779298153675799,4.550547608181644,11.126744687371195
9.386,a,-12.018750190734865,4.534875274254019,4.682145096734045,12.054262957680320
9.387,flowering,-16.718219280242920,14.155405928720384,14.160036129835330,13.062341492165187
9.388,bulb,-13.062092304229735,8.255185298859331,7.828362071037067,5.004834782648329
9.389,after,-12.179205894470215,4.280203673297512,5.594360340386183,9.311082460941568
9.390,seven-twelve,-28.205628395080570,23.965743361773910,25.273086160998570,10.301246360467902
9.391,years .,-18.954598903656006,13.564228295670311,13.689410600717970,23.650644297254239
9.392,When,-0.049349792301655,6.429444913545866,6.314414164890541,4.050376576615328
9.393,a,-3.322195053100586,5.613807143449511,5.263547434021258,7.339654974588793
9.394,bulb,-11.665772914886475,9.566765278249321,10.116525595374499,8.272887123447521
9.395,grows,-18.855241775512692,7.598299109012641,8.299410962813241,9.285189603432238
9.396,into,-10.690057754516602,5.162057628402842,6.262879065705459,9.112480138396435
9.397,the,-10.013495445251463,5.521556687069950,5.512139116951052,10.000101917814620
9.398,"flower ,",-16.860852718353271,12.733650001654690,13.257386377993086,27.278146345407912
9.399,the,-8.682511329650879,4.023370533735735,4.686916671532972,15.015669454694796
9.400,original,-11.861946105957033,5.952062950131137,5.842368441960702,6.372583988271417
9.401,bulb,-7.902245163917541,7.924803913737938,7.840372927451923,7.322988489049064
9.402,will,-11.847166061401367,5.495307585134629,5.206092006564327,8.011193198585460
9.403,"disappear ,",-23.780018806457520,10.182988684515266,9.993229293782282,16.757028029131575
9.404,but,-10.466262817382812,5.625493287330512,5.909052818650641,9.004368585037057
9.405,a,-11.523035049438475,5.862937111849071,5.847974440246284,10.967749538203797
9.406,clone,-9.732128143310547,4.422403683686650,4.901845523470752,11.843600771267596
9.407,bulb,-9.654423475265505,8.638838334886536,8.320809046859415,9.281366980186494
9.408,forms,-11.745205879211426,4.681702479043286,4.620079612670072,10.097679377496160
9.409,in,-16.289279937744141,5.411171266031842,6.323513405780131,10.041053753807269
9.410,its,-10.626887321472168,5.747119324638339,5.845439445683701,11.056398970935485
9.411,"place ,",-21.537096023559570,11.584698103234176,11.546109871909653,23.130190357040849
9.412,as,-6.873821735382080,5.307027074392106,5.561265274457030,13.005159692092770
9.413,do,-10.618044853210449,4.420198734562475,4.786446858249076,14.005666774266658
9.414,several,-15.263870239257812,5.262757076661956,5.198621855835559,16.000573370595589
9.415,buds .,-33.235537528991699,23.907405998032857,24.686689557327995,33.929555063951696
9.416,Properly,-5.875565051712329,8.769919545059532,8.547971728314236,5.038559081985436
9.417,"cultivated ,",-26.354064479470253,20.605955809202033,20.744131423623280,10.093765397807797
9.418,these,-12.516382217407227,5.343354433034206,5.298819939116381,7.005675329607077
9.419,buds,-20.318579062819481,15.032928249064527,14.980389381936559,7.546956691184251
9.420,will,-8.839449882507324,4.799679749750750,5.478387746310463,6.195560442212299
9.421,become,-10.963742256164551,5.054052610599396,4.979773108307548,7.873132741545919
9.422,bulbs,-15.302535951137545,13.942060413805333,14.274619369817801,8.085906589037005
9.423,of,-11.375267028808596,5.602734547680644,5.435236783029691,7.006321426333692
9.424,their,-9.063188552856444,5.967591179157751,6.032063858741678,9.066713063034660
9.425,own .,-18.095014333724976,15.883492463028634,15.915978764827191,23.000171583643649
9.426,The,-1.648221969604492,6.746959719648657,6.992360907198334,3.456291647660295
9.427,`` tulip,-19.189107656413398,19.900151864278200,20.449926487155039,9.976714256139786
9.428,breaking '',-28.221501946449280,21.744793680779765,22.933877078833063,13.426056286202254
9.429,"virus ,",-17.053924560546875,10.168288700602780,10.431570575098577,17.033355284334760
9.430,which,-12.775002479553224,5.260340636412574,5.725028407679787,10.076416645626967
9.431,many,-15.526302337646484,5.125493924339893,5.464736254538606,10.993849089824051
9.432,botanists,-23.061883330345157,18.192488082949708,18.968213452503356,9.327904166068377
9.433,have,-11.934019088745115,4.147113901365818,4.972175688980849,12.235069354013078
9.434,"studied ,",-16.222862720489502,11.731056701089106,11.378785899983807,27.329292075938639
9.435,spreads,-12.081380844116213,3.468509011808647,3.704919482546154,15.146359111240509
9.436,only,-11.599199295043945,4.900090947460336,4.884300573122069,13.941940376000712
9.437,through,-10.272315025329590,4.495596121111862,4.782985190843982,17.861943324892941
9.438,"buds ,",-24.327540516853333,20.266292907379913,20.663389063975707,30.481351297078689
9.439,not,-3.935433864593506,5.617369340387371,5.221296176357203,7.234583836801769
9.440,"seeds ,",-29.550328254699711,8.948314282602947,8.864379470214860,18.000156390194778
9.441,and,-2.514770269393921,4.456199220451387,4.555976167574774,11.002876980004542
9.442,so,-10.117830276489258,4.563784705377774,5.088978887509927,13.679619418415596
9.443,cultivating,-16.115957736968994,13.351611469566199,13.192466009932447,14.270681886614357
9.444,the,-2.073154926300049,4.838148589354843,4.614638615676771,16.603623724355813
9.445,most,-12.343913078308105,5.515614035154377,5.247838158894828,17.084357613653744
9.446,appealing,-9.310628890991213,5.432038544514179,5.267979761931782,17.000175269333365
9.447,varieties,-14.516726970672607,9.129536093835100,9.584506920378828,18.995931338422423
9.448,takes,-7.642536640167236,9.507757195558877,9.744308363075051,20.025374795788711
9.449,years .,-15.294239997863770,14.704452684046089,14.790448605065205,44.160690843301751
9.450,Propagation,-23.304470539093018,15.008880278090816,15.448489981360376,3.752788342251952
9.451,is,-11.349279403686525,5.772841037367568,6.134453787258106,4.646444822821120
9.452,greatly,-15.242212772369385,11.932774982639172,12.092473810480108,5.326647483544050
9.453,slowed,-10.627901077270508,5.487011452600452,5.686091917787974,6.553355280150759
9.454,down,-12.563209533691404,5.490693815879530,5.918476864341033,7.998637142928405
9.455,by,-7.463393688201903,4.775531856343678,5.072569570274525,6.005017638569088
9.456,the,-7.076181888580322,6.118374961958293,5.998771457813624,8.062813920599561
9.457,virus .,-26.778686046600342,16.462734830723441,16.658970858652275,22.000474090339459
9.458,Tulips,-23.318334102630612,9.968933013932457,11.258474914186170,3.481369446433198
9.459,bloom,-16.781485557556152,8.795492210193135,9.145084609939849,4.555085327427920
9.460,in,-11.570113182067873,5.242906505758738,6.050380793237012,5.531175576196325
9.461,April,-13.281216621398926,5.057285793247659,4.771173443799124,6.409953983636519
9.462,and,-5.212252616882324,5.244637907328204,5.424751866022286,7.292507167409158
9.463,May,-11.130760192871094,5.504683916144903,6.091255125891085,8.046670319429701
9.464,for,-9.451992988586426,4.648157464433443,5.069499286944638,9.062911141796224
9.465,about,-11.517082214355467,4.330633860071371,4.474287323148100,11.242375632448022
9.466,a,-1.501508116722107,4.419923684172812,4.479521794979090,12.237518111144068
9.467,"week ,",-21.175543785095215,10.023205977058877,10.214893252569411,22.727371343131004
9.468,and,-4.215777397155762,4.119195766000821,4.579913677334445,13.139433703831143
9.469,the,-6.979121208190918,4.086511814517665,4.186376915828359,14.196980553061044
9.470,secondary,-16.303163528442386,5.348851579695704,5.316823240114998,12.422313339393465
9.471,buds,-20.158197164535519,11.838214533756464,11.446377691872756,14.931205617977421
9.472,appear,-13.051308631896973,4.982722148683783,6.110492349092384,11.032499859291852
9.473,shortly,-20.321272850036621,11.145724636400740,11.739741224543751,11.419255010503775
9.474,thereafter .,-23.087058067321777,21.411525043914796,22.114288078677106,25.831629857586666
9.475,Bulbs,-17.556592583656311,26.368739657794713,27.074486035702357,3.505247979941404
9.476,can,-10.917038917541504,5.225656182585548,5.789873367538656,4.635810442561900
9.477,be,-5.495491504669189,5.373320917418001,5.585471653421148,5.083137571250612
9.478,uprooted,-11.609658707049675,8.649263564167159,8.473915909376563,6.853829057984003
9.479,and,-9.532736778259276,5.999689494961571,6.260264916354552,8.000001105371290
9.480,moved,-6.950072031468152,9.554503356419360,9.612904149512076,9.000000540851492
9.481,about,-11.146560668945312,4.737728228543669,5.305467105567527,10.000000603441164
9.482,from,-10.257743835449221,4.398435052460260,4.434563881160887,12.986454645347099
9.483,June,-11.031340599060060,5.489019486251968,5.649370932915269,13.199392183195247
9.484,to,-8.765427589416504,4.115436806285651,4.381178763005607,14.993982226263627
9.485,"September ,",-25.968140602111816,9.432901259474036,9.277447261022884,33.979789293352454
9.486,and,-10.661302566528320,3.679350563757629,3.757842709217037,20.931708290826052
9.487,thus,-11.040157318115234,4.773854142285468,4.877457587049498,20.029006101724839
9.488,actual,-16.362060546875000,4.793469683748498,4.715013524776637,21.999352808047966
9.489,purchases,-15.067166000604631,7.812459862791022,8.189675651880384,22.999379603542227
9.490,occurred,-15.375118017196655,9.282468441355659,9.351685910200453,16.817124433935053
9.491,during,-9.783682823181152,10.600767146200738,10.511790418497718,17.019741188086602
9.492,these,-9.388566970825195,4.849516729609207,4.772710818482447,21.336186210221488
9.493,months .,-26.497394561767578,15.314461459216808,15.080146573587390,43.011425871831378
9.494,As,-1.950689911842346,5.687655228447203,5.298336359404333,3.085113780770548
9.495,the,-1.435885667800903,5.683529869677474,5.429240204945864,6.230347352144852
9.496,flowers,-10.945709228515623,4.972618991663998,5.794703894642367,7.173735919720093
9.497,grew,-5.370853424072267,4.501219485577013,4.479425770054754,8.020238465094209
9.498,in,-1.553495526313782,3.690654790646362,4.160571674644592,10.026565108157113
9.499,"popularity ,",-6.987795196473598,14.587517454265345,13.684236862646456,16.137944650463822
9.500,professional,-9.342943191528320,5.358704397510288,5.173891536738191,6.263664209600043
9.501,growers,-8.949823228176681,9.209365459726133,9.121154065857787,7.214981008476165
9.502,paid,-6.361567974090576,4.927569884013741,5.012657739376068,8.114999662858565
9.503,higher,-4.665332794189453,5.621987329669316,5.022028336934662,10.402748889106276
9.504,and,-0.642279088497162,4.952240773933751,5.438398993091779,11.831013289849160
9.505,higher,-0.733471512794495,3.416765247164252,3.665948282759955,12.958562450812266
9.506,prices,-0.237434655427933,4.181737238972755,4.257021437263721,12.104521570238225
9.507,for,-0.080403827130795,4.225071526490420,4.996744531371482,12.024257279126966
9.508,bulbs,-10.406624812632801,11.489516256838165,12.310015603528116,14.415875823344024
9.509,with,-16.779535293579098,5.375471604918326,6.139978097282156,15.307500683396965
9.510,the,-11.602257728576660,5.423193890299356,5.671492607182005,14.890672120486569
9.511,virus .,-23.248382329940796,11.482787376759786,12.706267136621770,36.572018282144995
9.512,By,-3.725710868835449,5.824942065903673,4.907200821637392,3.094516105479741
9.513,sixteen,-16.612261772155758,11.629077974035528,11.305755204430499,5.031869891832900
9.514,"thirty-four ,",-26.416552513837814,34.764613341305996,35.981853437536984,13.043456966703577
9.515,in,-9.909740447998047,5.943272646489335,6.489102692990596,8.026178383199182
9.516,part,-13.854361534118652,5.591235468568279,5.752933930083388,9.023274680749225
9.517,as,-10.756302833557127,6.976574309427424,7.115779788388307,9.991576416246248
9.518,a,-9.982513427734377,5.511449741969451,5.718016775684593,10.986343430425611
9.519,result,-13.181221008300779,6.169421327244103,6.414743085194450,6.164248834094852
9.520,of,-8.602419853210451,5.181631783820380,5.327259735133750,8.351259322881102
9.521,demand,-10.666378021240234,5.700619078593878,5.286864696689716,7.227042534426803
9.522,from,-11.219026565551758,5.364209855537032,5.727422388567772,10.919852508682391
9.523,the,-5.402156829833983,4.843528069979048,4.740896869798137,12.151236136952985
9.524,"French ,",-26.897085189819332,9.685499041594015,9.701079630615400,27.735590323520508
9.525,speculators,-17.402902603149414,4.030958852438416,4.092309753928105,18.470505012090431
9.526,began,-15.540546894073485,10.197577625257402,10.556741056219060,20.936600839576329
9.527,to,-5.331430912017822,5.952250922792055,6.289371842113827,21.873046728978867
9.528,enter,-13.225820541381836,4.178245053063272,4.390812206369576,24.966944249586906
9.529,the,-1.356476545333862,5.068557991113668,4.613528336200139,12.206767356718464
9.530,market .,-23.368703126907349,14.093402604458445,13.522135416228746,23.028243691259782
9.531,In,-0.843770027160645,5.225329802897013,4.895953120101177,3.048904857549345
9.532,sixteen,-18.827038288116452,12.138319705699985,12.100912229485429,5.330221443891348
9.533,"thirty-six ,",-29.423039674758911,38.522068739585620,40.245120911961550,13.553597077826506
9.534,the,-7.812582969665527,5.917461080500126,6.188371658851018,8.209529805890076
9.535,Dutch,-9.790592193603516,6.216337454959590,6.333476169302760,9.140266393650684
9.536,created,-15.469194650650024,11.928247965630968,13.170610417974867,10.121706129292233
9.537,a,-9.582817077636721,6.119616953488173,6.647931931146443,11.053281738295381
9.538,type,-12.481192827224731,10.768970123210019,10.824498874031859,6.516965925419399
9.539,of,-8.940974235534668,5.036871997172550,5.734507100574762,7.595937165348214
9.540,formal,-13.377789497375488,5.596185727860327,5.595476329352207,8.987384339281061
9.541,futures,-12.724600791931152,5.250664555660396,5.562268944725027,10.444682014342675
9.542,"markets ,",-14.831118583679199,8.586679719604970,8.461921470261050,23.530082072334139
9.543,which,-10.083847045898438,5.280168744925940,5.328284051782465,13.001737339289226
9.544,merchants,-10.518531441688538,8.088232573898004,8.495339610954211,16.154656724473604
9.545,used,-17.453599929809570,5.402938221534802,5.793549341556224,17.288612170945118
9.546,to,-11.294028282165527,5.198910623590686,6.181538679201283,18.112159741406639
9.547,sell,-13.387826919555664,5.991724069453987,5.722295175258068,20.192158954489056
9.548,and,-11.423158645629885,5.911773084324482,5.921722235273418,18.006753514411784
9.549,buy,-3.553237915039062,2.183221983058136,2.447565278600900,25.015732340659589
9.550,contracts,-12.982074618339539,8.002041635389618,8.402491130850880,27.220650007491543
9.551,to,-0.182398974895477,4.790117014600635,4.847779503234904,30.030962995418893
9.552,buy,-12.175594329833984,3.117947486417296,3.325212394565318,30.985695000985164
9.553,bulbs,-24.977432250976559,11.399070584751025,12.201574767819595,31.995187627369074
9.554,at,-10.179126739501953,4.650052856622457,5.520254279531999,33.990225795063729
9.555,the,-12.390279769897461,5.999349918430994,5.926596014477056,35.349058153820316
9.556,end,-7.691326141357423,5.113511308683145,5.350684844689646,37.052129283429991
9.557,of,-11.086737632751463,4.496707357672174,4.789547526173778,38.792354716314883
9.558,the,-5.254014015197754,4.632009303430102,4.514990752387588,41.082080431503847
9.559,season .,-25.080817699432373,12.245475995740609,12.982303179863099,86.804023960995352
9.560,Traders,-6.066072334011551,11.272321001974777,10.941399925586399,3.133811383748127
9.561,met,-10.972974777221680,5.123147276055321,5.041197583260635,5.354833591253564
9.562,at,-3.356434106826782,3.555448973482329,4.122092597626471,7.395325042236776
9.563,taverns,-14.639008045196533,8.725319316428543,9.465318010205683,9.364942604677148
9.564,and,-2.835684061050415,4.797717870952394,5.442215515435914,10.220842332794085
9.565,buyers,-10.284721374511721,4.551383409594187,5.005752722943075,11.307815278904588
9.566,were,-14.686209678649902,5.310871045427671,5.674470802628562,10.523303757122898
9.567,required,-11.675518989562988,5.671485748113192,5.930181435471962,13.619698262063286
9.568,to,-0.543892264366150,5.078808914404354,5.875191812009763,13.064200576261776
9.569,pay,-4.734191894531250,4.409129564587835,4.576585319496455,14.433391723941744
9.570,a,-12.896137237548828,5.452604805029425,5.625646763218928,16.006082177187906
9.571,fee,-10.877049446105957,4.281267338356255,4.373654430948670,18.000111686033360
9.572,per,-10.227198600769043,4.816205197864819,6.165658222803985,21.398989568502266
9.573,trade .,-30.581814765930176,13.234894868484160,13.916703520670641,46.405755973864643
9.574,People,-6.474062442779541,5.756546581697692,6.697160014695088,3.694584533317590
9.575,were,-3.268514394760132,5.346243342178933,4.721809917981343,5.277444941902384
9.576,purchasing,-9.565421104431152,4.813713195917753,5.321191771488871,7.199090987933956
9.577,bulbs,-10.980161720886828,12.563901501151836,13.200395398328158,9.557724926258585
9.578,at,-17.494363784790039,4.597026306153729,5.548963245781287,10.539321122479382
9.579,higher,-14.492357254028320,5.129720827938193,5.069339960741582,10.911903965179622
9.580,and,-9.629388809204102,3.724060166490712,4.359824484891702,13.257550504868441
9.581,higher,-0.902424752712250,4.427841469384917,4.248844708067197,14.061085260202168
9.582,"prices ,",-16.377768039703369,8.409823969526236,8.446103383463386,31.019997557372445
9.583,intending,-19.769756555557251,10.430969874956196,10.654411454713095,12.061106518486376
9.584,to,-0.010694335214794,5.306599672284874,5.194842759212605,14.994883078197621
9.585,re-sell,-24.429795265197754,20.255648523053239,20.840752717522328,15.427287066134582
9.586,them,-12.385586738586426,5.326401699979914,5.628464975687830,16.990413260842974
9.587,for,-7.286801338195801,4.617338421051342,4.775595506929184,20.170832651781591
9.588,a,-12.125017166137695,4.336810356586490,4.147139524123297,21.050463434813370
9.589,profit .,-14.482080698013309,13.935851845744299,14.604503001837688,46.119198200188677
9.590,"However ,",-2.372875440834832,18.212883449667270,16.932650475319509,7.163903714306628
9.591,such,-6.000143051147461,6.036253672695082,6.086525694964094,6.237335722756693
9.592,a,-1.280064105987549,6.070445781121259,6.014242465739728,7.206745227175128
9.593,scheme,-7.004225730895996,5.501371412320618,5.341215710492004,8.131762387164008
9.594,could,-1.936536312103272,5.303466553248431,5.644471672229392,8.149018519327344
9.595,not,-4.354514598846436,5.068489323574339,5.052178689050621,9.143887096050756
9.596,last,-5.641681194305420,5.228622223651708,5.184165844753252,11.137382933175424
9.597,unless,-2.939372300776085,9.764039025846792,9.696283944095603,13.063917494126329
9.598,someone,-5.780151247978210,9.857517151598490,10.569713111709195,16.335709328909463
9.599,was,-3.232973814010620,4.184727216161892,3.914951420834517,18.142848393731875
9.600,ultimately,-4.277825355529785,7.598049660792755,7.981806254979920,20.102270138881089
9.601,willing,-2.202675342559814,4.174462472867798,4.246703269439658,22.080360718444386
9.602,to,-0.006592430174351,4.710987353610736,4.604171841561977,25.088261857526309
9.603,pay,-1.556968450546265,3.890209151628389,4.135925774749142,27.115973889817802
9.604,such,-4.645564079284668,5.352795023235863,5.381410322120648,29.148471727946248
9.605,high,-4.145236492156982,4.381008350887215,4.404323578435179,30.338128106383525
9.606,prices,-0.292383939027786,4.405223922913620,4.722971101607596,31.296032049708234
9.607,and,-0.630779325962067,5.083932866945340,5.010498515564891,29.284808822095279
9.608,take,-3.038747549057007,4.620110882316099,4.752532849259000,31.012630019615955
9.609,possession,-6.354267597198486,4.921643173894060,5.319945778383707,33.652872485881339
9.610,of,-0.005856971256435,4.132419904920797,4.172898248038979,35.684313788657164
9.611,the,-1.253482818603516,4.733454657841710,4.761667713865581,37.905161950966900
9.612,bulbs .,-29.504915446043015,19.724058815548979,21.421984336075326,78.249072658267465
9.613,In,-0.843770027160645,5.225329802897013,4.895953120101177,3.048904857549345
9.614,February,-5.703991889953612,6.202943291117883,6.307922100271213,5.073105119951255
9.615,sixteen,-19.017955780029297,11.498805829436613,12.249758039814164,5.604283231073969
9.616,"thirty-seven ,",-29.411733150482174,36.024598483724823,39.141253072098927,13.604986364765304
9.617,tulip,-14.167097091674805,5.353783942968878,6.078466305696048,8.231602640433744
9.618,traders,-9.905606281710787,10.335449485081901,10.821539842124199,9.279355405603928
9.619,could,-15.238069534301758,5.725079961796613,6.328908849321468,10.175252288808364
9.620,no,-14.007952690124512,5.841861071929423,6.138606086046433,11.131376086028276
9.621,longer,-4.230919361114502,5.987507909297122,6.035612854360419,12.096412407805055
9.622,find,-11.061621665954590,5.918271147733318,6.122241797286981,13.050776815310716
9.623,new,-16.297155380249027,6.032487208226538,6.099271123800193,14.028224740027909
9.624,buyers,-5.406482696533203,5.246606547509370,5.235082510153075,15.054058223408866
9.625,willing,-13.150076866149902,5.581543177814982,5.365761418315630,7.022533727828133
9.626,to,-8.345606803894043,5.934574686695687,5.626235645240301,9.156727050534467
9.627,pay,-7.968185901641847,4.339631377226221,4.472350210966782,10.000032684777592
9.628,increasingly,-19.694688796997070,11.173757090775917,10.879516787040973,10.008806460634160
9.629,inflated,-13.357065200805664,5.335829060357867,5.571930703172906,13.723073962477580
9.630,prices,-0.270768105983734,4.268510670690978,4.706123565168763,14.726844447593644
9.631,for,-7.993766784667969,5.682235822718394,5.801290538002082,15.016719570339768
9.632,their,-8.581100463867188,4.968313129380451,4.814516669675516,17.998748845573054
9.633,bulbs .,-28.660540103912354,21.087661764351605,22.208417069377340,41.855776383426090
9.634,As,-1.950689911842346,5.687655228447203,5.298336359404333,3.085113780770548
9.635,this,-5.327445983886719,5.768888757969007,5.977033127763899,6.231114494422128
9.636,realization,-9.664175987243652,4.050861218921319,4.324846217307642,7.134679072524196
9.637,set,-14.996378898620605,4.408334529049989,4.774819228987316,8.164383426858761
9.638,"in ,",-19.850225925445557,10.823947183049324,11.187691713374036,17.124043046349819
9.639,the,-7.969127655029298,3.582958931437211,3.539068264845977,11.997589492919655
9.640,demand,-9.221893310546877,5.635536513729939,5.448811367029619,6.516418559016531
9.641,for,-14.966485023498535,6.574716411094795,6.720902335310448,7.098453890085231
9.642,tulips,-25.225719407200810,9.554667546015224,9.921935532132411,9.016354303396854
9.643,"collapsed ,",-17.505204617977142,15.068136203791372,15.405690787159642,22.681741064237954
9.644,and,-7.355858325958253,4.672379564558537,5.093323143848282,12.491670241545872
9.645,prices,-11.364900588989258,3.458050652476285,3.730381335862944,13.999744028428273
9.646,plummeted .,-24.882591128349304,18.641113773180351,18.631947767586180,18.143606867746900
9.647,The,-1.648221969604492,6.746959719648657,6.992360907198334,3.456291647660295
9.648,speculative,-10.862629890441896,5.316898104644354,5.572978316913336,4.627089598792519
9.649,bubble,-6.757951259613037,5.219081145280922,5.665079180027582,5.454647024987440
9.650,burst .,-30.419777870178223,13.228590202961051,13.112431055544501,12.187740160573597
9.651,Some,-4.781073570251465,6.828872144170775,6.907561816947327,3.392773651349386
9.652,were,-3.742647886276245,5.225090550058101,5.002046930752524,5.289530129987293
9.653,left,-4.550476551055908,5.431814157980480,5.855290779728533,7.259021449389754
9.654,holding,-2.835601329803467,4.587600075908752,4.900800646409343,10.223782430038129
9.655,contracts,-5.690969150047749,8.769326797059744,9.050712343177107,12.632773711480873
9.656,to,-0.029509585350752,4.579455435552159,4.390497470579843,15.250180872140115
9.657,purchase,-3.563764095306396,4.119442689273797,4.348041530849971,17.427168071127532
9.658,tulips,-14.135725811123848,7.968876529769659,9.090000559332003,19.496490546720885
9.659,at,-16.351505279541016,3.662383653451430,4.672703890569717,20.608391378879677
9.660,prices,-8.940883636474609,3.674513258309726,3.892090265191912,21.642464209565333
9.661,now,-14.151123046875000,4.708906020040372,5.210611933171604,18.472157048886615
9.662,ten,-11.356984853744507,8.011361248280490,8.101836980906990,23.917830159327512
9.663,times,-11.768067359924315,3.677349279470188,3.829367146292435,26.034280828758231
9.664,greater,-9.792660713195801,3.644638041227839,3.655864163253671,27.004111258793589
9.665,than,-0.038056217133999,4.239470963368960,4.381905619793335,28.478170029856329
9.666,those,-6.365591287612915,11.869063661273087,11.924263589827635,31.480243789719072
9.667,on,-2.535253047943115,3.065495054025664,2.913269710204112,32.000451812156875
9.668,the,-0.844317078590393,5.239825618909982,5.092415501360692,34.057068603917962
9.669,open,-14.902089118957520,4.312011819519958,4.624936721009996,37.000052806551935
9.670,"market ,",-18.174206733703613,9.935227975319894,10.304741736511474,79.030525414213145
9.671,while,-13.941814661026001,8.098324650277261,7.995304467500657,41.011889899129855
9.672,others,-19.663537979125977,4.262844970482217,3.898522252916328,10.001695779869408
9.673,found,-14.244021415710449,5.349105654366889,5.275142280526347,11.999785289060647
9.674,themselves,-7.737674236297607,4.913118081485679,5.089546387859752,15.032181597377150
9.675,in,-6.996644020080566,5.637902174090872,6.453663547795642,17.043612656442011
9.676,possession,-9.567557334899902,4.072109813266036,4.180898351486283,19.125567961555308
9.677,of,-0.015560173429549,4.630207403217432,4.642372920926825,21.010445021277608
9.678,bulbs,-12.265939217060804,10.939521825884258,11.437818942392886,24.016753705180559
9.679,now,-13.201142311096193,4.253315608054189,4.612650157768019,26.013275924456412
9.680,worth,-10.676086425781250,7.036246389144592,7.571257497701777,27.000629250128714
9.681,a,-9.547610282897949,4.794293619764313,4.593012237636566,28.003013796277681
9.682,fraction,-15.640530586242676,4.152354429440340,4.592405662388702,25.150614636926885
9.683,of,-8.715348243713379,3.177743920798365,3.648750473454495,33.000003683019727
9.684,the,-2.987865924835205,4.847377072659407,4.755083461102648,35.755739355560458
9.685,price,-3.048163652420044,4.504323640109950,4.861189807386481,36.950329411015581
9.686,they,-17.086759567260742,4.834692565831902,5.244866965277069,37.472877082814371
9.687,had,-11.705447196960449,6.049673846376117,6.310635555595021,40.380218166102232
9.688,paid .,-25.839596271514893,12.748035977109804,13.573295417428657,84.830545738063421
9.689,The,-1.648221969604492,6.746959719648657,6.992360907198334,3.456291647660295
9.690,event,-9.167436599731444,5.397752769301066,6.085769917804381,4.473755111140889
9.691,was,-1.968205094337464,3.551181058043477,3.505574407400481,5.230932313946322
9.692,popularized,-10.702880314027423,10.112601684996584,10.271522561663653,7.033236672509665
9.693,in,-8.160038948059082,4.854345175416586,5.888906980673485,8.023720400335595
9.694,eighteen,-24.824123382568359,10.491783243368817,10.416797622148700,9.052757455111800
9.695,forty-one,-28.696152925491329,21.837362321203308,23.734348489881931,10.002470409789506
9.696,by,-11.341251373291016,5.286247437654024,5.623908039252868,12.004466778336818
9.697,the,-12.923105239868164,5.926472826395650,6.041574333486094,13.000055087633715
9.698,book,-6.592236518859862,4.547009259090759,5.148805808438238,15.536790835745645
9.699,`` Extraordinary,-19.441970509465591,21.014806539406024,22.742864144110627,33.632798106762991
9.700,Popular,-8.986025810241699,4.677366062230075,5.744024284423618,18.533023072629671
9.701,Delusions,-23.244632482528690,11.736988161818754,13.629833003945466,19.001354236199411
9.702,and,-11.142700195312500,4.377455547139276,4.731771125697183,18.115717706219801
9.703,the,-3.473133087158203,4.400604445800567,4.596253678164668,19.645187472445560
9.704,Madness,-16.219827353954315,9.063088383845207,9.225287629866827,17.893837510291313
9.705,of,-9.235500335693359,4.371151434434864,4.618073917293811,18.000367378972722
9.706,"Crowds '' ,",-31.392626047134399,33.071243774836084,33.122018627844703,60.002024762020397
9.707,that,-8.757094383239746,5.046966768319682,5.029102236978568,22.000760996627932
9.708,a,-8.440062522888184,5.205392236897887,5.437823681067671,23.004274915518991
9.709,British,-9.724157333374023,4.362643271474247,4.313592968833648,24.037528841830451
9.710,journalist,-9.515981674194336,4.157990164084834,4.432326423254554,25.998419661615525
9.711,Charles,-9.682268142700195,5.259756616184666,5.479271503568267,27.000831070294069
9.712,Mackay,-10.969422340393066,4.761115961352997,4.987093757556559,24.000023940938092
9.713,wrote .,-28.807351827621460,20.743105905501935,22.285714809911269,50.148147859004169
9.714,That,-4.203119754791260,6.639422400307447,6.714888174474014,3.182374371096789
9.715,crowds,-16.729138374328613,8.146779889286352,8.676754366450982,5.102370469965924
9.716,of,-0.629386067390442,4.527037142381581,4.565283778844806,9.006411439754686
9.717,people,-4.021838188171387,5.568484193351351,6.319408875251202,11.402328914738483
9.718,often,-2.134593009948730,4.352423191522528,4.136980754376592,8.077497653416730
9.719,behave,-6.052308827638626,8.106607535791305,7.857560254471742,10.030623499455027
9.720,irrationally,-22.219710111618038,9.254682731652178,9.190021187889579,11.042839723587944
9.721,was,-6.855606079101562,5.226021237463218,4.991369472482805,5.122052567763724
9.722,the,-10.463765144348145,6.442341449508210,6.834789165871308,6.156946828728694
9.723,main,-8.496719360351562,6.272486473236959,6.599398009109177,7.010725989266267
9.724,thesis,-13.816787719726562,8.812541176325448,8.850019337528893,16.992508958161118
9.725,of,-11.897204399108887,4.840537759953857,5.708835469957132,7.518390560145383
9.726,the,-5.440520763397217,5.359622979889120,5.186085856405402,8.297506446463784
9.727,"book ,",-18.476570129394531,9.367966967881499,10.230526757914644,20.189550580524610
9.728,and,-10.323201179504396,4.252125216539087,4.712891184092443,12.426374474350295
9.729,tulip,-15.664982795715332,4.601565887615206,4.955728174910028,13.320853648687553
9.730,mania,-18.691495656967163,8.942579605782084,9.289610797714676,12.494291182934155
9.731,was,-13.080497741699221,4.406152979214120,4.586356658514771,12.990876938912878
9.732,one,-5.279132366180420,5.176342072038663,5.145449874387166,19.634240496686679
9.733,of,-8.093905448913574,4.783437972247817,5.525447036733715,19.135060611445024
9.734,the,-4.830832481384277,5.175658494401691,5.486958022985929,20.422640933075193
9.735,primary,-8.881047248840332,5.190260716057083,5.318646932465746,22.218829882358808
9.736,examples .,-21.065388321876526,14.055876309982679,14.145360041640600,44.737650340583514
9.737,According,-3.609993934631348,6.031150400301772,6.578975406635503,3.023226134114370
9.738,to,-0.001334015396424,5.236595750558347,5.010142615743375,5.025020085500147
9.739,"Mackay ,",-20.735858440399173,8.441184500876371,9.745646660384313,16.573219562499201
9.740,at,-11.766362190246582,4.588795070592053,5.596374143090515,9.722639221044169
9.741,one,-7.459729671478271,4.140069011142102,4.122988056098317,7.662638300603168
9.742,point,-7.582561492919923,5.277741592903254,5.506351694392952,8.544623648345206
9.743,twelve,-18.720797657966614,17.489021128376848,16.894844719102821,9.995402810177804
9.744,acres,-16.734242439270020,7.765641752550074,7.575142883578096,10.742608420201798
9.745,of,-9.453763008117676,5.463421904253557,5.455001019907723,10.731573842562437
9.746,land,-8.865697383880615,9.848646578122956,9.862055420006667,12.144564647776262
9.747,were,-10.469212532043457,5.488773273169878,5.772394938383393,8.886986654992743
9.748,offered,-15.681280493736267,10.591030789922684,10.711815861932543,11.342760827105360
9.749,for,-10.221681594848633,5.877463028399688,6.503705179049544,13.444089854860373
9.750,a,-8.434065818786621,5.050664351851746,5.269358552729019,9.768946086903872
9.751,Semper,-17.292966365814213,11.473242929459611,12.303081955028965,11.000687642309348
9.752,Augustus,-16.030962944030758,10.447756521969065,10.709781174001426,13.000041133139371
9.753,bulb .,-29.830179214477539,16.061813089377186,17.037757969096305,33.559772642606191
9.754,He,-3.132118225097656,6.172610445780090,6.970292006513135,3.087320030454809
9.755,claims,-6.767285346984862,4.805635191339246,5.607168137485464,5.120427533206213
9.756,that,-0.957221984863281,5.455340864376914,5.648422461554409,7.168797433605000
9.757,many,-5.202609062194824,5.506472774360169,5.486800228418684,10.613844945748848
9.758,such,-4.933082103729248,5.423740887402991,5.621529027327886,11.294886516903643
9.759,investors,-4.617206263821572,8.329187264098836,9.230438577749108,12.181789630921994
9.760,ruined,-11.710892468690872,6.596840720253465,7.363945951148202,12.183876159378039
9.761,by,-12.478449821472168,5.235182961123146,5.456745623953261,13.113620891152053
9.762,the,-8.228008270263674,5.278313757766961,5.018838467874772,14.019828963579855
9.763,fall,-9.951890945434570,5.241211893845596,5.937113082117658,17.000548177985873
9.764,in,-11.027173995971680,4.248824595217245,4.729506895142421,18.305479407156309
9.765,prices,-12.748088836669922,3.391850837418373,3.483572967185854,19.477877440804662
9.766,were,-11.167937278747560,4.958690636890053,5.052409046243334,22.155755157314371
9.767,"desperate ,",-25.079444885253906,9.018835269694957,8.882118135048891,40.007840169227826
9.768,and,-2.354474306106567,4.877731531028838,4.626200321081819,17.000059741699257
9.769,Dutch,-12.467220306396484,5.095342672253066,5.202941490688406,19.000298556143168
9.770,commerce,-13.926148414611815,4.925586560915699,5.114613194926264,21.000789481605960
9.771,suffered,-12.323883056640625,8.353302850023912,8.319823804303011,23.071385907746922
9.772,a,-7.854752063751222,4.852730703400621,4.881897820567291,24.005677684918361
9.773,severe,-9.886918067932127,3.831425276153835,4.071780453203568,29.000249378509807
9.774,shock .,-18.149587631225586,12.497189652993706,13.314275099627920,61.187424532909603
9.775,In,-0.843770027160645,5.225329802897013,4.895953120101177,3.048904857549345
9.776,Mackay 's,-20.715051666833460,16.243451303488317,17.025910887997565,13.010793425764923
9.777,"account ,",-29.023177146911621,10.383969903096890,10.504801896166615,16.992798239336821
9.778,the,-11.932750701904295,5.388710086537001,5.648617045395758,9.340366673104175
9.779,panicked,-21.957847952842712,10.315081600414807,9.774096811021707,7.964622286756347
9.780,tulip,-15.621788978576660,5.586284065490828,6.029198951948508,7.495002088642358
9.781,speculators,-10.191040992736816,4.662212394424893,4.562527824649286,7.558849520560122
9.782,sought,-17.379537582397461,5.610726357983516,5.974306539670441,8.516968335665435
9.783,help,-11.345455169677734,4.430198083186071,4.427139134147269,8.348399642216231
9.784,from,-12.088654518127440,6.731631924886782,6.807641572880719,9.368553668506888
9.785,the,-7.317634582519531,5.852996986129702,5.865912709383839,10.889289383531420
9.786,government,-4.715111255645752,5.396657154562624,5.218999426396097,12.143503546479895
9.787,of,-10.712812423706056,5.780194378254196,5.567101273759004,8.025405354184759
9.788,the,-1.910641670227051,5.651962897650586,5.371369453765024,10.952535061780837
9.789,"Netherlands ,",-28.766963958740234,9.737158850073506,9.986901341777351,28.395632665779083
9.790,which,-8.824005126953125,4.335548126769143,4.321929481684347,16.276719791525171
9.791,responded,-18.397360444068912,9.454867118156264,9.266392795022901,14.587338409348092
9.792,by,-8.949110984802246,5.159266155856670,5.127694245420358,20.157825685980026
9.793,declaring,-15.743545293807983,9.514850204890314,9.671668687784242,21.855130600340772
9.794,that,-12.882335662841795,4.915838687747669,4.754709722462894,21.771658212738661
9.795,anyone,-12.046174287796021,9.272036875094932,8.774730054833244,23.293272183344136
9.796,who,-12.011417388916016,5.032546978269169,5.675783215171021,27.848331669589754
9.797,had,-12.040945053100586,3.566818770806490,3.445356808822877,29.862042802116147
9.798,bought,-10.669402122497560,4.789869454511387,4.757398933074733,32.836813069354612
9.799,contracts,-14.616171777248384,8.021454371496388,8.007011214455508,34.851635325991985
9.800,to,-11.111182212829590,5.389513149642079,5.926590577624199,34.784472582482451
9.801,purchase,-19.493995666503906,4.741706323616484,4.637208638629271,38.743674665569102
9.802,bulbs,-18.747001893818378,9.756924058237507,10.199406745357489,41.748306858314493
9.803,in,-6.513884544372559,4.895330400729397,5.503242078455227,43.740523714499425
9.804,the,-1.427574753761292,4.778273768629392,4.673743200622014,46.044561315143795
9.805,future,-11.251080513000488,4.444845274130773,4.372821705942704,48.723378543784392
9.806,could,-6.739645481109619,4.316898847265284,4.322536683776163,50.736231258325532
9.807,void,-14.551812171936035,5.866333858175709,6.037703843172782,39.080520698068547
9.808,their,-11.722256660461426,5.334661214134512,5.248161291644122,39.606783824329206
9.809,contract,-14.457591056823730,3.860761972360332,3.987625983731063,52.810525053807297
9.810,by,-9.896000862121582,5.009967650021914,5.854127345217186,55.206350491758286
9.811,payment,-12.542200088500975,3.961275130702228,3.948558000738300,56.087447896377967
9.812,of,-12.466169357299805,4.708277868328623,4.693830146656903,34.380861726328533
9.813,a,-8.457328796386719,4.092120940341966,4.101522835383993,36.800530966629346
9.814,ten,-11.064938306808472,6.876557460496921,6.611118167029781,39.195948022936719
9.815,percent,-9.179616928100586,3.475491271495081,3.467609118796181,40.289631705412653
9.816,fee .,-25.175624251365662,12.208525797876026,12.441333424090399,84.179549685010016
9.817,Attempts,-11.020354679785669,11.979271719404929,11.848892745557578,3.286523925006428
9.818,that,-11.069343566894533,6.211723712190459,6.549755232006589,4.091259534173949
9.819,were,-10.152068138122560,5.788217448286272,6.055146500178317,5.076966878208572
9.820,made,-11.782697677612305,5.319944908159275,5.942179222244456,7.001814428729715
9.821,to,-5.135649681091309,5.444252631155134,5.551509104411823,10.499914634179767
9.822,resolve,-9.750515937805176,4.296888675489602,4.340687668173993,12.958400779418676
9.823,the,-10.515042304992676,5.108384877330082,5.194805862381001,13.089706009924926
9.824,situation,-10.608302116394043,4.809399282032984,4.980500128660399,16.111811496708601
9.825,to,-10.197305679321287,5.184369146192576,6.204282369966856,17.997977531721780
9.826,the,-9.903392791748047,3.904153104771333,3.932609202930253,18.998474976456670
9.827,satisfaction,-16.251420974731445,4.019870248487337,4.338966295211467,8.355570019518607
9.828,of,-10.346222877502440,4.739974651396922,5.100829802838620,23.268393960663449
9.829,all,-7.500513076782227,4.870322648400367,5.010138601837109,24.622924972581853
9.830,parties,-18.461013062405986,8.280048136141165,8.832934902191587,25.709176308853536
9.831,were,-10.971035957336426,5.854870445986224,6.112546475923638,28.229643079480503
9.832,unsuccessful .,-26.983896732330322,15.471594500409715,14.689563267548024,33.374835521326517
9.833,The,-1.648221969604492,6.746959719648657,6.992360907198334,3.456291647660295
9.834,mania,-13.055582046508787,10.329898091864179,10.801210888655447,4.568470715257278
9.835,finally,-19.696953773498532,10.661999983602620,10.495932680482902,5.494283447720199
9.836,"ended ,",-22.874519824981689,14.175333408906674,13.645465799230799,11.211134172011121
9.837,Mackay,-27.775184631347656,4.336641548811920,4.827661517898994,8.007379024200464
9.838,"says ,",-15.434019565582277,9.707606318020478,9.688290602355476,19.000000027021542
9.839,with,-10.863851547241213,6.146103926502128,5.770899198897077,7.066883286947412
9.840,individuals,-19.913202285766602,10.421993425861976,10.781231330842640,7.999404871539118
9.841,stuck,-15.405186653137207,5.097518455769348,5.068706158594741,10.006015474299726
9.842,with,-11.485078811645508,4.977391812268190,5.074441738871373,12.003472978700376
9.843,the,-9.653233528137207,4.827835812237858,5.103723837263135,15.521635792980149
9.844,bulbs,-19.083460927009586,12.223405696357323,12.434584102538498,17.000049123041101
9.845,they,-8.257036209106445,4.834908989885562,5.402784981363882,20.247291371336306
9.846,held,-15.014424324035645,6.500358323065754,6.402540445869429,21.770429617605696
9.847,at,-8.567724227905272,5.063297491989621,5.573754642406214,22.591847014912172
9.848,the,-2.986733198165894,5.229218633360155,5.188888397772685,23.870225777621972
9.849,end,-10.190937995910645,3.751726307837574,3.872154293981106,27.153160164093169
9.850,of,-7.354043960571289,3.463262783814277,3.556610600683310,28.194480292231511
9.851,the,-1.482154726982117,4.292949702615438,4.230980857616736,31.264423874469749
9.852,crash .,-22.081019878387451,12.510695202238079,12.779336336087372,65.286731582787780
9.853,No,-6.487173557281494,6.445278071772366,6.803085200405451,3.316023367426722
9.854,court,-5.999997138977051,5.158701193666535,5.663654951098080,4.331197355633518
9.855,would,-3.202398300170898,5.888260736854197,5.494420848211310,5.160734816293074
9.856,enforce,-6.674485683441162,4.355648314685270,4.560178126325312,7.255527095277072
9.857,payment,-10.882965087890623,4.308812665671375,4.510386868498988,9.746437951168534
9.858,of,-0.369869142770767,3.670411747994765,3.980902885565380,12.320187976866910
9.859,a,-2.212414741516113,5.399809616276717,5.707855744769634,14.624414396703036
9.860,"contract ,",-6.001315742731094,8.509945530770938,9.038424081217833,22.929934812962323
9.861,since,-2.510358810424805,4.938015301186201,5.257077969016069,12.068177882707767
9.862,judges,-7.956851959228517,4.467306136028329,5.056229261699150,15.211413823138127
9.863,regarded,-13.989871501922607,7.608031879610946,8.082418607496285,17.129859411807519
9.864,the,-1.466505885124206,4.926357385861787,4.915797675818738,19.475944396340850
9.865,debts,-9.941793441772461,4.698012009821278,5.143013340055906,20.264191652669663
9.866,as,-0.044421616941690,3.926589741489848,3.863044867630349,21.134336641983534
9.867,contracted,-12.147912979125975,5.028994398325794,5.182596326334747,23.313950089073032
9.868,through,-4.588698387145996,3.366327964036178,4.060801746734576,26.662465615407204
9.869,"gambling ,",-10.604670047760012,8.584903112841641,9.186070433937807,56.027573668925669
9.870,and,-2.815439701080322,4.235334678705009,4.436189164550308,27.026226839452558
9.871,thus,-0.858530163764954,4.299602330656643,4.480909198191637,29.191799901468691
9.872,not,-4.024242401123047,4.495811486768547,4.434155296066780,30.318198059776211
9.873,enforceable,-15.865499973297119,7.105190147071411,7.705098864663372,32.002175216835909
9.874,by,-9.074783325195312,4.530773880747547,4.676009322679414,33.001227183211554
9.875,law .,-27.178628444671631,13.110966552803365,14.129402257409701,69.006702138713223
9.876,Although,-2.279837488149496,12.132324374195210,12.065867637200654,3.068730277400624
9.877,Mackay 's,-20.948997592393422,13.822918431870624,15.456177166950793,14.505614838980968
9.878,book,-18.681882858276367,3.901977463424170,4.245965531282146,8.035228896397237
9.879,is,-11.204475402832033,4.297056260443415,4.296257270443198,8.018327191789281
9.880,a,-8.875210762023926,4.797934140323032,5.011084162169840,8.996237920453169
9.881,classic,-13.162733078002930,5.571801650269246,5.593021512012403,8.999506944530021
9.882,that,-5.098919391632080,5.457399657469233,5.179513595331823,10.442720566696991
9.883,many,-6.938135147094727,4.984900427071794,4.825692403458379,11.599099596298251
9.884,publishing,-17.483104705810547,4.097556127577584,4.642046768581913,12.000039572624493
9.885,houses,-13.001610100269318,12.560522348575804,13.536191747675471,17.072582865261889
9.886,continue,-18.994995117187500,3.060330287262365,3.228266595271580,19.997274782823087
9.887,reprinting,-16.350173473358154,7.886551720947696,8.194216778792281,19.018578923641268
9.888,"today ,",-22.028861999511719,9.361292733882578,9.440281733077047,38.311069071754098
9.889,his,-13.152559280395508,3.980211772318794,4.263003488872093,20.475430688120333
9.890,account,-11.072365760803224,4.818295035082478,5.515060962228203,24.767955684541398
9.891,is,-11.789079666137695,4.321307054135712,4.320735857192163,16.205416692902471
9.892,contested .,-24.959224700927734,20.918439123753110,21.352776795349975,13.379147634708040
9.893,Many,-5.693682193756104,6.663124122369861,6.799362269839254,3.434842042578288
9.894,modern,-9.251822471618652,5.589287797405349,5.931072302316495,4.282101007131391
9.895,scholars,-5.367862701416017,5.876472230904093,5.510872814126063,5.198107992173735
9.896,believe,-2.593045234680176,3.798169543299600,3.658956538654767,5.064068244553722
9.897,the,-1.544629335403442,5.009572458373579,4.717261803535852,9.494834380574508
9.898,mania,-11.872485399246216,8.356329129772568,8.926121120770238,10.582307186030373
9.899,was,-13.353319168090820,3.945731664940063,4.317272562913058,11.476277468300236
9.900,not,-11.554048538208008,4.732411125642057,4.717758670561425,11.538157487816257
9.901,as,-10.080207824707033,5.631340211439760,6.017464661072792,12.496532918247832
9.902,extraordinary,-7.065962076187134,8.980515096589668,9.302876834660623,14.000856551433044
9.903,as,-11.333155632019045,5.579975289266057,5.530320932776932,15.001200294633565
9.904,Mackay,-25.372911453247070,4.757604334587367,4.998516054345619,16.707221947808939
9.905,"described ,",-17.354658603668213,14.426663338788050,15.318041107097148,37.032440809097146
9.906,with,-7.977683067321777,5.280279257563834,5.916804456683224,21.189217373148374
9.907,some,-16.306797027587891,4.356215867510690,4.613631003461212,16.252590570986570
9.908,arguing,-14.690744549036026,9.555354422725614,9.638566185191019,17.068071530222245
9.909,that,-5.898082733154298,4.640866610846711,4.591206212845631,19.236917581535650
9.910,the,-10.784519195556641,4.030180187153585,4.051469311504181,29.000183595385689
9.911,price,-14.028437614440918,4.225795717973643,4.368997918888670,31.995321400336643
9.912,changes,-9.717049837112429,8.057561216572594,8.298258309942291,35.291865817116104
9.913,may,-19.045032501220703,4.369612344938033,4.650749121501129,36.349900218020522
9.914,not,-4.778217315673828,4.599016135755840,4.762131644742365,37.132272494160603
9.915,have,-3.057238340377808,3.358600734528184,3.726518357263971,36.978960751199892
9.916,constituted,-15.525178134441376,7.795726416884147,8.179102292575122,38.956063188075426
9.917,a,-5.907524585723878,5.216787445261700,5.142057350417408,32.167287236907526
9.918,bubble .,-28.336354732513428,14.092363142497609,14.775458139950972,67.079833280871412
9.919,Research,-10.190783500671387,5.779560629646443,6.677800144851560,3.473311154680032
9.920,on,-0.620868206024170,4.328565227935338,4.083151841661638,6.096168620332028
9.921,the,-1.710641145706177,5.102861788785417,5.432909470279760,8.502197651312546
9.922,tulip,-14.092830657958984,4.300929349454114,5.047603741160371,9.183555242754631
9.923,mania,-9.239330768585203,7.062732962161795,7.039810489389406,10.162703504307162
9.924,is,-12.925165176391602,2.918891582748921,3.379357785327360,11.149350845056038
9.925,difficult,-14.392973899841307,4.376081444773209,4.817964305252062,12.058452476928615
9.926,because,-22.091757297515869,10.352677977610568,10.954098323964539,9.016348589355152
9.927,of,-11.933951377868652,5.572054859062827,6.251533194449498,4.990836836161366
9.928,the,-7.489744186401367,6.711306973144845,5.647049076838488,6.000087098311142
9.929,limited,-16.079299926757812,4.745892090331610,4.663637599456651,9.491100836016141
9.930,data,-13.001297950744627,4.159644153253860,4.012540305809766,10.137055477251938
9.931,from,-13.821137428283693,5.069165394252238,5.811219367201389,12.487638396417644
9.932,the,-6.177057266235352,5.109125035300587,5.109980194795258,13.862335755888019
9.933,sixteen,-15.588250160217285,10.096017223694952,9.368624156313713,14.959545996095288
9.934,thirties .,-36.382112026214600,22.701846747279347,24.067351110571430,32.817215760714362
9.935,"However ,",-2.372875440834832,18.212883449667270,16.932650475319509,7.163903714306628
9.936,some,-3.762590885162354,6.056213662403962,6.262171806530912,6.297419115726773
9.937,modern,-10.369977951049805,5.141857229413320,5.595469014901932,7.277045812105659
9.938,economists,-4.413853534788358,8.928390855831518,9.121876126628660,8.119774133581764
9.939,have,-2.920261383056641,4.728203933878175,4.742192831114479,8.052162243877868
9.940,proposed,-7.193986773437246,10.027332198847732,10.412138877889168,10.075379451625233
9.941,rational,-10.463973999023438,4.846843950005495,4.624562407944292,12.850397427214705
9.942,"explanations ,",-15.901596128940582,12.737379509103713,13.332761437147848,28.213556873250532
9.943,rather,-10.891786575317383,4.854801510659350,5.623164261035181,15.297181799893856
9.944,than,-0.165695622563362,5.288932055238305,5.427631391423385,15.160726708244653
9.945,a,-10.439267158508301,5.256542028816911,5.070354694427927,16.343116649645413
9.946,speculative,-11.357278823852539,5.235542088945007,5.322350180775438,18.483293944058399
9.947,"mania ,",-18.454319357872006,13.001814038164984,14.027908660256358,39.751110665112407
9.948,for,-8.428335189819336,4.112691466012017,5.239381818341814,21.277636305886727
9.949,the,-15.902673721313475,5.095451269478406,4.982232842821650,23.016206032723151
9.950,rise,-14.115481376647949,5.014130763803717,5.241291393507293,18.505645750293318
9.951,and,-11.475936889648438,3.421418852093931,4.152556669372397,21.022742000922143
9.952,fall,-2.650290966033936,4.344980856903182,4.195395465195141,22.015181042245718
9.953,in,-10.313538551330566,3.887469249496733,4.273720532224772,23.029239542080358
9.954,prices .,-26.184002876281738,12.977823821867336,13.110504013066645,45.258632021870099
9.955,For,-2.344644546508789,5.667910546478312,5.134094141068218,3.053832596557468
9.956,"example ,",-2.013562768697739,10.616521218297923,9.743280759785906,9.147219444724833
9.957,other,-8.064199447631836,6.397669206183269,6.540981847587675,6.530538924143651
9.958,"flowers ,",-14.742896676063538,9.814565522316967,10.126688255726403,15.539352587756149
9.959,such,-0.582558393478394,5.698350843899927,6.129061958128040,10.000359311939039
9.960,as,-0.000084158215031,4.407184546901192,5.152346972340622,11.000028332696452
9.961,the,-2.646408557891846,5.112240330015964,5.399042712653230,13.935964709571605
9.962,"hyacinth ,",-38.007259368896484,23.230722148516325,25.604208685908247,30.376620775873175
9.963,also,-10.570393562316896,4.507964458187415,5.067908543377960,16.566881019417625
9.964,had,-18.015850067138672,5.108615923249961,5.353995518253599,17.632784604260355
9.965,high,-11.900072097778320,4.762516527918255,4.811551419736165,13.014932509679966
9.966,prices,-11.276250839233398,4.793949840831632,4.656330486080344,10.374153015373988
9.967,on,-10.477540016174316,4.906665275066034,5.633761205468706,12.326584924793375
9.968,the,-8.886281967163086,5.984004875338278,5.666513500489073,13.982879306412896
9.969,flower 's,-36.979236364364624,18.693080386339368,19.079218745124066,30.606018927840317
9.970,"introduction ,",-26.313415527343750,7.839800054544543,7.954633569487209,35.024813825523182
9.971,which,-9.876496315002440,4.045408503234603,4.104375805884093,19.010685754204470
9.972,then,-10.390122413635254,4.388410026480233,4.437757414464745,18.896434052346493
9.973,fell,-12.620454788208008,4.643927918501912,4.964492409796868,18.954767013227023
9.974,dramatically .,-29.959699630737301,19.100246898335307,18.941092207318505,44.223752565944096
9.975,The,-1.648221969604492,6.746959719648657,6.992360907198334,3.456291647660295
9.976,high,-6.361006259918213,5.326412193253256,5.308477456672562,4.409202319942136
9.977,prices,-5.062854290008545,5.012134655341255,4.770981143015158,6.043682906980782
9.978,may,-4.622662067413330,5.581339532275718,5.525070828996562,5.645454681030247
9.979,also,-0.523968160152435,4.170749355598750,4.306833736705907,7.529446527034027
9.980,have,-2.430665016174316,4.870976916986207,5.467659303944195,9.539864819008500
9.981,been,-2.454780578613281,5.197017035638685,5.493558401213330,11.582123760405464
9.982,driven,-5.135702490806580,9.050093656391372,9.427305649987339,13.597590630032510
9.983,by,-0.131966635584831,4.108372687968457,4.410899018455188,15.641645758651814
9.984,expectations,-5.596572738140821,7.614863217150260,8.317187107647703,17.998865338421474
9.985,of,-0.097184255719185,4.257814983722223,4.502094951060641,20.620055916203878
9.986,a,-1.375666260719299,5.517699340932356,5.627119485353000,23.432763741811037
9.987,parliamentary,-10.760997530909664,9.027015053023479,11.010984040768880,24.199362061292085
9.988,decree,-6.677712440490723,4.178719615485755,4.538633884932123,25.314583173442120
9.989,that,-0.004701037425548,5.021781110160041,4.875493389337182,26.315551857239232
9.990,contracts,-10.370530605316162,7.093591998455659,7.945467740972482,25.575171475446371
9.991,could,-1.609107017517090,4.262225812053119,4.374950998381034,27.004974196047520
9.992,be,-0.171948030591011,3.546123409127189,3.438210422717201,29.004866143549780
9.993,voided,-7.008814563494525,11.650748061786487,12.036046927197287,30.999990795386520
9.994,for,-9.622484207153320,5.185808165453233,5.446577342125814,31.992820838724565
9.995,a,-8.695315361022951,5.514566963986392,5.435707325659197,33.024757734302931
9.996,small,-9.558915138244627,4.642614483610097,4.580308305265543,36.937597685350006
9.997,"cost ,",-15.785129547119141,8.970061915604177,9.068006948417562,75.709633918805679
9.998,thus,-14.591960906982422,4.532758968017432,4.694637253223563,39.014454616400471
9.999,lowering,-13.169974327087402,3.386036740903154,3.596706712081897,37.029655093292654
9.1000,the,-9.410985946655273,5.025878403438512,4.897378583871077,40.086002885054782
9.1001,risk,-6.149616718292236,3.896308746784338,4.249844850404179,42.422136510476399
9.1002,to,-10.179519653320312,5.173795256215286,5.297676445897321,43.221175719235887
9.1003,buyers .,-28.401280879974362,12.437484743844953,13.334116131382380,91.358748090581273
9.1004,Despite,-4.009956716337911,12.017224456760115,12.176190939229565,3.090573655333603
9.1005,these,-4.014233589172363,5.568253969244666,5.402325311941254,5.144987109404123
9.1006,disagreements,-6.292963925283402,8.193947628613140,8.267372144127865,6.116148003098068
9.1007,about,-2.425348758697510,4.508857535012154,4.392438856879926,8.080250215323678
9.1008,whether,-1.772111654279342,9.859052789554299,9.529666668080676,10.113482588326935
9.1009,the,-1.154296159744263,5.044070389226366,5.285377028865488,13.292027884994701
9.1010,phenomenon,-10.641807556152344,4.348596136612909,4.559576277842071,14.293312688099601
9.1011,technically,-7.220797061920166,4.090894959202134,3.953578636711492,15.840235142165700
9.1012,constituted,-8.623968839645388,7.729478778192973,8.050113548844605,17.113341736368739
9.1013,an,-12.729065895080565,5.632715316708262,5.960654010482824,18.096161589102572
9.1014,economic,-4.961499214172363,5.059796231844191,5.550292164991292,20.126436715205468
9.1015,"bubble ,",-17.195672512054443,9.631792722891173,10.272661521340289,43.182527941083471
9.1016,the,-6.268184661865233,4.807573005529896,5.365462520535898,23.068344958345843
9.1017,term,-21.881026268005371,9.440083396915767,9.670291527528972,17.900689025055172
9.1018,`` tulip,-20.649827957148773,20.780636340299360,19.493693727118881,13.424876113308930
9.1019,mania '',-38.927390038967133,18.300415701105123,18.192635180640721,17.180447397133570
9.1020,is,-9.380701065063477,4.949053880758084,5.193297059792632,10.000024786954480
9.1021,still,-10.029377937316896,5.166002768300007,4.824853990722809,11.000006500228736
9.1022,often,-10.904183387756348,5.737558402882782,5.632225053059736,11.974374528755193
9.1023,used,-7.480004787445067,5.874582596188057,5.745202796891732,12.707753935131825
9.1024,metaphorically,-21.055108547210690,11.167109966199780,11.508606910409615,13.999999998568956
9.1025,to,-8.746785163879395,5.568945716086507,5.546777717395082,7.033886761644482
9.1026,refer,-14.151412010192873,4.874341665697849,5.011930785316557,10.021991711648131
9.1027,to,-9.642039299011230,4.586908426233699,4.952427539638077,12.141799924865989
9.1028,any,-11.712486267089846,5.801079772399771,5.824232774311001,12.944170096997171
9.1029,large,-7.644091129302978,4.610005322721944,4.663756525837962,15.045952898345153
9.1030,economic,-19.510616302490234,5.112123244579799,5.278929085409215,16.000001348840520
9.1031,"bubble ,",-27.115934371948242,10.522147654308924,10.461561678484031,35.000000013893349
9.1032,when,-12.853170394897461,4.777058860215156,4.941047082018624,17.220544623941649
9.1033,asset,-11.691617012023926,3.835094573820153,3.959844950845079,20.312403659494066
9.1034,prices,-14.331667900085449,3.801053919394249,4.036887723964783,22.360817620315427
9.1035,deviate,-16.238588333129886,4.283701385936701,4.678857339683344,25.328516857270106
9.1036,from,-10.269238471984863,4.574957484433944,5.093724952690928,26.420984321807627
9.1037,intrinsic,-13.828451156616213,4.441763291277613,4.309286586404148,27.424605171184144
9.1038,values .,-16.270954847335815,12.155315502164456,12.440329146850623,57.863774840836598
10.1,Tourette 's,-29.653430223464962,23.160480706430974,24.385263517011836,8.215803130008677
10.2,"syndrome ,",-15.599415302276611,9.697418928630608,10.122874374553319,10.551418270019184
10.3,a,-6.550488471984862,5.478195210675600,5.995585478079879,7.838480122683364
10.4,neurological,-22.334293181076649,9.023104402880158,10.885702311607465,6.904052306089613
10.5,disorder,-13.204268455505373,4.980962740550295,5.389164274946260,12.035400981755414
10.6,characterized,-15.259232699871065,10.275727912886106,10.669158073929220,13.025443974637703
10.7,by,-9.668667793273926,5.028026587267965,5.858262564076141,14.012208980166820
10.8,"repetitive ,",-21.879887580871578,11.169230059871042,11.731956508155795,24.731439406938357
10.9,involuntary,-17.733030319213867,5.294011676421044,5.622093879235761,9.001175936899234
10.10,"movements ,",-15.422728061676025,13.503510242635375,14.235492724860482,27.888336551965644
10.11,was,-10.673507690429688,3.334585428875685,4.019455413853791,15.080850173268859
10.12,named,-20.692387580871586,10.494361629713527,10.964818461833964,9.374240562519887
10.13,for,-13.448972702026367,4.489075503984187,4.972354511683490,16.986408135371494
10.14,Dr.,-11.603079974651337,8.407217207675936,9.180038201670438,17.999591511119124
10.15,Georges,-13.531616210937500,8.687881575529172,9.564586694170607,18.987280723692415
10.16,Gilles,-14.806632757186890,8.834239911642280,9.430999249442507,19.963245731918363
10.17,de,-14.918816149234774,9.424622944114160,9.835782437833659,20.997125570928546
10.18,la,-10.412630081176758,10.970349698656907,11.590770217732365,8.000007233354397
10.19,"Tourette ,",-37.215588569641113,15.465070131489544,15.370519537905743,22.000333293575679
10.20,the,-1.750257492065430,4.407578266108329,4.132362718195761,15.790372819030187
10.21,pioneering,-9.960380911827087,8.986379068706924,8.547324240000528,17.005709975507724
10.22,French,-8.347091674804688,5.061488627323341,5.038694384515471,17.923349398975379
10.23,neurologist,-14.429380208253860,9.501254382791293,10.217499390020278,18.883196953927143
10.24,who,-11.908129692077635,4.289885919693343,4.938125766167778,19.790353427661785
10.25,first,-13.810947418212891,5.335045819631509,5.339327114061873,20.900839557210933
10.26,described,-9.605701237916945,8.216794466823027,9.042225329601873,22.011288417273484
10.27,the,-8.839822769165039,5.328616455606459,5.962004163922943,23.143059855995698
10.28,condition,-12.541267395019533,5.409341205991983,5.384921145375499,24.068173335247732
10.29,in,-12.489463806152346,5.238444850513138,5.730380436523693,24.920146987164287
10.30,an,-12.534652709960938,5.216136184331496,5.835129422949755,25.975827815355977
10.31,eighty-six-year-old,-24.146228058263659,41.949688084343293,43.253300805747855,19.409841134794249
10.32,French,-7.296759605407715,5.321384826864404,5.224622013483073,20.394935786174820
10.33,noblewoman .,-23.398720979690552,20.507675169672453,20.917910117958829,43.770357248036689
10.34,It,-3.482963085174561,6.101511125184504,7.065723445463052,3.253049561235394
10.35,is,-1.824608445167541,4.945679283494729,5.222460864745804,5.128450238226482
10.36,almost,-5.399102687835693,4.767486564052931,5.006495502171706,7.177284560775346
10.37,always,-2.293946027755737,4.324165444721303,4.287051767433493,8.010492343850379
10.38,in,-0.923188269138336,2.676143035053422,3.596387223980719,9.016500087958370
10.39,childhood,-11.244971156120300,8.233542403799088,9.259312882708095,11.161094922341400
10.40,that,-4.229530811309815,5.755666743953980,5.886157488895821,11.988951698657367
10.41,the,-2.017899990081787,5.135125369848507,4.919230979853744,15.234358690064228
10.42,early,-8.019289016723633,4.816153333181457,4.888507053434910,16.229698272149502
10.43,symptoms,-7.864453315734862,3.609929542610772,3.689661885338625,17.442197568626380
10.44,of,-0.010239568538964,3.447644015253946,3.950841743891366,17.973016872258984
10.45,Tourette 's,-28.041328903287649,17.232767864136534,19.471000557074870,40.240160958826536
10.46,are,-19.451034545898441,3.962472425008257,3.913683459346569,16.013954517291189
10.47,first,-11.656153678894045,4.436448345082159,4.535198904156659,17.023145141410179
10.48,"noticed ,",-22.566557705402374,11.304585914380894,11.166276413894220,33.001576073527552
10.49,with,-7.609406948089600,5.087517240337148,5.598631533708095,18.000002106070692
10.50,the,-11.716223716735840,5.086246069242429,4.760423653606106,20.974323045953494
10.51,average,-14.666551589965820,4.680449011045178,4.578272698260786,22.977865894808094
10.52,onset,-14.544047117233276,9.314935479814849,10.362546305198583,26.065299261856808
10.53,between,-13.363038063049315,4.886940977924421,5.194775538911084,27.003326470854731
10.54,the,-6.950776100158691,5.433272542943921,5.497906355867304,27.745011309037839
10.55,ages,-4.655097484588623,8.448027804599555,8.497349734817414,28.691183192486896
10.56,of,-0.096131652593613,3.539745753460140,3.801511279895804,28.008386794610338
10.57,seven,-6.259624481201173,4.427890512727938,4.712719158925302,30.180502708544520
10.58,and,-2.279382467269897,4.807528315719663,5.605692720776254,31.022156242213587
10.59,ten,-15.529443740844727,6.757280397354144,7.545323029231926,32.614818631439540
10.60,years .,-14.894593715667723,12.684089623383201,13.917436828346599,66.963114449731123
10.61,It,-3.482963085174561,6.101511125184504,7.065723445463052,3.253049561235394
10.62,is,-1.824608445167541,4.945679283494729,5.222460864745804,5.128450238226482
10.63,estimated,-3.902172088623047,5.116250471872609,6.182829546980582,7.003063265034259
10.64,that,-0.092770636081696,5.576150237424708,5.475571768377038,9.018466739537859
10.65,two,-6.196094512939452,4.894120838022452,5.310507141989711,13.179608348032202
10.66,hundred,-8.647974014282228,3.894387888347979,3.988924928017078,14.409592018317845
10.67,thousand,-1.888254642486572,4.368637663975799,4.731751684549758,15.535111276499945
10.68,Americans,-2.604481730610132,9.092736782562168,10.102383471652988,14.401462224420376
10.69,have,-1.624836921691894,3.629921687934040,3.330086659204926,14.046640282212756
10.70,the,-2.709818124771118,4.971309235324958,5.416586661613837,16.535185273484718
10.71,most,-0.336069196462631,5.092853841243980,4.990116191070277,18.390033195936478
10.72,severe,-3.355286598205566,2.991076655113092,3.178134863419084,19.937758750107204
10.73,form,-4.520970344543457,4.394853211433503,5.059848710083549,20.076349632998678
10.74,of,-0.007166631519794,3.960913926558806,4.287035842440555,19.099638489571984
10.75,"Tourette 's ,",-43.734378904104233,22.854377447170997,25.128217676053776,64.164020974413262
10.76,and,-5.265632152557373,3.809741857114594,4.032008595772633,21.164619663979579
10.77,as,-11.794434547424315,4.467011566166634,5.021970418436340,22.640628645479175
10.78,many,-6.912960052490233,3.979220215710901,4.087790158310102,23.613078877476731
10.79,as,-0.866777837276459,4.718961186285979,4.751309824461130,20.000147031116725
10.80,one,-2.369938373565674,3.410627171978497,3.706599464120293,24.481532079245305
10.81,in,-4.712003707885742,3.510854903995906,3.692429090945366,26.144084757715408
10.82,a,-5.577868938446045,3.914148786228189,4.127716363884247,26.541995360449306
10.83,hundred,-15.939157485961914,4.145394192516989,4.350236114743340,28.349239102817783
10.84,people,-6.194672584533691,4.130598430282308,4.346143181559071,27.000068143532143
10.85,exhibit,-19.716236114501953,4.426478287876801,4.959415922676996,28.000018911682812
10.86,milder,-15.472791671752930,4.815322917169715,4.662136527756606,23.138727671738309
10.87,and,-9.009757995605467,3.944101263371199,4.187674901488478,23.669807807133594
10.88,less,-6.371064305305481,8.183652822377214,8.442267424350934,25.000001600368389
10.89,complex,-10.434109687805176,5.014547311388533,4.942942065267456,26.000000807391526
10.90,symptoms,-12.401353836059570,3.681675690695867,3.949070798454121,26.977843843290106
10.91,that,-4.959155082702637,4.168400811286500,3.869176624736440,24.220454958511986
10.92,include,-13.116070747375488,3.142833625854881,3.609427361813160,30.071702735213236
10.93,chronic,-10.534093856811523,3.711224000700269,4.165295381732914,31.105101440457762
10.94,motor,-19.496097564697266,4.636924480111884,4.625825281735733,30.140978112026442
10.95,and,-10.916247367858887,5.092332911402843,5.457526283204968,33.745111290812964
10.96,vocal,-10.611139297485352,4.879023414919412,4.919099218737345,34.220457309440761
10.97,tics,-12.284553050994873,7.950318020822303,8.417212522398874,35.000000122863504
10.98,or,-6.469220161437987,4.837757201751105,5.227738962586086,36.000000248895908
10.99,transient,-12.869682312011721,4.260300692415512,4.296451314269603,37.391991541442657
10.100,tics,-16.891390323638912,7.014323568477093,7.662174787922593,39.019482224997383
10.101,of,-9.488676071166992,4.062820593787650,4.301520458653860,37.493300757735746
10.102,childhood .,-20.024592041969299,18.700199458919354,20.911573980202391,85.319381232260639
10.103,For,-2.344644546508789,5.667910546478312,5.134094141068218,3.053832596557468
10.104,the,-1.435313224792480,5.832248679519044,5.926178255068593,5.424642493914055
10.105,majority,-8.247882843017576,5.579731605325708,5.747033769270079,6.634116451536668
10.106,of,-0.007861624471843,5.034953664870304,5.167512288167727,8.108363254116085
10.107,people,-5.092911720275879,4.942174779574356,5.751162783918137,10.751999970062036
10.108,diagnosed,-7.129021101747640,12.214160770393605,12.565758677170505,12.942150248125939
10.109,with,-10.427156448364258,4.967946891752051,5.736962742944219,13.938394308806648
10.110,the,-9.525411605834961,5.614438411794065,6.130578136828438,14.989516086596275
10.111,"disorder ,",-17.324197292327881,8.618408505717769,9.294306931117447,37.216693214171784
10.112,Tourette 's,-39.313092410564423,25.176251565181055,25.267031991701252,20.634602920462317
10.113,is,-14.168856620788574,5.266631968268786,4.873841831713537,6.000007081757162
10.114,not,-8.122604370117188,5.052236470724401,5.599359957242998,7.373555425340866
10.115,a,-6.263137817382812,5.464884558402806,5.586065090430544,8.745407569823314
10.116,chronic,-14.314429283142090,6.077976282484896,6.359383845901128,8.304606613895064
10.117,condition,-13.279113769531250,4.315221845616128,4.338644832830092,9.141037006672388
10.118,with,-10.535448074340820,4.884856676565142,5.959961138208254,11.284524245485949
10.119,symptoms,-9.882863998413086,3.960891514314040,4.171790042901987,12.247902808358624
10.120,lasting,-19.969069480896000,9.858850987548562,10.268157875629752,13.111999208874456
10.121,a,-10.838020324707033,4.928805029455759,5.237050791427299,13.013049827365734
10.122,lifetime .,-17.645714044570923,18.270114799411786,19.981772787351368,32.165340726108688
10.123,Rather,-5.333805084228517,6.283000063472660,6.001749655755154,3.026257891697005
10.124,it,-0.903509795665741,6.136162493240398,5.554823599218035,5.126190940616599
10.125,is,-1.651110053062439,4.819571864589793,4.379363120150863,7.100243600116602
10.126,a,-1.065580725669861,5.488931419785254,5.346513618508534,9.912591168892689
10.127,condition,-6.039417743682861,3.762781340371913,4.930131971774808,11.065375099895343
10.128,whose,-5.509141445159912,5.718200937637682,5.596641110509410,13.093264323774653
10.129,severity,-7.284697055816650,3.736888637099025,4.145715596868128,14.087518957170769
10.130,peaks,-21.828027486801147,7.732882812991420,7.792285983318982,15.266267931886285
10.131,in,-8.995500564575195,4.648271747538798,5.576544323060751,16.040093266729677
10.132,the,-13.429239273071287,4.983183572033144,5.153000635762079,17.004888956556034
10.133,early,-7.886691093444824,5.656793672049643,5.645679592171633,18.001595466081959
10.134,"teens ,",-20.084929227828979,13.872093207845403,16.399006103135058,43.000031331140548
10.135,with,-8.448896408081055,3.360298661486166,4.169980474499473,23.000010936501059
10.136,improvement,-11.206569671630859,4.132183129741085,4.398797394904584,24.000013515907696
10.137,occurring,-14.842951659113169,8.040884384932756,8.513984427753162,24.986062554361013
10.138,in,-0.998971343040466,3.914906011671071,4.119283219137388,24.275690017020622
10.139,the,-0.859655499458313,4.126289187137760,4.338106766816277,24.454551075349801
10.140,late,-10.827429771423340,5.792148288598107,6.274998002466091,25.000000461299912
10.141,teens,-18.132125020027161,6.213387585483496,6.389553705796790,28.000238043588794
10.142,and,-9.382612228393556,3.704596931163781,4.318295842741592,31.050927290736013
10.143,continuing,-9.766096115112305,4.030162500988046,4.053541324253590,32.034178125987331
10.144,into,-10.239783287048340,4.444727698036530,5.257756769703291,33.034100693620516
10.145,adulthood .,-21.213247776031494,12.927913611261635,13.212414292895602,66.840032471912806
10.146,"However ,",-2.372875440834832,18.212883449667270,16.932650475319509,7.163903714306628
10.147,approximately,-6.548750638955426,8.860940845002064,8.835400001356673,7.780818256184214
10.148,ten,-9.620359778404236,6.758056685333541,7.352140346799325,8.902034758471711
10.149,percent,-6.036438465118407,4.483139860241211,4.391021245376852,9.061949402524236
10.150,of,-0.005726124159992,3.608700932635580,3.810994738781508,9.255024492467903
10.151,those,-2.083270587849256,13.456563822301714,14.122197295678914,12.062469607252035
10.152,affected,-6.820263862609862,4.756429706259229,5.080953378407541,14.201210889482946
10.153,have,-3.014287233352661,4.526183311401124,4.497738026877109,8.327379335204879
10.154,a,-2.192294597625732,5.774917927498442,5.893413221789657,11.042411412522274
10.155,progressive,-12.225622177124025,5.118080429740743,5.577533139250224,12.036723566656425
10.156,or,-0.791587412357330,5.014316137099889,5.238246238933971,13.009001487941875
10.157,disabling,-14.047998428344727,3.408488667409182,3.649513792807721,14.001431010316461
10.158,course,-18.908405303955078,4.319333337644968,5.081160470225861,14.954529159657779
10.159,that,-10.816740036010742,4.814858597614943,5.361732532044901,15.329535619668878
10.160,lasts,-22.993006706237797,9.259107661467056,9.044648063174694,13.885494951077886
10.161,into,-9.934927940368652,4.655549042996669,5.861126131723178,16.959695152759537
10.162,adulthood .,-36.119997739791870,13.170503678838170,13.138856911621684,37.779043266684170
10.163,It,-3.482963085174561,6.101511125184504,7.065723445463052,3.253049561235394
10.164,is,-1.824608445167541,4.945679283494729,5.222460864745804,5.128450238226482
10.165,not,-3.585067749023437,5.675979037389737,5.768290619977286,6.168767345725637
10.166,uncommon,-2.966012477874756,4.673245589103757,4.510435978689627,8.078429900027732
10.167,for,-14.461431503295898,5.699970936685162,5.898997601696554,8.886928117860114
10.168,symptoms,-18.147665023803711,5.029342373699093,4.952187225899942,9.955199081400721
10.169,to,-10.922074317932127,5.902379588890432,5.801648902780189,10.053714547296345
10.170,be,-4.283450126647948,3.742341898398482,3.805560490709142,15.081854424800365
10.171,present,-7.537832736968994,3.256106012927912,3.312044988964542,17.089931916853313
10.172,for,-8.672787666320799,5.240983156910217,5.463188807623126,18.014114804999515
10.173,an,-11.924677848815918,4.726817244403918,4.763412876427209,20.007797540783177
10.174,extended,-7.152925491333008,5.329444903409719,5.342654292864436,23.323907035464440
10.175,period,-0.997534513473511,4.586463114746756,4.717908957706012,24.428614264022531
10.176,of,-12.766317367553713,4.075793856429089,4.344871753637846,25.162487314554795
10.177,time,-13.896141052246096,3.702833677794633,3.829144147840492,25.412305698993173
10.178,before,-12.134857177734375,5.035970642360148,5.454433673750468,28.058108524609271
10.179,a,-11.699145317077635,4.300454499782902,4.729149825439007,23.635072116625015
10.180,formal,-9.566664695739746,4.306122351913272,4.301866827721572,26.570073736907911
10.181,diagnosis,-9.163955688476562,3.552198999362468,3.955156245241180,27.592357130989040
10.182,of,-13.815065383911133,4.214850009041817,5.160889199256579,28.520032307574603
10.183,Tourette 's,-39.013526558876038,17.827448978517019,18.614289652189001,57.923613645296911
10.184,is,-10.149927139282227,3.086693033392659,3.383669218492731,34.791579947947071
10.185,obtained .,-21.582083940505981,14.812475740110751,15.125519966006728,66.580864783817958
10.186,The,-1.648221969604492,6.746959719648657,6.992360907198334,3.456291647660295
10.187,reasons,-7.978793621063232,9.798400323521287,9.864836782426840,4.602825076762271
10.188,for,-0.073489606380463,4.339083565187011,4.056457534629097,6.091118029947312
10.189,this,-1.824025869369507,5.561478240127152,5.729732503467972,8.192357229213654
10.190,are,-0.412842720746994,4.491635899326135,4.700688125310635,5.072314752489170
10.191,many,-7.852470397949219,5.367630767648703,5.241682899687025,7.137389512815195
10.192,and,-1.845532059669494,5.058933567767903,5.493644203501399,8.186040556905960
10.193,may,-4.614367961883545,5.427504468877381,5.811282491133922,9.205992849837527
10.194,include,-4.667884826660156,4.766842888730299,4.946851138946997,11.999738180720749
10.195,the,-1.386305689811706,5.444102930318746,5.827905207909724,15.089349287861724
10.196,fact,-0.801374256610870,4.450077829827864,4.886596895810214,14.977514643950038
10.197,that,-0.053892407566309,5.508701973965573,5.628494927840252,17.006898736361165
10.198,for,-2.504115104675293,3.976463264116230,4.165374254879222,20.026556694051628
10.199,families,-7.186070919036865,4.364451548372056,4.895433142813953,22.942986721082558
10.200,and,-4.744836807250977,4.947246143351153,5.408099086492628,23.883488604086985
10.201,physicians,-7.649209973060351,6.276401635850282,6.823421783622688,25.078230271607033
10.202,unfamiliar,-6.493518829345702,3.647150082438918,4.165514638374749,24.997479097256967
10.203,with,-11.148286819458008,4.377216295142437,4.975759118353909,25.931982484525786
10.204,"Tourette 's ,",-50.030426144599915,23.230837581773145,25.331038229807369,86.611094780810944
10.205,mild,-14.665717124938965,3.902160808343123,3.918746946333930,31.935902393772736
10.206,and,-3.747186422348023,4.530953288061363,4.951191876872794,32.995849861318433
10.207,even,-11.867953300476074,3.586973580960465,3.401338439050906,22.059766958501864
10.208,moderate,-12.273391723632812,4.028502986701421,3.826833228488709,23.379935507157523
10.209,tic,-13.688062667846680,6.334870719561268,6.818728974940847,24.221877777099433
10.210,symptoms,-14.649376869201660,3.739673862014228,3.703082639301817,25.239950897731877
10.211,may,-12.815359115600586,5.031113609632597,5.731284435671641,26.144260562442462
10.212,be,-9.133673667907717,4.372844634083714,4.680410672324123,34.519889318297089
10.213,considered,-14.225601196289062,4.954051567963289,4.878912981517458,33.564919722007858
10.214,"inconsequential ,",-29.384316444396976,17.290311853751419,18.107804813282907,44.059439080546632
10.215,part,-10.180979728698730,3.881303304899745,4.121106442734472,26.097139634623581
10.216,of,-8.902647018432617,4.303419650179623,4.407116404547541,30.734721610146927
10.217,a,-10.103248596191406,3.271465169649935,3.525341353563949,31.910615051434242
10.218,developmental,-13.455438613891602,4.114998444979634,4.328291189719650,32.812273373721531
10.219,"phase ,",-28.058391571044922,8.251272326447491,8.387318655455031,65.462126049823596
10.220,or,-10.137411117553713,3.754324572826683,3.820044346370509,33.009111436276072
10.221,the,-1.059881210327148,4.390694232425182,4.191289159611038,36.150004410119465
10.222,result,-6.699165344238281,4.061242837848758,4.271681329902910,37.310021779532036
10.223,of,-10.914684295654297,3.725470700486869,3.895500858728404,38.057537608613352
10.224,another,-11.420786857604980,4.748303487865848,4.443031192746592,39.017295153069576
10.225,condition .,-24.620551466941833,10.939937064677984,11.165621715090484,70.225063654769457
10.226,For,-2.344644546508789,5.667910546478312,5.134094141068218,3.053832596557468
10.227,"example ,",-2.013562768697739,10.616521218297923,9.743280759785906,9.147219444724833
10.228,parents,-9.546029090881348,4.728496245380057,5.361218564663568,6.462216932813942
10.229,may,-2.555506706237793,5.100712571928624,5.039089424244418,8.015087877718628
10.230,think,-6.169075012207031,5.460961974179356,5.229280013007820,10.052437195622918
10.231,that,-0.805593192577362,4.992616319834662,5.066762925773329,12.054441581188762
10.232,eye,-11.223035812377930,4.290328725293202,5.306407525796121,15.415660449499082
10.233,blinking,-13.290098398923874,9.254529923108144,9.357795796639721,16.455257966204407
10.234,is,-10.874993324279783,3.883361028634708,4.601018082249849,17.671328614597886
10.235,related,-11.017117977142334,7.551779152064992,7.397403288726657,17.280029848850752
10.236,to,-0.199813187122345,4.942368364570870,5.295006544659609,18.015638213881694
10.237,vision,-19.132000446319577,8.596939923109161,8.822661820788149,20.528797760131798
10.238,problems,-6.883403301239014,3.412980740215112,3.711792407974603,22.091619200816112
10.239,or,-6.007390022277832,5.134838278338228,5.035740666091462,24.218917029101476
10.240,that,-11.068012237548828,3.619100439950268,3.782428000528557,25.216732975408110
10.241,sniffing,-16.129450798034668,12.491594046386252,13.101636209101750,27.397239362732261
10.242,is,-10.572757720947266,3.469563296331857,3.881062869495949,28.484276366905551
10.243,related,-14.465295791625975,8.009275177268762,8.386934936754146,29.187877880763970
10.244,to,-7.573186874389648,4.379355944265964,5.087794743194970,30.140156083114828
10.245,seasonal,-12.365009307861328,4.001674119864692,4.448611145543111,31.314326561715202
10.246,allergies .,-26.479572707321495,16.543356291058608,17.825467786757720,46.208176977859111
10.247,There,-4.967374324798584,6.051979804609233,7.133683845964304,3.197348995101382
10.248,are,-1.370855093002319,4.791345070999531,4.708309047500334,5.197052668435704
10.249,many,-3.130952835083008,5.175118904202186,5.366138131068642,8.120780792330988
10.250,patients,-8.613697052001951,4.162291865822340,4.460324783319328,9.279123796588101
10.251,who,-0.080170489847660,5.300876413861364,5.047476236167866,11.391204515860998
10.252,are,-1.980796217918396,3.688248794413520,3.269735081952650,14.493086780323567
10.253,self-diagnosed,-16.438353857898619,20.674859873193700,23.108375171351518,16.202891179191067
10.254,after,-12.510831832885742,3.855162735970033,5.044836216350165,17.793382209088733
10.255,"they ,",-18.528299331665039,10.046755685432988,10.834113483911263,38.454985420809415
10.256,their,-11.966256141662598,5.409000734231359,5.628942140185723,20.004368316735373
10.257,"parents ,",-14.583242893218994,8.824136111135557,9.479111167482760,48.598243362561831
10.258,other,-5.855645179748535,4.635429981874067,5.291871589040731,27.962682151581898
10.259,"relatives ,",-6.066036884207278,10.962190243405651,12.692351979167803,57.896972431561608
10.260,or,-10.136335372924805,4.472734701212854,4.520760420134589,27.032866971253892
10.261,friends,-7.589461326599121,4.167631486409272,4.682686483357549,31.697093507736469
10.262,read,-16.804031372070312,4.530160961004489,4.940334779735672,31.207940901536304
10.263,or,-6.125780582427979,4.937925905884041,5.591597202209319,32.244461130476800
10.264,hear,-13.313098907470705,4.626814061389793,5.693107417341003,34.368905169039074
10.265,about,-12.480608940124512,3.608526865103000,4.037042816011393,26.167332608024196
10.266,Tourette 's,-41.565294742584229,19.316179855048780,20.809114602126797,54.192021828561892
10.267,from,-5.270443916320801,3.927816975385536,3.996335515506535,30.715265970405675
10.268,others .,-21.985711097717285,12.887981024532046,13.012416910955231,59.944395286974803
10.269,Tics,-21.693143367767334,12.083028222689387,12.651006485661972,3.655327372434430
10.270,are,-14.417944908142090,5.283452421012107,5.292847246854201,4.258558722211610
10.271,classified,-12.971114158630373,4.233968940248301,4.333945151743925,5.290075389571594
10.272,as,-4.738596439361572,5.601425696761648,5.071463169808343,6.086077135560278
10.273,either,-7.997085094451903,9.456082797120114,8.929058693933841,9.103350941546509
10.274,simple,-9.291089057922363,5.065755363424539,4.977018907776691,11.146310328267846
10.275,or,-1.895922780036926,5.822957803180250,5.759398159649463,12.008115493779142
10.276,complex .,-18.073006629943848,14.731906063094325,14.908350872642519,27.005686698632761
10.277,Simple,-15.082194328308105,6.338988420717034,6.238909793797992,3.477313924973384
10.278,motor,-9.545495986938477,5.129079954285643,5.967178217303693,4.369436908146450
10.279,tics,-15.003551483154295,10.298459956088051,9.938004360402124,5.384224377881877
10.280,are,-11.558624267578125,3.866540757957640,4.650061282463742,6.000000021359139
10.281,"sudden ,",-21.400063514709473,10.167511831913219,11.228394826735443,13.046318916719983
10.282,"brief ,",-9.239231288433075,9.494751132851825,10.482434836438600,19.028537207525641
10.283,repetitive,-8.578176498413086,5.380715458413833,5.337091417053069,12.055036276865653
10.284,movements,-6.865679375827312,8.970991498140755,9.800247295948036,13.058582314778993
10.285,that,-12.589879035949707,5.629596892653698,6.286119608954969,14.005697639828375
10.286,involve,-12.114730834960938,5.145538895126208,5.548163865042268,15.003918811206734
10.287,a,-7.319098472595215,4.787727646331305,5.319419762443381,16.014913531718200
10.288,limited,-17.675218582153320,5.152186119960736,5.468078646893746,11.338052782348822
10.289,number,-9.652532577514648,2.791160660670064,2.718297836481125,15.505052512698819
10.290,of,-8.828126907348633,4.828755969225822,5.340479353478043,17.641745656747190
10.291,muscle,-12.335606575012207,4.591083515498092,4.887457269376250,18.577050462839846
10.292,groups .,-20.289301872253418,13.252685962714409,13.273136757753168,39.578131073976955
10.293,Some,-4.781073570251465,6.828872144170775,6.907561816947327,3.392773651349386
10.294,of,-0.066525124013424,4.119168658564971,4.910904718079493,6.180849067726525
10.295,the,-1.093122482299805,6.157704562115987,6.276727810855822,8.623267048081315
10.296,more,-1.805836439132690,5.541168106831887,5.686325369056728,10.415148027057226
10.297,common,-5.030410289764403,3.406030553210339,3.277534234408508,11.424842990678885
10.298,simple,-8.994720458984375,5.697817081131438,6.140158654997912,11.333004436463881
10.299,tics,-14.177558422088625,8.848571250517306,9.023331994568817,12.000341431519230
10.300,include,-5.142995834350586,4.249021799866114,4.045142948308836,5.019257168408997
10.301,eye,-8.813600540161133,4.838438336311405,5.778798763507512,8.355623507599509
10.302,"blinking ,",-16.009946107864380,15.402550157248069,17.185639969252801,19.272921851226766
10.303,facial,-21.232448577880859,4.277989858300674,5.192777888055079,10.878421759644956
10.304,"grimacing ,",-23.087188243865963,19.149536512717702,22.596706849308742,24.185403317820242
10.305,shoulder,-7.361847877502441,4.495026043758751,5.555973728983428,13.440235373966065
10.306,"shrugging ,",-16.198523441329598,15.377575502262665,17.786912031743412,29.656183525362074
10.307,and,-2.744196176528931,5.493410459613164,6.100084153996597,16.219710359088815
10.308,head,-9.088212966918944,3.991995517177755,5.147461421347380,16.998180461915787
10.309,or,-7.880408287048340,5.152193040166215,5.835273180867598,17.997058521468233
10.310,shoulder,-2.920716285705566,3.981463214384740,4.988885399738563,18.988506437642570
10.311,jerking .,-27.323867082595825,24.994192740744527,26.419666168626122,34.468725174184108
10.312,Simple,-15.082194328308105,6.338988420717034,6.238909793797992,3.477313924973384
10.313,"vocalizations ,",-30.031226158142090,22.143665121972401,22.275257476614168,10.143029061479853
10.314,which,-12.807218551635742,4.309723338930343,4.981850378170743,6.304481832500024
10.315,motor,-11.696630477905273,5.151463276789571,6.078309830332827,7.171671110301586
10.316,tics,-20.692151069641113,10.655186791328184,11.310666012499235,8.232022809555861
10.317,typically,-16.161260575056072,12.032389827182779,11.759823824111896,7.397624570148682
10.318,"precede ,",-18.965577125549316,8.915489261363010,9.187946553509038,23.198923846422062
10.319,might,-9.445953369140623,4.493520199913130,5.111892753050506,14.017221623103227
10.320,include,-6.579008102416992,4.156911048663805,4.313429052326315,11.390030287819336
10.321,repetitive,-26.213012695312500,4.132207841943549,3.927483845676460,15.920110053444992
10.322,"throat-clearing ,",-45.174564838409431,22.371730958058041,23.183224751096084,20.461779865748603
10.323,"sniffing ,",-24.471085309982300,20.362481666645220,20.667667819588718,20.646102432113722
10.324,or,-2.854097366333008,5.600341530703603,5.944896787404401,9.123825238991671
10.325,grunting,-14.575420141220093,7.727257994095986,8.783771105184870,10.013746011598748
10.326,sounds .,-24.253721714019775,13.501489120047395,13.857591504382647,25.907886019023103
10.327,Complex,-13.795061111450195,6.335667984794028,6.496777243065089,3.606967289693297
10.328,tics,-15.066309928894045,8.987529224286515,8.505296487238914,4.481843649143785
10.329,are,-11.822492599487305,4.247840037925451,4.888105870847541,5.036817651076783
10.330,"distinct ,",-26.017287254333496,10.414771088551449,10.021920845650490,11.116125651900873
10.331,coordinated,-14.590432658791542,7.970529550616017,8.356718565697879,7.096866576861707
10.332,patterns,-8.592550808563827,8.723187615476135,8.761206048490710,9.288508937633145
10.333,of,-15.470882415771484,5.326690521876807,5.498081519877221,10.181236834055019
10.334,movement,-15.639084815979006,4.736020109275473,4.797226319693372,11.720544310700928
10.335,that,-6.706671714782715,5.084785784163280,5.003343851588170,12.099256771786060
10.336,involve,-19.410398483276367,4.377486264094228,4.582524650746773,14.338815111124296
10.337,several,-12.735784530639648,4.352477822437621,4.390934943655886,15.791501628928552
10.338,muscle,-11.814718246459961,4.855410813314728,5.077187534912989,18.178124388042267
10.339,groups .,-16.932392597198486,11.948822696533785,12.009976039442794,39.100992284879354
10.340,Complex,-13.795061111450195,6.335667984794028,6.496777243065089,3.606967289693297
10.341,motor,-11.594764709472654,5.406797836270669,6.088597598717092,4.465417677119198
10.342,tics,-15.906671524047852,10.599996380953877,10.281307310716956,5.371733121198439
10.343,might,-13.699102401733398,5.561216352451281,5.942500921736637,5.019438370486290
10.344,include,-4.845159530639648,4.420738831606606,4.395288299906928,5.082994201732911
10.345,facial,-13.639673233032227,4.808559839215953,5.283962070561565,7.621133833592557
10.346,grimacing,-18.220686554908756,14.008547069474206,15.201059676684494,8.005083226372149
10.347,combined,-10.131241798400881,5.937299119096023,6.531284173458090,9.362291602879104
10.348,with,-9.790130615234377,4.846530516682226,5.627458357009070,11.347256616865034
10.349,a,-7.706724166870117,5.863534808811012,6.294343464233052,12.408653545025818
10.350,head,-8.588811874389647,4.698734171797799,5.169564126231069,13.362891343049547
10.351,twist,-7.850971937179565,9.379483542158463,9.427803914128734,14.682055490296062
10.352,and,-9.939226150512695,4.992846247804034,5.767816055646621,13.000637372887258
10.353,a,-1.530155897140503,4.813413868392487,5.061847817983834,16.342014351788265
10.354,shoulder,-9.089955329895020,4.075973824277185,5.179270440981822,17.080544357161649
10.355,shrug .,-18.116256952285767,13.336228442946034,14.128791608371966,30.633223082693295
10.356,Other,-5.630902767181396,6.724887248651844,7.042440705945142,3.309854139856661
10.357,complex,-11.277536392211914,5.704617611910035,6.089071204929026,4.567876732619133
10.358,motor,-12.092199325561525,5.952510382896278,6.639233124834921,5.629665960714410
10.359,tics,-15.310258865356445,11.172656770188038,11.230903770646377,5.999323807423707
10.360,may,-3.901552200317383,5.550901007251712,5.682575912090968,5.028585972036026
10.361,actually,-3.806607246396197,8.572031772504340,9.103952517874131,7.030857867606798
10.362,appear,-5.806250572204590,4.148855804717203,3.805965801559978,9.042626727802931
10.363,"purposeful ,",-33.035262107849121,9.753175828025055,9.414393623977535,23.145544776764709
10.364,including,-10.647751182317736,9.187388058895612,9.909998682379133,13.075076256631782
10.365,sniffing,-24.106006145477291,13.705551974961860,14.158915311438847,14.104231016673568
10.366,or,-12.822616577148438,6.404797070029772,6.585828561250016,13.000228462536150
10.367,touching,-11.171238899230957,4.483316005656002,4.594233001522882,17.007798644126126
10.368,"objects ,",-12.936821928247809,11.736013428006382,12.972638121741525,35.719349230267362
10.369,"hopping ,",-14.851356625556946,13.776189237981235,14.412098708278988,39.363305964542320
10.370,"jumping ,",-9.022787094116211,9.558121335504932,10.656721633738730,43.294516125100628
10.371,"bending ,",-13.349579691886900,18.081435990967975,19.372101545345487,49.819616040536708
10.372,or,-7.294359207153320,4.590364420524882,5.171523928229066,27.999934949141625
10.373,twisting .,-20.950699072331190,22.293860687239274,23.597311697375147,58.999998765438121
10.374,Complex,-13.795061111450195,6.335667984794028,6.496777243065089,3.606967289693297
10.375,vocal,-14.248426437377930,5.828515793930340,6.365087336116897,4.540805473567329
10.376,tics,-14.184881687164307,10.398196340369838,10.558165864344113,5.000106790741352
10.377,include,-14.193398475646973,4.124851612945089,4.731227011863560,6.000005228883166
10.378,words,-12.482473373413086,4.647971218379659,4.920430790288815,6.992176543301567
10.379,or,-11.351679801940918,5.529723847558887,6.002668085915143,6.060708141368319
10.380,phrases .,-24.389173656702038,18.219855862217493,18.867089378004252,17.062313917729341
10.381,Perhaps,-4.805362857179715,17.299903799589554,16.035532656267609,3.171393765492366
10.382,the,-1.648719191551208,5.214673850009968,4.894301826717562,5.662346079480781
10.383,most,-0.098928473889828,5.338271634193985,5.071917109166732,7.728396896074124
10.384,dramatic,-4.852291107177733,3.479331410527652,3.857021594279636,8.780775005220111
10.385,and,-4.696758747100830,5.702082241087855,5.461353464085591,9.840022541621057
10.386,disabling,-12.016767501831055,3.577064282362638,3.998257147514893,10.858201377168720
10.387,tics,-22.759897232055664,9.786157136191177,9.773285658060908,11.137936089682908
10.388,include,-12.026042938232422,3.740129167090905,3.736599875286031,7.387283900953466
10.389,motor,-15.367388725280762,4.570589859600679,4.650620098479457,8.214413175163049
10.390,movements,-10.667397528886797,8.886657254586011,9.130803334345874,8.897251440372598
10.391,that,-14.545769691467285,5.317341513955455,5.163759663089151,13.454375176782449
10.392,result,-13.528951644897461,4.287804954820465,4.402001068813201,12.882551352294305
10.393,in,-8.222242355346680,4.939676094291210,5.711100481009869,16.541454418840274
10.394,self-harm,-34.619390655308962,21.784798896924400,23.953054794032759,18.854508463188502
10.395,such,-7.087996482849121,5.216547705248162,4.988112544445184,20.699773605410773
10.396,as,-8.090623855590820,5.058649813313427,5.178193048992715,20.400902338425439
10.397,punching,-15.903575956821443,9.077019325285427,9.648096402321839,22.420959280321274
10.398,oneself,-20.269853591918945,9.148679661011633,9.650468564532398,24.439338766643356
10.399,in,-8.004399299621582,3.727687103646073,4.118955295016463,23.263882467236499
10.400,the,-0.685735881328583,4.932554262660533,4.924326582439251,26.342783263506441
10.401,"face ,",-15.808549404144285,8.842504965845812,10.048229735905286,55.789680082474447
10.402,or,-1.767745971679688,4.658547966940112,5.048272202106880,29.238979639035406
10.403,vocal,-9.905941009521484,4.509837645343460,4.787775632203599,30.277553880111707
10.404,tics,-17.340997695922848,8.395429052853665,8.797762926297240,31.296293810216326
10.405,including,-10.725513338862584,8.741758522320373,9.980316521422235,28.959707214853239
10.406,"coprolalia ,",-43.475273609161377,22.009051195761131,24.552206239384375,62.953737424955868
10.407,which,-14.390634536743164,4.185311158523011,4.697079044809304,36.051787846217891
10.408,involves,-15.263200521469116,6.501091594329049,7.404349896230465,37.058333770394981
10.409,uttering,-20.584840297698971,11.955375310908876,12.928812895790255,38.941435211453204
10.410,swear,-14.325832366943359,8.080112050703899,8.788689050370483,39.900044150755399
10.411,"words ,",-21.901138305664062,7.581650024158341,8.333413929081230,80.098569810234522
10.412,or,-4.552164554595947,4.100372789716932,4.612532236053079,40.544163133765394
10.413,"echolalia ,",-42.177059292793274,13.208545055115898,13.980159573643812,84.429954832725642
10.414,which,-13.651110649108887,3.880256484805768,4.243165489554501,42.753914914628972
10.415,involves,-15.997136473655699,8.155579163916359,7.919367729375117,44.114933629889606
10.416,repeating,-17.830760955810547,6.299873405024207,6.327211510735017,47.076154990582829
10.417,the,-2.022104740142822,4.969503034127786,4.942875717265204,49.713369905486935
10.418,words,-4.068667411804198,3.629860820853721,3.890405526725755,50.721057154642772
10.419,or,-5.884779453277588,4.390561098999264,4.955477923534208,51.657940270427382
10.420,phrases,-2.477713860571384,5.890656872216884,6.736165047584550,52.750025287401286
10.421,of,-15.749649047851562,3.655090049075602,3.735219876955613,50.992374523590534
10.422,others .,-28.383784770965576,11.550236008522450,12.425874865988556,107.141566643395635
10.423,Tics,-21.693143367767334,12.083028222689387,12.651006485661972,3.655327372434430
10.424,are,-14.417944908142090,5.283452421012107,5.292847246854201,4.258558722211610
10.425,often,-11.946459770202635,6.041484547415741,5.432144963198598,5.084519033870457
10.426,worse,-8.813673973083496,5.074273068233428,4.744863811126712,6.416981857240369
10.427,with,-8.148416519165039,5.801807901487162,6.095400978727113,8.000217732591336
10.428,excitement,-17.433599472045902,4.528081425438535,4.463861376813188,10.026627830196940
10.429,or,-10.923508644104004,6.060493945731523,5.896252632003843,11.000000000468305
10.430,anxiety,-17.422962188720707,4.766402158411219,5.061730168013500,15.012019170617327
10.431,and,-5.210978507995605,5.393955346493679,5.781159354291558,15.999999994616804
10.432,better,-14.466213226318359,4.086405072724999,4.910071095387151,16.999967327263292
10.433,during,-10.053960442543030,9.817863938776624,10.448301135181145,14.574115543046426
10.434,"calm ,",-23.082876205444336,10.687427256470990,10.852076153245374,29.027661206619875
10.435,focused,-14.493918418884276,5.366630191656125,5.493462607254695,11.942962431954706
10.436,activities .,-23.016607761383057,12.530833618414196,13.543206706683916,38.985697802832092
10.437,Certain,-9.810748100280762,6.372873292479088,7.027431215084423,3.638949417471988
10.438,physical,-10.215306282043457,5.689668512937874,5.978834263162988,4.704928390630273
10.439,experiences,-8.839428007602693,10.412104790731128,10.350376843962412,5.657147813701623
10.440,can,-17.997600555419922,5.405680613620208,6.180283900507049,6.526314816533175
10.441,trigger,-8.497781753540039,3.804380280486706,3.253352765673823,5.111357369415256
10.442,or,-7.683935165405273,5.477156391044396,5.911289860220278,6.000076615099437
10.443,worsen,-6.332931518554688,4.080717332908848,3.880146165976654,8.221655723714766
10.444,tics .,-26.852774381637573,18.710715743399604,19.092604629416591,19.286113156676461
10.445,For,-2.344644546508789,5.667910546478312,5.134094141068218,3.053832596557468
10.446,"example ,",-2.013562768697739,10.616521218297923,9.743280759785906,9.147219444724833
10.447,tight,-11.889796257019045,5.615372422218733,6.386479781737854,6.543270738237602
10.448,collars,-10.555245719850065,14.172150428147214,14.583530968927347,7.506759634803473
10.449,may,-18.690769195556641,5.243302333846637,5.903633266817884,8.540876165571460
10.450,trigger,-6.943511009216309,3.154459401944587,3.159854026853957,8.061009568044598
10.451,neck,-12.665487170219420,10.510425115649971,10.048044196907693,9.253077245800243
10.452,"tics ,",-22.281348943710327,16.546101113828321,16.079298612510797,23.287688310814502
10.453,or,-3.747380733489990,4.694359978656312,4.788187452033749,14.341115599444704
10.454,hearing,-13.938028335571287,3.582355456782025,4.321673302738350,15.001608468362189
10.455,another,-7.580083847045898,4.765832641676390,4.769215274071263,16.930349906972545
10.456,person,-4.923376083374023,4.452965303854782,4.616514748975450,18.000005635418013
10.457,sniff,-17.875240325927734,7.989399377343383,8.279768743615318,18.387746673861638
10.458,or,-9.632961273193359,5.042151635033913,5.559618159746321,22.017433912818007
10.459,throat-clear,-25.116714835166931,20.275170421355281,23.769137136895512,23.019911157206607
10.460,may,-11.482908248901367,4.668210934537429,5.156003032797276,23.996547857169531
10.461,trigger,-12.697320938110352,4.836257420125501,4.965416908615506,24.999999735080390
10.462,the,-11.046777725219727,4.970490904224335,5.466638348492436,25.999985476827398
10.463,production,-10.936439514160156,5.026406539368052,5.264991590636988,26.999951116427013
10.464,of,-9.834470748901367,5.471832811937682,5.728503683268770,27.999959821829645
10.465,similar,-14.746785163879395,5.764408586535853,5.846764087175587,29.000000179706788
10.466,sounds .,-18.853014707565308,13.002480832910166,13.569344327677861,56.397417107792265
10.467,Tics,-21.693143367767334,12.083028222689387,12.651006485661972,3.655327372434430
10.468,come,-16.997463226318359,5.176628536191652,5.627137022579047,4.197649526708021
10.469,and,-11.387081146240234,5.404755093867028,5.846995760263277,4.000023240442530
10.470,go,-7.555054187774657,5.451564303146147,6.123267123338652,5.000000035692493
10.471,over,-9.883035659790039,5.870554087408648,6.013805202666407,7.052269946290624
10.472,"time ,",-25.238718032836914,11.269451390111829,11.289685959522505,18.203180019800161
10.473,varying,-18.000226736068726,8.571803077516574,8.792744604942868,12.011004254085375
10.474,in,-8.849991798400879,5.146945477334572,6.138010979719454,13.000000015938475
10.475,"type ,",-25.902770042419434,15.088490163786464,16.105553377079147,32.256823553822514
10.476,"frequency ,",-17.019646286964417,13.273466162824670,13.935589780467545,37.056687427272621
10.477,"location ,",-7.657174706459045,9.646088069555724,10.287308662497679,40.999963884252587
10.478,and,-2.714639186859131,5.618160648270901,5.899879131922128,21.989855300329019
10.479,severity .,-20.461716651916504,15.020905438478362,15.763872099170937,46.999998797097106
10.480,The,-1.648221969604492,6.746959719648657,6.992360907198334,3.456291647660295
10.481,first,-5.832761764526367,5.358071874862714,5.501220182259184,4.690757624385657
10.482,symptoms,-10.937479972839355,5.018341264337463,5.679373981647828,5.701853713046527
10.483,Tourette 's,-30.101588431745768,19.305826868555357,20.222363110764334,17.397744619815555
10.484,patients,-15.289186477661133,4.366524726738096,4.428733259808395,9.830640057094222
10.485,experience,-14.891671180725098,4.409121800336369,4.586484852623710,10.212236552255259
10.486,usually,-13.614500045776367,5.311013323380950,5.406643789790317,10.040722058706566
10.487,occur,-7.479717731475830,4.901966299530589,4.350476803883395,5.031308787434597
10.488,in,-7.023356914520264,4.681528423662276,5.288496477358206,11.241664825920797
10.489,the,-11.310164451599119,5.378115277955755,5.549377537915490,5.010778040112531
10.490,head,-12.318052291870115,6.087173157228952,6.212385147376742,8.132216588265724
10.491,and,-10.419325828552246,5.203789691131019,5.676947555021603,12.042622236259936
10.492,neck,-11.273432016372681,8.286993163684981,7.738443941765372,12.630440005078571
10.493,"area ,",-25.058362960815433,9.260137503065371,9.197216429430586,26.753843395356011
10.494,though,-10.999419212341307,4.366626242568857,4.761875863550334,15.001994999664989
10.495,they,-15.782254219055176,4.795231434623347,5.454422029518625,16.998632630603339
10.496,may,-13.266324996948242,5.198570846464215,5.168124853854562,11.004114092038201
10.497,progress,-10.680791854858398,4.801166849234186,5.149502967105944,14.072327593435073
10.498,to,-7.980143070220947,4.621184674348871,4.580673381444377,16.000374246028738
10.499,include,-8.420860290527344,4.301257304876874,4.443598726848133,18.916366973858775
10.500,muscles,-20.504082202911373,9.237428036929384,10.119741822989679,21.979245906856786
10.501,of,-11.123651504516602,5.838394991724957,6.063350393108142,21.198064588778571
10.502,the,-1.638273596763611,5.354564684497531,5.660276689837352,26.273711154771586
10.503,trunk,-11.525645494461060,8.105392694344019,8.773543500883289,27.214062383192207
10.504,and,-11.363806724548340,3.600564189376913,4.543841759141825,28.648168122205892
10.505,extremities .,-30.042184986174107,29.754338239665611,33.487496948216851,63.453609003716913
10.506,The,-1.648221969604492,6.746959719648657,6.992360907198334,3.456291647660295
10.507,symptoms,-10.429786682128906,5.033933554847009,5.905127282618233,4.620172618274069
10.508,of,-0.022172646597028,4.512726281382482,4.835155113629759,6.110725570257491
10.509,Tourette 's,-28.419141743332148,19.300965651527708,21.115277130664516,18.475539723221502
10.510,are,-19.444660186767575,4.071095927484012,4.534364776262297,5.018870488712126
10.511,"involuntary ,",-22.217920303344727,9.305993441864850,9.933389865796842,16.548772090207098
10.512,but,-9.072712898254396,3.884244065466043,4.503121897846016,10.999983560709040
10.513,there,-9.939344406127930,4.876708613786958,4.911179640526119,11.999913707937065
10.514,are,-12.439720153808596,4.855306176227667,4.860837021150747,12.999999373880758
10.515,some,-12.607483863830565,5.628741854883285,5.751293721320926,9.989360100611401
10.516,people,-6.516025543212892,5.137999687671637,5.643711196197502,10.649742022344071
10.517,who,-10.631771087646484,5.245097938280486,5.317940937822328,10.101326062079373
10.518,can,-3.082848072052002,4.921465913645580,5.042951475294366,12.170044356576321
10.519,sometimes,-10.885972976684570,4.954229948400781,5.096966392881988,14.335445339787180
10.520,"suppress ,",-26.828514575958252,14.280409909666087,14.408714455148756,33.321675651806082
10.521,"camouflage ,",-23.886661529541016,8.204445690564871,7.987671828023613,44.449097316797555
10.522,or,-9.556876182556152,4.249160704188718,4.716419592812920,24.000005875476251
10.523,otherwise,-7.497177124023437,4.368597442779499,4.364146624906282,25.000000568163692
10.524,manage,-9.857376098632812,4.056281736698963,4.098049499122968,27.048892867331610
10.525,their,-5.023053646087647,5.364176252813866,5.276840135755066,17.835197852413064
10.526,tics,-12.334347486495972,7.792811913673567,8.233706549110488,18.892825919849432
10.527,in,-14.780346870422365,3.938166172833457,4.808544855983383,19.913480992494033
10.528,an,-13.170345306396484,5.105131918864473,5.552046008059838,19.152812912919181
10.529,effort,-6.710378646850586,4.181625589248055,4.294576330234263,22.128917326145388
10.530,to,-9.310359001159668,5.187836601348857,5.837785521290579,33.963254262463266
10.531,minimize,-12.135795593261721,4.226712158298279,4.592018029741166,34.999997784989446
10.532,their,-9.552860260009766,5.407932214850243,5.494814231149711,35.999994931230134
10.533,impact,-10.305022239685060,4.252217213134822,4.551087842361401,37.000197915936425
10.534,on,-13.704053878784180,4.986945366610263,5.441025464532797,12.136202588562494
10.535,functioning .,-24.015484899282455,18.355720112042608,19.361639122142492,58.599365347903699
10.536,"However ,",-2.372875440834832,18.212883449667270,16.932650475319509,7.163903714306628
10.537,people,-5.730267524719237,5.312860934984103,5.850446424097749,6.870559117533051
10.538,affected,-5.187982559204102,4.097477600864801,4.615204579017964,9.059178344514542
10.539,by,-0.010114958509803,3.590802488891967,3.905065115911422,11.063119592557369
10.540,Tourette 's,-25.733251814282994,17.884902456913004,19.967962675403065,28.916202980689597
10.541,often,-20.334440231323239,4.492395105978779,4.828936240645463,15.500005860696358
10.542,report,-9.397362709045410,4.413194871250372,4.472490385340112,14.530778761378748
10.543,a,-10.187265396118164,4.627436244881272,4.716659554647823,14.849237057141670
10.544,substantial,-13.203929901123047,4.056389702125911,3.943826507709031,16.122328011602949
10.545,buildup,-14.362648963928224,4.374262884958843,4.331940551307246,11.631342616216399
10.546,in,-13.065885543823242,4.689456940430771,5.238565366286982,12.842873417141185
10.547,tension,-7.298477172851562,3.650520386418139,3.568740974168183,13.759731477592895
10.548,when,-13.436901092529295,4.639280020179093,5.069969086432621,13.708932477818506
10.549,suppressing,-18.200304508209232,13.495375675533953,13.870101384451132,17.349122967863874
10.550,their,-17.399332046508789,5.634056395595574,5.424797399285034,16.501382377552467
10.551,tics,-14.247296333312988,8.439554839262284,8.499978554201094,17.513534169345405
10.552,to,-9.291099548339844,5.030867981939212,5.120118868605132,17.180145210647723
10.553,the,-1.658087730407715,4.745222257383227,4.669276102807562,21.502665904284850
10.554,point,-3.581344127655029,5.121541732679468,5.403396479583878,22.000203454806599
10.555,where,-11.979383468627930,9.479689061576057,9.671906782696515,22.393604241329928
10.556,they,-9.229676246643066,5.333417577767970,5.975652444071421,24.994800989993216
10.557,often,-18.395990371704102,4.120951120320799,4.146474465646353,26.656417236205549
10.558,feel,-15.053709983825685,4.579752430071334,4.592791683766639,28.651537539020705
10.559,that,-5.997562885284424,4.288073745504659,4.406211867185466,31.851561440322751
10.560,the,-8.439748764038086,3.513259069370241,3.734405019179492,33.761892019649466
10.561,tic,-16.662044048309323,5.662081057740921,6.216116966881695,35.968396756250549
10.562,must,-12.505598068237305,4.594677173743164,4.846759001872557,38.058280222416833
10.563,be,-10.895700454711914,4.931693120472540,5.752672938840196,40.980572490096456
10.564,expressed .,-25.113218903541565,16.561096233087028,17.449433790599446,85.013366073017750
10.565,Tics,-21.693143367767334,12.083028222689387,12.651006485661972,3.655327372434430
10.566,in,-13.486139297485352,5.650229222762897,5.939186728796670,4.304900073360018
10.567,response,-15.928898811340332,5.444037303877723,6.008677075899709,5.405415796111454
10.568,to,-8.752087593078612,4.792204153519426,5.905166436519202,7.765501513669752
10.569,an,-10.475449562072754,4.545415496580188,5.325647255442849,10.026383974428807
10.570,environmental,-9.266685485839844,5.092938000910986,5.427419827420358,12.841550526431146
10.571,trigger,-11.481595993041992,3.927691617120177,4.375898706217974,13.781655819443587
10.572,can,-9.949302673339844,4.848973637754233,5.267615002780178,5.225457922609847
10.573,appear,-5.843609333038330,4.847645888794311,4.697684594576633,5.207212449447911
10.574,to,-2.303526878356934,5.565224008027410,6.102998537492024,7.225437590226416
10.575,be,-3.460659265518188,4.359934268940059,4.698543623543340,10.002544749121471
10.576,voluntary,-13.188262939453125,4.962974504011390,4.984757620091465,12.266944895898980
10.577,or,-8.836465835571289,5.378147587291597,5.926243294739707,13.000030245367114
10.578,"purposeful ,",-22.996233940124512,8.935850423957021,8.536861924754291,32.106258399736255
10.579,but,-3.515715122222900,4.600862061020822,4.554456311019191,17.114286936260100
10.580,are,-10.213490486145020,4.257106789818694,4.543296430134513,18.116515756810216
10.581,not .,-19.508995443582535,13.442760666093797,13.658419754756054,39.099786164903435
10.582,Many,-5.693682193756104,6.663124122369861,6.799362269839254,3.434842042578288
10.583,people,-3.617107152938842,5.407423239484018,4.966605593630981,4.440067972083289
10.584,with,-2.601954936981201,4.441835090029969,4.597268782902748,6.126810220098220
10.585,Tourette 's,-31.175912359263751,19.531516719787181,21.311254978504579,18.775081846440621
10.586,experience,-12.784154891967773,4.341229328590265,4.425817865434237,8.955754842861197
10.587,additional,-18.292169570922852,5.689606687328106,5.599650286902969,8.802879265435644
10.588,neurobehavioral,-51.192542552947998,22.279922444037691,24.776420107268251,9.347483106042334
10.589,problems,-9.371577262878418,4.115375353039108,4.327837765658357,10.999111522394259
10.590,that,-14.424938201904295,5.232931863908275,4.821720130989029,6.020407176618898
10.591,include,-12.736509323120115,4.661088918618366,4.765076225695000,7.076466072651424
10.592,"inattention ,",-26.119885683059692,20.020755015944314,20.658985755562334,18.703629620799074
10.593,hyperactivity,-13.953496694564819,9.131964962703718,10.140533041567769,12.113388698675742
10.594,and,-17.123275756835938,4.972247578376548,5.422573235990279,11.533328759311216
10.595,impulsivity .,-42.017590403556824,27.945995130521503,30.699586288572373,30.297725327744509
10.596,People,-6.474062442779541,5.756546581697692,6.697160014695088,3.694584533317590
10.597,with,-1.223200917243958,4.504939991139581,4.058779394907469,6.221002177571513
10.598,Tourette 's,-30.873078022152185,19.217083766724905,20.950935384080690,18.770825624228316
10.599,have,-17.293296813964847,4.456290912509348,4.564101973288967,5.035612026942043
10.600,also,-11.257734298706056,5.299373624738070,4.990346373335524,6.022662493685572
10.601,reported,-7.324341773986816,4.507171637024449,4.495512033935534,6.941908585955424
10.602,problems,-11.898088455200195,4.682419356220954,4.851930493160365,6.781769542450656
10.603,with,-8.533208847045897,6.054097915021843,5.757903355440272,8.009234864636349
10.604,depression,-11.595956981182098,8.093089579834674,8.476688504399581,11.000048412351816
10.605,or,-10.973451614379883,5.092947928442271,5.711296793324832,13.000079617430751
10.606,anxiety,-7.017819404602051,3.427250022528892,4.273219991985535,16.234087676879494
10.607,"disorders ,",-18.989344179630280,11.118630884316056,12.748496459857964,35.248948777422740
10.608,as,-8.923776626586914,4.063508831874383,4.792030625321623,19.079371903309433
10.609,well,-2.829912185668945,3.865936422732960,4.218955250936737,20.021407524089810
10.610,as,-12.427501678466795,4.418482824765484,5.347614486563243,20.999996766743127
10.611,other,-14.501603126525881,5.936287841616412,5.545315276425813,14.051883755100693
10.612,difficulties,-10.835904240608217,8.707524283101174,9.129070393667435,18.997138867943079
10.613,Tourette 's,-42.228834152221680,21.188808931998139,22.670309975192552,44.900122096842864
10.614,syndrome,-14.942229270935060,3.382288918308747,3.506516403849983,23.000285755465050
10.615,may,-12.328966140747070,4.022164277027342,4.337693962132972,24.000787519706588
10.616,or,-10.290555953979492,4.983097119411172,5.325842881869868,25.000027117033138
10.617,may,-6.595386505126952,3.382597702591920,3.748210320303730,26.711256368349822
10.618,not,-5.168498992919922,3.685011384893179,3.875658622369758,27.556151339965549
10.619,directly,-15.208612084388733,10.215531692034929,10.660783369484019,11.035907710544921
10.620,cause .,-8.201579809188843,14.442928044309440,14.812356696149951,53.756736421705966
10.621,Tourette 's,-29.653430223464962,23.160480706430974,24.385263517011836,8.215803130008677
10.622,is,-11.144267082214355,4.843524255570918,5.089342821090281,5.042300083440211
10.623,a,-7.726961612701416,6.503845887816218,6.224853581464997,6.034799464428287
10.624,diagnosis,-16.201198577880859,5.218612100379632,5.144804729880034,5.999925630997153
10.625,doctors,-9.402897268533707,8.478797483443392,9.039657186183641,7.661392871899384
10.626,make,-16.454975128173828,4.410804250719881,5.229990150604825,9.534321597119471
10.627,after,-14.021656036376953,4.456206916214144,5.425637532811617,10.271411730994886
10.628,verifying,-13.956491760909556,10.100969709364152,9.995842953380748,10.740219559935275
10.629,that,-11.720877647399902,5.137268527488883,5.296691580227833,13.916450798205314
10.630,the,-9.945556640625000,4.144174015407403,4.553566563041210,15.005515746125344
10.631,patient,-10.823168754577637,4.559681308489989,4.658620446626634,16.000017532442580
10.632,has,-10.967103958129883,4.755903616640913,4.995153097235589,17.000035000631200
10.633,had,-12.106575012207033,4.984582729767137,5.614913941958472,22.378338756454188
10.634,both,-7.370965480804442,4.644745494295153,4.654498737379425,25.225516168365807
10.635,motor,-10.619850158691406,4.178239754761258,4.522172021032592,26.217648241349931
10.636,and,-9.165156364440918,4.469744789662950,4.415128696411977,26.648926275673904
10.637,vocal,-13.637591361999512,3.988718585175316,4.308823297633147,28.852239437027350
10.638,tics,-16.305344104766846,8.112019196678251,8.508446337512629,30.717508915852960
10.639,for,-15.599088668823242,5.272043137233541,5.936904501167045,26.772053267410783
10.640,at,-13.343118667602539,4.137732664096880,4.974532540350152,33.003534070092748
10.641,least,-3.793107509613037,5.140407574084302,5.233759098357424,34.003908245741364
10.642,one,-3.659337282180786,4.451617073289527,4.375349072184336,35.012093954916104
10.643,year .,-28.248515844345100,16.803059996466235,17.871130112774974,67.425936407112246
10.644,The,-1.648221969604492,6.746959719648657,6.992360907198334,3.456291647660295
10.645,existence,-8.608462333679201,5.695629487564410,5.960379801145346,5.128588760804972
10.646,of,-0.007105201948434,4.363940218435785,5.003828832508079,6.200302253216398
10.647,other,-6.962520599365233,5.332890520397533,5.442962405714320,8.558199337043652
10.648,neurological,-12.387768214393873,8.964052163339588,10.052361441814860,9.287749670786148
10.649,or,-8.592568397521973,4.748951090808387,5.234224789450361,10.950878052492445
10.650,psychiatric,-5.992766380310059,3.390880295700474,3.939297962094429,11.988935170036278
10.651,conditions,-16.151511728763580,8.540064079664077,9.521411134124332,12.254543500282658
10.652,can,-11.679487228393555,4.683749284636623,5.143790893007713,13.118693056800387
10.653,also,-12.831714630126953,5.155672753998334,4.731874674228402,5.024963922349749
10.654,help,-14.702974319458008,5.500539551709622,5.512444404237344,6.986135186569156
10.655,doctors,-11.492185056209564,8.236925521204864,9.094109649495252,9.163396365720745
10.656,establish,-12.437732696533205,4.629388494400927,5.688304336391095,11.008737710934779
10.657,the,-11.335504531860352,4.528539777763629,4.779753739385887,14.044260510853636
10.658,diagnosis,-8.672269821166992,4.359287830179800,4.740824818265300,16.591593271611046
10.659,of,-11.235942840576172,4.402040436474611,4.977311818310280,17.210530482089162
10.660,Tourette 's,-40.653621196746826,15.847802690441299,17.416139110417941,36.495709855662128
10.661,is,-10.838928222656250,2.892909721113026,3.202145475493003,20.178343854300056
10.662,the,-10.654722213745117,4.053946273103318,4.370693149375190,21.155422651871703
10.663,correct,-8.895328521728516,4.676257651603031,4.404457242296177,23.426306099068626
10.664,one .,-11.257169485092163,12.822576666419884,13.115822463959498,47.614502139132313
10.665,Knowledgeable,-15.095456361770630,12.234468096591570,13.251579235367535,3.304195549445263
10.666,clinicians,-11.793476343154907,8.820408204503169,9.282723961948054,4.237374091600628
10.667,consulted,-27.173823833465576,10.931730974039613,11.494493943239741,5.171211581553103
10.668,by,-7.969369888305664,6.131521335721768,6.659316668677826,5.706969484788147
10.669,patients,-10.354129791259766,5.274553134589402,5.366747598990012,6.996599930105941
10.670,do,-15.663190841674805,5.635321323535281,6.604287385109832,7.990578363412029
10.671,not,-8.501903533935549,6.261064730047938,6.450685737360567,8.999563258517027
10.672,often,-14.393852233886721,5.676510548623838,5.987770928229256,10.000030888245348
10.673,misdiagnose,-19.569661617279049,9.978865448473822,10.875478499921259,7.150916587632331
10.674,common,-8.988914489746094,5.265336956006673,6.214307262607781,9.982313479283404
10.675,tics .,-26.900234580039978,15.027044376231672,16.437273554774531,24.987211657024346
10.676,"However ,",-2.372875440834832,18.212883449667270,16.932650475319509,7.163903714306628
10.677,atypical,-22.193464279174805,4.517409397032914,4.803863465457725,7.091296012492287
10.678,symptoms,-10.654411315917967,4.622767061144867,4.664842419030633,8.138429257500281
10.679,or,-9.148248672485352,4.798340229549512,5.385087263372903,9.065871793449169
10.680,atypical,-14.674617767333984,3.985756001458448,4.531997034925928,10.073634031897740
10.681,presentation,-16.067253112792972,4.100155722929632,4.901178382732089,11.125714185327579
10.682,such,-17.617820739746094,5.463750352507683,5.864316559643933,12.131468427945149
10.683,as,-3.602499485015869,4.548987749061848,5.103554233744227,9.185188028225706
10.684,onset,-21.319033861160282,10.009815150212868,10.719119150667712,13.071811153356046
10.685,of,-8.453276634216309,4.880399411474229,5.106844688118311,11.999786797746465
10.686,symptoms,-7.194638729095459,4.566945186961076,4.885612827812823,15.524495213488612
10.687,in,-16.404619216918945,4.539262845836125,5.315292159857572,16.090555674846033
10.688,adulthood,-26.305675506591800,3.964698324173078,4.579289181114278,18.162431933984358
10.689,may,-10.459247589111328,4.703121498286816,5.530492514032368,20.254849853389864
10.690,require,-13.149482727050779,3.702361438244812,4.132535336745144,20.889290220350119
10.691,specialty,-10.522845268249512,4.609756374471504,4.995730918350850,23.639483163827734
10.692,expertise,-10.780441589653492,7.465210462335548,8.603380111095388,24.558073243444362
10.693,for,-15.347081184387207,5.284878603145813,6.076277462742961,25.255412316404179
10.694,diagnosis .,-24.349830150604248,14.118820222629495,14.552108930676454,33.187082177209426
10.695,There,-4.967374324798584,6.051979804609233,7.133683845964304,3.197348995101382
10.696,are,-1.370855093002319,4.791345070999531,4.708309047500334,5.197052668435704
10.697,no,-2.906602859497070,5.727535205715821,5.832468234209094,7.848786563780759
10.698,blood,-8.393293380737305,4.629825887230275,5.176462356888729,8.763585984328463
10.699,or,-5.852839946746826,5.179308340417938,5.716615019192140,9.690584991327453
10.700,laboratory,-6.070875167846680,5.604969440052227,6.028820753708954,10.788561789085724
10.701,tests,-1.820826113224029,8.952384101933445,9.829605612469901,11.238468832867095
10.702,needed,-3.360917806625366,4.046185377458467,3.744474698236985,9.017026371223775
10.703,for,-0.241389989852905,3.873991471636324,4.140339317588146,11.029124049603810
10.704,diagnosis .,-21.128668785095215,11.628905436197417,12.943972963169035,27.854787586386749
10.705,"However ,",-2.372875440834832,18.212883449667270,16.932650475319509,7.163903714306628
10.706,neuroimaging,-24.939608573913571,9.851918575913086,11.318614157785539,6.236340743481821
10.707,"studies ,",-16.100758551750914,13.760064528203053,15.181427446227964,15.321977131046834
10.708,which,-15.851235389709473,5.167780600258014,5.458495063555338,9.081708277164040
10.709,include,-13.632967948913574,4.524975692061278,4.745506672853933,10.359674613394514
10.710,magnetic,-15.671905755996704,7.680182214233657,8.426182913214179,13.133726779174518
10.711,resonance,-10.228835761547087,15.148286178391093,16.877272433078478,16.096139945684801
10.712,"imaging ,",-13.577974557876587,13.219085880747787,14.360912360699444,35.058883667765187
10.713,computerized,-9.590969085693359,4.439757057816256,5.311409587280742,19.018418237127019
10.714,"tomography ,",-11.847957015037535,17.762128061156147,20.539715962065209,40.643120495823737
10.715,and,-11.447148323059082,3.878512999964694,3.986356647230613,18.953637881719594
10.716,"electroencephalograms ,",-41.048000901937485,21.327782186698933,24.005287906725840,41.926161249452321
10.717,as,-12.032116889953613,5.356336401486137,5.985622176127876,21.628111960262647
10.718,well,-0.073955476284027,4.365581372461839,4.640090779798734,23.000029860333814
10.719,as,-7.833179950714111,5.410360310456835,5.995116231185343,24.000028866465968
10.720,certain,-8.741660118103027,5.018640378423473,5.390489884497417,25.000021804649958
10.721,lab,-11.490021228790285,9.685143491375570,9.991599966462910,26.000007876202964
10.722,tests,-3.312377229332924,9.196563235349696,10.062031546627662,27.000017579830750
10.723,may,-16.280134201049805,4.847020575433088,5.158653285386825,28.000005430188807
10.724,be,-7.353186607360840,5.160372375529693,5.562253032653331,29.000002055418577
10.725,used,-18.254957199096680,5.607189404546863,6.199761906377032,30.998921162645519
10.726,to,-10.410868644714355,5.541607986523845,6.133260606631680,23.000057273419351
10.727,rule,-9.093317985534668,4.364682775188895,4.500019770033378,24.000028160863994
10.728,out,-8.902725219726562,5.335298765593835,5.669743255031644,25.000016963045603
10.729,other,-4.124000549316406,5.178200978814278,5.087543207202969,25.219267130527857
10.730,conditions,-5.702827269211412,7.419454812145372,8.144200085336513,26.000000274971146
10.731,that,-16.167501449584961,5.434255058257884,5.823234489815649,27.000000532197213
10.732,Tourette 's,-36.226528123021126,22.016919530989711,22.545765741784209,18.000000360102618
10.733,might,-9.591441154479980,5.100211579173048,5.282693340436421,12.000001219336585
10.734,be,-5.187414646148682,4.207508170460105,4.316922946158527,15.000001387903589
10.735,confused,-6.098539352416992,5.002964012362926,5.096383566433800,17.000000116282411
10.736,with .,-13.708254337310791,13.111408428626909,13.864425725379199,40.999964113942085
10.737,In,-0.843770027160645,5.225329802897013,4.895953120101177,3.048904857549345
10.738,terms,-5.551493644714356,5.325930077254093,5.540544183151597,6.076892459582430
10.739,of,-0.000468501966679,4.487827905992052,4.213916964394903,8.105621771236905
10.740,the,-3.102003097534180,5.908827019454550,5.738229066456697,10.888474148287219
10.741,role,-6.236887931823730,4.234501416465083,4.954081995820245,12.080115889492225
10.742,of,-0.026033811271191,4.457937777507973,4.235817498984711,13.096685611536325
10.743,genes,-11.582095146179199,4.458289798115702,5.007231818402794,15.119238250005331
10.744,in,-0.072488583624363,4.155882345068286,4.645156383497377,15.094450732081473
10.745,the,-1.515139341354370,5.002579671140047,5.623670601426693,17.416118612996129
10.746,"disorder ,",-7.182660263031721,8.459680038657158,8.477732893676574,22.388663923865547
10.747,evidence,-8.817025184631348,5.723640425893122,5.185746894473252,6.602385493708013
10.748,from,-3.045072078704834,4.793180398597026,5.142059230937019,9.028789411307001
10.749,twin,-13.981407165527346,5.795975108090906,6.153857798753065,11.382952574337713
10.750,and,-5.422648906707764,4.294658109539838,5.305408321958679,12.310179145809220
10.751,family,-6.540845394134521,4.813065625811345,4.696729501742167,13.259871900615678
10.752,studies,-5.166430353030592,8.439879762777243,9.646154350457703,14.197352004896224
10.753,suggests,-21.671089172363281,8.090151552032514,8.326010709698156,8.000000020076563
10.754,that,-11.733704566955565,4.936797440431329,4.695094448108448,8.051831287521082
10.755,Tourette 's,-40.037258744239807,18.308477729781913,18.617506094680060,24.874600112449123
10.756,is,-15.032779693603516,3.674201853249152,3.848172960884773,13.999561905081716
10.757,an,-11.842412948608398,4.494873743018363,4.654060312473653,14.984546590969590
10.758,inherited,-9.787913114763796,17.416798119757438,17.945086174973319,16.008324685294120
10.759,disorder .,-26.164172172546387,12.071552561925525,13.044828487378750,32.180241822609489
10.760,Although,-2.279837488149496,12.132324374195210,12.065867637200654,3.068730277400624
10.761,early,-8.293710708618164,5.647120845991874,5.815815276567153,6.326105067887290
10.762,family,-9.897718429565430,4.821202445382842,5.683331565719375,7.202165485203914
10.763,studies,-7.099525205703684,8.488779685834947,9.477323333627348,8.171363710457303
10.764,suggested,-5.017467975616455,7.520633994240332,7.507720140017706,8.092343925359085
10.765,an,-2.594703197479248,6.135885153960308,6.417982570878132,11.107625800711473
10.766,autosomal,-30.167044639587399,14.791707927034647,17.555284289529286,12.339346116140973
10.767,dominant,-12.620594024658205,6.049343371406890,6.619945617788250,13.219835351602125
10.768,mode,-8.712424516677856,9.806751953389474,10.812502828242447,14.112663508211048
10.769,of,-15.657110214233398,5.012890065480677,5.899516542046960,15.147373861992321
10.770,inheritance,-14.860855102539062,4.366029005682496,4.633080943667774,15.984210263807483
10.771,characterized,-14.837928056716919,7.738974996027068,8.774267013000371,13.012146035311673
10.772,the,-8.517968177795410,5.177768570372102,5.489460745676690,15.501682827832219
10.773,"condition ,",-26.482333183288574,7.863571748958682,8.480771334283574,28.083872625240851
10.774,more,-7.605603218078612,4.073036921611099,3.984831910969723,16.058072761182977
10.775,recent,-8.672286987304688,4.447320392127058,4.375387785777644,17.164415942719124
10.776,studies,-11.793784798122942,7.782357795496173,8.941929063894397,18.571239232472166
10.777,discovered,-18.920296669006348,9.729539856180930,10.133998546931338,17.984469099540981
10.778,the,-3.897040843963623,4.772004894234512,5.358797698638750,16.508101501344086
10.779,pattern,-20.282445907592773,4.291428834558934,4.240563706500522,8.647650333258195
10.780,of,-10.755541801452637,5.927224454754550,6.532515738826599,6.011338467759365
10.781,inheritance,-12.114766120910645,5.360841687629656,5.038776719490581,7.121474562624834
10.782,was,-8.211580276489258,6.274004189504640,6.761160246750117,8.063693315707850
10.783,much,-11.720051765441895,5.503768985433338,5.519852203411159,8.009159070331902
10.784,more,-5.689022064208983,5.303668242656435,4.959060921906780,10.447816727221893
10.785,complex .,-27.920202255249016,15.599084839495081,15.288959530734269,23.934550573709565
10.786,Although,-2.279837488149496,12.132324374195210,12.065867637200654,3.068730277400624
10.787,there,-4.081425666809082,6.093054467258979,6.787420586024204,6.082971646190235
10.788,may,-3.892058372497559,5.380188405743616,5.201691132249482,8.104101369202279
10.789,be,-0.076882600784302,4.692324597354695,4.516846533737104,10.108109810546814
10.790,a,-1.782400369644165,5.004332875561863,5.042465292682622,12.736786296034381
10.791,few,-3.071575403213501,5.774091418804010,5.549279969544295,13.623485651026922
10.792,genes,-10.756668090820312,4.026841414885522,4.547091027812021,14.537805765774975
10.793,that,-0.032851740717888,4.412158216460711,4.124077823764289,16.005615704711747
10.794,have,-3.250487327575684,3.036443488664337,3.408139953258886,19.039609637898366
10.795,substantial,-6.704127788543701,4.704599787771008,5.179468366047304,21.369422794365303
10.796,"effects ,",-2.741068478673697,8.075342401043034,7.905309914193388,27.031805741053724
10.797,it 's,-5.260712643270381,20.111887769751121,18.921049278433362,14.231992461617111
10.798,also,-10.608007431030273,5.792952679757745,5.904631328733075,9.011870477378034
10.799,possible,-9.944036483764648,5.374345006306736,5.297689963244697,10.004424114096306
10.800,that,-8.226266860961914,5.527862739458016,5.460152725487545,13.185862318666208
10.801,many,-13.662534713745115,4.722051838258240,4.372081341403025,16.983503764222487
10.802,genes,-9.444733619689940,3.968349963077284,4.755938019223733,18.354530855215163
10.803,with,-15.488098144531250,4.304464132939699,5.274642827639746,19.452586596151050
10.804,smaller,-16.468194961547848,4.502171184962808,4.989399490308567,20.122322366567282
10.805,effects,-8.406823158264160,3.991433646888041,4.210835454727167,23.050710329068803
10.806,and,-5.608600616455078,4.724245920533626,5.257254341892375,24.005658671533478
10.807,environmental,-18.693674087524414,3.697552754249332,3.932832090518533,25.004760111151882
10.808,factors,-9.516870498657227,3.752819013782973,3.950483569743609,26.006802207545412
10.809,may,-14.620281219482422,4.567895234821078,5.102692203687988,27.008554273453086
10.810,play,-7.008693218231201,3.902106302351914,4.186376331253014,20.025212964045441
10.811,a,-4.476326942443848,4.631819898407904,4.983964684397104,22.034256833497174
10.812,role,-8.500118255615233,4.005843710690663,4.756668030540544,24.179023752804532
10.813,in,-10.182933807373047,4.405708291734651,4.963014306838655,25.111088765922290
10.814,the,-11.344687461853027,4.779514299563933,5.037922790849499,26.077553060791306
10.815,development,-11.048097610473633,3.933573118085804,4.291978719084653,28.922624002756447
10.816,of,-11.856126785278320,4.122368434445015,4.636785528806438,29.615013605293989
10.817,Tourette 's .,-51.294363021850586,22.790326939289955,25.463758632661502,99.008045648827704
10.818,Genetic,-10.527041435241699,5.545262330905262,6.422815412466898,3.435739602497086
10.819,studies,-8.676814546881360,8.683884419008255,9.202219011769252,4.398976078877952
10.820,also,-14.359520912170410,5.248345543997750,5.228530494463906,5.071225745659300
10.821,suggest,-13.602102279663086,3.914735539275228,3.856647569342143,5.282501383354258
10.822,that,-12.077710151672365,5.633624389602993,5.706122235763266,7.121366322404962
10.823,some,-10.720395088195801,5.376202803976419,5.435211663433454,9.006552811117430
10.824,forms,-11.462738990783693,3.969337960390732,4.552407214175259,12.620946247586447
10.825,of,-14.695394515991213,4.109354914233246,4.904221536216776,13.405737499417921
10.826,Attention,-24.135516166687012,8.450805174799553,9.395285133530114,14.546848128224704
10.827,Deficit,-15.261610031127930,4.288837936429120,4.991762044063559,17.110101773467939
10.828,Hyperactivity,-32.443906784057624,11.864143612239330,13.309068796097543,18.197042083292853
10.829,Disorder,-12.564204335212708,9.032998428301672,10.297756530169000,19.178415606731519
10.830,and,-7.585286140441895,5.427797140081368,5.746008683144777,20.134810924603123
10.831,Obsessive,-26.059242367744449,31.698255060604502,34.607456418152822,21.330949012104064
10.832,Compulsive,-30.695149898529053,20.382531547740555,21.769956026979941,22.398621969235023
10.833,Disorder,-6.149395942687987,10.795649849304226,11.926093943428702,23.376229777866360
10.834,are,-11.667882919311525,5.821782207000227,6.238377914150273,24.344814800861784
10.835,genetically,-10.512725830078123,4.699491947074557,5.168908070262693,25.328617762648395
10.836,related,-14.002836942672729,10.961451331176104,11.432426569649124,25.440618924347682
10.837,to,-9.893638610839844,5.819290414465335,6.101247793441298,27.428796265666371
10.838,"Tourette 's ,",-38.602329291403294,25.518138023555078,26.159420764778645,81.950000233204932
10.839,but,-8.033494949340820,4.635281581966176,4.871528504632140,31.175607579745112
10.840,there,-10.799378395080566,5.782881910802733,6.155913618746394,32.192095493800458
10.841,is,-8.460105895996094,5.366825262076622,5.548870741281148,33.149034274252557
10.842,less,-10.727980375289915,10.351452926249014,10.739024205553749,34.546795978341628
10.843,evidence,-9.701374053955078,5.086779628895166,5.412937203869772,35.584154891462653
10.844,for,-10.605888366699221,4.893643944281147,5.749502231583881,13.978622266295176
10.845,a,-7.842372894287108,5.139156711956930,5.194213959671005,16.023480648688277
10.846,genetic,-11.040678977966307,4.520331137224423,4.610797778042984,17.113786596193005
10.847,relationship,-14.549769401550293,4.600191145501358,4.917596004224234,19.002894550176528
10.848,between,-10.433111190795898,4.590822024883776,5.113289596302559,21.000413245597059
10.849,Tourette 's,-26.359632385894653,19.212055566887059,19.537014621584500,45.009193943621966
10.850,and,-4.063814163208009,4.798906020125085,5.243698740169938,24.000149307984461
10.851,other,-6.895530700683594,4.725962671782309,4.511795935369928,27.004045060581678
10.852,neurobehavioral,-38.137422323226929,20.185674793719802,23.003245033864303,25.017001420091209
10.853,problems,-10.412715911865234,3.547846564878370,3.855109936826805,26.000000085599030
10.854,that,-9.957829475402832,4.724429717572239,5.108484614581276,30.077866716477452
10.855,Tourette 's,-24.786265996837756,15.288790901995512,17.005218271838110,66.815094202016212
10.856,commonly,-16.315310001373287,7.593086738349372,8.621328435425179,34.945671205332765
10.857,co-occurs,-30.099529266357425,21.714683226159607,24.378260813356967,36.940008783253930
10.858,with .,-20.497528553009033,12.352519595760077,13.639603241213301,76.898955784936732
10.859,An,-5.823729038238525,6.549108081103070,7.078278190454244,3.638657965540900
10.860,important,-4.427474021911621,5.312544490235508,5.764661464270487,4.929682719093473
10.861,role,-4.711915493011475,4.530712235165207,5.225440723322262,6.039066887692244
10.862,in,-1.066327810287476,4.433283304240585,4.113795687470103,6.166066232880540
10.863,Tourette 's,-25.936352542492386,19.919774658702906,21.617860004580550,18.741111200572327
10.864,gene,-22.640922546386719,8.478105460514456,8.271574988839703,10.098282555994864
10.865,expression,-11.198452949523926,3.971815268550362,3.871893034186908,11.098313793078251
10.866,is,-8.742926597595215,4.748349269615331,5.071819527186753,10.148206576059703
10.867,played,-10.536500930786133,5.538172798416803,5.630351259733819,10.927468108272292
10.868,by,-12.609619140625000,5.570060893129892,6.068629619442683,4.981911323011153
10.869,the,-8.412342071533201,6.416986987284300,5.960282099127885,5.001104371997386
10.870,sex,-13.897033691406250,4.811807573442309,5.080621866217624,8.000838777900581
10.871,of,-10.626853942871094,4.083606251180012,4.430384513861242,11.249329535218092
10.872,the,-7.487497329711914,4.331598682242043,4.317294808595126,12.163665362034399
10.873,person .,-18.500800251960754,11.019367612226183,12.242904666416303,29.218800456003482
10.874,In,-0.843770027160645,5.225329802897013,4.895953120101177,3.048904857549345
10.875,"particular ,",-5.761844217777251,11.687814692918970,10.345461682330535,9.206531480674428
10.876,males,-14.253116607666016,11.030542500190025,11.084855746677377,6.460411427946563
10.877,affected,-6.170593738555907,4.042390433259714,4.650295636914309,8.989857951012361
10.878,by,-0.016853326931596,3.724942864805431,4.206552110370282,11.037218133172603
10.879,the,-0.650101125240326,4.909355958799821,4.750278800752453,13.205907270645644
10.880,gene,-9.315684318542480,7.663281444933402,8.512034478281111,14.171041212975721
10.881,are,-1.656680822372436,4.348702124140356,4.464066366897208,8.103188681822083
10.882,more,-1.647451996803284,5.237821503181821,5.961734553870383,10.722562049934966
10.883,likely,-0.103741877683206,8.994393891752523,10.022327828965279,11.660095391365124
10.884,to,-0.009252880699933,5.041227840261961,5.514150697864316,14.651207920694349
10.885,have,-2.558747768402100,4.076552675917616,4.755662256197533,16.643335074990752
10.886,tics,-12.951500415802002,7.739609610712653,8.635500812310378,18.112973409981379
10.887,and,-3.427644968032837,4.848776874214709,5.329735558472791,19.102840410922962
10.888,females,-8.578320026397705,7.689449676803624,8.601081166574861,20.079492664971088
10.889,who,-17.266258239746097,3.829884656369823,4.428369868424129,21.013707021627955
10.890,have,-14.470215797424315,5.411741559206259,5.348898944168306,19.349570469569539
10.891,a,-8.619453430175781,3.636314406448265,3.936460976382921,25.891943384688421
10.892,genetic,-10.310468673706056,3.883803451777844,4.674930898576605,28.115271444138994
10.893,predisposition,-10.988910675048828,3.168142669586413,3.318858947845738,29.234321080125870
10.894,are,-14.867798805236815,3.084666169433066,3.287556419298645,30.164605754608445
10.895,more,-12.291389465332033,4.034727179078281,4.364379395046659,31.150557610324448
10.896,likely,-16.740992069244385,8.308942848890949,9.059472847582793,20.334711157052666
10.897,to,-6.323067665100098,4.923206296395756,5.859404474900598,23.261779573032342
10.898,have,-8.035949707031250,3.410438505439714,3.682312941680078,24.002626970127164
10.899,obsessive-compulsive,-22.022300601005554,11.719991929370178,13.961030847850447,27.449910493618390
10.900,symptoms .,-21.022237539291382,11.698220943575915,12.774358651032411,59.678973656786013
10.901,Much,-6.156685352325440,6.277135660772343,6.522433268290000,4.048168689980299
10.902,current,-8.414242744445799,5.901751254525885,6.238067983595376,4.238408245866768
10.903,research,-4.567446231842041,5.741206379047957,5.954450309214373,5.238813053097668
10.904,is,-1.427857995033264,4.461790757940818,4.433658843127189,5.148795252480984
10.905,aimed,-5.720481550320983,10.064010270320694,10.127398389201330,7.126341444518343
10.906,at,-0.007478337734938,5.945946866374903,6.039897954895063,9.131176239429930
10.907,better,-2.253736972808838,4.497709748474269,4.824630153062251,12.971621762199733
10.908,understanding,-2.512570381164551,3.900794418862787,4.169099980283823,14.143161216328574
10.909,the,-0.379617005586624,4.993142102243302,5.315188884261018,17.169074924268621
10.910,genetic,-5.537228584289551,4.025335533100481,4.484545566431905,18.148326821832946
10.911,basis,-7.688914299011230,3.369696682467098,3.591952751804703,19.183606754885961
10.912,and,-3.732140302658081,4.442390165257291,4.656835095312283,16.965988582252212
10.913,symptomology,-22.845771789550781,11.017274624623662,11.964919438442269,20.173267261632621
10.914,of,-11.213897705078123,3.883569018865017,4.588096945100845,21.112985265896462
10.915,"Tourette 's ,",-49.869988560676575,26.059950383858041,28.390012298927292,66.999885412524208
10.916,as,-9.926780700683594,5.082151411768484,5.562857149483753,24.000000003665559
10.917,well,-3.143767118453979,4.518850326386331,4.898608207538264,25.000000000713626
10.918,as,-5.900589942932129,4.593083742516521,4.949399357574653,29.994980033518189
10.919,its,-10.861018180847168,4.165428905727980,4.170458371050647,27.312566707870701
10.920,relationship,-9.902076721191406,3.649510788359037,3.848352740154637,28.119569205827734
10.921,to,-4.354013442993163,3.777060743313665,3.818081816918971,22.413136569291822
10.922,related,-7.847029209136963,8.690572577833048,9.017527071317305,31.225432654857553
10.923,disorders .,-20.833588093519211,14.018091667663764,15.447056333253020,66.006606845005649
10.924,The,-1.648221969604492,6.746959719648657,6.992360907198334,3.456291647660295
10.925,hope,-9.593559265136721,6.082048241634777,6.141624666554074,4.498165132217039
10.926,is,-0.282183945178986,3.891209405518582,3.776362163758348,5.120615179391964
10.927,that,-0.059575702995062,5.550963773304152,5.053336681809221,7.107947058971398
10.928,this,-4.184936523437500,5.064782358144688,5.624716786788147,10.366121154992783
10.929,research,-8.819634437561035,4.675812706115046,5.197723685192255,11.209239104600648
10.930,leads,-7.841043949127197,5.570883545421138,5.587652186771384,12.151349221339837
10.931,to,-0.023480456322432,4.796617817196617,4.786936187732310,14.179045670934894
10.932,better,-4.559106826782227,4.528022204501180,4.703097064738034,17.020747526565280
10.933,diagnostic,-6.276478528976440,7.511981548168926,8.532283578357575,17.922653634263852
10.934,tools,-6.784699916839600,4.099076985616969,4.390708202348637,18.923427201833142
10.935,and,-1.613530039787292,4.861541107501331,4.915035375455141,18.342096992818970
10.936,better,-2.141193389892578,4.797891430676156,5.072770170273861,20.412367131081005
10.937,treatments,-5.766358375549316,7.869642640895322,8.855225630955948,21.544985480284357
10.938,for,-0.231610476970673,4.128296008374598,4.519990128858505,23.101571570572357
10.939,Tourette 's .,-51.454388124402612,23.889696004820834,25.936088791627018,79.870111189402678
