id,word,sum_log_prob,sum_original_metrics_nae,sum_projected_metrics_nae,sum_stack_count
1.1,If,-1.702155232429504,5.471009731292725,4.499320507049561,3.000000000000000
1.2,you,-2.728438854217529,4.363809108734132,4.481309413909912,6.000000000000000
1.3,were,-3.555824756622314,4.714562416076660,4.275789260864259,7.000000000000000
1.4,to,-0.006326647009701,5.184904098510742,4.985111236572267,10.000000000000000
1.5,journey,-12.611808776855467,3.464513063430786,3.254129409790039,12.000000000000000
1.6,to,-0.693074107170105,3.616675615310669,3.542266130447388,14.000000000000000
1.7,the,-1.193957924842834,4.661091327667236,4.860086917877197,17.000000000000000
1.8,North,-5.652112007141112,4.238971233367920,5.210980415344238,18.000000000000000
1.9,of,-0.132397800683975,4.239838123321533,4.176404953002931,18.000000000000000
1.10,"England ,",-5.112416580319405,8.753764629364014,9.158694267272949,23.000000000000000
1.11,you,-0.596237540245056,3.400096893310547,3.280218362808228,5.000000000000000
1.12,would,-1.301290631294250,3.288104295730591,3.261548042297364,6.000000000000000
1.13,come,-5.715266227722168,4.441668033599854,4.348125457763672,8.000000000000000
1.14,to,-0.533531248569489,4.356702327728272,4.299292564392090,10.000000000000000
1.15,a,-1.846956014633179,3.948873281478882,3.863887071609497,13.000000000000000
1.16,valley,-11.209177017211914,3.076370954513550,3.627261161804199,14.000000000000000
1.17,that,-0.063839726150036,2.496649026870728,2.613910198211670,15.000000000000000
1.18,is,-1.689328312873840,4.327062129974365,4.251936435699463,17.000000000000000
1.19,surrounded,-3.999560701369774,6.842017650604247,6.941962480545044,19.000000000000000
1.20,by,-0.047577876597643,3.128708124160767,3.106940269470215,21.000000000000000
1.21,moors,-13.888320446014404,9.605818748474119,10.816744804382324,24.000000000000000
1.22,as,-5.502578735351562,4.644928932189941,5.042453765869142,25.000000000000000
1.23,high,-4.043985366821288,3.414209365844727,3.546027183532715,26.000000000000000
1.24,as,-0.083498820662498,3.571956872940063,3.581441640853882,28.000000000000000
1.25,mountains .,-8.940771738358308,12.089356660842896,12.738345623016357,36.000000000000000
1.26,It,-3.463986396789551,5.483454227447510,5.923331260681152,3.000000000000000
1.27,is,-1.861014366149902,5.339915752410889,4.722030639648438,4.000000000000000
1.28,in,-1.184403300285339,3.827173233032227,3.811400651931762,6.000000000000000
1.29,this,-2.992005348205566,5.106835365295410,5.361186504364014,9.000000000000000
1.30,valley,-7.672029018402100,3.881913661956787,4.348320960998535,10.000000000000000
1.31,where,-0.000236603976646,6.836270332336426,7.228676080703735,11.000000000000000
1.32,you,-5.466704368591309,3.727860450744629,4.329402923583983,13.000000000000000
1.33,would,-4.377723693847656,4.107401371002196,3.924426317214966,14.000000000000000
1.34,find,-2.545161724090576,4.014122486114502,3.885706901550293,16.000000000000000
1.35,the,-2.321373701095581,3.880780220031737,4.121048450469972,19.000000000000000
1.36,city,-6.256987571716309,4.556241989135742,5.047409057617188,20.000000000000000
1.37,of,-0.278443068265915,3.935444116592407,3.842938184738159,20.000000000000000
1.38,"Bradford ,",-14.803201675415039,7.790901184082031,8.673741817474367,40.000000000000000
1.39,where,-0.837086081239249,7.444281816482544,7.854946136474608,21.000000000000000
1.40,once,-3.113794565200806,4.588074684143066,4.505248069763184,23.000000000000000
1.41,a,-1.445240616798401,3.841988325119019,3.708901405334473,25.000000000000000
1.42,thousand,-7.534266471862793,4.912305355072021,4.820670604705811,26.000000000000000
1.43,spinning,-13.732918739318848,2.979189634323120,3.514367103576660,27.000000000000000
1.44,jennies,-21.978028133511547,13.170421600341795,15.064244508743286,28.000000000000000
1.45,that,-4.481259346008301,2.529437065124512,2.554757356643677,27.000000000000000
1.46,hummed,-11.838405519723892,5.443636417388916,5.276191473007202,30.000000000000000
1.47,and,-0.339795261621475,4.893765449523926,4.781426429748535,30.000000000000000
1.48,clattered,-11.041382774710655,12.502210378646851,12.370705127716064,32.000000000000000
1.49,spun,-10.205696105957033,6.413056135177612,6.542680978775024,25.000000000000000
1.50,wool,-10.489961147308350,6.666129112243652,7.248695135116577,27.000000000000000
1.51,into,-1.224153280258179,3.213588476181030,3.188793897628784,28.000000000000000
1.52,money,-7.697188854217528,4.214277744293213,4.645139217376709,30.000000000000000
1.53,for,-1.681259393692017,3.328788280487061,3.295313835144043,29.000000000000000
1.54,the,-2.228319644927979,3.218706130981445,3.091625928878784,31.000000000000000
1.55,long-bearded,-22.291771131334823,19.481511592864987,21.566497564315799,32.000000000000000
1.56,mill,-7.892527580261230,3.270413875579834,3.856399059295654,33.000000000000000
1.57,owners .,-5.123926984539139,11.884160757064819,12.261542797088623,38.000000000000000
1.58,That,-5.844448089599608,5.474254131317139,4.909283161163330,4.000000000000000
1.59,all,-5.188438892364502,5.543518066406250,5.419477462768555,7.000000000000000
1.60,mill,-11.669283866882324,4.683698654174805,5.155120372772217,8.000000000000000
1.61,owners,-4.006578445434569,4.400136470794678,4.446037292480469,9.000000000000000
1.62,were,-3.228711128234864,4.744966983795166,4.502006053924561,8.000000000000000
1.63,generally,-8.454910753294827,9.612313270568848,10.463701725006104,11.000000000000000
1.64,busy,-5.701156616210938,4.489731788635254,4.681396961212158,12.000000000000000
1.65,as,-4.469829082489014,3.782589435577393,3.761675834655762,14.000000000000000
1.66,beavers,-15.867230415344238,7.975924968719482,8.526420593261719,16.000000000000000
1.67,and,-2.399205207824707,5.501671791076660,5.397270679473877,11.000000000000000
1.68,quite,-6.543115139007567,5.369712352752686,5.266195774078369,14.000000000000000
1.69,pleased,-4.002751499501756,6.988406181335449,7.492717027664185,15.000000000000000
1.70,with,-0.087066590785980,3.572824954986572,3.520297527313232,17.000000000000000
1.71,themselves,-7.772566318511963,4.636646270751953,4.846545219421387,19.000000000000000
1.72,for,-1.927320361137390,4.424575805664063,4.417967319488525,15.000000000000000
1.73,being,-3.507359027862549,4.448336601257324,4.174724102020264,18.000000000000000
1.74,so,-3.716855764389038,4.876185417175293,4.734567642211914,21.000000000000000
1.75,successful,-3.125481128692627,3.551398992538452,3.491429805755615,22.000000000000000
1.76,and,-2.872330188751221,5.207660198211670,5.107300758361816,21.000000000000000
1.77,well,-6.776872634887695,5.102041721343994,5.432750701904297,23.000000000000000
1.78,off,-5.342817306518555,3.879198074340820,4.039696216583252,24.000000000000000
1.79,was,-1.651610016822815,3.364056825637817,3.249095201492310,5.000000000000000
1.80,known,-6.631951808929442,5.214488744735718,5.005029916763307,7.000000000000000
1.81,to,-1.301007628440857,2.570252656936645,2.511465549468994,9.000000000000000
1.82,the,-1.402863025665283,3.816485643386841,3.735545396804810,12.000000000000000
1.83,residents,-5.761648416519165,7.709477424621582,7.836544513702393,13.000000000000000
1.84,of,-0.053179971873760,4.237415313720703,4.194128513336182,13.000000000000000
1.85,"Bradford ,",-12.584138557314873,8.113852977752686,8.831896781921387,18.000000000000000
1.86,and,-1.814208388328552,3.994305372238159,3.929789781570435,4.000000000000000
1.87,if,-1.978663086891174,3.238322734832764,3.184312582015991,7.000000000000000
1.88,you,-3.684207916259766,3.333553314208984,3.279005050659180,10.000000000000000
1.89,were,-2.193369865417480,3.936317920684815,3.829168319702149,11.000000000000000
1.90,to,-0.003183180699125,4.458403110504150,4.390626907348634,14.000000000000000
1.91,go,-4.615320205688477,3.966857910156250,3.913669347763062,16.000000000000000
1.92,into,-2.381483316421509,3.192182302474976,3.093916416168213,18.000000000000000
1.93,the,-1.470924258232117,4.367102146148682,4.308717250823975,20.000000000000000
1.94,city,-5.310507297515869,4.755246639251709,4.872198104858398,21.000000000000000
1.95,to,-0.467416524887085,4.755926609039307,4.676596164703369,20.000000000000000
1.96,visit,-5.097095489501953,3.891319274902344,3.746115207672119,22.000000000000000
1.97,the,-2.495590209960937,3.798462152481079,3.715247154235840,24.000000000000000
1.98,stately,-11.233517169952393,9.389428138732910,9.380933761596680,25.000000000000000
1.99,City,-6.666107177734375,4.057852745056151,4.408442974090576,26.000000000000000
1.100,"Hall ,",-1.320581600070000,8.998269081115723,9.142582893371582,34.000000000000000
1.101,you,-0.933439075946808,3.237626075744629,3.216757297515869,9.000000000000000
1.102,would,-1.349545955657959,2.947038173675537,2.892634391784668,10.000000000000000
1.103,see,-3.343964099884033,3.815979719161987,3.698832273483277,12.000000000000000
1.104,there,-4.194006443023682,4.606019020080566,4.871105670928955,14.000000000000000
1.105,the,-1.578659415245056,3.729855060577393,3.670906066894531,16.000000000000000
1.106,Crest,-12.138978786766527,6.586399555206299,8.031743526458740,17.000000000000000
1.107,of,-0.275793910026550,2.830882072448730,2.796552896499634,17.000000000000000
1.108,the,-1.109613776206970,4.402016639709473,4.340834617614746,20.000000000000000
1.109,City,-4.833654403686523,4.756576061248778,4.934974193572998,21.000000000000000
1.110,of,-0.048530321568251,3.760268926620483,3.672804832458496,21.000000000000000
1.111,"Bradford ,",-16.614585638046265,8.023667335510254,8.516731739044189,38.000000000000000
1.112,which,-0.399062663316727,3.062086582183838,2.863067626953125,18.000000000000000
1.113,those,-7.354124519042671,11.143058061599731,11.031641960144043,20.000000000000000
1.114,same,-3.910418510437012,4.734761238098145,4.728230476379395,21.000000000000000
1.115,mill,-10.739903450012207,3.015412330627441,3.606092691421509,22.000000000000000
1.116,owners,-5.262843608856201,3.813853263854981,3.918055057525634,23.000000000000000
1.117,created,-7.661510555248243,4.209274649620056,4.090326786041260,21.000000000000000
1.118,to,-0.011738042347133,3.975050926208496,3.860659599304199,24.000000000000000
1.119,celebrate,-6.126468652058975,5.740095853805543,5.601418018341064,26.000000000000000
1.120,their,-2.533866882324219,4.182666778564453,4.135524272918701,28.000000000000000
1.121,achievements .,-6.510501726515940,14.442846059799194,15.254260778427124,35.000000000000000
1.122,It,-3.578969717025757,5.709035873413086,5.810785770416260,4.000000000000000
1.123,shows,-7.086915969848633,4.846771717071533,4.612181186676025,5.000000000000000
1.124,a,-1.472576975822449,4.776167392730713,4.844145774841309,8.000000000000000
1.125,sinister,-13.740032196044922,3.611392974853516,3.463102817535400,10.000000000000000
1.126,looking,-11.156680107116699,4.294393539428712,4.691579341888428,11.000000000000000
1.127,boar 's,-15.666971164755523,19.166165590286251,21.999680042266846,23.000000000000000
1.128,head,-5.802277088165282,3.778935194015503,4.423799514770508,11.000000000000000
1.129,sitting,-3.669912338256836,4.601188182830811,4.639038562774658,9.000000000000000
1.130,on,-1.106740355491638,4.257168292999268,4.548938751220703,11.000000000000000
1.131,top,-3.802549123764038,3.731323719024658,4.512908458709717,14.000000000000000
1.132,of,-0.000840072520077,3.592702627182007,3.664668798446655,15.000000000000000
1.133,a,-1.807377457618713,4.849472999572754,5.286822319030762,17.000000000000000
1.134,well,-7.501625537872314,4.331280708312988,5.044555664062500,18.000000000000000
1.135,which,-5.285604000091553,4.127550601959229,3.881423473358153,9.000000000000000
1.136,seems,-4.308145523071288,3.742974758148194,3.575210809707642,11.000000000000000
1.137,puzzling,-7.977840900421143,3.304539442062378,3.322422981262207,13.000000000000000
1.138,at,-5.946104526519775,3.384893417358398,3.309244871139526,15.000000000000000
1.139,"first ,",-1.061687052249908,7.764987945556642,8.085237979888916,20.000000000000000
1.140,but,-0.992433249950409,4.296128749847412,4.230903625488281,4.000000000000000
1.141,the,-0.966186642646790,4.713853359222412,4.704268932342528,8.000000000000000
1.142,reason,-6.748143196105957,3.194073200225830,3.459129810333252,9.000000000000000
1.143,for,-0.023284696042538,3.745581865310669,3.649893522262573,9.000000000000000
1.144,this,-2.053580045700073,5.162795066833496,5.077054977416992,11.000000000000000
1.145,symbol,-9.071849822998047,2.851420640945435,3.734708309173584,12.000000000000000
1.146,is,-0.118956744670868,3.726962566375733,3.680630922317505,8.000000000000000
1.147,a,-2.150333881378174,4.865161418914795,4.800489425659180,11.000000000000000
1.148,matter,-5.797879695892334,4.126779556274413,4.322674751281738,12.000000000000000
1.149,of,-0.036140453070402,3.634901762008667,3.602889299392700,12.000000000000000
1.150,legend .,-9.299556767975444,10.323610782623291,11.144983053207397,20.000000000000000
1.151,There,-4.926050186157227,6.385621547698975,6.530163288116455,3.000000000000000
1.152,was,-2.244753360748291,4.013074874877931,3.869548082351685,4.000000000000000
1.153,"once ,",-6.040222719311715,10.542558193206787,10.114382743835449,13.000000000000000
1.154,legend,-12.640060424804688,3.534164667129517,3.992787837982178,10.000000000000000
1.155,has,-4.740269660949707,3.896993637084961,3.648704528808594,11.000000000000000
1.156,"it ,",-0.159376318799332,8.956412792205811,8.661296606063843,22.000000000000000
1.157,a,-0.749586105346680,4.334271907806396,4.487967491149902,9.000000000000000
1.158,fearsome,-11.087203502655029,8.680796623229980,9.485967159271240,10.000000000000000
1.159,"boar ,",-15.781911373138428,14.480071544647217,16.216447114944458,20.000000000000000
1.160,which,-0.483480870723724,2.920110940933228,2.792016506195068,12.000000000000000
1.161,lived,-8.152953982353210,7.167536735534668,7.027551889419557,14.000000000000000
1.162,in,-0.964057683944702,3.586658954620361,3.455697536468506,16.000000000000000
1.163,a,-1.033568263053894,4.838079929351807,5.064178943634033,19.000000000000000
1.164,wood,-6.993009805679321,5.722454786300659,6.769166707992554,20.000000000000000
1.165,located,-7.159877538681030,8.360335111618044,8.142931938171388,20.000000000000000
1.166,just,-4.965759754180908,4.468211174011231,4.693759441375732,22.000000000000000
1.167,outside,-2.818930864334106,4.188278675079347,4.176642894744873,23.000000000000000
1.168,the,-0.430144786834717,4.977535247802733,4.945476531982422,26.000000000000000
1.169,manor,-10.172486543655397,10.362179517745973,11.658003091812134,27.000000000000000
1.170,of,-0.055526658892632,4.117218017578125,4.109451293945312,27.000000000000000
1.171,Bradford .,-13.129423316087925,11.804587602615356,12.771040439605713,33.000000000000000
1.172,A,-2.733998537063598,6.190529346466064,6.575377941131593,4.000000000000000
1.173,source,-4.542769908905028,5.315361976623535,4.934490203857422,5.000000000000000
1.174,of,-1.879731416702271,4.292191982269287,4.311055183410645,5.000000000000000
1.175,great,-6.063023567199707,5.556995391845703,6.061046123504639,8.000000000000000
1.176,trouble,-6.604115962982178,4.064803123474121,4.455835342407227,9.000000000000000
1.177,to,-4.803289890289307,4.240274429321288,4.302902698516847,9.000000000000000
1.178,the,-1.400443315505981,3.848017215728760,4.183010578155518,11.000000000000000
1.179,local,-6.892201423645020,4.919914722442627,5.436602592468262,12.000000000000000
1.180,folk,-9.339468955993652,8.377419710159304,8.744561433792112,13.000000000000000
1.181,the,-3.370400190353394,3.577395200729370,3.288237571716309,4.000000000000000
1.182,boar,-14.850767374038696,9.114627599716188,10.167304396629332,5.000000000000000
1.183,"was ,",-7.371089458465576,7.639290332794188,7.575896024703979,10.000000000000000
1.184,bringing,-5.933508753776550,8.470423221588135,8.181744575500487,8.000000000000000
1.185,terror,-9.841363906860352,4.106690406799316,4.576363086700440,10.000000000000000
1.186,to,-0.308354556560516,3.600825786590576,3.469719886779785,11.000000000000000
1.187,the,-1.131391048431396,3.651381492614746,3.418904542922974,13.000000000000000
1.188,peaceful,-10.532602310180664,4.365100860595703,4.637822151184082,14.000000000000000
1.189,flocks,-12.665286302566528,7.839617252349853,8.774488449096680,15.000000000000000
1.190,and,-8.982582092285156,4.255671024322510,4.168504238128662,8.000000000000000
1.191,ravaging,-9.018935322761537,7.886986970901488,7.579872012138367,10.000000000000000
1.192,the,-0.857688844203949,4.260795116424561,4.251569271087647,12.000000000000000
1.193,countryside,-4.757958650588988,8.108771085739138,8.603079557418821,13.000000000000000
1.194,around .,-8.391847822815180,11.103785037994385,11.153039693832397,20.000000000000000
1.195,Even,-4.249307155609132,5.079070568084717,5.243259906768799,3.000000000000000
1.196,"worse ,",-4.817560389637947,9.786828994750977,10.422639369964600,7.000000000000000
1.197,"however ,",-1.305933794002840,13.388912677764893,13.879985332489014,10.000000000000000
1.198,the,-1.577895879745483,3.745791196823120,4.380909919738770,7.000000000000000
1.199,boar,-15.040965557098387,9.911968469619753,11.388231754302980,8.000000000000000
1.200,most,-6.998513221740723,4.512156009674072,4.602421760559082,9.000000000000000
1.201,liked,-5.178476497530936,8.328833341598509,7.970010757446289,9.000000000000000
1.202,to,-0.494858384132385,5.159621238708496,5.093370914459229,12.000000000000000
1.203,go,-3.193958520889282,4.392550468444823,4.337242603302002,15.000000000000000
1.204,to,-0.549040555953979,4.072498321533203,4.065205574035645,17.000000000000000
1.205,the,-0.937360525131226,4.430708408355713,4.444943428039551,20.000000000000000
1.206,well,-8.127599716186522,4.868382453918457,5.716448783874513,21.000000000000000
1.207,that,-0.007440947927535,3.457128286361694,3.339192628860474,22.000000000000000
1.208,was,-1.544137954711914,4.429681777954102,4.327988147735597,24.000000000000000
1.209,in,-0.804521679878235,3.610640287399292,3.796566009521485,26.000000000000000
1.210,the,-1.021862387657166,3.545547962188721,3.773267745971680,28.000000000000000
1.211,wood,-8.960626602172852,6.873034477233888,7.667155504226685,29.000000000000000
1.212,and,-0.405562460422516,4.673491477966309,4.566134452819824,15.000000000000000
1.213,drink,-6.766317367553711,6.844304084777832,6.685378789901733,17.000000000000000
1.214,its,-4.321387767791748,4.299155235290526,4.483779907226562,19.000000000000000
1.215,fresh,-6.613749504089356,4.572447776794434,5.098685264587402,20.000000000000000
1.216,"water ,",-10.585877776145935,10.972498416900635,11.506375312805176,29.000000000000000
1.217,so,-1.542617797851562,3.238989114761353,3.146557807922364,10.000000000000000
1.218,that,-4.176405429840088,3.163094758987427,3.035171985626221,11.000000000000000
1.219,the,-0.912386715412140,4.275506019592285,4.242709159851073,15.000000000000000
1.220,people,-4.487012863159180,3.926363945007324,4.258548259735107,16.000000000000000
1.221,of,-1.155346393585205,4.090373039245605,4.067740917205811,16.000000000000000
1.222,Bradford,-12.402306556701660,3.754308938980103,4.638770103454590,18.000000000000000
1.223,had,-2.689546823501587,3.606256246566773,3.566390752792358,15.000000000000000
1.224,second,-7.671422481536865,4.604288578033447,5.157177925109863,18.000000000000000
1.225,thoughts,-0.067020769696683,6.686734914779662,7.859020233154298,19.000000000000000
1.226,about,-0.079785436391830,3.493131637573242,3.467096805572510,19.000000000000000
1.227,visiting,-6.304503917694093,4.085864067077637,4.023081779479980,22.000000000000000
1.228,the,-1.183924913406372,4.415430068969727,4.462354660034180,24.000000000000000
1.229,well .,-7.558709854260087,12.294100522994995,13.006440401077271,35.000000000000000
1.230,That,-5.562295436859131,5.424548625946045,4.446222305297852,3.000000000000000
1.231,the,-1.080379962921143,5.005283355712892,5.348436832427979,7.000000000000000
1.232,people,-4.866301536560059,4.510506629943848,4.802983760833740,8.000000000000000
1.233,of,-0.325251609086990,4.482201576232910,4.613565921783447,8.000000000000000
1.234,Bradford,-12.646298408508301,3.808481454849243,4.597069740295410,10.000000000000000
1.235,bore,-10.345487594604492,3.852723598480225,3.674768447875977,7.000000000000000
1.236,the,-0.599567770957947,3.519853591918945,4.187002182006837,10.000000000000000
1.237,brunt,-0.364819783251733,8.296188354492188,8.768363952636719,11.000000000000000
1.238,of,-0.002484332537279,3.948406457901001,3.854634523391724,11.000000000000000
1.239,the,-0.598583698272705,3.547052621841431,3.579189062118530,14.000000000000000
1.240,beast 's,-11.583441070244589,14.237731695175169,15.693512678146362,31.000000000000000
1.241,ferocity,-13.141553757421207,7.295209646224976,8.318233966827393,14.000000000000000
1.242,was,-1.688223719596863,3.227654695510864,3.094671964645386,4.000000000000000
1.243,unfair,-6.513275146484375,2.512413263320923,2.479954004287720,6.000000000000000
1.244,in,-6.006547451019287,3.476808071136475,3.429665327072144,8.000000000000000
1.245,the,-0.726293861865997,3.919445276260376,3.966486454010010,11.000000000000000
1.246,eyes,-5.033183097839356,3.928475379943848,4.514550685882568,12.000000000000000
1.247,of,-0.000953934446443,3.540383577346802,3.426759958267212,12.000000000000000
1.248,the,-1.659020543098450,4.121846199035645,4.015661239624023,15.000000000000000
1.249,people,-2.702287197113037,4.791218757629395,4.930435180664063,16.000000000000000
1.250,of,-0.574544191360474,3.922703266143799,3.836450815200806,16.000000000000000
1.251,the,-2.486470222473145,4.215313434600830,4.056584835052490,18.000000000000000
1.252,region .,-3.704082711017691,10.787860155105591,11.466367006301880,23.000000000000000
1.253,"Eventually ,",-5.847867161035538,14.826466560363770,15.417222499847412,6.000000000000000
1.254,the,-1.289486408233643,4.248381137847900,4.769100189208983,5.000000000000000
1.255,issue,-6.507730007171631,4.528354644775392,4.723322391510010,6.000000000000000
1.256,reached,-6.310689922829624,6.291135668754578,6.535717606544495,6.000000000000000
1.257,the,-2.026066541671753,3.685579776763916,3.961056470870972,9.000000000000000
1.258,ears,-11.071304798126221,7.905692577362061,8.940149068832399,10.000000000000000
1.259,of,-0.004071756266057,4.073584079742432,3.942828178405762,10.000000000000000
1.260,the,-1.817603230476380,5.032906532287598,5.026399612426758,13.000000000000000
1.261,kindly,-12.994619846343994,9.889863014221193,10.781953811645508,14.000000000000000
1.262,Lord,-8.964033126831055,3.551673889160156,4.291518211364746,15.000000000000000
1.263,of,-0.215929746627808,3.873109102249146,3.996001720428467,14.000000000000000
1.264,the,-1.427879214286804,4.430894374847412,4.423585414886475,16.000000000000000
1.265,Manor,-14.175250053405762,3.463569164276123,4.744919776916504,17.000000000000000
1.266,who,-0.040696751326323,2.420746088027954,2.545635700225830,16.000000000000000
1.267,the,-2.474476099014282,3.602720737457275,3.498566389083862,18.000000000000000
1.268,people,-5.677753448486327,5.505200862884521,5.550985336303711,19.000000000000000
1.269,had,-2.280637264251709,4.104013919830321,3.916419029235840,19.000000000000000
1.270,often,-4.606049537658691,3.756992816925049,3.873447895050049,21.000000000000000
1.271,asked,-5.178008927381597,5.457026720046997,5.310590028762816,22.000000000000000
1.272,for,-0.311326891183853,3.471880912780762,3.331460714340210,24.000000000000000
1.273,help .,-3.262577941190102,11.653325557708740,11.979857444763184,32.000000000000000
1.274,The,-1.674321293830872,6.122092247009277,6.432260990142822,3.000000000000000
1.275,Lord,-10.811100959777832,5.959287643432617,6.132833480834961,4.000000000000000
1.276,saw,-6.922327995300293,5.601396083831787,5.821940422058105,5.000000000000000
1.277,the,-1.039926409721374,3.777989864349365,3.608185529708862,8.000000000000000
1.278,severity,-9.028920173645020,3.907640695571899,4.468330383300781,9.000000000000000
1.279,of,-0.003863134887069,4.296376705169679,4.364325046539307,9.000000000000000
1.280,the,-0.733652114868164,3.249532699584961,3.211237430572510,12.000000000000000
1.281,problem,-4.010701179504395,3.800169944763184,4.115533828735352,13.000000000000000
1.282,the,-1.890087366104126,2.810051918029785,2.928484678268433,15.000000000000000
1.283,people,-7.609607696533202,5.151694774627686,5.557765483856201,16.000000000000000
1.284,faced,-3.375564336776733,4.443861484527588,4.313338756561278,17.000000000000000
1.285,and,-0.660371899604797,4.994322776794434,4.901265144348145,5.000000000000000
1.286,suggested,-3.505152391269803,6.404044032096863,6.228018641471863,7.000000000000000
1.287,a,-4.780817985534668,3.713038921356201,3.579242229461670,11.000000000000000
1.288,contest,-9.309429168701172,3.792749404907227,4.226843833923340,12.000000000000000
1.289,could,-2.113252639770508,4.150973796844482,4.087037086486816,12.000000000000000
1.290,solve,-8.708853721618652,3.210409879684448,2.996555328369141,14.000000000000000
1.291,the,-1.441140413284302,3.810056924819945,3.773917913436890,16.000000000000000
1.292,problem .,-0.479521299437693,11.717099189758301,11.690819978713989,21.000000000000000
1.293,He,-3.187836170196533,5.476806640625000,5.781899452209473,3.000000000000000
1.294,said,-1.522877216339111,5.132184505462647,5.348468780517578,4.000000000000000
1.295,that,-2.329015016555786,4.804137229919434,4.315763950347900,6.000000000000000
1.296,whoever,-5.207842662930488,7.725114345550537,7.914815902709961,11.000000000000000
1.297,could,-6.047752380371094,4.195624828338623,3.930049180984497,13.000000000000000
1.298,kill,-8.717941284179688,5.445160388946533,5.299652099609375,16.000000000000000
1.299,the,-0.995824992656708,3.472756385803223,3.536939859390259,18.000000000000000
1.300,boar,-14.649399518966675,10.407100677490234,11.753767251968384,19.000000000000000
1.301,and,-0.655976295471191,4.829531192779541,4.700792789459229,16.000000000000000
1.302,bring,-4.578247070312500,4.276899814605713,4.044506549835205,18.000000000000000
1.303,as,-7.061198234558105,4.078477859497069,4.029579639434815,20.000000000000000
1.304,proof,-6.032715320587157,7.477406978607178,7.346973419189452,22.000000000000000
1.305,its,-4.707134246826172,4.107005596160889,3.944934368133545,21.000000000000000
1.306,head,-6.220685005187987,4.632055282592773,5.329097270965576,22.000000000000000
1.307,to,-1.239208817481995,3.968310356140137,3.879381656646729,22.000000000000000
1.308,the,-0.772312760353088,4.402915954589844,4.213735103607179,24.000000000000000
1.309,Manor,-15.276220321655273,3.292513608932495,4.513649940490723,25.000000000000000
1.310,House,-9.056238174438477,4.110882282257080,4.157557010650635,26.000000000000000
1.311,would,-1.389889717102051,3.335967779159546,3.331829786300659,10.000000000000000
1.312,be,-0.877129673957825,4.822569370269775,4.803541183471680,12.000000000000000
1.313,rewarded,-6.977948733605444,5.732834815979004,5.770997285842896,14.000000000000000
1.314,with,-1.424312114715576,3.797871351242065,3.778292894363403,16.000000000000000
1.315,land,-10.905426502227783,6.759951829910277,7.348078727722168,18.000000000000000
1.316,and,-2.371852636337280,4.357862472534181,4.466673851013184,19.000000000000000
1.317,fame .,-8.561685082335316,12.168441057205200,12.395561456680298,24.000000000000000
1.318,It,-3.578969717025757,5.709035873413086,5.810785770416260,4.000000000000000
1.319,was,-1.976058006286621,5.259968757629395,5.210430145263672,5.000000000000000
1.320,the,-0.912887573242188,4.634556770324707,4.899520397186278,10.000000000000000
1.321,people,-7.333928108215332,4.321833133697510,4.571006774902344,11.000000000000000
1.322,of,-0.382894337177277,4.188367366790772,4.274170875549316,11.000000000000000
1.323,Bradford,-12.701718330383301,3.636260271072388,4.409894466400146,13.000000000000000
1.324,and,-1.605284214019775,5.204569339752197,4.926224231719972,9.000000000000000
1.325,the,-0.176601201295853,3.636511087417603,3.581931352615356,12.000000000000000
1.326,people,-1.955747723579407,3.784059047698975,3.967807054519653,13.000000000000000
1.327,who,-0.047665625810623,3.218441486358643,3.068919897079468,14.000000000000000
1.328,knew,-5.677476406097412,5.220244884490967,5.045247077941895,16.000000000000000
1.329,them,-3.100584983825684,4.135998249053955,4.152584075927733,18.000000000000000
1.330,who,-0.039198324084282,2.912268877029419,2.970052719116211,10.000000000000000
1.331,rejoiced,-14.125564146786928,5.396117568016052,5.272624373435973,12.000000000000000
1.332,at,-0.310093462467194,3.609617948532105,3.452767848968506,14.000000000000000
1.333,this,-3.438244342803955,4.404994010925293,4.423742294311523,16.000000000000000
1.334,proclamation,-13.141610145568848,3.329865694046021,4.039101123809815,17.000000000000000
1.335,but,-5.745032787322997,4.731690883636475,4.600310325622559,3.000000000000000
1.336,one,-5.996897220611572,3.365897417068481,3.237747669219971,6.000000000000000
1.337,question,-7.300333499908447,2.973914384841919,3.187722682952881,7.000000000000000
1.338,remained :,-11.517589092254639,8.327703475952148,8.207564830780029,14.000000000000000
1.339,who,-3.992340087890625,3.302916049957275,3.362363100051880,10.000000000000000
1.340,would,-1.671261787414551,3.626713514328003,3.557670354843140,12.000000000000000
1.341,kill,-6.904115676879883,4.128678798675537,3.953011989593506,14.000000000000000
1.342,the,-1.700842142105102,3.526140213012696,3.446686506271362,16.000000000000000
1.343,boar ?,-13.457543995464221,16.939639568328857,18.363717794418335,22.000000000000000
1.344,By,-3.353244304656982,5.617846488952637,5.246099472045898,4.000000000000000
1.345,the,-2.607592582702637,4.574556827545166,4.446543693542480,6.000000000000000
1.346,handsome,-13.693987846374512,5.340830326080322,5.056804656982422,7.000000000000000
1.347,reward,-10.296922683715820,4.701142787933350,4.596891403198242,8.000000000000000
1.348,many,-6.416461944580077,4.649246692657472,4.986113071441650,5.000000000000000
1.349,felt,-5.195838451385498,4.196725845336913,3.844032049179077,6.000000000000000
1.350,"tempted ,",-7.419263184070586,12.308439731597900,11.752507925033569,11.000000000000000
1.351,but,-1.098558187484741,4.588557720184326,4.428638935089111,4.000000000000000
1.352,the,-1.219258308410644,4.590879917144775,4.573729038238525,8.000000000000000
1.353,thought,-6.746589660644531,3.906527280807495,4.525187969207764,9.000000000000000
1.354,of,-0.044163879007101,4.052171707153319,3.872068643569945,9.000000000000000
1.355,the,-1.741520881652832,4.692165374755858,4.794468879699707,12.000000000000000
1.356,boar,-13.398734807968140,9.930493354797363,11.522892713546753,13.000000000000000
1.357,with,-4.905118942260742,3.974066972732544,3.923085927963257,13.000000000000000
1.358,its,-3.912890434265137,4.978728294372559,4.956112384796143,15.000000000000000
1.359,deadly,-12.027492880821226,10.144121646881104,11.407279491424561,17.000000000000000
1.360,tusks,-14.958965003490448,17.329124927520752,19.918991327285767,18.000000000000000
1.361,and,-2.868529796600342,5.119934558868408,5.152861118316650,17.000000000000000
1.362,face,-8.834039688110352,3.197723627090454,4.013151645660400,19.000000000000000
1.363,like,-3.934239387512207,3.772037982940674,4.167374134063722,21.000000000000000
1.364,thunder,-9.804906845092773,3.810597181320190,4.501669883728027,23.000000000000000
1.365,soon,-3.201012849807740,4.013610839843750,4.366137504577637,8.000000000000000
1.366,put,-5.344893932342528,4.765861988067627,4.941703796386719,9.000000000000000
1.367,an,-4.127870559692384,4.310538291931151,4.742990493774414,12.000000000000000
1.368,end,-1.134813070297241,4.086846351623535,4.454626083374023,13.000000000000000
1.369,to,-0.018874682486057,3.475550413131714,3.409497976303101,13.000000000000000
1.370,their,-2.931855201721191,4.569287776947021,4.670609951019287,15.000000000000000
1.371,ambitions .,-6.038240105874138,14.433828353881836,15.911941528320312,22.000000000000000
1.372,"However ,",-2.344413492753119,15.267204761505125,16.311710834503174,6.000000000000000
1.373,there,-4.141609668731689,5.586537361145020,5.790319919586183,5.000000000000000
1.374,was,-2.332522153854370,3.790547609329224,3.647424697875977,6.000000000000000
1.375,one,-4.584712028503418,5.099290847778320,5.434803962707520,9.000000000000000
1.376,"huntsman ,",-29.035513877868652,17.835268735885620,18.760434150695801,19.000000000000000
1.377,who,-0.092161267995834,2.449476718902588,2.559497356414795,12.000000000000000
1.378,was,-2.206775426864624,4.896297454833983,4.729558467864990,14.000000000000000
1.379,still,-5.233121871948242,3.641932964324951,3.821272134780884,17.000000000000000
1.380,wet,-10.413269996643066,3.281484603881836,3.188313722610474,17.000000000000000
1.381,behind,-7.443790435791017,3.612180709838867,3.455388069152832,19.000000000000000
1.382,the,-1.419579386711121,3.253082752227783,3.579351186752320,21.000000000000000
1.383,"ears ,",-10.815332293510435,10.862698078155516,11.705419301986694,33.000000000000000
1.384,who,-0.030202528461814,2.659314393997192,2.701735496520996,14.000000000000000
1.385,decided,-5.563232421875000,4.689941406250000,4.575983524322510,16.000000000000000
1.386,the,-1.791710138320923,3.380893945693970,3.499768257141113,20.000000000000000
1.387,prize,-8.515944480895996,3.392153739929199,3.801523923873901,21.000000000000000
1.388,was,-0.591218590736389,3.959623575210571,3.967490196228027,21.000000000000000
1.389,worth,-2.124361366033554,7.003730058670044,7.292222499847412,23.000000000000000
1.390,a,-3.078263282775879,3.836725711822510,3.862451314926148,25.000000000000000
1.391,"shot ,",-13.849620342254639,7.571654558181763,7.731899738311768,47.000000000000000
1.392,in,-2.549140930175781,3.899180412292481,4.047605991363525,23.000000000000000
1.393,spite,-4.068405240774155,7.256138086318970,7.570708990097046,26.000000000000000
1.394,of,-0.000302507425658,3.097285747528076,3.064363241195679,27.000000000000000
1.395,the,-0.920414865016937,4.144505977630615,4.132813453674316,30.000000000000000
1.396,boar 's,-16.326842669630423,18.705644845962524,21.209217548370361,63.000000000000000
1.397,reputation .,-6.526040595141239,11.876002073287964,12.217512130737305,36.000000000000000
1.398,The,-1.674321293830872,6.122092247009277,6.432260990142822,3.000000000000000
1.399,huntsman,-23.955377817153931,16.598874092102051,16.023499011993408,4.000000000000000
1.400,discovered,-6.975832179188727,7.223893642425537,6.437707185745238,4.000000000000000
1.401,the,-2.149960041046143,3.958231925964356,4.249676704406738,8.000000000000000
1.402,boar,-12.035779118537905,10.515863895416260,11.416989088058472,9.000000000000000
1.403,preferred,-10.529369354248047,3.931128025054932,3.736013174057007,9.000000000000000
1.404,to,-0.143025830388069,5.048308372497559,4.955058574676514,12.000000000000000
1.405,come,-6.324712753295898,4.677651405334473,4.495018005371094,14.000000000000000
1.406,out,-2.571174860000610,4.184953689575194,4.406080722808838,16.000000000000000
1.407,in,-2.013617992401123,3.414520263671875,3.442623615264893,17.000000000000000
1.408,the,-1.224423885345459,4.365656852722168,4.332493782043457,20.000000000000000
1.409,middle,-1.505541324615478,4.590748310089111,4.899221897125244,21.000000000000000
1.410,of,-0.000776585307904,4.031737327575684,4.047819614410400,21.000000000000000
1.411,the,-0.787502586841583,4.340447902679443,4.327822208404541,23.000000000000000
1.412,day .,-3.007264380692504,15.619588136672974,16.113028764724731,28.000000000000000
1.413,So,-6.416872024536133,6.786336421966553,6.806890010833740,2.000000000000000
1.414,he,-2.589048862457275,5.077974319458008,5.170763969421387,4.000000000000000
1.415,went,-4.604068636894227,8.806440353393555,8.226965904235840,5.000000000000000
1.416,to,-0.427472591400146,4.269482612609863,4.262819290161134,7.000000000000000
1.417,the,-1.373279929161072,4.720829486846924,4.916451454162598,10.000000000000000
1.418,wood,-10.072961330413818,6.616117715835571,7.577788114547729,11.000000000000000
1.419,by,-6.582101821899414,4.066726684570312,4.348450660705566,11.000000000000000
1.420,the,-1.936686277389526,4.389913558959962,4.287892341613770,13.000000000000000
1.421,well,-7.221073150634767,3.927962541580200,5.125577449798584,14.000000000000000
1.422,with,-1.020024418830872,3.572740316390991,3.766232967376709,8.000000000000000
1.423,his,-2.420142650604248,4.353823184967041,4.526454925537108,10.000000000000000
1.424,good,-6.929620742797852,4.956661701202393,5.239296436309815,11.000000000000000
1.425,"bow ,",-11.074086666107178,10.107124328613281,11.205374002456665,20.000000000000000
1.426,to,-4.073008537292480,3.825819253921509,3.951027870178223,11.000000000000000
1.427,bide,-13.827435493469238,5.249259233474731,4.935369968414307,13.000000000000000
1.428,his,-1.395900011062622,4.671185016632080,4.789618968963623,15.000000000000000
1.429,time .,-4.105246355989948,11.733385324478149,12.709966897964478,21.000000000000000
1.430,Around,-8.212130546569824,10.616740703582764,10.725856304168699,3.000000000000000
1.431,"noontime ,",-10.480991125106813,14.459031581878662,14.422663450241087,8.000000000000000
1.432,the,-1.509166240692139,4.286834239959717,4.850375652313232,6.000000000000000
1.433,"boar ,",-15.071051597595215,16.263377904891968,17.954097509384155,13.000000000000000
1.434,feared,-10.265322953462599,7.257283449172974,6.726217508316040,8.000000000000000
1.435,by,-0.766687154769897,3.821712493896485,3.736006975173950,10.000000000000000
1.436,the,-1.687154769897461,4.624103069305420,4.706469535827637,12.000000000000000
1.437,"locals ,",-7.604584540007636,11.912011146545410,12.248215675354006,21.000000000000000
1.438,came,-5.272287607192993,6.863613367080688,6.849699258804321,6.000000000000000
1.439,"out ,",-6.348390579223633,8.234028339385986,8.517719745635986,16.000000000000000
1.440,as,-6.435857772827148,4.422723770141602,4.450377464294434,11.000000000000000
1.441,slow,-6.904451847076416,2.774028301239014,2.670799016952514,12.000000000000000
1.442,as,-0.351781815290451,3.376195907592773,3.313464403152466,14.000000000000000
1.443,a,-1.972476959228516,3.856691837310791,3.907185554504395,16.000000000000000
1.444,"snail ,",-18.881202697753906,7.720272064208984,8.021467208862305,31.000000000000000
1.445,from,-4.965719223022461,3.924355745315552,3.838444471359253,11.000000000000000
1.446,among,-5.014165878295898,3.430080175399780,3.558342933654785,13.000000000000000
1.447,the,-1.122478723526001,4.759152889251709,4.688326358795166,15.000000000000000
1.448,"trees ,",-8.388006374239922,14.900891542434692,15.818070173263550,27.000000000000000
1.449,just,-4.737247467041017,4.549883842468262,4.572909832000732,13.000000000000000
1.450,as,-0.028746200725436,4.344099521636963,4.233013153076172,14.000000000000000
1.451,the,-1.288751602172852,3.942598342895508,4.153217315673828,17.000000000000000
1.452,huntsman,-20.267641782760620,10.815742254257202,12.367367267608644,18.000000000000000
1.453,had,-1.565120220184326,3.638674259185791,3.598030328750610,18.000000000000000
1.454,predicted .,-5.702594660011528,12.989910602569580,12.912590980529785,26.000000000000000
1.455,The,-1.674321293830872,6.122092247009277,6.432260990142822,3.000000000000000
1.456,huntsman,-23.955377817153931,16.598874092102051,16.023499011993408,4.000000000000000
1.457,leaped,-7.483487784862517,8.150845289230348,7.912665367126465,5.000000000000000
1.458,from,-2.318584918975830,3.653141260147095,3.550863742828369,7.000000000000000
1.459,his,-1.620872378349304,4.997865200042725,5.357519626617432,9.000000000000000
1.460,hiding,-10.501754478085788,7.116447210311890,9.009025096893311,10.000000000000000
1.461,place,-4.243954658508302,4.473533153533936,4.966487884521483,11.000000000000000
1.462,and,-0.216767415404320,5.195123672485352,4.901532173156738,5.000000000000000
1.463,through,-3.861419677734375,3.454082489013672,3.368461132049561,8.000000000000000
1.464,the,-1.002919554710388,4.694046974182129,4.741205692291260,11.000000000000000
1.465,heart,-6.593247413635254,3.624546527862549,4.386084079742432,12.000000000000000
1.466,with,-12.617112159729006,3.916718482971192,3.775871753692627,12.000000000000000
1.467,his,-0.994825959205627,4.914336681365967,5.252678394317627,14.000000000000000
1.468,fine,-9.503325462341307,5.360895633697510,5.786027908325195,15.000000000000000
1.469,arrows,-10.392583966255188,10.281410455703737,11.673465728759766,16.000000000000000
1.470,shot,-5.784977912902832,4.203845500946045,4.368766784667969,8.000000000000000
1.471,the,-2.811386346817017,3.918318748474121,4.196365833282472,10.000000000000000
1.472,boar .,-11.486633690248709,16.548843622207642,18.222964286804199,15.000000000000000
1.473,Now,-2.728213310241699,5.549541950225830,5.676098346710205,3.000000000000000
1.474,the,-1.786352634429932,4.701933860778809,5.074752330780028,4.000000000000000
1.475,problem,-5.784142017364503,4.711145401000977,4.784595012664795,5.000000000000000
1.476,was,-5.304551601409912,4.250905513763429,4.239888191223145,5.000000000000000
1.477,no,-3.777396202087401,3.373983860015869,4.104800701141357,7.000000000000000
1.478,longer,-0.349858671426773,3.489649534225464,3.591591119766236,8.000000000000000
1.479,to,-1.096182346343994,5.321700572967528,5.106245040893555,9.000000000000000
1.480,kill,-7.369274139404298,4.903552055358887,4.889224052429199,11.000000000000000
1.481,the,-1.347610712051392,3.465191125869751,3.996253252029419,13.000000000000000
1.482,boar .,-12.567474250565283,16.915927410125732,18.615818262100220,19.000000000000000
1.483,It,-3.463986396789551,5.483454227447510,5.923331260681152,3.000000000000000
1.484,was,-2.173409461975098,5.336749553680420,5.024829864501953,4.000000000000000
1.485,to,-0.017833249643445,5.085049629211426,4.547594070434570,7.000000000000000
1.486,find,-5.895949363708496,5.766166687011719,5.424612998962402,9.000000000000000
1.487,a,-2.784020900726318,4.330841064453125,4.670866966247559,11.000000000000000
1.488,way,-3.560532569885254,4.075545787811278,4.242831230163573,12.000000000000000
1.489,to,-0.017858544364572,5.450201988220215,5.230479240417480,15.000000000000000
1.490,carry,-6.646652221679688,3.816831588745117,3.645824193954468,17.000000000000000
1.491,the,-1.357983231544495,2.983315706253052,3.453793525695801,19.000000000000000
1.492,boar,-13.230175256729126,9.803723335266113,11.419975042343140,20.000000000000000
1.493,back .,-1.797489937627688,11.189174890518188,11.570506334304810,24.000000000000000
1.494,The,-1.657068967819214,5.793336868286133,5.808848381042480,4.000000000000000
1.495,head,-9.465709686279297,5.205897331237793,5.857677936553955,5.000000000000000
1.496,was,-1.770841002464294,5.350405216217041,5.389691352844238,5.000000000000000
1.497,too,-4.128590106964111,5.602550029754639,5.762032508850098,7.000000000000000
1.498,heavy,-5.003970146179199,4.182742118835448,3.988640785217285,8.000000000000000
1.499,for,-1.674487233161926,3.915454387664795,3.777218580245972,10.000000000000000
1.500,the,-1.631935477256775,3.648622512817383,3.780106544494629,13.000000000000000
1.501,little,-6.031817913055420,4.722127437591553,5.280626773834229,14.000000000000000
1.502,huntsman,-21.223417758941647,12.580493688583374,13.899771213531494,15.000000000000000
1.503,to,-0.612479507923126,4.914852619171143,4.731215953826903,14.000000000000000
1.504,carry,-6.379818916320801,3.730316162109375,3.325691699981689,16.000000000000000
1.505,back,-7.050276756286621,3.500721693038940,3.709298372268677,18.000000000000000
1.506,to,-2.401080608367920,3.481055021286011,3.341999053955078,19.000000000000000
1.507,the,-1.273372888565064,4.268085002899170,4.149340152740479,21.000000000000000
1.508,Manor,-13.577606201171875,3.125983953475952,4.482636451721191,22.000000000000000
1.509,"House ,",-8.452861607074738,8.001863956451416,7.870835304260254,26.000000000000000
1.510,but,-1.110525727272034,4.598302364349365,4.542664051055908,4.000000000000000
1.511,the,-1.252307295799255,3.849273681640625,3.818992137908936,8.000000000000000
1.512,"huntsman ,",-21.774008274078366,16.142823457717896,17.347826004028320,17.000000000000000
1.513,who,-0.057675667107105,2.334082126617432,2.315007925033569,11.000000000000000
1.514,was,-2.161479473114014,4.081406593322754,3.958564996719360,13.000000000000000
1.515,as,-2.953460216522217,5.229258060455322,5.245388984680176,16.000000000000000
1.516,quick-witted,-13.340483888983727,12.997407913208008,14.041268825531006,17.000000000000000
1.517,and,-2.830625772476196,5.477834224700928,5.306567668914795,18.000000000000000
1.518,cunning,-8.768210172653196,10.567284345626833,11.073702335357666,19.000000000000000
1.519,as,-0.019302388653159,4.362022876739502,4.342673301696776,17.000000000000000
1.520,"ever ,",-0.242015773430467,10.122022151947021,10.275161027908325,29.000000000000000
1.521,asked,-6.335671911016107,4.894166469573975,4.812156319618224,8.000000000000000
1.522,"himself ,",-7.165980577468872,10.622636318206787,10.733712434768677,20.000000000000000
1.523,`` What,-4.598343819335240,15.210618495941162,14.995185613632202,26.000000000000000
1.524,else,-3.718827724456787,3.194940805435181,3.191072940826416,15.000000000000000
1.525,can,-2.374958276748657,3.770010709762573,3.683653116226196,15.000000000000000
1.526,I,-1.316918849945068,3.271101713180542,3.174802541732788,17.000000000000000
1.527,do,-0.568814337253571,3.037525653839112,2.883876323699951,18.000000000000000
1.528,to,-0.075169019401073,4.200917720794679,4.050148010253906,21.000000000000000
1.529,prove,-7.009517669677733,4.014167308807373,3.912511348724365,23.000000000000000
1.530,I,-0.392518579959869,3.377611160278320,3.368064880371094,27.000000000000000
1.531,killed,-6.942628860473633,4.309950351715088,4.294742584228517,28.000000000000000
1.532,the,-2.639896154403687,3.797696828842163,3.793017625808716,30.000000000000000
1.533,boar ? '',-27.889515759423375,28.320958375930790,29.454895496368408,44.000000000000000
1.534,The,-1.674321293830872,6.122092247009277,6.432260990142822,3.000000000000000
1.535,next,-8.985920906066895,4.745756149291992,4.957448482513428,5.000000000000000
1.536,instance,-11.655838966369627,4.010882854461670,4.199574470520020,6.000000000000000
1.537,he,-2.804673194885254,4.541675567626953,4.766072750091553,5.000000000000000
1.538,opened,-6.867239261977375,7.915309190750122,7.788661956787108,7.000000000000000
1.539,the,-1.573171615600586,4.418695926666260,4.368134498596191,10.000000000000000
1.540,boar 's,-19.639895762316883,20.870475053787231,24.179816484451294,23.000000000000000
1.541,mouth,-4.592411041259767,8.025387525558473,8.562673091888428,10.000000000000000
1.542,and,-0.180018305778503,5.559373855590820,5.360265731811523,7.000000000000000
1.543,cut,-5.280799388885498,3.651168346405029,3.357009649276733,9.000000000000000
1.544,out,-1.435315728187561,3.966491222381592,4.102108478546143,11.000000000000000
1.545,its,-3.642237663269043,4.290704250335693,4.363622188568115,12.000000000000000
1.546,"tongue ,",-9.830332875251770,11.365289926528931,11.753202676773071,22.000000000000000
1.547,taking,-4.313945889472961,8.759524822235107,8.518783092498781,12.000000000000000
1.548,that,-6.958487987518311,3.791137456893921,3.671950340270996,14.000000000000000
1.549,as,-2.490893125534058,3.595888853073120,3.557344675064087,15.000000000000000
1.550,proof,-5.563425302505493,7.090133428573608,7.313228845596313,17.000000000000000
1.551,for,-1.396136283874511,3.549823760986328,3.505275011062622,16.000000000000000
1.552,the,-2.271501779556274,3.683848142623901,3.602492332458496,18.000000000000000
1.553,Lord .,-19.110694199800491,12.640916824340820,13.527160882949829,25.000000000000000
1.554,He,-3.726649999618529,5.136103630065918,5.189894676208496,4.000000000000000
1.555,set,-7.666704177856445,5.439199924468994,5.208736419677733,5.000000000000000
1.556,out,-0.734354019165039,4.293370246887207,4.271744251251222,7.000000000000000
1.557,for,-2.138881921768188,3.466818809509277,3.597989797592163,8.000000000000000
1.558,the,-1.441266536712646,3.426585197448730,3.532301187515259,10.000000000000000
1.559,Manor,-13.599415779113770,4.018031120300293,5.195211410522461,11.000000000000000
1.560,House,-8.574068069458008,3.407353878021240,3.725690603256226,12.000000000000000
1.561,as,-1.968994379043579,4.340006351470946,4.515573501586914,10.000000000000000
1.562,quickly,-4.680929055437447,7.664904356002808,8.381739616394043,11.000000000000000
1.563,as,-0.000465403951239,4.613230705261231,4.483637332916260,11.000000000000000
1.564,he,-0.424014836549759,3.809728622436523,3.871445894241333,14.000000000000000
1.565,could,-0.874412536621094,4.292455196380615,4.161403179168701,15.000000000000000
1.566,and,-3.237719058990479,4.259496212005615,4.159193992614746,3.000000000000000
1.567,he,-0.612263917922974,3.679348945617676,3.677893877029419,6.000000000000000
1.568,had,-3.905382871627808,4.197268962860107,4.153872013092041,7.000000000000000
1.569,only,-4.166363716125488,3.796297073364258,3.888518810272217,9.000000000000000
1.570,been,-2.465619325637817,4.906253337860107,4.869003295898438,10.000000000000000
1.571,gone,-6.760145664215088,3.620353698730469,3.567691087722778,12.000000000000000
1.572,a,-1.950156569480896,3.212109804153442,3.592146396636963,14.000000000000000
1.573,few,-1.796641230583191,4.174271583557129,4.173583507537842,15.000000000000000
1.574,minutes,-4.032845497131349,4.476354598999023,4.599615573883057,16.000000000000000
1.575,when,-0.001866386039183,3.735709905624390,3.929769277572632,16.000000000000000
1.576,a,-1.703323125839233,3.975846052169800,4.076509952545166,19.000000000000000
1.577,second,-6.109744548797607,4.378692150115967,4.408087730407715,20.000000000000000
1.578,"huntsman ,",-24.341450929641724,15.048179626464844,16.762502908706665,40.000000000000000
1.579,not,-4.954153060913086,4.685777187347412,5.035312175750732,22.000000000000000
1.580,so,-2.495290517807007,5.162550449371338,5.201638698577881,23.000000000000000
1.581,bold,-5.993839740753174,2.700172662734985,2.839234113693237,24.000000000000000
1.582,as,-2.021967411041260,3.680691957473755,3.685518264770508,26.000000000000000
1.583,the,-3.115601062774658,3.646297454833984,3.530171155929565,28.000000000000000
1.584,first,-4.791004180908203,4.233915805816650,4.235380649566650,29.000000000000000
1.585,but,-1.496031761169434,4.854503154754639,4.828199386596680,22.000000000000000
1.586,a,-0.923495888710022,3.135931730270386,3.330766201019287,25.000000000000000
1.587,little,-0.677324473857880,4.273848533630371,4.264451503753662,26.000000000000000
1.588,more,-2.890697240829468,4.589249134063722,4.521349430084229,25.000000000000000
1.589,"cunning ,",-9.792204204946758,15.068146944046021,15.622919797897339,47.000000000000000
1.590,came,-4.374531745910645,7.443786621093750,7.480393409729004,19.000000000000000
1.591,on,-2.681056499481201,4.007696151733398,4.025630950927733,21.000000000000000
1.592,the,-1.149461865425110,3.840188026428223,4.010496616363525,23.000000000000000
1.593,scene .,-3.010546720208367,11.647566318511963,12.237030029296875,29.000000000000000
1.594,Seeing,-6.500954836606978,10.146334648132324,9.657168865203856,4.000000000000000
1.595,the,-1.072354793548584,4.352608203887940,4.615648269653320,7.000000000000000
1.596,slain,-15.677443504333494,11.613425016403198,11.975019693374634,8.000000000000000
1.597,carcass,-12.173068404197693,11.107165813446043,12.744380474090574,9.000000000000000
1.598,of,-0.406085193157196,3.793910741806030,4.085242748260498,8.000000000000000
1.599,the,-1.428378462791443,4.542861461639403,4.692811489105225,10.000000000000000
1.600,"boar ,",-12.865699082612991,14.529846668243408,15.692818403244019,14.000000000000000
1.601,the,-1.847969293594360,4.111696720123291,4.236400604248047,5.000000000000000
1.602,huntsman,-18.913446426391602,11.030281305313110,12.773843288421631,6.000000000000000
1.603,rejoiced,-15.206387519836426,4.597345829010010,4.511405825614928,6.000000000000000
1.604,in,-1.969666481018066,2.852238655090332,2.682240009307861,8.000000000000000
1.605,his,-2.076329708099365,4.851379871368408,5.243132114410400,10.000000000000000
1.606,good,-7.924636840820312,5.055429935455322,5.587213039398193,11.000000000000000
1.607,fortune .,-3.357487398898229,11.201156854629515,11.986276626586914,18.000000000000000
1.608,The,-1.674321293830872,6.122092247009277,6.432260990142822,3.000000000000000
1.609,second,-6.341021537780763,6.113845825195312,6.075407505035400,4.000000000000000
1.610,huntsman,-24.698575019836426,14.847936153411865,14.740843296051025,5.000000000000000
1.611,knew,-7.076640605926514,5.250878810882568,4.988952636718750,5.000000000000000
1.612,a,-2.883788585662842,4.729655742645264,4.694296836853027,10.000000000000000
1.613,shortcut,-12.938272476196287,3.565378904342652,3.801295995712280,11.000000000000000
1.614,to,-0.698562979698181,3.993252277374268,3.955912590026856,11.000000000000000
1.615,the,-1.559362530708313,4.270975589752196,4.670062065124512,13.000000000000000
1.616,Manor,-13.349927902221680,3.132224559783936,4.461177349090576,14.000000000000000
1.617,House,-9.172756195068359,4.056894302368163,4.183575630187988,15.000000000000000
1.618,was,-0.771068572998047,4.339289188385010,4.337091922760010,10.000000000000000
1.619,just,-4.240627288818358,3.847600698471069,4.105989933013916,12.000000000000000
1.620,around,-4.374328136444092,4.517881393432617,4.608220577239990,13.000000000000000
1.621,the,-0.533686995506287,4.200905323028564,4.358774185180663,15.000000000000000
1.622,nearby,-11.750619888305664,4.445243358612061,4.764719486236572,16.000000000000000
1.623,"pond ,",-9.380190849304199,11.269559383392334,11.908847570419312,22.000000000000000
1.624,"and ,",-5.560536921024323,9.256852149963379,9.106223583221436,13.000000000000000
1.625,being,-5.878282546997070,3.885521650314331,3.774885177612305,11.000000000000000
1.626,a,-1.136556506156921,4.341552734375000,4.309616565704347,14.000000000000000
1.627,bigger,-7.405585289001465,5.204614639282227,5.606797218322754,15.000000000000000
1.628,man,-3.581549525260925,7.013011455535889,7.341591358184814,16.000000000000000
1.629,than,-0.164241790771484,3.801052093505859,3.719432830810547,15.000000000000000
1.630,the,-2.016374349594116,3.630575180053711,3.475779294967652,17.000000000000000
1.631,"first ,",-4.075047444552183,10.335882186889648,10.307887077331543,28.000000000000000
1.632,was,-2.222589969635010,4.509783744812012,4.359662532806396,11.000000000000000
1.633,able,-2.791023612022400,7.863509416580200,7.712391853332519,13.000000000000000
1.634,to,-0.004575379192829,5.040939331054688,4.997608661651611,16.000000000000000
1.635,pick,-4.063759803771974,2.790961503982544,2.706399440765381,19.000000000000000
1.636,up,-0.079473569989204,3.554347753524780,3.847510099411010,21.000000000000000
1.637,the,-1.068955421447754,3.636025428771973,3.595210790634156,23.000000000000000
1.638,boar 's,-15.919202351011336,19.083098649978638,21.776065111160278,49.000000000000000
1.639,head,-3.617249965667725,3.021182060241699,3.802728652954102,23.000000000000000
1.640,and,-0.120450824499130,4.649642467498778,4.562670707702637,19.000000000000000
1.641,carry,-5.778642654418945,2.585310697555542,2.567305803298950,21.000000000000000
1.642,it,-1.517283439636230,4.266199111938477,4.730515480041504,23.000000000000000
1.643,through,-3.474646091461182,2.992211580276489,2.978147029876709,24.000000000000000
1.644,the,-0.880427181720734,4.598338127136231,4.570477008819580,26.000000000000000
1.645,wood,-8.149774670600891,6.167973279953003,6.873174905776978,27.000000000000000
1.646,towards,-11.895987033843994,7.326187610626222,7.571185350418091,25.000000000000000
1.647,the,-0.441449135541916,4.224828720092773,4.161948204040526,28.000000000000000
1.648,prize,-11.402307510375975,3.479434967041016,4.121938705444337,29.000000000000000
1.649,that,-0.008608021773398,3.938106536865233,3.868007898330689,30.000000000000000
1.650,awaited,-7.815093040466309,8.439021944999695,8.464487314224241,32.000000000000000
1.651,him .,-1.402388441143557,10.892715215682983,10.947373390197754,38.000000000000000
1.652,The,-1.335898160934448,5.764348506927490,6.119246482849121,4.000000000000000
1.653,Lord,-10.542558670043944,5.523697376251222,5.530410766601562,5.000000000000000
1.654,of,-0.047072030603886,4.349807739257812,4.527921199798584,5.000000000000000
1.655,the,-1.530923128128052,3.893142700195313,4.180725097656250,7.000000000000000
1.656,Manor,-14.447726249694824,4.509763717651367,5.221190929412842,8.000000000000000
1.657,was,-2.595742464065552,5.356803894042969,5.249235153198242,4.000000000000000
1.658,seated,-8.950104945710336,7.593865871429442,7.346547842025758,6.000000000000000
1.659,in,-0.811101853847504,3.896682739257813,3.841233968734741,8.000000000000000
1.660,his,-2.345378875732422,4.889393806457520,4.886679649353027,10.000000000000000
1.661,hall,-7.461864471435548,7.148445844650269,8.076322078704834,11.000000000000000
1.662,when,-0.013868868350983,3.550770998001098,3.990509986877441,10.000000000000000
1.663,the,-2.162282466888428,3.421404123306274,3.406397104263306,12.000000000000000
1.664,second,-6.928932189941406,4.277207851409912,4.710910320281982,13.000000000000000
1.665,huntsman,-22.519015789031982,11.292833805084227,13.114851951599119,14.000000000000000
1.666,burst,-6.060339450836183,2.711046457290649,2.605594396591187,14.000000000000000
1.667,through,-3.727399826049805,2.602552652359009,2.478373527526855,16.000000000000000
1.668,the,-1.067578554153442,4.502903938293457,4.547293186187744,18.000000000000000
1.669,door,-3.420033693313598,6.664820909500122,7.810395717620850,19.000000000000000
1.670,and,-0.123864315450191,5.333976268768311,5.202072143554688,14.000000000000000
1.671,began,-4.808511763811112,7.540391445159912,7.474621057510376,16.000000000000000
1.672,to,-1.777969837188721,5.014830112457275,4.829403400421143,19.000000000000000
1.673,spin,-7.618782043457031,2.769496917724609,2.572405099868774,21.000000000000000
1.674,a,-2.611926078796387,3.936183929443360,4.094175338745116,23.000000000000000
1.675,line .,-7.573886378973839,11.292704105377197,12.295304059982296,28.000000000000000
1.676,`` The,-3.973498329400172,21.976656913757328,22.518870830535885,7.000000000000000
1.677,woes,-11.337576422840355,8.807996749877930,9.485640048980713,6.000000000000000
1.678,of,-0.175850883126259,3.859699964523315,4.108126640319823,6.000000000000000
1.679,Bradford,-13.879538536071776,4.997440814971924,5.713973045349121,8.000000000000000
1.680,are,-0.752487659454346,4.519673824310303,4.371198654174806,5.000000000000000
1.681,ended ! '',-35.221175746293746,26.795685529708862,26.231938123703003,18.000000000000000
1.682,he,-9.870566368103027,5.371531486511231,5.459949970245361,3.000000000000000
1.683,announced .,-7.654888603879954,17.738420963287354,17.207105398178101,8.000000000000000
1.684,`` With,-5.416106447457423,20.952190876007084,21.476549625396725,6.000000000000000
1.685,my,-5.156142711639403,4.539732933044434,5.100949764251709,6.000000000000000
1.686,own,-3.249747991561890,5.494538784027100,5.559818267822267,7.000000000000000
1.687,hand,-6.765109062194824,4.253528118133545,4.608295440673828,8.000000000000000
1.688,I,-0.621311545372009,3.371646881103516,3.432321071624756,5.000000000000000
1.689,have,-2.869741916656494,4.327270030975342,4.146160602569580,6.000000000000000
1.690,slain,-15.103327989578247,11.484596967697144,11.456466197967529,8.000000000000000
1.691,the,-2.083159923553467,3.577566862106323,3.784374237060547,10.000000000000000
1.692,boar ! '',-36.485551305115223,28.869830131530762,30.797252178192139,24.000000000000000
1.693,"And ,",-7.562405347824097,12.882520675659180,11.615107059478760,5.000000000000000
1.694,with,-3.007553339004517,4.803593158721924,4.538007259368896,5.000000000000000
1.695,"that ,",-5.988872148096561,9.337171554565428,9.337347030639648,12.000000000000000
1.696,at,-2.556712150573730,3.945204257965088,4.310573101043701,7.000000000000000
1.697,the,-0.787704765796661,4.157936096191406,4.518870353698730,10.000000000000000
1.698,feet,-8.765603065490723,4.803549766540527,5.278689384460449,11.000000000000000
1.699,of,-0.000871278636623,4.723539352416992,4.622062683105469,11.000000000000000
1.700,his,-3.958427906036377,4.914666652679443,5.271253108978272,13.000000000000000
1.701,lord,-12.473453283309937,7.350454330444336,8.308650493621826,14.000000000000000
1.702,he,-0.378417670726776,4.021232604980469,4.081076622009276,8.000000000000000
1.703,dropped,-7.442214304348455,6.237858057022095,5.917717695236206,9.000000000000000
1.704,the,-1.168868422508240,4.165013790130615,4.251564979553224,12.000000000000000
1.705,boar 's,-16.160440645646304,19.331193447113037,22.376934051513672,27.000000000000000
1.706,enormous,-9.622881889343262,5.165377616882324,5.605020046234131,12.000000000000000
1.707,head .,-4.437732175923885,11.036002159118652,11.982448816299438,22.000000000000000
1.708,`` Then,-5.807265028237452,21.264118671417240,22.228993415832516,6.000000000000000
1.709,you,-2.464901685714722,4.118219375610352,4.420599937438965,5.000000000000000
1.710,will,-4.229027748107910,4.421144485473633,4.094609260559082,6.000000000000000
1.711,be,-2.551867485046387,5.014777660369873,4.960649490356445,8.000000000000000
1.712,"rewarded ,",-11.527890667319298,13.528422832489014,13.223727941513060,21.000000000000000
1.713,as,-2.433899402618408,4.791234493255615,4.650271415710449,13.000000000000000
1.714,I,-2.764646053314209,3.600796461105347,3.810808658599854,16.000000000000000
1.715,promised . '',-25.776871740818020,26.704923868179321,26.455734729766846,30.000000000000000
1.716,`` But,-10.541427548341289,19.456472873687744,19.515978813171387,7.000000000000000
1.717,"first ,",-5.786028325557709,9.531041145324707,9.878642559051514,12.000000000000000
1.718,let,-1.508109450340271,3.919708251953125,3.822641134262085,7.000000000000000
1.719,me,-1.351701021194458,3.859818220138550,3.817751646041870,10.000000000000000
1.720,examine,-7.525282859802246,3.830446720123291,3.497549295425415,11.000000000000000
1.721,the,-0.591080784797668,4.560623645782472,4.988300800323486,14.000000000000000
1.722,head,-7.928099155426025,3.773980855941773,4.601645946502686,15.000000000000000
1.723,of,-0.024780277162790,4.320548057556151,4.158367633819580,15.000000000000000
1.724,this,-4.521922588348389,4.089478015899658,4.040003299713135,17.000000000000000
1.725,"monster , ''",-31.936731689958833,20.600147247314453,21.303923845291138,27.000000000000000
1.726,said,-1.556702375411987,2.716445684432983,2.608337640762329,7.000000000000000
1.727,the,-2.675769329071045,4.634287357330322,4.664451122283936,9.000000000000000
1.728,Lord,-9.961460113525391,4.247889041900635,4.834744930267334,10.000000000000000
1.729,of,-0.079792045056820,3.711567640304565,3.658094644546509,10.000000000000000
1.730,the,-1.076544523239136,4.105621337890625,3.955740690231323,12.000000000000000
1.731,Manor .,-14.112071924580961,11.257533788681030,12.142968177795410,21.000000000000000
1.732,To,-1.214609980583191,5.794786930084229,5.684151172637940,4.000000000000000
1.733,not,-9.704678535461426,5.972349166870117,5.245618343353272,6.000000000000000
1.734,examine,-9.847516059875488,4.813770294189453,4.025497436523438,7.000000000000000
1.735,the,-1.725760698318481,3.884006500244141,4.185575008392334,9.000000000000000
1.736,head,-10.252135276794434,4.390868186950684,5.329675674438477,10.000000000000000
1.737,in,-1.502465605735779,3.623144149780273,3.666709423065186,10.000000000000000
1.738,advance,-3.842034339904785,4.079287528991698,4.219452857971191,12.000000000000000
1.739,had,-7.060961723327638,3.584426403045654,3.458655357360840,4.000000000000000
1.740,not,-4.280142784118651,4.220374107360840,4.193006992340088,5.000000000000000
1.741,been,-0.184957712888718,4.193770408630371,4.065598964691162,7.000000000000000
1.742,very,-3.878292560577393,4.923233509063722,5.085397243499756,9.000000000000000
1.743,clever,-6.302142143249513,3.458525657653809,3.545045614242554,10.000000000000000
1.744,on,-2.914438962936401,3.771538496017456,3.743579864501953,10.000000000000000
1.745,the,-0.534970939159393,3.638554334640503,3.869600057601929,13.000000000000000
1.746,part,-0.320770889520645,4.361002445220946,4.612218856811523,14.000000000000000
1.747,of,-0.000960127392318,4.330859184265137,4.210609912872314,14.000000000000000
1.748,the,-1.679457783699036,3.673364639282227,3.478340864181519,16.000000000000000
1.749,huntsman .,-21.184200569288809,19.796049594879150,21.268549919128418,21.000000000000000
1.750,Right,-6.095415115356445,4.487019538879395,5.400211334228517,3.000000000000000
1.751,"away ,",-4.914762720465660,10.296312808990479,10.963503360748291,7.000000000000000
1.752,the,-1.624455571174622,3.549024581909180,4.067435264587401,5.000000000000000
1.753,Lord,-10.527421951293944,5.261988162994385,5.949882984161378,6.000000000000000
1.754,noticed,-8.598307941108942,8.086822509765625,7.920729637145996,7.000000000000000
1.755,the,-1.091717123985290,3.869248867034912,3.651441812515259,12.000000000000000
1.756,tongue,-9.435301303863524,5.846359014511108,6.846186399459839,13.000000000000000
1.757,of,-0.427423000335693,4.223443508148193,4.464192867279053,13.000000000000000
1.758,the,-1.623696446418762,4.670726776123047,4.695297718048097,15.000000000000000
1.759,boar,-11.101172208786011,9.346392393112184,10.794960021972656,16.000000000000000
1.760,was,-0.788158655166626,5.228346347808838,5.214060783386231,12.000000000000000
1.761,missing,-5.873975753784180,3.895566940307617,3.787338256835938,14.000000000000000
1.762,and,-0.682122170925140,4.519500255584717,4.405974864959717,7.000000000000000
1.763,"exclaimed ,",-9.878002099227158,9.567508339881897,9.235938310623169,19.000000000000000
1.764,`` What,-2.688852487739495,16.181197881698608,16.113756656646729,26.000000000000000
1.765,is,-3.326987743377685,3.496485471725464,3.377372264862061,15.000000000000000
1.766,this ?,-1.815031687554438,10.929421186447144,10.790309429168701,32.000000000000000
1.767,A,-2.130687236785889,6.159930706024170,6.511514663696289,4.000000000000000
1.768,boar,-14.668879032135010,10.511992216110231,12.573114156723022,5.000000000000000
1.769,with,-2.760911464691162,3.420575618743896,3.714159727096558,5.000000000000000
1.770,no,-4.874820709228517,5.674811840057372,5.834677696228027,7.000000000000000
1.771,tongue ? '',-24.261499643325806,26.965333700180054,28.526435136795044,15.000000000000000
1.772,He,-3.187836170196533,5.476806640625000,5.781899452209473,3.000000000000000
1.773,looked,-8.403537511825563,7.433903455734253,6.905183076858521,4.000000000000000
1.774,at,-0.950539350509644,4.281954765319823,4.410663604736328,6.000000000000000
1.775,the,-2.094845533370972,3.900537967681885,4.488442897796631,8.000000000000000
1.776,"huntsman ,",-26.852423906326290,18.419744491577148,19.449607849121094,15.000000000000000
1.777,dubiously .,-14.142833259946201,14.887460947036743,15.674048423767090,12.000000000000000
1.778,`` How,-5.797988978105423,19.067126274108887,20.734567165374756,6.000000000000000
1.779,come,-7.238444805145264,4.798323631286621,4.781474113464356,6.000000000000000
1.780,this,-3.157175064086914,3.654031038284302,3.955011606216431,10.000000000000000
1.781,creature,-11.822481155395508,4.506733417510986,5.218097686767578,11.000000000000000
1.782,has,-2.610306739807129,3.363238334655762,3.227469921112061,11.000000000000000
1.783,no,-4.089526176452637,4.875492572784424,5.296684741973877,13.000000000000000
1.784,tongue ? '',-25.213148506707512,23.904964208602905,26.676159620285034,25.000000000000000
1.785,he,-9.870566368103027,5.371531486511231,5.459949970245361,3.000000000000000
1.786,demanded .,-9.223640649695882,16.724287033081055,16.491482257843018,8.000000000000000
1.787,All,-6.402448654174805,6.459708690643311,6.682034015655518,3.000000000000000
1.788,eyes,-5.483781814575195,4.998022079467773,5.353285789489746,4.000000000000000
1.789,were,-2.104978084564209,4.592275142669678,4.239725112915038,4.000000000000000
1.790,on,-0.327481776475906,4.078546047210693,3.914965867996216,6.000000000000000
1.791,the,-1.417704701423645,3.475630283355713,3.919587850570679,8.000000000000000
1.792,huntsman .,-23.074486465193328,20.692226648330688,22.367229938507080,13.000000000000000
1.793,The,-1.335898160934448,5.764348506927490,6.119246482849121,4.000000000000000
1.794,huntsman,-23.736231088638306,15.784866809844971,15.595656871795654,5.000000000000000
1.795,questioned,-8.310522604733706,7.662635803222656,7.321759223937987,5.000000000000000
1.796,by,-0.360911816358566,4.039707660675049,4.107682704925537,7.000000000000000
1.797,the,-1.097720980644226,4.401568889617920,4.283073902130127,9.000000000000000
1.798,Lord,-11.477215766906738,4.941989421844482,5.682848930358888,10.000000000000000
1.799,"replied ,",-10.753416389226913,10.115820884704590,9.500784993171692,9.000000000000000
1.800,`` I,-1.306884789988544,14.920491218566895,14.654604673385620,15.000000000000000
1.801,can not,-5.250176668167114,8.772152185440063,8.487453699111938,21.000000000000000
1.802,"say ,",-6.597710609436034,8.563632488250732,8.254249095916750,27.000000000000000
1.803,my,-4.674174308776856,4.587419509887695,4.665153026580811,11.000000000000000
1.804,Lord . '',-24.852616961579770,23.155789852142334,23.456247329711914,21.000000000000000
1.805,He,-3.187836170196533,5.476806640625000,5.781899452209473,3.000000000000000
1.806,was,-3.223276615142822,4.726879596710205,4.412939548492432,4.000000000000000
1.807,suddenly,-8.537089705386279,8.404105663299559,8.801556110382080,6.000000000000000
1.808,realizing,-10.458215971477330,8.183465957641603,7.851418495178223,7.000000000000000
1.809,his,-2.705665111541748,4.960427284240723,5.332810401916504,11.000000000000000
1.810,tricky,-13.248981475830078,8.975054979324339,9.980216503143311,12.000000000000000
1.811,situation,-5.234525203704834,4.241303920745850,4.481122493743896,13.000000000000000
1.812,could,-3.674081802368164,4.263874053955078,4.079514026641847,12.000000000000000
1.813,end,-4.346704959869385,4.277523040771483,4.015271186828613,14.000000000000000
1.814,badly,-6.799229621887207,3.928330659866333,4.049568653106689,16.000000000000000
1.815,for,-2.798879146575928,3.805405855178833,3.625569581985474,17.000000000000000
1.816,him .,-1.730246747451020,12.092663288116455,12.503215551376341,23.000000000000000
1.817,Through,-5.586792945861816,6.054593086242676,5.987653255462647,3.000000000000000
1.818,the,-2.271810054779053,4.300319671630858,4.570221424102783,5.000000000000000
1.819,door,-10.683228254318236,7.654673814773560,8.255571842193604,6.000000000000000
1.820,at,-1.572408199310303,3.913593292236328,4.007365226745605,4.000000000000000
1.821,this,-5.576565742492676,4.466467857360840,4.733520030975342,6.000000000000000
1.822,"moment ,",-2.935253798961639,9.452252388000488,9.638864994049072,11.000000000000000
1.823,the,-1.554569005966186,3.800004243850708,3.881716012954712,6.000000000000000
1.824,first,-6.704342365264893,4.552732467651367,5.030892372131348,7.000000000000000
1.825,huntsman,-21.931066036224365,11.677739143371582,13.057069301605225,8.000000000000000
1.826,burst .,-8.247999097686259,9.300483465194702,9.304389595985414,14.000000000000000
1.827,`` The,-3.973498329400172,21.976656913757328,22.518870830535885,7.000000000000000
1.828,woes,-11.337576422840355,8.807996749877930,9.485640048980713,6.000000000000000
1.829,of,-0.175850883126259,3.859699964523315,4.108126640319823,6.000000000000000
1.830,Bradford,-13.879538536071776,4.997440814971924,5.713973045349121,8.000000000000000
1.831,are,-0.752487659454346,4.519673824310303,4.371198654174806,5.000000000000000
1.832,ended ! '',-35.221175746293746,26.795685529708862,26.231938123703003,18.000000000000000
1.833,he,-9.870566368103027,5.371531486511231,5.459949970245361,3.000000000000000
1.834,cried .,-10.880305357160978,21.748376369476318,21.589481353759766,8.000000000000000
1.835,`` I,-4.972884878396144,20.646022081375126,21.113432407379147,6.000000000000000
1.836,have,-3.217977523803711,4.531109333038330,4.503338336944580,5.000000000000000
1.837,slain,-16.127482652664185,12.242203950881958,11.756430387496948,7.000000000000000
1.838,the,-1.505253314971924,3.963614940643311,4.222851753234863,10.000000000000000
1.839,boar,-13.605429887771606,10.000039577484131,11.860619068145752,11.000000000000000
1.840,the,-1.735130429267883,4.713969230651856,4.715930938720703,14.000000000000000
1.841,people,-2.229109048843384,4.067904472351073,4.262758731842041,15.000000000000000
1.842,of,-0.407929778099060,4.154002189636231,4.249817371368408,15.000000000000000
1.843,Bradford,-12.135105133056641,3.440901517868042,4.327393531799316,17.000000000000000
1.844,dreaded ! '',-35.469067392870784,25.140759825706482,24.785773277282715,25.000000000000000
1.845,All,-6.402448654174805,6.459708690643311,6.682034015655518,3.000000000000000
1.846,eyes,-5.483781814575195,4.998022079467773,5.353285789489746,4.000000000000000
1.847,turned,-5.546559810638428,4.690590858459473,4.461848735809326,4.000000000000000
1.848,to,-1.000770807266235,4.108549118041991,3.512770175933838,6.000000000000000
1.849,the,-0.971998393535614,4.530555248260498,4.952149391174316,9.000000000000000
1.850,man,-5.611064195632935,7.636985540390015,8.463388681411741,10.000000000000000
1.851,who,-0.052213620394468,3.016563653945923,3.133440494537353,11.000000000000000
1.852,now,-3.375527381896973,4.335928916931151,4.551077842712402,13.000000000000000
1.853,stood,-8.754258513450623,11.231652736663818,11.066521883010864,14.000000000000000
1.854,in,-1.212104678153992,3.611932039260864,3.692101716995239,16.000000000000000
1.855,the,-1.537694573402405,3.637765645980835,4.229611873626709,18.000000000000000
1.856,doorway .,-10.291747688199393,12.097971677780151,12.882176399230957,23.000000000000000
1.857,`` The,-2.740005190782085,19.704139709472656,19.812973976135254,7.000000000000000
1.858,reward,-9.774164199829102,4.992045879364014,5.184974193572998,6.000000000000000
1.859,is,-0.307642728090286,4.306957244873047,4.402292251586914,6.000000000000000
1.860,already,-4.545978069305420,4.060480594635010,4.125577449798584,8.000000000000000
1.861,"given , ''",-28.758662479463965,24.358824968338013,24.233480215072632,18.000000000000000
1.862,said,-1.219022035598755,2.825912475585937,2.690933465957642,7.000000000000000
1.863,the,-3.514619588851929,4.708064079284668,4.952336311340332,9.000000000000000
1.864,Lord,-10.124408721923828,4.489466190338135,5.016458511352539,10.000000000000000
1.865,of,-0.071091815829277,3.793040752410889,3.717162847518921,10.000000000000000
1.866,the,-1.107251048088074,3.946508169174193,3.793700218200684,12.000000000000000
1.867,Manor .,-13.431401740541334,11.650925159454346,12.563437700271606,21.000000000000000
1.868,`` The,-5.419510587929835,21.629813194274906,22.058271884918209,6.000000000000000
1.869,man,-6.935570716857910,8.398858070373535,8.417510747909546,5.000000000000000
1.870,here,-15.430300712585449,5.424124717712402,5.753357887268066,6.000000000000000
1.871,has,-3.907425642013550,4.283340930938722,4.265106201171875,5.000000000000000
1.872,brought,-6.359436511993407,7.156374931335449,6.734165191650392,7.000000000000000
1.873,to,-0.462060630321503,4.191663265228272,4.324654579162599,9.000000000000000
1.874,me,-1.653655052185059,4.207382202148438,4.420698642730713,11.000000000000000
1.875,the,-2.061791181564331,4.336086273193358,4.759349346160889,11.000000000000000
1.876,boar 's,-19.569944627583027,20.398361921310425,23.476921558380127,25.000000000000000
1.877,head . '',-22.542891364544634,23.422589540481567,24.198696374893188,22.000000000000000
1.878,`` Then,-5.975720968919632,18.640992641448975,20.361669063568115,7.000000000000000
1.879,where,-5.157107263803481,7.827477931976317,8.552376508712769,5.000000000000000
1.880,is,-2.045072555541992,4.198445796966554,4.726420402526856,5.000000000000000
1.881,its,-7.530016899108888,3.587646245956421,4.596225738525392,7.000000000000000
1.882,tongue ? '',-26.442448550835252,23.480469703674316,27.816596746444702,19.000000000000000
1.883,the,-7.585473060607910,6.037616729736327,6.295332908630371,3.000000000000000
1.884,first,-5.748387813568115,5.907363891601562,5.801406383514403,4.000000000000000
1.885,huntsman,-23.672620296478271,14.449741363525391,14.176478385925293,5.000000000000000
1.886,replied .,-9.724818394519387,15.024142742156982,14.048803687095642,8.000000000000000
1.887,"And ,",-7.562405347824097,12.882520675659180,11.615107059478760,5.000000000000000
1.888,so,-11.699329376220705,5.705024719238281,5.532207012176514,5.000000000000000
1.889,"saying ,",-9.413953789044172,8.406939029693604,7.449405908584595,12.000000000000000
1.890,he,-2.510180711746216,3.864504337310791,3.716569900512695,7.000000000000000
1.891,drew,-6.581767797470093,9.318115234375000,9.072197914123537,9.000000000000000
1.892,out,-3.670725107192993,4.350505352020264,4.623754501342773,11.000000000000000
1.893,the,-1.470891952514648,3.924903631210327,4.255287170410156,14.000000000000000
1.894,boar 's,-17.895538520999253,19.641567707061768,22.677144289016724,31.000000000000000
1.895,tongue,-8.192750453948975,7.029569625854492,7.696301937103271,14.000000000000000
1.896,he,-0.253794968128204,3.584517240524292,3.587509870529175,16.000000000000000
1.897,had,-1.609670996665955,4.023215770721436,3.912258386611938,17.000000000000000
1.898,put,-4.205671787261963,5.021936416625977,4.955929756164551,19.000000000000000
1.899,in,-1.474756717681885,3.998689651489258,3.978044271469116,21.000000000000000
1.900,his,-1.210356950759888,4.536561965942383,4.663312435150146,23.000000000000000
1.901,hunting,-12.191596508026125,7.641441583633423,8.625945091247559,24.000000000000000
1.902,pouch,-9.773379921913149,9.439654350280762,11.316412448883055,25.000000000000000
1.903,and,-0.586023747920990,4.524923801422119,4.481360435485840,9.000000000000000
1.904,related,-12.662460565567017,7.838390350341798,7.743829727172852,11.000000000000000
1.905,how,-0.392726927995682,3.612079620361328,3.609208345413208,14.000000000000000
1.906,he,-0.520777583122253,3.363477468490601,3.512662172317505,16.000000000000000
1.907,had,-2.753714084625244,4.191464424133302,4.145582199096681,17.000000000000000
1.908,ambushed,-11.829901615041306,5.896623134613037,5.828341722488402,20.000000000000000
1.909,the,-1.809154391288757,4.176644802093507,4.261068820953368,22.000000000000000
1.910,creature,-7.228082656860352,3.593446493148804,4.142567634582520,23.000000000000000
1.911,in,-0.876126587390900,3.163374423980713,3.124099254608154,23.000000000000000
1.912,the,-1.042412638664246,3.918389320373535,4.223052501678467,25.000000000000000
1.913,wood,-9.098112821578981,5.857566356658936,6.570448637008668,26.000000000000000
1.914,and,-0.215867221355438,5.336881637573242,5.274199962615967,20.000000000000000
1.915,cut,-5.893380165100098,2.307349205017090,2.239446878433228,22.000000000000000
1.916,out,-1.656781911849976,3.994034767150879,4.163116455078125,24.000000000000000
1.917,its,-3.862112522125244,3.804378509521485,4.103571891784668,25.000000000000000
1.918,tongue,-6.292779564857483,6.177278518676758,6.673625230789185,26.000000000000000
1.919,as,-3.562276363372803,3.736415624618529,3.707235574722290,26.000000000000000
1.920,proof,-8.421893119812013,6.543162584304810,6.899843454360963,29.000000000000000
1.921,of,-0.023106604814529,3.473656654357910,3.427753925323486,30.000000000000000
1.922,his,-2.711438655853271,4.755633354187012,4.862123012542725,32.000000000000000
1.923,victory .,-7.090433117715293,10.912364006042480,11.721921920776367,41.000000000000000
1.924,Listening,-7.656435579061508,9.440912246704102,8.374320030212402,4.000000000000000
1.925,to,-0.038152493536472,3.814284801483153,3.616829633712769,6.000000000000000
1.926,the,-1.969141602516174,3.829663991928101,4.062182426452637,8.000000000000000
1.927,"tale ,",-7.850884892046452,12.396021604537964,12.817837715148924,12.000000000000000
1.928,the,-1.842799186706543,4.635087966918945,4.935562133789063,6.000000000000000
1.929,Lord,-9.540731430053713,4.159214973449707,4.689960002899170,7.000000000000000
1.930,of,-0.079129882156849,4.139656066894531,4.113495826721191,7.000000000000000
1.931,the,-1.410234570503235,3.965360641479492,4.470497608184815,9.000000000000000
1.932,Manor,-13.696179389953613,3.587136030197144,4.520063400268555,10.000000000000000
1.933,tried,-6.751309871673584,4.368956565856934,4.230725288391113,6.000000000000000
1.934,to,-0.059083417057991,5.138053894042969,4.958409786224365,9.000000000000000
1.935,discern,-9.310664176940918,3.057807445526123,2.915776729583740,11.000000000000000
1.936,which,-12.053721427917480,3.723891973495483,3.791674137115479,16.000000000000000
1.937,huntsman,-20.810150504112247,10.493995189666748,11.992320775985718,17.000000000000000
1.938,was,-0.893163859844208,4.604845046997070,4.537345409393311,17.000000000000000
1.939,telling,-6.474043846130371,4.542063236236572,4.461730480194092,19.000000000000000
1.940,him,-2.403434276580811,3.495992898941040,3.619780063629150,21.000000000000000
1.941,the,-1.829357385635376,3.460690736770630,3.335026502609253,22.000000000000000
1.942,truth,-1.080112218856812,4.104869365692139,4.570338726043701,23.000000000000000
1.943,and,-1.323333024978638,4.219337940216064,4.138740062713623,14.000000000000000
1.944,what,-1.986969113349914,3.636930465698242,3.536694526672364,17.000000000000000
1.945,the,-2.514400243759156,3.379865646362305,3.320325136184692,19.000000000000000
1.946,two,-4.633124828338623,4.586503982543945,4.707130432128906,20.000000000000000
1.947,huntsmen,-18.404868721961972,12.054316282272339,13.087348461151125,21.000000000000000
1.948,were,-0.890120387077332,4.533945560455322,4.410178661346436,20.000000000000000
1.949,thinking,-3.687989711761475,3.394356727600098,3.270810127258301,22.000000000000000
1.950,as,-2.642482757568360,4.175943851470946,4.107814788818358,24.000000000000000
1.951,they,-0.658631563186646,3.891158819198608,3.916446447372437,27.000000000000000
1.952,waited,-5.820253330282867,5.098302364349365,4.950720429420472,28.000000000000000
1.953,for,-0.150663316249847,3.869099855422974,3.803153038024902,30.000000000000000
1.954,him,-1.828311800956726,3.581325769424438,3.730618000030518,33.000000000000000
1.955,to,-0.002822821959853,4.292935371398927,4.336616039276123,34.000000000000000
1.956,make,-3.977050065994263,4.609276294708252,4.555579662322998,36.000000000000000
1.957,a,-1.316071748733521,4.338309288024901,4.326263904571533,38.000000000000000
1.958,decision .,-4.590505901171127,11.445235729217529,11.698056697845459,45.000000000000000
1.959,Almost,-7.581356525421143,5.011297225952148,5.778959751129150,3.000000000000000
1.960,"instantly ,",-6.011605026491453,13.323688507080078,13.966474533081055,7.000000000000000
1.961,the,-1.569428443908691,3.333477497100830,3.950062036514282,5.000000000000000
1.962,Lord,-10.275258064270020,4.906849861145020,5.669332504272461,6.000000000000000
1.963,saw,-7.075374126434326,4.758223533630371,4.582702159881592,6.000000000000000
1.964,that,-0.474501639604568,4.565265178680420,4.358549118041991,8.000000000000000
1.965,the,-1.823410630226136,3.136759757995605,2.919198274612427,12.000000000000000
1.966,second,-7.465355873107910,4.553364276885986,4.417409896850586,13.000000000000000
1.967,huntsman,-25.952591896057129,11.806140184402466,13.501407861709595,14.000000000000000
1.968,had,-1.345818758010864,4.293961524963379,4.215640544891357,13.000000000000000
1.969,fed,-7.577497780323029,10.222979068756104,10.430336952209473,15.000000000000000
1.970,him,-2.159645080566406,3.765529632568360,3.867600440979004,17.000000000000000
1.971,a,-1.186919093132019,4.550394058227539,4.467411041259767,19.000000000000000
1.972,pack,-6.961765289306642,2.767905473709106,3.035130262374878,20.000000000000000
1.973,of,-0.016416832804680,3.831374168395996,3.806354999542236,20.000000000000000
1.974,lies,-8.253406047821045,6.545575857162476,7.160216808319093,22.000000000000000
1.975,and,-0.896862685680389,4.475699901580811,4.376927852630615,11.000000000000000
1.976,it,-4.964230537414551,3.900606393814087,4.419072628021240,14.000000000000000
1.977,was,-0.805979549884796,3.963986635208130,3.915270566940308,15.000000000000000
1.978,the,-1.341756701469421,3.843675851821899,3.737120151519776,18.000000000000000
1.979,first,-1.877881884574890,4.499459266662598,4.460100173950195,19.000000000000000
1.980,huntsman,-19.898955345153809,11.287049531936646,12.191119432449341,20.000000000000000
1.981,who,-0.086058184504509,3.053341865539551,3.044058561325073,20.000000000000000
1.982,was,-3.051184654235840,4.665116786956787,4.625267505645752,22.000000000000000
1.983,the,-1.458549737930298,3.815606117248535,3.667320728302002,25.000000000000000
1.984,true,-6.910006046295166,5.108925819396973,5.159167289733887,26.000000000000000
1.985,savior,-8.713980674743652,2.854264736175537,3.384601354598999,27.000000000000000
1.986,of,-0.037909891456366,3.819006681442261,3.762193441390991,26.000000000000000
1.987,Bradford .,-14.499111330922460,12.158006191253662,13.082167625427246,34.000000000000000
1.988,The,-1.674321293830872,6.122092247009277,6.432260990142822,3.000000000000000
1.989,Lord,-10.811100959777832,5.959287643432617,6.132833480834961,4.000000000000000
1.990,believed,-8.050975820980966,8.861097335815430,8.802109241485596,5.000000000000000
1.991,the,-1.363672971725464,2.282004833221436,2.142674207687378,9.000000000000000
1.992,second,-8.307355880737305,4.759092330932617,4.365104198455811,10.000000000000000
1.993,huntsman,-26.250782012939450,12.322257995605467,13.563015222549438,11.000000000000000
1.994,had,-1.575114965438843,4.296361923217773,4.205400943756104,10.000000000000000
1.995,tried,-5.907562732696532,4.349442005157472,4.057687282562257,12.000000000000000
1.996,to,-0.030374620109797,5.470768451690674,5.460579395294189,15.000000000000000
1.997,steal,-3.621945858001709,3.630505323410034,3.541311979293823,17.000000000000000
1.998,the,-0.900407671928406,3.339955568313598,3.179442405700684,20.000000000000000
1.999,first,-6.377288341522218,4.432167053222656,4.597529888153076,21.000000000000000
1.1000,huntsman 's,-21.786700565076899,21.650593996047974,22.902181148529053,45.000000000000000
1.1001,prize,-4.559445381164551,3.219100713729858,3.630815267562866,20.000000000000000
1.1002,and,-1.289407849311829,4.582248210906982,4.482049942016602,5.000000000000000
1.1003,so,-4.952437400817871,4.456266403198242,4.615121841430664,8.000000000000000
1.1004,proclaimed,-8.155461397022009,8.825860023498535,8.832209825515749,8.000000000000000
1.1005,the,-2.239330768585205,3.765573978424072,3.719756841659546,10.000000000000000
1.1006,first,-4.654455184936523,4.344598293304443,4.346341609954834,11.000000000000000
1.1007,huntsman,-21.636585235595703,10.762251377105713,11.714905738830565,12.000000000000000
1.1008,the,-2.062602996826172,3.207022905349731,3.258981943130493,11.000000000000000
1.1009,true,-9.963871955871582,4.238278865814209,4.162052154541017,12.000000000000000
1.1010,victor .,-6.771711697059800,10.804788351058960,11.304322242736816,17.000000000000000
1.1011,The,-1.674321293830872,6.122092247009277,6.432260990142822,3.000000000000000
1.1012,Lord,-10.811100959777832,5.959287643432617,6.132833480834961,4.000000000000000
1.1013,wondered,-9.554804265499117,8.559993028640747,8.375737667083740,4.000000000000000
1.1014,for,-3.239404439926147,3.520291328430176,3.526810646057129,6.000000000000000
1.1015,a,-1.848459243774414,4.142593383789063,4.543644428253174,8.000000000000000
1.1016,moment,-0.946879446506500,4.235947132110597,4.658216476440430,9.000000000000000
1.1017,why,-0.589393198490143,4.610658168792725,4.781122684478760,8.000000000000000
1.1018,he,-1.658058285713196,5.027812957763672,5.280268192291260,10.000000000000000
1.1019,always,-3.955962657928467,4.144443988800049,4.158419132232666,11.000000000000000
1.1020,encountered,-7.556743770837784,6.688071727752686,6.675395965576173,12.000000000000000
1.1021,so,-0.189405992627144,4.385797023773193,4.506953239440918,15.000000000000000
1.1022,much,-1.188878297805786,4.099723339080811,4.258568286895752,16.000000000000000
1.1023,chicanery,-11.090584699995816,15.601022005081177,17.623343229293823,15.000000000000000
1.1024,in,-0.553207755088806,3.940243005752564,4.017331123352052,15.000000000000000
1.1025,his,-1.300524234771728,4.716053009033203,4.933746337890625,17.000000000000000
1.1026,everyday,-8.088439941406250,4.934662342071533,5.246047973632812,18.000000000000000
1.1027,interactions .,-12.848611773806624,14.643315553665161,16.209300518035889,23.000000000000000
1.1028,The,-1.335898160934448,5.764348506927490,6.119246482849121,4.000000000000000
1.1029,huntsman,-23.736231088638306,15.784866809844971,15.595656871795654,5.000000000000000
1.1030,who,-0.043503142893314,2.976778507232666,2.910135746002197,6.000000000000000
1.1031,had,-3.597044467926025,4.629135608673097,4.484847068786621,8.000000000000000
1.1032,earned,-6.203303337097168,5.083187580108643,4.937013149261475,10.000000000000000
1.1033,his,-1.985883474349976,4.612720489501953,4.643301010131836,12.000000000000000
1.1034,prize,-5.709164619445801,4.181650638580321,4.755746364593506,13.000000000000000
1.1035,fair,-7.137776374816895,3.662733316421509,4.303103923797607,13.000000000000000
1.1036,and,-5.259416103363037,4.824730396270752,4.976304531097412,14.000000000000000
1.1037,square,-4.622233867645264,7.620151758193970,8.389120817184446,15.000000000000000
1.1038,received,-6.247266907244921,6.308784961700440,6.140303254127502,4.000000000000000
1.1039,as,-3.369188308715820,3.569553852081299,3.909935235977173,6.000000000000000
1.1040,his,-3.826703548431397,4.024463653564453,4.175168991088866,8.000000000000000
1.1041,reward,-4.674966335296631,3.341517925262451,3.695770025253296,9.000000000000000
1.1042,a,-1.366271972656250,4.666232585906982,4.821764945983887,8.000000000000000
1.1043,piece,-6.365259408950807,6.804263830184937,7.604011058807372,9.000000000000000
1.1044,of,-0.046871963888407,4.059867382049561,4.018805027008057,9.000000000000000
1.1045,land,-6.212509632110597,6.497238874435425,7.347979784011841,12.000000000000000
1.1046,just,-15.777131080627440,4.348220348358153,4.748535156250000,13.000000000000000
1.1047,outside,-4.994109153747559,4.018835544586182,4.048241615295410,13.000000000000000
1.1048,the,-1.488318562507629,4.772572994232178,4.967339992523193,15.000000000000000
1.1049,"town ,",-6.331947088241577,12.644579410552977,13.095280647277834,25.000000000000000
1.1050,known,-3.501369953155518,7.115303039550781,6.917743444442749,11.000000000000000
1.1051,thereafter,-7.942172765731812,7.857815265655518,8.242978096008299,13.000000000000000
1.1052,as,-0.066858895123005,4.601525306701660,4.553555488586426,14.000000000000000
1.1053,Hunt,-9.411913871765137,3.785936117172241,4.505319595336914,16.000000000000000
1.1054,Yard .,-12.341495104206842,10.209419727325439,10.942314147949219,21.000000000000000
1.1055,His,-5.286294937133789,5.782609939575195,6.055203914642334,4.000000000000000
1.1056,fame,-8.685981750488281,4.835053443908691,5.167130470275879,5.000000000000000
1.1057,was,-1.667318582534790,5.031420707702637,5.015594959259033,5.000000000000000
1.1058,indeed,-4.424562016036361,7.954108238220215,8.328052759170532,7.000000000000000
1.1059,"assured ,",-7.606373369693755,9.846812725067139,9.369780540466309,11.000000000000000
1.1060,but,-0.833737969398499,4.547270298004150,4.397766590118408,4.000000000000000
1.1061,it,-2.188417911529541,5.042231082916260,5.335387706756592,7.000000000000000
1.1062,was,-0.887495875358582,4.075501441955566,3.859744071960449,8.000000000000000
1.1063,not,-2.946775197982788,4.612782001495361,4.382963180541991,9.000000000000000
1.1064,nearly,-5.690088272094727,4.775738239288330,4.838211059570312,11.000000000000000
1.1065,as,-1.283450841903686,5.095176219940186,4.993208885192871,12.000000000000000
1.1066,lasting,-6.858150243759155,8.083496570587156,7.996331930160522,13.000000000000000
1.1067,as,-3.646419525146485,4.146261215209962,4.067007064819337,12.000000000000000
1.1068,that,-2.310403347015381,5.184838771820068,5.485510826110840,15.000000000000000
1.1069,of,-0.023496175184846,4.145258903503418,4.187849998474121,16.000000000000000
1.1070,the,-2.377389669418335,4.367007732391357,4.795875549316406,18.000000000000000
1.1071,fearsome,-12.952720403671265,9.051467418670654,10.146381855010986,19.000000000000000
1.1072,Bradford,-10.570899963378906,3.855104923248291,4.701406955718994,20.000000000000000
1.1073,Boar .,-14.186030341079459,14.510760545730591,16.354591369628906,27.000000000000000
2.1,A,-4.011329650878906,6.472881317138673,6.767803192138673,4.000000000000000
2.2,clear,-6.701295375823975,5.181129932403564,4.937165260314941,6.000000000000000
2.3,and,-1.555200457572937,6.121204376220702,5.756290435791017,7.000000000000000
2.4,joyous,-9.250518396496775,12.166633367538452,13.460625171661375,8.000000000000000
2.5,day,-5.671180009841919,6.476835727691650,7.481249094009399,6.000000000000000
2.6,it,-2.685126304626465,4.036095142364502,4.417995929718018,5.000000000000000
2.7,was,-2.070183515548706,4.339336872100830,4.116749763488770,6.000000000000000
2.8,and,-2.606116533279419,4.321913242340088,4.160310745239259,3.000000000000000
2.9,out,-7.092180728912354,3.976150989532471,4.098977088928224,6.000000000000000
2.10,on,-1.259669899940491,3.773508787155152,3.673355102539063,8.000000000000000
2.11,the,-0.616065740585327,3.925372838973999,4.259823322296143,10.000000000000000
2.12,wide,-9.511882185935974,7.651525259017943,8.710820913314821,11.000000000000000
2.13,open,-2.119421720504761,4.275443553924561,5.146229267120361,12.000000000000000
2.14,"sea ,",-5.338914155960082,7.967436313629150,8.342482805252077,19.000000000000000
2.15,thousands,-5.691150487517008,7.878869771957397,8.702787876129150,11.000000000000000
2.16,upon,-12.415955424308775,6.794035673141480,6.979883670806885,12.000000000000000
2.17,thousands,-2.219558574259281,6.661615610122682,7.181444644927979,14.000000000000000
2.18,of,-0.538912236690521,3.599387884140014,3.528942346572876,11.000000000000000
2.19,sparkling,-11.382112503051758,5.382988452911377,5.864266395568848,13.000000000000000
2.20,water,-3.376095414161682,6.456139087677003,7.420407056808473,14.000000000000000
2.21,"drops ,",-11.193284943699837,11.368066549301147,12.847201824188232,24.000000000000000
2.22,excited,-9.833490371704102,2.875090122222900,2.773641347885132,11.000000000000000
2.23,by,-0.082579560577869,2.871912717819214,2.788608551025390,13.000000000000000
2.24,getting,-4.733621120452881,3.930976390838623,3.832629680633545,16.000000000000000
2.25,to,-0.077651038765907,3.908780574798584,3.804195642471313,19.000000000000000
2.26,play,-5.287564754486084,3.682183980941773,3.576175689697266,21.000000000000000
2.27,in,-1.275738477706909,2.947000741958618,2.897894144058228,23.000000000000000
2.28,the,-1.226831197738648,4.337447166442871,4.371000766754150,25.000000000000000
2.29,"ocean ,",-4.869209632277489,7.988724708557129,8.571005821228027,37.000000000000000
2.30,danced,-8.027986573986711,4.169702768325807,4.026817679405212,9.000000000000000
2.31,all,-5.899137496948242,4.350697040557861,5.029628753662108,11.000000000000000
2.32,around .,-2.398653619980905,11.413486957550049,11.712514638900757,17.000000000000000
2.33,One,-4.737509727478027,5.864601135253906,5.819781303405763,5.000000000000000
2.34,of,-0.009891069494188,4.869331359863281,4.939662933349608,6.000000000000000
2.35,these,-3.872388601303101,4.465356826782227,4.521910667419434,8.000000000000000
2.36,was,-1.758437156677246,4.130684852600099,4.176846981048584,5.000000000000000
2.37,a,-1.271306276321411,4.454751491546631,4.621295452117920,8.000000000000000
2.38,merry,-12.950774192810060,4.384521961212158,5.107099533081055,9.000000000000000
2.39,little,-4.797165870666504,4.443428993225098,4.758124828338623,10.000000000000000
2.40,fellow,-7.495466709136963,3.754904747009277,4.186766147613525,11.000000000000000
2.41,named,-1.197501897811890,9.262313842773438,9.202322006225586,9.000000000000000
2.42,"Aqua ,",-16.008455276489258,10.588228940963745,11.399967193603516,20.000000000000000
2.43,who,-0.136519461870193,2.657839298248291,2.601161956787109,12.000000000000000
2.44,danced,-9.128697600215672,5.740599393844604,5.508690357208252,14.000000000000000
2.45,on,-2.741224527359009,3.975152730941773,4.010930061340332,16.000000000000000
2.46,the,-0.918737888336182,3.716069936752319,3.752365112304688,19.000000000000000
2.47,silver,-8.809046745300293,4.357218742370605,5.176267623901367,20.000000000000000
2.48,backs,-8.535785317420959,6.630870819091798,7.454120635986327,21.000000000000000
2.49,of,-0.034774385392666,3.887170791625977,3.916770458221436,20.000000000000000
2.50,the,-1.646505117416382,4.649461269378662,4.595696449279785,22.000000000000000
2.51,fishes,-13.458961963653564,8.505529403686522,9.778033256530762,23.000000000000000
2.52,as,-2.037003040313721,4.795202255249023,4.796329021453857,17.000000000000000
2.53,they,-1.627847194671631,3.293076276779175,3.745425701141357,20.000000000000000
2.54,plunged,-7.355235811322927,4.481271982192993,4.239520788192748,21.000000000000000
2.55,up,-2.429113388061523,3.174769639968872,3.444190025329590,23.000000000000000
2.56,and,-1.304183363914490,3.719085454940796,4.552232742309570,24.000000000000000
2.57,down,-0.037589505314827,3.386827230453491,3.500399112701416,25.000000000000000
2.58,in,-1.549994587898254,3.140842676162720,3.086427211761475,24.000000000000000
2.59,the,-1.029730916023254,4.272477626800537,4.514800071716309,26.000000000000000
2.60,"waves ,",-17.563566982746128,10.890146017074585,12.195230960845947,32.000000000000000
2.61,"and ,",-5.963205814361572,7.834479570388794,7.720910787582397,7.000000000000000
2.62,no,-6.844956398010254,3.439779996871948,3.737245082855225,7.000000000000000
2.63,matter,-0.274090319871903,3.324350595474243,3.243901729583740,8.000000000000000
2.64,how,-0.109154365956783,4.394875049591064,4.317440032958983,11.000000000000000
2.65,high,-5.061737060546875,3.433878183364868,3.678543329238892,12.000000000000000
2.66,he,-2.242203235626221,3.450386047363281,3.751701354980469,13.000000000000000
2.67,"sprung ,",-11.435870254412292,17.099045753479004,17.095912218093872,21.000000000000000
2.68,he,-1.201856493949890,3.154468774795532,3.493559837341309,9.000000000000000
2.69,always,-6.309261798858643,3.170226812362671,3.273054361343384,11.000000000000000
2.70,came,-5.800016880035400,7.733285903930664,7.755102396011352,11.000000000000000
2.71,down,-2.136914968490601,3.349961519241333,3.576725721359253,13.000000000000000
2.72,again,-10.034717559814453,3.506011009216309,3.670609951019287,14.000000000000000
2.73,into,-3.933206081390381,3.202354431152344,3.221011638641357,14.000000000000000
2.74,his,-3.901813983917236,4.516350746154785,4.719222068786621,17.000000000000000
2.75,mother 's,-5.145241237198206,14.149650812149051,15.523336410522459,37.000000000000000
2.76,lap .,-4.776898275624262,10.955678462982178,11.861275434494019,23.000000000000000
2.77,His,-5.286294937133789,5.782609939575195,6.055203914642334,4.000000000000000
2.78,"mother ,",-4.589040540158749,10.064967155456543,9.844094753265381,10.000000000000000
2.79,you,-4.384215831756592,3.872431278228760,4.102925300598145,8.000000000000000
2.80,"know ,",-1.626056752400473,9.205285549163818,8.433560848236084,16.000000000000000
2.81,was,-2.069612026214600,4.907384872436523,4.657262325286865,6.000000000000000
2.82,the,-3.608790874481201,4.270548343658446,4.384718894958496,8.000000000000000
2.83,"ocean ,",-10.796853661537170,7.968565702438354,8.342330932617188,12.000000000000000
2.84,and,-0.412818491458893,4.196143150329590,4.136753082275392,4.000000000000000
2.85,very,-4.750658988952637,4.351444244384767,4.494105815887451,7.000000000000000
2.86,beautiful,-5.635380268096924,3.216895103454590,3.244436502456665,8.000000000000000
2.87,she,-2.366810321807861,3.368359088897705,3.498381376266479,8.000000000000000
2.88,looked,-4.960367918014526,5.129907608032227,5.046306848526001,9.000000000000000
2.89,that,-4.500244617462158,3.352364778518677,3.443932533264160,11.000000000000000
2.90,summer,-9.446147918701172,4.332826137542725,4.567310810089111,12.000000000000000
2.91,day,-7.724691331386566,7.028574228286742,7.410670757293701,13.000000000000000
2.92,in,-1.242782115936279,3.599187135696411,3.673653364181519,12.000000000000000
2.93,her,-3.094621658325196,4.505782604217528,4.821944236755371,15.000000000000000
2.94,dark,-6.692439556121826,4.819015502929688,5.602978706359863,16.000000000000000
2.95,blue,-4.941557884216309,3.883943796157837,4.969873905181885,17.000000000000000
2.96,dress,-3.988363504409790,2.718099355697632,3.358147144317627,18.000000000000000
2.97,and,-2.016595363616944,5.451659679412842,5.729460716247559,15.000000000000000
2.98,white,-4.841794013977051,5.015593051910400,5.821074008941650,17.000000000000000
2.99,ruffles .,-12.382749624084683,17.599094152450562,19.830353260040283,24.000000000000000
2.100,By,-7.907790184020996,5.219901561737061,5.624301433563232,3.000000000000000
2.101,and,-0.160221561789513,6.169470787048340,5.910768985748291,4.000000000000000
2.102,"by ,",-11.942968726158142,9.656148910522461,9.738756179809570,8.000000000000000
2.103,the,-1.615860342979431,4.226810455322267,4.528746128082275,5.000000000000000
2.104,happy,-10.678464889526367,4.783919811248778,5.155399322509767,6.000000000000000
2.105,water,-11.369484901428224,5.965907573699951,7.239890098571777,7.000000000000000
2.106,drop,-10.142507553100586,3.695227146148682,4.700715541839600,8.000000000000000
2.107,tired,-11.247263908386230,4.628132343292236,4.642649650573730,7.000000000000000
2.108,of,-0.029129181057215,3.591801166534424,3.402337074279785,9.000000000000000
2.109,his,-4.868289470672607,4.363802433013916,4.511725425720215,11.000000000000000
2.110,"play ,",-9.914221167564392,8.191061496734619,9.039231777191162,19.000000000000000
2.111,and,-0.748833954334259,5.251286983489990,5.104428768157959,8.000000000000000
2.112,looking,-4.983932495117188,3.353850126266479,3.120581388473511,11.000000000000000
2.113,up,-1.720144987106323,3.939178466796875,4.195731163024901,13.000000000000000
2.114,to,-2.215905666351318,2.814836502075196,2.694380760192871,14.000000000000000
2.115,the,-0.742867052555084,4.414379119873047,4.446714401245117,17.000000000000000
2.116,clear,-8.384292602539062,4.328853607177733,5.005448341369629,18.000000000000000
2.117,sky,-9.133609533309935,7.278362274169923,8.107038497924805,19.000000000000000
2.118,above,-4.712888240814209,3.841941595077514,4.024257183074951,18.000000000000000
2.119,"him ,",-5.777342438697815,9.794208049774170,9.965099334716797,30.000000000000000
2.120,thought,-7.482645511627197,3.142450332641602,3.077204942703247,12.000000000000000
2.121,he,-1.285134553909302,3.844989776611328,3.992532491683960,16.000000000000000
2.122,would,-1.843495488166809,3.643769979476929,3.578595399856567,17.000000000000000
2.123,like,-5.918676853179933,3.954070091247559,3.856770277023315,19.000000000000000
2.124,to,-0.003652094397694,4.672435283660889,4.553967475891113,22.000000000000000
2.125,have,-3.507902622222900,4.813458919525146,4.741329669952393,24.000000000000000
2.126,a,-1.051261067390442,4.225628852844238,4.182025432586670,27.000000000000000
2.127,sail,-11.074586868286133,2.817257165908813,3.451658487319946,28.000000000000000
2.128,on,-2.561321735382080,3.551329612731934,3.505380153656006,28.000000000000000
2.129,one,-4.465867519378662,4.698620319366455,4.787119388580322,31.000000000000000
2.130,of,-0.003599357092753,4.282796382904054,4.273130893707275,32.000000000000000
2.131,the,-1.984067559242248,4.502511024475098,4.630173683166504,34.000000000000000
2.132,"white ,",-12.168718814849854,9.098439216613770,9.698402404785156,71.000000000000000
2.133,marshmallow-like,-17.026206254959106,12.397376060485840,13.467920780181885,37.000000000000000
2.134,"clouds ,",-14.433521902188659,10.660035371780396,11.772440671920776,59.000000000000000
2.135,instead,-2.481782913208008,7.725873231887817,7.998743772506714,23.000000000000000
2.136,of,-0.000570968666580,3.480122566223145,3.398496866226196,24.000000000000000
2.137,spending,-6.227647781372070,4.009913921356201,3.883287906646729,27.000000000000000
2.138,his,-2.902407169342041,4.815084457397461,5.042101860046387,29.000000000000000
2.139,whole,-5.326592445373535,5.370692729949951,5.544176101684570,30.000000000000000
2.140,life,-0.811448693275452,4.153563976287842,4.790381908416748,31.000000000000000
2.141,in,-0.946569561958313,3.573515415191650,3.572559118270874,30.000000000000000
2.142,the,-2.136708736419678,3.961622476577759,3.994627237319945,32.000000000000000
2.143,ocean .,-5.799333573610056,11.450773239135742,12.326218605041504,39.000000000000000
2.144,Of,-3.878869533538817,4.989138603210449,5.207553386688232,4.000000000000000
2.145,the,-1.838194847106934,4.480747222900392,4.673604011535645,6.000000000000000
2.146,"sky ,",-13.487788021564484,13.607956171035765,13.827734708786013,11.000000000000000
2.147,little,-8.106158256530763,5.145016193389893,4.978244781494142,6.000000000000000
2.148,Aqua,-15.101580619812012,6.463885545730591,7.019716978073120,7.000000000000000
2.149,had,-4.171129226684569,3.408679485321045,3.473528623580933,7.000000000000000
2.150,always,-5.225683689117432,3.933280467987061,4.168030261993408,9.000000000000000
2.151,been,-0.336083859205246,4.387151241302490,4.215160369873047,10.000000000000000
2.152,"afraid ,",-7.956666876008969,12.632231235504150,13.394185781478880,15.000000000000000
2.153,but,-0.672785997390747,4.456599235534668,4.389540672302246,4.000000000000000
2.154,he,-3.303956031799316,3.982885599136353,4.087205886840819,7.000000000000000
2.155,decided,-6.162031173706055,4.690297603607178,4.626492500305176,9.000000000000000
2.156,to,-0.004884098190814,5.087111949920653,5.000380516052246,12.000000000000000
2.157,finally,-6.649808764128466,6.968058109283447,7.163861751556396,15.000000000000000
2.158,face,-7.570066452026367,3.530184745788574,3.398875474929810,15.000000000000000
2.159,his,-3.273161888122559,3.513950824737549,3.877776622772217,17.000000000000000
2.160,demons,-12.694644570350649,9.292480707168581,10.850728273391724,18.000000000000000
2.161,and,-0.317315936088562,4.178133964538573,4.079572200775146,9.000000000000000
2.162,suggested,-7.111297079361975,6.114075183868407,6.010457396507263,11.000000000000000
2.163,a,-3.086617946624756,3.810782909393311,3.668865919113159,16.000000000000000
2.164,solution,-8.108141899108888,3.552881240844727,3.604801893234253,17.000000000000000
2.165,involving,-4.784487683326006,7.860021352767943,7.848838090896606,17.000000000000000
2.166,the,-1.886513710021973,4.166892528533936,4.072996616363525,19.000000000000000
2.167,sun,-6.746980667114258,3.474551439285278,4.471386909484863,20.000000000000000
2.168,carrying,-8.189387943421025,4.966811180114746,4.661971092224121,21.000000000000000
2.169,him,-2.871719121932983,3.590574979782104,3.696339130401611,23.000000000000000
2.170,up,-4.066814899444580,3.547163963317871,3.744128942489624,24.000000000000000
2.171,to,-2.107640266418457,2.971344232559204,2.890715599060059,25.000000000000000
2.172,the,-1.238115429878235,3.732822895050049,3.615476608276367,27.000000000000000
2.173,sky,-4.716590881347656,7.329156398773192,7.807048559188843,28.000000000000000
2.174,would,-1.550404071807861,3.524918079376221,3.481255769729614,16.000000000000000
2.175,be,-0.611351430416107,3.833430051803589,3.749648571014404,18.000000000000000
2.176,ideal .,-7.207521645963425,10.389940500259399,10.581537008285522,26.000000000000000
2.177,The,-1.657068967819214,5.793336868286133,5.808848381042480,4.000000000000000
2.178,sun,-9.219989776611328,5.092955589294434,5.749283313751222,5.000000000000000
2.179,understood,-11.772579449811021,13.303013086318970,13.306937217712402,5.000000000000000
2.180,Aqua 's,-22.773069120943546,18.120013952255249,19.708551049232483,21.000000000000000
2.181,request,-10.883413314819336,3.229472637176514,3.788492441177368,10.000000000000000
2.182,came,-4.462422311306000,7.259644031524657,7.102535724639893,10.000000000000000
2.183,from,-0.564810216426849,3.968519926071167,3.917177915573120,12.000000000000000
2.184,his,-4.903753757476807,4.488090038299561,4.497744083404541,14.000000000000000
2.185,"heart ,",-6.201773941516877,8.329452753067017,8.985313892364502,18.000000000000000
2.186,so,-3.654850959777832,4.467205047607422,4.411007881164551,4.000000000000000
2.187,he,-1.404310345649719,3.299168109893799,3.643582344055176,7.000000000000000
2.188,acquiesced,-9.905036974145332,6.119160890579224,6.096889257431030,9.000000000000000
2.189,and,-0.242147371172905,5.039032936096191,4.858794212341309,9.000000000000000
2.190,also,-5.610287189483643,4.113504409790038,4.204818248748778,12.000000000000000
2.191,took,-4.308609008789063,4.649188518524170,4.455080032348633,12.000000000000000
2.192,ever,-4.285131573677063,6.365742206573486,6.392286300659180,16.000000000000000
2.193,so,-5.100446224212647,3.447270870208740,3.552980184555054,17.000000000000000
2.194,many,-6.322745323181152,4.273753643035889,4.389082908630371,16.000000000000000
2.195,other,-4.739979743957520,3.304690599441528,3.095043182373047,15.000000000000000
2.196,"drops ,",-14.328262481838465,12.537420272827148,13.480968952178955,30.000000000000000
2.197,so,-3.540098428726196,4.565065383911133,4.488463401794434,16.000000000000000
2.198,that,-1.011712551116943,4.058758258819580,3.993454933166504,17.000000000000000
2.199,Aqua,-14.986098289489744,7.040635347366332,7.735735177993774,20.000000000000000
2.200,might,-3.494800090789795,4.040236473083496,3.956069231033325,21.000000000000000
2.201,not,-1.826937079429626,4.169247627258302,4.131033420562743,22.000000000000000
2.202,be,-1.472269892692566,4.625206470489502,4.599188327789307,24.000000000000000
2.203,lonesome,-20.654350757598881,6.752838134765625,6.804683208465576,26.000000000000000
2.204,on,-5.259398937225342,3.353672027587890,3.372746467590332,28.000000000000000
2.205,the,-1.371655344963074,3.851193189620972,3.701174974441528,30.000000000000000
2.206,way .,-5.361555832205340,11.253245592117310,12.198389768600464,37.000000000000000
2.207,It,-3.578969717025757,5.709035873413086,5.810785770416260,4.000000000000000
2.208,was,-1.976058006286621,5.259968757629395,5.210430145263672,5.000000000000000
2.209,only,-2.677054166793823,4.416180133819580,4.285979747772217,7.000000000000000
2.210,the,-1.081828951835632,3.936896324157715,4.220097541809082,9.000000000000000
2.211,sun,-10.338265419006348,3.721449375152588,4.763162136077881,10.000000000000000
2.212,that,-0.008398807607591,3.276207685470581,2.898092269897461,11.000000000000000
2.213,knew,-8.447772979736326,5.338182449340820,5.190321922302246,13.000000000000000
2.214,"this ,",-11.944009304046631,9.106116294860838,8.737005233764648,20.000000000000000
2.215,"however ,",-3.433548569282721,13.013114452362061,13.278834819793699,14.000000000000000
2.216,for,-5.693844318389893,4.253132343292236,4.155928611755371,9.000000000000000
2.217,all,-5.371668338775635,4.576145648956299,4.802280426025392,12.000000000000000
2.218,the,-1.449040651321411,3.825228452682495,3.877495765686035,13.000000000000000
2.219,other,-4.431016921997070,4.473835468292236,4.331028938293457,14.000000000000000
2.220,drops,-11.122442856431007,6.777001619338988,8.092164278030397,15.000000000000000
2.221,had,-2.379334688186645,3.586069583892822,3.457503795623780,13.000000000000000
2.222,been,-0.628176093101501,3.998899698257446,4.004769802093507,15.000000000000000
2.223,changed,-7.260435342788696,8.544567346572876,8.421753168106079,17.000000000000000
2.224,into,-3.742836952209473,3.316914558410645,3.247393608093262,19.000000000000000
2.225,fine,-9.744923591613770,4.456733226776123,4.602193832397461,21.000000000000000
2.226,mist,-11.272269487380981,5.556396007537842,6.510668754577638,22.000000000000000
2.227,or,-6.698871135711670,5.411336421966553,5.479195117950440,23.000000000000000
2.228,vapor,-8.529248714447021,5.689275026321411,6.229666948318481,24.000000000000000
2.229,and,-12.858010292053224,4.317962169647217,4.306261062622069,11.000000000000000
2.230,Aqua,-15.595281362533569,6.630372762680054,7.284009695053101,14.000000000000000
2.231,could,-3.991564273834229,4.027309417724608,3.988392353057861,15.000000000000000
2.232,not,-1.766197919845581,4.472211360931396,4.506397724151611,16.000000000000000
2.233,see,-4.268922805786134,4.286413192749023,4.078223705291748,18.000000000000000
2.234,them .,-6.588420152664185,12.559328079223633,12.782018661499023,23.000000000000000
2.235,Do,-2.949510097503662,4.386481285095215,4.415337562561035,2.000000000000000
2.236,you,-0.790822505950928,4.515839576721191,4.972732067108153,4.000000000000000
2.237,know,-2.052736759185791,4.311789035797118,4.713905334472656,5.000000000000000
2.238,what,-0.235658556222916,3.665087938308716,4.187506675720215,8.000000000000000
2.239,vapor,-15.654081344604492,5.484363794326782,7.050171136856079,10.000000000000000
2.240,is ?,-0.593914793804288,11.227762222290039,11.996365785598755,16.000000000000000
2.241,If,-1.702155232429504,5.471009731292725,4.499320507049561,3.000000000000000
2.242,you,-2.728438854217529,4.363809108734132,4.481309413909912,6.000000000000000
2.243,breathe,-11.114288330078123,3.282998561859131,2.973704338073730,7.000000000000000
2.244,into,-0.960730314254761,3.448550701141357,3.073160409927368,9.000000000000000
2.245,the,-1.716976046562195,3.588775873184204,4.018939971923828,11.000000000000000
2.246,"air ,",-9.510175228118896,9.541607379913330,10.172811031341553,21.000000000000000
2.247,when,-0.099489495158195,3.904182195663452,4.221705436706543,12.000000000000000
2.248,it,-3.099376201629639,4.292502403259276,4.749800205230713,14.000000000000000
2.249,is,-1.587310314178467,4.081109046936035,3.938917160034180,15.000000000000000
2.250,cold,-4.303660869598389,3.548830270767212,3.504458665847778,17.000000000000000
2.251,"enough ,",-4.094786718487740,12.322574853897095,12.814116001129150,21.000000000000000
2.252,you,-0.479377180337906,3.540114641189575,3.711809158325195,5.000000000000000
2.253,will,-2.923999786376953,4.052160263061523,3.928642988204956,6.000000000000000
2.254,see,-2.781965494155884,4.432044982910156,4.352063179016113,8.000000000000000
2.255,it,-2.137164115905762,4.159374713897705,4.673843383789063,11.000000000000000
2.256,coming,-3.786967515945435,4.064218997955321,3.964147329330444,12.000000000000000
2.257,out,-2.610477447509766,3.895949840545654,4.069281101226807,14.000000000000000
2.258,of,-0.170240670442581,3.406061410903931,3.344709157943726,16.000000000000000
2.259,your,-1.735165596008301,4.036865234375000,4.265682697296143,18.000000000000000
2.260,mouth,-2.772141337394714,6.583559036254883,7.537054300308228,19.000000000000000
2.261,thick,-8.433555111289023,11.190642118453979,12.309231758117676,15.000000000000000
2.262,and,-1.069586277008057,5.268259048461914,5.255279064178467,16.000000000000000
2.263,fast,-3.069479703903198,3.604691267013550,3.959796190261841,17.000000000000000
2.264,like,-9.239894866943359,3.759662628173828,4.213358879089356,16.000000000000000
2.265,steam .,-15.152588722412474,11.198315858840942,11.615650415420532,23.000000000000000
2.266,When,-0.051483795046806,5.534183502197267,5.524065017700195,4.000000000000000
2.267,the,-1.527667760848999,3.550696134567261,4.134438514709474,6.000000000000000
2.268,vapor,-12.853326559066772,6.845169305801392,7.858189105987549,7.000000000000000
2.269,is,-1.159502148628235,4.208202838897705,4.330368041992188,7.000000000000000
2.270,quite,-11.047332763671877,4.359682083129884,4.834251403808594,9.000000000000000
2.271,near,-4.415610313415527,4.431021690368652,4.480787754058838,11.000000000000000
2.272,the,-0.736885070800781,4.081172943115233,4.259697437286377,13.000000000000000
2.273,"earth ,",-5.145990125834942,8.592705249786377,9.286023616790771,17.000000000000000
2.274,we,-3.848918914794922,3.357101202011108,3.472962856292725,5.000000000000000
2.275,call,-7.200817584991455,3.454856157302856,3.198623180389404,6.000000000000000
2.276,it,-0.085400484502316,4.204097270965576,4.781602859497070,9.000000000000000
2.277,`` fog '' .,-32.593983149155406,33.410171866416931,33.744499564170837,37.000000000000000
2.278,Into,-11.725017547607422,11.720501899719238,11.126127243041992,3.000000000000000
2.279,vapor,-15.758756399154663,7.808922767639160,7.846752166748048,5.000000000000000
2.280,the,-0.695102453231812,4.591954231262207,4.838058948516847,5.000000000000000
2.281,water,-4.704871535301208,6.902328252792358,7.208575010299683,6.000000000000000
2.282,drops,-13.209254741668699,8.638640165328981,10.099207878112793,7.000000000000000
2.283,that,-0.002485521603376,2.913172245025635,2.751959562301636,7.000000000000000
2.284,danced,-12.552759766578676,5.452212572097778,5.216965675354004,9.000000000000000
2.285,in,-1.399353742599487,3.115123987197876,3.084461927413940,11.000000000000000
2.286,the,-0.805934369564056,4.038390636444092,4.385855197906493,13.000000000000000
2.287,ocean,-5.409104347229004,4.204310894012451,4.841929912567139,14.000000000000000
2.288,had,-3.077675104141236,3.941306829452514,3.796338558197021,5.000000000000000
2.289,been,-0.720540463924408,4.233839511871338,4.120540618896483,7.000000000000000
2.290,"changed ,",-12.186229348182678,11.630009889602659,11.382601261138916,14.000000000000000
2.291,because,-4.628346443139890,7.784883260726929,7.900592327117920,7.000000000000000
2.292,in,-1.021822333335876,3.739067077636719,3.831842899322510,10.000000000000000
2.293,their,-4.372976303100587,3.884033203125000,3.865881443023682,12.000000000000000
2.294,own,-3.811446666717529,4.342974662780762,4.307394027709962,13.000000000000000
2.295,shape,-5.796135425567628,3.494185209274292,3.866757631301880,14.000000000000000
2.296,they,-0.645628273487091,3.641799688339233,4.099552154541017,11.000000000000000
2.297,were,-1.395165681838989,4.212275981903076,4.136861801147462,12.000000000000000
2.298,too,-2.601158142089844,5.066673755645752,4.859518051147461,14.000000000000000
2.299,heavy,-3.843732833862305,3.148169279098511,3.076822519302368,15.000000000000000
2.300,for,-0.665787279605865,3.243893146514893,3.166385650634766,17.000000000000000
2.301,the,-0.753831803798676,3.970424890518189,4.253987789154054,21.000000000000000
2.302,sunbeams,-12.854839712381365,9.505915880203249,11.836257696151733,22.000000000000000
2.303,that,-0.005031542386860,3.283428907394409,3.140557527542114,23.000000000000000
2.304,the,-1.442250013351440,3.979882478713989,4.049902915954590,25.000000000000000
2.305,sun,-3.738393306732178,3.312116622924805,4.213367462158203,26.000000000000000
2.306,let,-8.570163726806639,3.676794290542603,3.577641010284424,26.000000000000000
2.307,out,-2.085497617721558,3.584970951080322,3.782096385955811,28.000000000000000
2.308,to,-2.150720834732056,3.889269590377808,3.790073156356812,21.000000000000000
2.309,carry .,-4.564935380243697,10.109954357147217,10.117218732833862,30.000000000000000
2.310,Higher,-10.486399650573730,4.254469871520996,4.637607574462892,4.000000000000000
2.311,and,-4.058440208435059,5.284487724304199,4.910393238067627,5.000000000000000
2.312,higher,-1.376335859298706,4.749683856964111,4.874198436737061,6.000000000000000
2.313,they,-2.740789413452148,3.557844400405884,3.793887853622437,5.000000000000000
2.314,"sailed ,",-11.727597415447237,11.409157752990723,11.082092523574829,9.000000000000000
2.315,and,-0.982795953750610,4.266661643981934,4.080259799957275,4.000000000000000
2.316,though,-3.166303634643555,3.754231691360474,3.605339527130127,7.000000000000000
2.317,it,-3.311148643493652,3.776524782180786,4.200533390045166,10.000000000000000
2.318,was,-1.160232663154602,4.083681106567384,3.818355083465576,11.000000000000000
2.319,"grand ,",-10.804470941424370,7.637283563613892,7.625078201293945,20.000000000000000
2.320,Aqua,-16.561933517456055,7.205278396606445,8.344630002975464,9.000000000000000
2.321,and,-8.452199935913086,4.831001758575440,4.841135978698730,10.000000000000000
2.322,his,-4.315855979919434,4.636915206909180,4.786541938781738,12.000000000000000
2.323,friends,-4.615756988525392,4.182645320892334,4.380531311035156,13.000000000000000
2.324,were,-1.450518012046814,4.409362316131592,4.203914642333983,13.000000000000000
2.325,like,-3.626559495925903,4.141022682189941,4.134212970733643,15.000000000000000
2.326,fish,-7.380258083343506,3.777128934860229,4.532914638519287,18.000000000000000
2.327,out,-4.246131420135498,4.115202903747559,4.230255603790283,19.000000000000000
2.328,of,-7.292455673217773,3.317788600921631,3.402156591415405,20.000000000000000
2.329,"water ,",-7.050425887107849,9.370978593826294,9.979181051254272,35.000000000000000
2.330,so,-4.551317214965820,4.047595977783203,4.031643390655518,14.000000000000000
2.331,they,-1.276049733161926,3.676038503646851,3.892353534698486,17.000000000000000
2.332,grew,-5.537500858306885,3.726588487625122,3.821764230728149,18.000000000000000
2.333,quite,-7.434766292572021,5.094618320465088,5.294020175933838,20.000000000000000
2.334,dizzy .,-10.526096808374859,10.109826803207397,10.336262226104736,27.000000000000000
2.335,They,-4.215859413146974,5.121073246002197,5.184907436370850,4.000000000000000
2.336,enjoyed,-9.034070730209349,7.944446802139282,8.176136255264282,5.000000000000000
2.337,looking,-5.160730361938477,4.592403411865233,4.094130516052246,8.000000000000000
2.338,down,-3.606037139892578,3.440930366516113,3.941384077072144,10.000000000000000
2.339,on,-1.125612020492554,3.643291950225830,3.442550182342529,12.000000000000000
2.340,the,-0.936729490756988,3.935490131378174,4.400866508483887,14.000000000000000
2.341,world,-5.908578872680664,4.976504325866699,5.441677093505858,15.000000000000000
2.342,"below ,",-14.651899814605713,9.104025840759277,9.632351875305176,27.000000000000000
2.343,while,-2.358447361737490,7.558172225952148,7.344536781311035,12.000000000000000
2.344,the,-1.542681694030761,3.684057235717773,3.631856441497802,15.000000000000000
2.345,wind,-8.299871444702147,3.415455818176269,4.013115882873535,16.000000000000000
2.346,scattered,-10.130617060698569,5.900526523590088,5.700215697288513,16.000000000000000
2.347,them,-2.359356880187988,3.963474988937378,4.036998748779297,18.000000000000000
2.348,across,-2.430893898010254,3.813446521759033,3.723270893096924,19.000000000000000
2.349,the,-0.859780490398407,4.743830680847168,4.689212322235107,22.000000000000000
2.350,four,-8.164753913879395,4.877736568450928,5.212383270263672,23.000000000000000
2.351,corners,-6.443154335021973,4.369875431060791,4.727289676666260,24.000000000000000
2.352,of,-0.025339599698782,3.718418359756470,3.967235088348389,23.000000000000000
2.353,the,-0.249913945794106,4.704113006591797,4.837666988372803,25.000000000000000
2.354,"earth ,",-3.783590078353882,7.632021665573121,8.148707866668701,29.000000000000000
2.355,but,-1.837327122688293,4.138511657714844,4.056770801544189,4.000000000000000
2.356,after,-3.020346879959106,3.796966075897217,3.728213787078857,7.000000000000000
2.357,a,-2.420305013656616,4.204382896423340,4.106099128723145,9.000000000000000
2.358,while,-2.680287539958954,7.420596361160277,7.459484577178955,10.000000000000000
2.359,it,-3.186054468154907,3.315227985382080,3.843759536743164,8.000000000000000
2.360,grew,-5.720662117004395,3.551945447921753,3.564422369003296,9.000000000000000
2.361,nearly,-6.749265193939209,3.865364551544189,4.186110973358153,11.000000000000000
2.362,time,-8.385216712951660,4.320690631866455,4.425001621246338,12.000000000000000
2.363,for,-2.822381496429444,3.127750158309937,3.082229614257812,13.000000000000000
2.364,the,-1.096658229827881,4.068066120147705,4.189913749694823,16.000000000000000
2.365,sun,-3.435863018035889,2.962669372558594,3.964430809020996,17.000000000000000
2.366,to,-4.693666458129883,3.927140951156616,3.800890684127808,17.000000000000000
2.367,go,-4.039285182952882,3.466358423233032,3.529739618301392,19.000000000000000
2.368,to,-1.952696442604065,3.289814472198486,3.174634218215942,21.000000000000000
2.369,bed .,-4.373628282628488,14.650992870330811,15.656382322311398,29.000000000000000
2.370,He,-3.187836170196533,5.476806640625000,5.781899452209473,3.000000000000000
2.371,became,-5.298768639564513,9.896509647369383,10.864942073822020,5.000000000000000
2.372,very,-5.196881294250488,4.533699512481689,4.749679088592528,7.000000000000000
2.373,red,-11.102335929870604,8.112438917160034,8.854638099670410,8.000000000000000
2.374,in,-2.046704769134521,3.568058967590332,3.864187955856323,10.000000000000000
2.375,the,-1.998516559600830,4.268099784851073,4.641326427459717,12.000000000000000
2.376,"face ,",-3.888599395751953,7.766115903854370,8.361809253692627,18.000000000000000
2.377,and,-1.070710897445679,4.447211742401123,4.266252994537354,6.000000000000000
2.378,began,-5.101523518562316,8.600076913833616,8.496015071868896,8.000000000000000
2.379,to,-0.665556490421295,5.082057476043701,4.840608119964600,11.000000000000000
2.380,sink,-7.431103706359862,3.034338474273682,2.838905334472656,13.000000000000000
2.381,lower,-8.088020324707031,3.358218431472778,3.485054731369019,15.000000000000000
2.382,and,-3.034130573272705,4.163214683532715,4.607606410980225,16.000000000000000
2.383,"lower ,",-5.314501762390137,8.140079975128174,8.271234512329100,32.000000000000000
2.384,until,-3.767072200775146,4.375046253204347,4.194509506225587,17.000000000000000
2.385,suddenly,-2.485856413743932,6.724746942520142,7.321053266525267,20.000000000000000
2.386,he,-0.960169315338135,4.080227851867677,4.308723449707031,21.000000000000000
2.387,went,-3.998289227485657,7.629050254821777,7.632872819900513,22.000000000000000
2.388,clear,-10.400004386901855,3.333297014236450,3.671016931533813,24.000000000000000
2.389,out,-5.304322719573975,4.677068233489990,4.898268699645996,25.000000000000000
2.390,of,-9.777844429016113,4.329211711883545,4.330418109893799,26.000000000000000
2.391,sight !,-14.701484678564157,11.519583940505981,12.086302280426025,32.000000000000000
2.392,Poor,-7.793157100677490,5.409499645233153,5.065432071685791,5.000000000000000
2.393,little,-9.988862037658693,4.110742568969727,3.953924179077149,6.000000000000000
2.394,"Aqua ,",-16.488573133945465,12.768531322479248,13.773431777954102,9.000000000000000
2.395,frightened,-9.228347778320312,3.159065961837769,3.152378320693970,6.000000000000000
2.396,by,-1.054635286331177,3.676137685775757,3.905097246170044,8.000000000000000
2.397,the,-2.021377563476562,4.251427650451660,4.558236598968506,10.000000000000000
2.398,impending,-8.663030028135836,9.718935012817383,10.764935970306396,11.000000000000000
2.399,cold,-9.450056076049805,4.714253425598145,5.378449440002441,13.000000000000000
2.400,and,-4.989803791046143,5.725281238555907,5.976265907287598,14.000000000000000
2.401,"darkness ,",-7.470176483038813,12.361092805862427,13.805200099945068,21.000000000000000
2.402,wished,-12.481219291687012,3.510175228118896,3.320795536041260,4.000000000000000
2.403,he,-1.887867927551269,3.468173265457153,3.451968431472778,8.000000000000000
2.404,could,-1.433424234390259,4.173423290252686,4.016129970550537,9.000000000000000
2.405,sleep,-7.204840183258058,3.542540073394775,3.432445049285889,11.000000000000000
2.406,not,-4.992628097534180,4.496786117553711,4.486863136291504,13.000000000000000
2.407,in,-1.362905383110046,2.966526269912720,2.850801229476929,15.000000000000000
2.408,the,-0.950322091579437,4.214829921722412,4.520885944366455,17.000000000000000
2.409,"sky ,",-6.510293722152710,12.246420383453369,12.773661136627197,33.000000000000000
2.410,but,-0.049076635390520,4.112688541412354,4.105264663696288,16.000000000000000
2.411,somewhere,-8.586756229400635,9.415234088897703,9.475504875183104,18.000000000000000
2.412,closer,-7.022427558898926,3.804135084152222,4.114685535430908,20.000000000000000
2.413,to,-0.022652788087726,2.916612386703491,2.866487741470337,22.000000000000000
2.414,earth .,-5.910214919480495,12.074785947799683,12.691051483154297,28.000000000000000
2.415,Then,-8.730118751525879,6.997014045715332,6.931038379669189,2.000000000000000
2.416,Aqua,-16.656910896301270,8.063678979873657,8.347610235214232,4.000000000000000
2.417,heard,-7.883077859878540,8.929847002029417,8.663229465484621,6.000000000000000
2.418,the,-1.652038216590881,3.444702625274658,4.106378078460693,9.000000000000000
2.419,wind,-7.811032295227051,3.381895065307617,3.925034999847412,10.000000000000000
2.420,blow,-1.703048586845398,2.363337516784668,2.189599752426147,10.000000000000000
2.421,and,-0.508434057235718,4.996772289276123,4.748159408569336,6.000000000000000
2.422,conjectured,-14.777066156268120,6.005019307136536,5.660612583160400,8.000000000000000
2.423,that,-0.319741845130920,4.812885761260986,4.699914932250977,10.000000000000000
2.424,maybe,-11.717229843139648,4.450292110443115,4.617774963378906,13.000000000000000
2.425,the,-2.432744503021240,3.974023580551148,3.927906513214111,14.000000000000000
2.426,wind,-4.600842475891113,3.395996570587158,3.846797943115233,15.000000000000000
2.427,could,-2.690781593322754,4.889063358306885,4.776065349578857,14.000000000000000
2.428,take,-4.518265724182129,4.014546394348145,3.763098478317261,16.000000000000000
2.429,him,-3.252359390258789,3.516675949096680,3.543270111083984,18.000000000000000
2.430,back,-2.607386112213135,4.289172172546387,4.476406574249268,19.000000000000000
2.431,down,-5.048303127288818,3.989806890487671,4.210308551788330,20.000000000000000
2.432,to,-1.049435496330261,3.194987297058105,3.157783508300781,20.000000000000000
2.433,the,-1.041980504989624,4.604833602905273,4.647967815399170,22.000000000000000
2.434,ocean .,-4.150857936358078,11.667546987533569,12.757876873016357,28.000000000000000
2.435,"Indeed ,",-3.392347518025417,14.945315837860109,15.760396480560303,6.000000000000000
2.436,the,-2.037424087524414,4.430335998535156,4.802287578582764,5.000000000000000
2.437,wind,-9.783538818359377,4.196277141571045,5.021214962005615,6.000000000000000
2.438,took,-5.208008289337158,4.808872222900392,4.576708316802979,7.000000000000000
2.439,pity,-13.459430217742920,7.262121915817262,7.876161098480225,9.000000000000000
2.440,on,-3.783457756042481,3.906480789184569,3.661751508712769,10.000000000000000
2.441,him,-3.715998172760010,4.106547355651856,3.999304294586182,12.000000000000000
2.442,and,-0.659498691558838,4.990038871765137,4.849004745483398,7.000000000000000
2.443,fanned,-8.773002638918115,5.211376667022705,4.891361594200133,9.000000000000000
2.444,"him ,",-8.423437595367433,7.921995878219604,7.956779241561889,24.000000000000000
2.445,together,-8.840763092041016,3.603717088699341,3.660750627517700,14.000000000000000
2.446,with,-1.243819236755371,3.436612606048584,3.331622123718262,15.000000000000000
2.447,all,-5.237938880920410,5.423213958740233,5.739430904388428,18.000000000000000
2.448,of,-0.065999642014503,3.750335931777954,3.615963220596313,19.000000000000000
2.449,his,-1.316754579544067,5.277215957641602,5.526750564575195,21.000000000000000
2.450,brothers,-6.207036972045898,4.241244792938232,4.921502113342285,22.000000000000000
2.451,and,-1.818511247634888,3.392548799514771,4.336348056793213,23.000000000000000
2.452,"sisters ,",-4.361375182867050,12.153867244720459,12.974358081817625,35.000000000000000
2.453,into,-1.952834010124206,3.804171800613403,3.837864160537720,13.000000000000000
2.454,a,-2.200587987899780,4.458561420440674,4.669280052185059,15.000000000000000
2.455,heavy,-7.397907257080077,4.850948810577393,5.499890804290772,16.000000000000000
2.456,gray,-7.240888118743896,3.947839736938477,4.789190769195557,17.000000000000000
2.457,"cloud ,",-13.159707069396974,5.922580718994141,6.366436719894409,24.000000000000000
2.458,after,-3.404027700424194,3.506090879440308,3.432923793792725,9.000000000000000
2.459,which,-0.010908139869571,3.052252054214477,2.965399026870728,11.000000000000000
2.460,he,-0.570789217948914,3.998000621795654,4.240158081054688,11.000000000000000
2.461,blew,-6.214401245117188,7.902240991592407,8.174916028976440,13.000000000000000
2.462,them,-4.098942756652832,4.127679824829102,4.424799919128418,15.000000000000000
2.463,apart,-2.389425516128540,3.170452117919922,3.692719936370850,16.000000000000000
2.464,and,-0.102529510855675,4.992810726165772,4.855755805969238,13.000000000000000
2.465,told,-6.599289894104004,8.833320140838623,8.860912561416628,15.000000000000000
2.466,them,-0.380458027124405,3.819377183914185,4.007294178009033,17.000000000000000
2.467,to,-0.016842542216182,4.037629127502441,3.972013711929321,19.000000000000000
2.468,hurry,-8.391860961914062,2.649855852127075,2.559610366821289,22.000000000000000
2.469,"down ,",-5.517186641693115,7.494242191314696,7.673440694808960,46.000000000000000
2.470,fast,-6.190285205841064,3.079617738723755,3.445947885513306,24.000000000000000
2.471,and,-3.540405511856079,4.459434509277344,4.669671058654785,25.000000000000000
2.472,furious,-3.771875858306885,3.680909633636475,4.157382965087892,26.000000000000000
2.473,to,-3.296209812164306,3.235119104385376,3.155706882476806,25.000000000000000
2.474,the,-1.045666217803955,4.427154064178467,4.624313831329347,27.000000000000000
2.475,"earth ,",-10.885342597961426,8.434667825698853,9.183486938476562,53.000000000000000
2.476,so,-2.114444494247437,4.550654411315918,4.556016921997070,27.000000000000000
2.477,they,-0.693592905998230,3.415571928024292,3.616116523742676,30.000000000000000
2.478,could,-0.299879580736160,3.810137987136841,3.727810382843018,31.000000000000000
2.479,have,-3.924509048461914,3.908174037933350,3.931054353713989,33.000000000000000
2.480,a,-1.400386810302734,4.250234127044679,4.362566947937012,36.000000000000000
2.481,fighting,-8.852117538452148,3.729124784469605,4.310820579528809,37.000000000000000
2.482,chance,-1.166073560714722,2.519340753555298,2.848328113555908,38.000000000000000
2.483,of,-0.370263099670410,3.802885293960571,3.783950805664063,37.000000000000000
2.484,reaching,-3.230153560638428,7.145054101943970,6.907144784927367,40.000000000000000
2.485,the,-1.665121674537659,4.744577407836914,4.907965660095215,42.000000000000000
2.486,ocean .,-5.131727597501595,11.737047910690308,12.455377817153931,51.000000000000000
2.487,Down,-8.745490074157715,4.878458023071289,4.858454704284668,4.000000000000000
2.488,they,-2.767860889434814,4.107340335845946,4.002777099609375,5.000000000000000
2.489,"went ,",-10.904255390167236,13.397643566131592,12.534744501113893,12.000000000000000
2.490,rolling,-6.680609226226808,7.220674991607666,7.006808042526245,9.000000000000000
2.491,over,-2.455252170562744,3.622327804565430,3.391195297241211,11.000000000000000
2.492,each,-4.673922657966613,7.753489017486572,8.671291828155518,13.000000000000000
2.493,other,-0.313013494014740,4.245508670806885,4.461841583251953,14.000000000000000
2.494,until,-2.410109281539917,4.219875812530518,3.969435930252075,12.000000000000000
2.495,with,-4.061685085296632,3.490581989288330,3.513929605484009,15.000000000000000
2.496,a,-2.149792194366455,4.354002952575684,4.543967247009277,17.000000000000000
2.497,patter,-12.364746570587158,6.462386846542358,7.070940017700195,18.000000000000000
2.498,and,-4.394352436065674,5.487047195434570,5.736086368560791,19.000000000000000
2.499,clatter,-11.436017870903015,9.615068197250368,10.292135715484619,20.000000000000000
2.500,and,-6.318714141845702,4.973638057708740,5.306975841522217,21.000000000000000
2.501,spatter,-13.584579467773438,9.455163240432741,10.689086914062500,22.000000000000000
2.502,they,-0.429194837808609,3.669777393341065,4.184790611267090,16.000000000000000
2.503,touched,-7.835499286651611,5.542080402374268,5.148456811904907,17.000000000000000
2.504,the,-0.858610570430756,4.236054420471191,4.668376922607422,19.000000000000000
2.505,"ground ,",-3.778238415718079,7.454348325729370,8.144291400909424,23.000000000000000
2.506,and,-0.242367237806320,4.286727428436278,4.260340213775635,4.000000000000000
2.507,all,-3.824451446533203,3.992457389831543,4.435226917266847,8.000000000000000
2.508,the,-2.016678810119629,4.102077960968018,4.334437370300293,9.000000000000000
2.509,people,-3.323339939117432,3.146270751953125,3.452617645263672,10.000000000000000
2.510,that,-2.885246276855469,3.598444461822510,3.405231237411499,10.000000000000000
2.511,the,-2.844494104385376,4.759837150573730,4.766056060791017,12.000000000000000
2.512,raindrops,-19.694084167480469,10.511081933975222,12.484966754913330,13.000000000000000
2.513,fell,-6.824614524841309,3.270820140838623,3.320153713226318,13.000000000000000
2.514,on,-2.519793987274170,3.582475423812866,3.476591110229492,15.000000000000000
2.515,"cried ,",-11.303252676501870,15.238407611846922,14.993449687957765,19.000000000000000
2.516,`` It 's,-3.707894198189024,23.001852035522461,22.932516098022461,40.000000000000000
2.517,"raining '' ,",-28.622192487120632,18.941061377525330,18.431379795074466,39.000000000000000
2.518,and,-1.388254642486572,4.277237415313722,4.264337062835693,10.000000000000000
2.519,took,-3.930497169494629,3.247684240341187,3.212201595306396,12.000000000000000
2.520,out,-2.705230236053467,4.284734249114990,4.308065414428712,14.000000000000000
2.521,their,-2.536495208740234,3.902212142944336,4.068680286407472,15.000000000000000
2.522,umbrellas .,-8.815004529198630,14.172441482543945,15.289998531341555,22.000000000000000
2.523,Some,-4.552939414978027,6.358168125152588,6.184618473052979,5.000000000000000
2.524,of,-0.020391585305333,4.078128337860107,4.379416465759276,6.000000000000000
2.525,the,-0.427743196487427,4.154855251312257,4.291336059570312,9.000000000000000
2.526,drops,-11.812359809875488,8.136081218719482,9.037639141082764,10.000000000000000
2.527,that,-0.002050560899079,3.013875484466553,3.099668741226196,11.000000000000000
2.528,were,-2.152367115020752,4.152328968048097,3.936664581298828,13.000000000000000
2.529,the,-0.507109642028809,4.268811225891113,4.484384059906006,16.000000000000000
2.530,most,-0.139081880450249,5.289463520050049,5.266345500946045,18.000000000000000
2.531,"fortunate ,",-17.179039478302002,8.590599060058594,8.376095294952393,35.000000000000000
2.532,including,-2.915882706640105,7.178625822067262,7.765311241149902,18.000000000000000
2.533,"Aqua ,",-16.477873116731644,10.448567390441895,11.577380418777466,38.000000000000000
2.534,fell,-8.129224777221680,3.549994230270386,3.568616390228271,5.000000000000000
2.535,on,-2.912163257598877,2.606453418731689,2.706575870513916,7.000000000000000
2.536,a,-4.516941547393799,3.454216957092285,3.531781673431396,9.000000000000000
2.537,"mountainside ,",-14.168765127658844,8.454492092132568,8.710951328277588,13.000000000000000
2.538,and,-1.253527879714966,3.758981943130493,3.653126239776611,4.000000000000000
2.539,down,-7.941958427429199,4.154907226562500,4.306430816650392,7.000000000000000
2.540,the,-0.121057249605656,3.739291906356812,4.017378330230713,9.000000000000000
2.541,rocky,-7.811015754938126,8.049127578735353,8.755383014678955,10.000000000000000
2.542,cliff,-6.572057008743286,7.163477659225464,8.149073839187622,11.000000000000000
2.543,they,-1.814872860908508,3.602747201919556,3.820922613143921,8.000000000000000
2.544,ran .,-5.415414966642857,11.410408020019531,11.519442319869995,15.000000000000000
2.545,Together,-6.247116268612444,10.713551521301270,11.041579723358154,3.000000000000000
2.546,they,-0.425993770360947,4.042974948883057,3.827381849288941,4.000000000000000
2.547,plunged,-11.149861184880137,6.908174276351929,6.320162773132324,5.000000000000000
2.548,into,-0.697428941726685,3.217563867568970,3.075241327285767,7.000000000000000
2.549,a,-1.792652726173401,4.936120033264160,5.074847221374512,10.000000000000000
2.550,mountain,-6.872212409973145,4.108876228332520,4.677139282226562,11.000000000000000
2.551,"brook ,",-17.307120680809021,10.606154918670654,11.469530344009399,22.000000000000000
2.552,which,-0.097645491361618,3.220635652542114,3.257524728775024,13.000000000000000
2.553,came,-5.437502861022949,7.352329254150392,7.345946788787843,15.000000000000000
2.554,foaming,-12.800860360264778,10.812233924865724,11.004087448120117,19.000000000000000
2.555,and,-4.206942558288573,6.013597965240479,6.137473583221436,20.000000000000000
2.556,dashing,-11.243214607238770,2.933182716369629,2.751610994338989,21.000000000000000
2.557,"along ,",-5.141638278961182,8.081124067306519,8.279666900634766,42.000000000000000
2.558,leaping,-8.144214242696764,4.763484477996826,4.521500706672668,21.000000000000000
2.559,over,-2.889470338821411,2.701590538024902,2.560183763504028,23.000000000000000
2.560,rocks,-7.103081703186035,3.911558866500855,4.645024776458740,25.000000000000000
2.561,and,-0.504505753517151,5.461967945098877,5.367003440856934,21.000000000000000
2.562,rushing,-7.111490368843079,6.453915119171143,6.442731142044067,23.000000000000000
2.563,down,-3.459299087524414,3.362269639968872,3.296825408935547,25.000000000000000
2.564,the,-0.651978909969330,4.498720169067383,4.997189044952393,27.000000000000000
2.565,"hillside ,",-11.960888385772705,8.172378540039062,9.154213905334473,45.000000000000000
2.566,until,-3.546463489532471,4.711941242218018,4.797683715820312,19.000000000000000
2.567,in,-1.069812893867493,2.884746789932251,3.303170442581177,22.000000000000000
2.568,the,-5.482754707336426,2.602129936218262,2.989212989807129,25.000000000000000
2.569,valley,-6.977242469787598,3.594888448715210,4.253480911254884,26.000000000000000
2.570,below,-6.479328155517577,4.228945732116698,4.274544715881349,25.000000000000000
2.571,they,-0.979552388191223,3.806953907012940,4.262784481048584,23.000000000000000
2.572,heard,-7.207543849945067,7.554472208023071,7.637660264968872,24.000000000000000
2.573,the,-2.658394575119019,3.595836162567139,3.834417343139648,26.000000000000000
2.574,strangest,-10.394669152796267,12.219632863998413,13.657763004302980,27.000000000000000
2.575,clattering,-16.673820734024048,10.474618673324583,11.149871587753296,28.000000000000000
2.576,noise .,-5.525050751362869,10.729036569595337,11.519877195358276,34.000000000000000
2.577,The,-1.674321293830872,6.122092247009277,6.432260990142822,3.000000000000000
2.578,little,-9.138677597045898,5.440774440765381,6.043686866760254,4.000000000000000
2.579,water,-8.194889307022095,7.842363595962524,8.355746030807495,5.000000000000000
2.580,drops,-12.494742631912231,9.035888671875000,9.852839946746826,6.000000000000000
2.581,were,-1.685735940933228,4.133915424346924,4.203700065612793,4.000000000000000
2.582,then,-12.199760437011721,6.140118122100830,5.904280185699463,5.000000000000000
2.583,able,-7.342032432556152,8.033241271972656,8.110817909240723,7.000000000000000
2.584,to,-0.004025096539408,4.973375320434570,4.860459804534912,10.000000000000000
2.585,make,-4.218914508819580,4.520880222320557,4.562637329101562,12.000000000000000
2.586,out,-5.300377368927002,4.699491977691650,4.712792396545410,14.000000000000000
2.587,a,-2.574569702148437,4.269472122192384,4.137565612792969,16.000000000000000
2.588,flour,-12.942770957946776,4.579460144042969,5.326968193054199,17.000000000000000
2.589,mill,-3.957244396209717,3.191848754882812,3.721157312393189,18.000000000000000
2.590,that,-0.010093008168042,2.889854192733765,2.667457818984985,18.000000000000000
2.591,was,-1.552326560020447,4.735184669494629,4.627294063568115,20.000000000000000
2.592,standing,-8.599812984466553,7.757992267608643,7.546106576919557,22.000000000000000
2.593,on,-1.582985281944275,3.574024677276612,3.552675962448120,24.000000000000000
2.594,the,-0.956070065498352,4.210189819335938,4.645404338836670,26.000000000000000
2.595,bank .,-8.443943227597629,12.523018598556519,13.207609891891479,31.000000000000000
2.596,Inside,-8.261838912963867,5.327832698822021,5.043430805206299,3.000000000000000
2.597,the,-0.678188681602478,3.885341644287109,4.365085601806642,5.000000000000000
2.598,"mill ,",-6.472990959882736,9.019324779510498,9.625814914703369,9.000000000000000
2.599,the,-2.077973365783691,3.563664436340332,3.371729135513306,5.000000000000000
2.600,water,-5.623396396636963,6.902066230773926,7.458371639251709,6.000000000000000
2.601,drops,-12.483602046966553,7.521178722381593,9.237023353576660,7.000000000000000
2.602,saw,-9.976274490356444,4.273529529571533,3.882168054580689,6.000000000000000
2.603,two,-5.701476573944093,4.327054023742677,4.321914196014403,9.000000000000000
2.604,great,-7.415841102600098,4.962604522705078,5.032144546508789,10.000000000000000
2.605,"stones ,",-8.179772019386292,7.939526081085205,8.501495599746704,20.000000000000000
2.606,which,-0.764529109001160,3.340639352798462,3.115710735321045,12.000000000000000
2.607,the,-1.328816413879394,3.682591438293457,3.587461233139038,14.000000000000000
2.608,big,-7.957091331481934,5.011398792266847,5.001184940338135,15.000000000000000
2.609,wheel,-10.458396673202516,6.840861797332764,7.600912809371947,16.000000000000000
2.610,kept,-5.065806269645692,7.565965890884399,7.425117254257202,15.000000000000000
2.611,whizzing,-11.559234688291323,4.889564037322998,4.818403720855713,18.000000000000000
2.612,round,-10.665700912475586,3.264515638351440,3.217520236968994,21.000000000000000
2.613,and,-0.588848412036896,5.049633502960205,4.931346893310547,21.000000000000000
2.614,round .,-8.698915756685892,10.839708566665649,11.040520906448364,29.000000000000000
2.615,The,-1.335898160934448,5.764348506927490,6.119246482849121,4.000000000000000
2.616,"stones ,",-12.836982488632202,11.405795574188232,11.781911373138428,9.000000000000000
2.617,smoothed,-18.897848725318912,8.368846893310549,8.786810874938965,6.000000000000000
2.618,by,-1.088024735450745,3.716515064239502,3.990512371063232,8.000000000000000
2.619,the,-2.479905605316162,4.173600673675537,4.431536674499512,10.000000000000000
2.620,"spinning ,",-8.670646036509423,8.396729946136475,9.385230064392090,17.000000000000000
2.621,were,-2.490802049636841,4.542592048645020,4.655153274536133,4.000000000000000
2.622,busy,-7.905666351318358,3.416428565979004,3.554146528244019,6.000000000000000
2.623,grinding,-7.427799344062805,7.320925951004027,6.939649820327759,9.000000000000000
2.624,the,-2.632483959197998,3.731640338897705,4.271465301513672,11.000000000000000
2.625,wheat,-9.620964050292967,4.442734718322754,5.224667072296143,12.000000000000000
2.626,into,-1.932274937629700,3.079282283782959,2.993723392486572,12.000000000000000
2.627,flour,-10.672453880310060,4.162720680236816,4.959468841552733,14.000000000000000
2.628,and,-7.959150791168213,5.171351909637451,5.129348278045653,12.000000000000000
2.629,the,-3.266699314117432,4.024346828460693,4.375397682189941,14.000000000000000
2.630,corn,-5.130989551544189,4.435526371002197,5.059343338012695,15.000000000000000
2.631,into,-2.851091861724853,3.212522506713867,3.168909788131714,15.000000000000000
2.632,golden,-10.912866592407227,4.223422050476073,4.813186168670653,17.000000000000000
2.633,meal .,-7.896897458806053,13.614268064498901,15.255489826202393,22.000000000000000
2.634,But,-2.894109249114990,6.290936470031737,7.387837886810303,2.000000000000000
2.635,what,-0.477693974971771,4.548532485961914,5.527626991271973,4.000000000000000
2.636,giant,-12.010846138000488,3.379178285598755,4.244277477264403,6.000000000000000
2.637,do,-1.987282991409302,4.243294239044189,4.583466529846191,5.000000000000000
2.638,you,-0.923272013664246,3.558435678482056,4.242974281311035,7.000000000000000
2.639,suppose,-8.575385093688965,4.482001304626465,4.332806110382080,8.000000000000000
2.640,it,-2.337491512298584,4.340803623199463,4.972236156463623,12.000000000000000
2.641,was,-3.842120885848999,3.850907564163208,3.717018127441406,13.000000000000000
2.642,who,-3.582499027252197,3.514211416244507,3.638473987579346,16.000000000000000
2.643,could,-4.321972846984863,4.324180603027344,4.205630302429198,18.000000000000000
2.644,turn,-4.610361099243164,4.253936767578125,4.269094944000243,20.000000000000000
2.645,and,-6.825042724609375,4.302835941314696,4.252691745758057,21.000000000000000
2.646,swing,-5.743659973144531,2.890414714813232,2.847718954086304,22.000000000000000
2.647,that,-4.390176773071288,4.123918056488037,4.359758377075194,24.000000000000000
2.648,tremendous,-8.338212966918945,4.196192741394043,4.698750495910645,25.000000000000000
2.649,wheel ?,-8.064552628202364,12.693219661712646,15.148530483245848,31.000000000000000
2.650,No,-3.999994277954102,5.995402812957764,6.087506771087647,3.000000000000000
2.651,giant,-12.456208229064940,5.434551239013672,5.633743286132812,4.000000000000000
2.652,at,-1.717705488204956,4.407659530639648,4.735566616058350,4.000000000000000
2.653,all .,-0.100111722946167,10.509513854980469,11.541750192642212,9.000000000000000
2.654,It,-3.463986396789551,5.483454227447510,5.923331260681152,3.000000000000000
2.655,was,-2.173409461975098,5.336749553680420,5.024829864501953,4.000000000000000
2.656,just,-3.850306749343872,3.635533571243286,3.491909980773926,6.000000000000000
2.657,our,-6.669385910034180,4.450461387634277,5.141072750091553,8.000000000000000
2.658,tiny,-9.302147865295410,5.354210376739502,5.947634696960449,9.000000000000000
2.659,little,-4.272900104522705,5.219859600067139,5.745545387268066,10.000000000000000
2.660,water,-7.964854359626770,6.276134967803955,7.535004854202271,11.000000000000000
2.661,"drops ,",-14.257516741752626,12.852603197097778,14.113615036010742,20.000000000000000
2.662,who,-4.563190937042236,2.143364429473877,2.492554664611816,11.000000000000000
2.663,sprang,-8.622080326080322,10.382663965225222,10.679125785827637,14.000000000000000
2.664,on,-4.123947143554688,3.319498300552368,3.235754251480103,16.000000000000000
2.665,it,-4.894749164581299,3.263652801513672,4.231104373931885,18.000000000000000
2.666,by,-3.813506126403809,3.069375276565552,2.935587644577026,17.000000000000000
2.667,hundreds,-9.401158332824707,3.987981557846069,4.332993507385254,19.000000000000000
2.668,and,-3.632787466049193,3.460355758666992,3.530007839202881,20.000000000000000
2.669,"thousands ,",-1.743217516166624,10.913694381713869,11.254980564117432,35.000000000000000
2.670,and,-0.639675974845886,4.688152313232422,4.536526679992676,15.000000000000000
2.671,whirled,-11.307367172092199,4.576632142066956,4.434007167816162,17.000000000000000
2.672,it,-0.666778326034546,4.105765342712401,4.615365028381348,19.000000000000000
2.673,over,-4.532776355743408,3.515722751617432,3.684978961944580,20.000000000000000
2.674,and,-8.903093338012695,4.006910800933838,4.136904239654541,21.000000000000000
2.675,over .,-0.398604158122907,10.821177721023560,10.910493373870850,26.000000000000000
2.676,It,-3.463986396789551,5.483454227447510,5.923331260681152,3.000000000000000
2.677,was,-2.173409461975098,5.336749553680420,5.024829864501953,4.000000000000000
2.678,lucky,-6.989646434783936,8.511601924896240,8.513591766357424,6.000000000000000
2.679,for,-1.186719059944153,3.525010108947754,3.578288555145264,7.000000000000000
2.680,the,-2.023520231246948,3.628984451293945,4.003031730651856,9.000000000000000
2.681,water,-9.028979778289797,6.370393514633179,7.246729850769043,10.000000000000000
2.682,drops,-12.262686014175415,8.343191385269165,9.513820171356199,11.000000000000000
2.683,that,-2.680603027343750,4.830345153808594,4.722290515899658,8.000000000000000
2.684,the,-1.147960305213928,4.465061664581299,4.590206146240233,12.000000000000000
2.685,brook,-13.461440801620483,5.139459371566772,5.485080957412720,13.000000000000000
2.686,where,-0.529357730338234,7.076358079910277,7.666812419891357,14.000000000000000
2.687,they,-2.535433530807495,3.495571613311768,4.137093544006349,16.000000000000000
2.688,were,-1.213380336761475,3.372245073318481,3.268658399581909,17.000000000000000
2.689,swimming,-8.665225028991701,3.193785429000854,3.014519929885864,19.000000000000000
2.690,next,-3.132815837860107,2.851980924606323,2.961016654968262,21.000000000000000
2.691,emptied,-14.189435169799252,8.127362728118896,7.951633930206299,12.000000000000000
2.692,into,-2.325551986694336,3.262924909591675,3.196085691452026,14.000000000000000
2.693,a,-1.805741071701050,5.303656578063965,5.548961162567139,17.000000000000000
2.694,beautiful,-7.733314037322997,5.411231994628906,5.850363254547119,18.000000000000000
2.695,pond,-5.505985856056213,5.243452548980713,5.666002988815308,19.000000000000000
2.696,where,-0.000265922852122,5.921230554580688,6.910958290100098,19.000000000000000
2.697,ducks,-8.372525066137314,9.725685596466064,10.541832208633425,21.000000000000000
2.698,and,-2.439135551452637,3.994410037994385,4.370666027069092,22.000000000000000
2.699,geese,-7.564227133989334,9.588471651077269,10.642165184020996,23.000000000000000
2.700,were,-1.224141359329224,4.389366149902344,4.424345016479492,22.000000000000000
2.701,living,-6.218145370483398,3.518157243728638,3.462681055068970,24.000000000000000
2.702,peacefully .,-5.636972846659773,14.041572093963623,14.864153146743774,30.000000000000000
2.703,Aqua,-15.408398628234865,11.061957836151123,11.155003070831301,4.000000000000000
2.704,liked,-9.229690864682198,8.459137678146362,8.339379787445067,5.000000000000000
2.705,to,-0.107172630727291,5.351640224456787,5.383643150329590,8.000000000000000
2.706,play,-4.021552085876465,5.089700698852539,4.972020149230957,10.000000000000000
2.707,hide-and-seek,-12.291649824503109,21.821326017379761,24.906627655029297,12.000000000000000
2.708,in,-1.427739262580872,3.267907381057740,3.337532520294189,13.000000000000000
2.709,this,-4.599931716918945,4.938772678375244,5.006454467773438,15.000000000000000
2.710,"pond ,",-9.501148253679276,10.022302389144897,10.810175657272339,19.000000000000000
2.711,and,-1.301451802253723,3.831566810607910,3.738737583160400,4.000000000000000
2.712,it,-2.027850627899170,4.195999145507812,4.459475994110107,7.000000000000000
2.713,was,-1.504502415657044,3.970596790313721,3.866943597793579,8.000000000000000
2.714,his,-4.691948890686035,4.729871749877930,4.749959945678711,11.000000000000000
2.715,brother,-5.551123142242432,4.429482460021973,4.907246589660645,12.000000000000000
2.716,water,-14.556710481643677,7.480579137802124,8.128647804260254,13.000000000000000
2.717,drop,-8.755074501037598,3.683746337890625,4.259160041809082,14.000000000000000
2.718,who,-2.460820198059082,2.919741392135620,2.913694620132446,13.000000000000000
2.719,he,-1.017254710197449,3.692642211914063,3.819043159484863,15.000000000000000
2.720,fooled,-12.152792328968644,4.969568133354186,4.824528813362122,16.000000000000000
2.721,by,-2.781207084655762,2.402208805084229,2.354908466339112,18.000000000000000
2.722,swimming,-5.641555309295653,3.864796876907349,3.641874313354492,22.000000000000000
2.723,to,-3.731726169586182,2.768006324768066,2.652036905288696,24.000000000000000
2.724,a,-1.601958274841309,4.457562923431396,4.596707344055176,27.000000000000000
2.725,big,-5.861596107482910,4.949003219604492,5.487485408782959,28.000000000000000
2.726,pool,-5.884824752807617,2.985096454620361,3.691862821578980,29.000000000000000
2.727,of,-0.250628709793091,3.654443979263306,3.539372444152832,28.000000000000000
2.728,water,-3.159695148468018,6.929864168167113,7.553672313690186,30.000000000000000
2.729,and,-0.158945962786674,4.658336162567139,4.564102172851562,22.000000000000000
2.730,pretending,-8.463685503287708,6.230828523635863,6.042161226272582,24.000000000000000
2.731,to,-0.002848379313946,4.213685989379884,4.134937763214111,27.000000000000000
2.732,hide,-6.363564968109131,3.374590158462524,3.243273019790649,29.000000000000000
2.733,"there ,",-7.522544622421265,8.155608415603638,8.559687852859497,55.000000000000000
2.734,but,-5.196097373962402,4.303868770599365,4.330450057983398,25.000000000000000
2.735,then,-4.367209911346436,4.307546138763429,4.259028434753418,26.000000000000000
2.736,sneaking,-7.845752932131290,4.940666079521178,4.782465934753418,29.000000000000000
2.737,under,-5.381075382232666,3.432310819625854,3.382425308227539,31.000000000000000
2.738,a,-2.675063848495483,3.966126441955566,4.005383968353272,33.000000000000000
2.739,rock,-5.464941024780273,2.928751945495605,3.559623003005981,34.000000000000000
2.740,into,-2.175767421722412,3.505388975143433,3.464452743530273,32.000000000000000
2.741,an,-4.183429241180420,5.258366584777832,5.312608242034912,34.000000000000000
2.742,obscured,-16.148928642272949,10.751922607421877,11.155436038970947,35.000000000000000
2.743,little,-6.153555870056152,5.501287460327148,5.894973754882812,36.000000000000000
2.744,puddle .,-10.392671995963610,22.749648332595825,25.716190576553345,43.000000000000000
2.745,His,-5.286294937133789,5.782609939575195,6.055203914642334,4.000000000000000
2.746,brother,-5.208003044128418,5.486691474914551,5.483837604522705,5.000000000000000
2.747,had,-2.889635086059570,5.188151359558105,4.938978672027588,5.000000000000000
2.748,blatantly,-9.237617731063438,8.567148208618164,9.386168956756592,9.000000000000000
2.749,peeked,-12.724145816639064,6.757312297821045,6.821979761123657,9.000000000000000
2.750,and,-0.121430538594723,5.429143905639648,5.161103248596191,8.000000000000000
2.751,even,-2.661405563354492,3.602198123931885,3.922278404235840,11.000000000000000
2.752,followed,-8.082519283692818,6.465730428695679,6.082871913909912,12.000000000000000
2.753,Aqua,-15.868492126464846,6.147325277328491,7.135877847671509,14.000000000000000
2.754,as,-1.589525461196899,4.585163593292236,4.505862712860107,15.000000000000000
2.755,he,-0.641239583492279,4.001667022705078,4.268656730651856,18.000000000000000
2.756,entered,-5.780651092529298,7.577758550643921,7.478542804718018,19.000000000000000
2.757,the,-0.669699907302856,4.465179443359375,4.587315559387207,22.000000000000000
2.758,big,-7.498336791992188,5.162574291229248,5.755590438842773,23.000000000000000
2.759,pool,-6.351644992828369,3.554353475570679,4.366082191467285,24.000000000000000
2.760,of,-0.105541221797466,3.908132791519165,3.827900171279907,23.000000000000000
2.761,"water ,",-5.492291688919066,11.521900177001953,12.069638490676880,28.000000000000000
2.762,so,-3.449993848800659,4.410335063934326,4.415708541870117,4.000000000000000
2.763,when,-0.003504208987579,3.354250669479370,3.664258003234863,8.000000000000000
2.764,he,-0.807636022567749,3.889269113540649,4.244499206542969,10.000000000000000
2.765,searched,-8.471251591356122,6.210413694381714,6.059850692749023,12.000000000000000
2.766,there,-4.213480949401856,4.606835365295410,4.887476921081543,14.000000000000000
2.767,and,-0.082459479570389,5.033183097839356,4.906047344207764,12.000000000000000
2.768,could,-6.059827327728272,3.909000396728516,3.761038780212401,14.000000000000000
2.769,not,-3.790911674499512,4.510193824768066,4.410727500915527,15.000000000000000
2.770,find,-1.537854075431824,4.292647361755371,4.160597324371338,17.000000000000000
2.771,"him ,",-4.115077823400497,8.608529567718506,8.614497184753418,26.000000000000000
2.772,he,-0.584426403045654,3.588518857955933,3.837777614593506,9.000000000000000
2.773,was,-3.526442050933838,4.350588798522948,4.321310520172118,11.000000000000000
2.774,extremely,-6.251259361510165,8.716083526611326,9.033478021621702,13.000000000000000
2.775,surprised,-6.144858360290527,3.422922611236572,3.408718347549438,14.000000000000000
2.776,and,-0.279921591281891,4.160299301147462,4.094546318054198,11.000000000000000
2.777,gave,-5.374209403991699,3.373350143432617,3.276097774505615,13.000000000000000
2.778,up .,-0.197092163260095,11.225233316421509,11.418054342269897,21.000000000000000
2.779,Aqua,-15.408398628234865,11.061957836151123,11.155003070831301,4.000000000000000
2.780,liked,-9.229690864682198,8.459137678146362,8.339379787445067,5.000000000000000
2.781,this,-4.218731880187988,5.161937713623047,5.578369617462158,8.000000000000000
2.782,pond,-12.347081184387207,6.615606546401978,7.384062528610229,9.000000000000000
2.783,where,-0.002432391921502,6.377856016159058,7.151433944702148,10.000000000000000
2.784,he,-2.662345409393311,3.953459501266480,4.427646636962892,12.000000000000000
2.785,could,-2.178877830505371,3.947836637496948,3.819582462310791,13.000000000000000
2.786,play,-3.755857944488525,3.825530529022217,3.669288158416748,15.000000000000000
2.787,all,-5.486254692077637,4.714650630950928,4.754891395568848,17.000000000000000
2.788,"day ,",-2.937387615442276,10.744724988937378,10.912752628326416,21.000000000000000
2.789,so,-3.037228822708130,4.180777072906493,4.081320762634276,4.000000000000000
2.790,he,-0.739987611770630,3.609702110290527,3.887484788894653,7.000000000000000
2.791,stayed,-6.048245331272483,5.946141719818115,5.586722135543823,8.000000000000000
2.792,a,-2.460618019104004,3.075160026550293,3.122839927673340,10.000000000000000
2.793,good,-4.799118995666504,4.220951557159424,4.231771469116212,11.000000000000000
2.794,"while ,",-8.829490900039673,11.126898765563965,11.358645200729370,22.000000000000000
2.795,sailing,-7.748548984527588,3.169143915176392,3.045367240905762,14.000000000000000
2.796,up,-2.763046264648437,3.193994998931885,3.559745073318481,16.000000000000000
2.797,and,-1.970706343650818,3.614254236221313,4.311411857604980,17.000000000000000
2.798,"down ,",-1.176509425044060,7.171559810638428,7.236039638519287,32.000000000000000
2.799,taking,-4.400987505912782,8.244459390640259,8.377529621124268,16.000000000000000
2.800,the,-1.703769683837891,4.379275798797607,4.500368595123291,20.000000000000000
2.801,ducks ',-8.902217083108553,17.347987413406372,19.183961868286133,43.000000000000000
2.802,backs,-5.495326042175293,6.380450725555420,7.372401237487793,20.000000000000000
2.803,for,-4.420186042785645,3.443575620651245,3.447702646255493,20.000000000000000
2.804,ships,-9.001441955566406,3.875931501388550,4.540234088897705,22.000000000000000
2.805,and,-7.730015277862549,4.822487831115723,4.856286525726318,18.000000000000000
2.806,the,-0.830688714981079,3.873813152313232,3.900659561157227,21.000000000000000
2.807,frogs,-10.498451590538023,5.709425926208496,6.633818149566650,22.000000000000000
2.808,for,-1.438037872314453,3.245527029037476,3.242129564285278,22.000000000000000
2.809,"horses ,",-15.021775245666504,6.879082918167114,7.477846622467041,30.000000000000000
2.810,but,-2.598248720169067,3.225850820541382,3.195286035537720,7.000000000000000
2.811,after,-2.695334672927856,3.797472953796386,3.777050733566284,10.000000000000000
2.812,a,-1.803216695785522,4.269659996032715,4.158774852752686,12.000000000000000
2.813,time,-6.309831142425537,4.186038017272948,4.597174167633057,13.000000000000000
2.814,he,-0.423986911773682,3.488519191741944,3.765901327133178,11.000000000000000
2.815,tired,-9.970294952392578,4.830968856811523,4.945961475372314,12.000000000000000
2.816,of,-0.032571729272604,3.552662611007690,3.498496770858765,14.000000000000000
2.817,the,-1.816721081733704,3.671726465225220,3.848082304000855,16.000000000000000
2.818,dull,-9.135575294494627,4.002779483795166,4.460916042327881,17.000000000000000
2.819,"life ,",-14.647846698760986,6.783766984939575,7.403607845306396,27.000000000000000
2.820,and,-0.130692839622498,3.378932952880860,3.315358161926269,10.000000000000000
2.821,he,-3.292875051498413,3.704841613769531,4.103329181671143,14.000000000000000
2.822,and,-6.376198768615723,5.349791526794434,5.824105739593506,15.000000000000000
2.823,his,-1.266542434692383,4.247917175292969,4.504806518554688,17.000000000000000
2.824,brothers,-4.246228218078613,3.991529941558838,4.299626827239990,18.000000000000000
2.825,floated,-9.766153782606123,8.223349332809446,8.031893014907839,15.000000000000000
2.826,under,-4.343995094299316,3.668492794036865,3.767224311828613,17.000000000000000
2.827,a,-2.663181781768799,4.531394481658936,4.632029533386231,19.000000000000000
2.828,bridge,-5.416172027587892,5.611995458602905,6.177304506301880,20.000000000000000
2.829,for,-2.965619087219238,3.302496433258057,3.272667884826660,18.000000000000000
2.830,a,-1.995321273803711,4.148168563842773,4.145269870758057,20.000000000000000
2.831,long,-3.358127355575561,5.149208068847656,5.306320190429688,21.000000000000000
2.832,"distance ,",-11.964931964874268,10.276838064193724,10.874459028244019,40.000000000000000
2.833,until,-3.477026939392090,4.544846534729004,4.472912788391113,20.000000000000000
2.834,they,-1.465757846832275,3.531927347183228,3.881093025207520,23.000000000000000
2.835,saw,-4.209394931793213,4.106113433837892,4.064469814300537,24.000000000000000
2.836,another,-5.006975650787354,4.647160530090332,4.774620056152344,27.000000000000000
2.837,brook,-12.602283477783205,5.092017412185669,5.732392787933350,28.000000000000000
2.838,tumbling,-9.767022371292112,6.915185213088988,6.858124971389771,28.000000000000000
2.839,down,-2.836683988571167,3.235305786132812,3.240826845169067,30.000000000000000
2.840,a,-2.145136833190918,5.063689231872559,5.407944202423097,32.000000000000000
2.841,hillside .,-6.297896465403028,11.048453807830811,11.981876373291016,45.000000000000000
2.842,"`` Come ,",-9.472844585656276,25.716703653335575,25.479758024215695,12.000000000000000
2.843,let 's,-4.298990909010172,15.816580057144165,16.072288036346436,17.000000000000000
2.844,join,-9.120512008666992,2.975607633590698,3.015599727630615,11.000000000000000
2.845,hands ! '',-26.077914386987686,23.350372076034546,24.060595512390137,22.000000000000000
2.846,cried,-13.496261626482010,13.544266700744627,12.869694232940676,5.000000000000000
2.847,Aqua,-14.208990931510925,6.965327739715576,7.448614120483398,7.000000000000000
2.848,and,-3.429505825042725,5.326123714447021,5.019569396972656,3.000000000000000
2.849,because,-4.201955318094406,8.012094974517822,7.719281196594237,6.000000000000000
2.850,the,-1.771948099136352,4.119170665740967,4.311663150787354,9.000000000000000
2.851,water,-5.836066126823425,6.276903390884399,6.773961305618286,10.000000000000000
2.852,drops,-13.561564207077026,8.035959720611572,9.179346084594727,11.000000000000000
2.853,were,-1.802443981170654,4.134197235107422,4.050058841705321,10.000000000000000
2.854,all,-6.482137203216553,4.910911560058594,4.811313152313232,11.000000000000000
2.855,"together ,",-10.964081838726997,9.092710971832275,9.044229984283447,19.000000000000000
2.856,overcoming,-11.416200399398804,7.280403137207031,7.508232116699219,9.000000000000000
2.857,the,-1.031592607498169,3.524757862091064,3.606702089309693,11.000000000000000
2.858,brook,-13.749649047851562,5.160690307617188,5.822196960449219,12.000000000000000
2.859,was,-1.122315764427185,3.519176483154297,3.400368928909302,9.000000000000000
2.860,child 's,-13.657665370581526,14.233324289321898,15.178840875625612,25.000000000000000
2.861,play .,-5.907199045177549,11.169259071350098,11.826539754867554,17.000000000000000
2.862,It,-3.463986396789551,5.483454227447510,5.923331260681152,3.000000000000000
2.863,was,-2.173409461975098,5.336749553680420,5.024829864501953,4.000000000000000
2.864,by,-3.407562732696533,4.738854885101318,4.457250118255615,6.000000000000000
2.865,the,-1.252130389213562,4.734153747558594,4.747678279876709,9.000000000000000
2.866,help,-7.117536544799805,4.736433982849121,5.288386344909668,10.000000000000000
2.867,of,-0.007221784908324,4.724287986755371,4.590526103973389,10.000000000000000
2.868,Aqua,-15.412927150726318,7.584619045257567,8.697896480560303,13.000000000000000
2.869,and,-2.470845699310303,5.333808422088623,5.146746158599854,13.000000000000000
2.870,his,-2.138018608093262,4.868014812469482,5.202895164489746,15.000000000000000
2.871,brothers,-4.663877010345459,4.830823421478272,5.206672191619873,16.000000000000000
2.872,that,-1.257763028144836,5.167596340179443,5.114089012145996,7.000000000000000
2.873,the,-1.949927568435669,4.162642002105713,4.453958034515381,10.000000000000000
2.874,bewitching,-16.517399311065677,8.483067989349365,10.111855983734131,11.000000000000000
2.875,river,-12.720747947692873,3.310583591461182,4.006323814392090,12.000000000000000
2.876,was,-1.300473809242248,4.515883445739746,4.543921947479248,11.000000000000000
2.877,able,-4.374320983886719,7.594357490539551,7.481924533843994,13.000000000000000
2.878,to,-0.004549035336822,4.867963314056396,4.761240482330322,16.000000000000000
2.879,float,-7.080872058868407,5.782016277313232,5.333233833312988,18.000000000000000
2.880,heavy,-8.987045288085938,5.118994235992432,5.605967998504639,20.000000000000000
2.881,"ships ,",-19.407188415527344,8.356283187866211,8.672863483428955,36.000000000000000
2.882,though,-4.427758216857910,4.211034774780273,4.117103099822998,17.000000000000000
2.883,not,-5.167562961578369,4.309650421142578,4.478818416595459,20.000000000000000
2.884,so,-2.259455919265747,4.173103809356689,4.248303890228272,22.000000000000000
2.885,long,-1.362560391426086,2.909951925277710,3.133004903793335,23.000000000000000
2.886,ago,-2.555613994598389,3.771530389785767,3.796669244766235,24.000000000000000
2.887,it,-1.650658369064331,4.800523757934570,5.009783744812012,21.000000000000000
2.888,was,-0.563348710536957,2.794268131256104,2.717822790145874,22.000000000000000
2.889,only,-5.599133491516113,4.521721839904785,4.437948703765869,24.000000000000000
2.890,a,-0.637252569198608,3.668250322341919,3.494331359863281,25.000000000000000
2.891,little,-4.606146335601807,5.338550567626953,5.228348255157472,26.000000000000000
2.892,stream .,-10.332192524019774,13.674396514892578,14.051854610443115,31.000000000000000
2.893,As,-1.935528874397278,5.991425514221191,5.507517337799072,3.000000000000000
2.894,the,-1.336873173713684,3.857729196548462,4.406065464019775,7.000000000000000
2.895,river,-8.264743804931639,4.295367717742920,5.213397979736328,8.000000000000000
2.896,grew,-4.085665702819823,4.776149749755858,4.536426544189453,8.000000000000000
2.897,wider,-10.410524368286133,4.807276725769043,5.468622684478760,10.000000000000000
2.898,and,-0.138416543602943,4.509343624114990,4.259498119354248,6.000000000000000
2.899,he,-6.829013824462892,4.005191802978517,4.353587627410889,9.000000000000000
2.900,could,-5.869916915893555,4.148763179779054,3.977015972137451,10.000000000000000
2.901,almost,-5.153771400451660,4.318289756774901,4.406591415405273,12.000000000000000
2.902,see,-4.156359672546387,4.670899868011475,4.417056083679199,13.000000000000000
2.903,the,-2.459498643875122,3.585952758789062,4.048592090606689,15.000000000000000
2.904,"ocean ,",-5.229873199015857,8.209772109985352,8.754961013793945,19.000000000000000
2.905,Aqua,-15.506365776062012,6.795343160629272,7.929683923721313,5.000000000000000
2.906,realized,-7.443957272917032,5.245234608650208,5.111537933349608,6.000000000000000
2.907,his,-2.033493518829346,4.467590332031250,4.696632385253906,11.000000000000000
2.908,journey,-8.049091339111326,3.074145793914795,3.805097341537476,12.000000000000000
2.909,was,-0.527157962322235,3.997172832489014,3.866127729415894,12.000000000000000
2.910,almost,-4.852089881896973,4.685616970062256,4.725278377532959,14.000000000000000
2.911,over,-2.355229854583740,3.940340280532837,4.121641159057616,15.000000000000000
2.912,and,-0.417633473873138,4.404749393463135,4.351918220520020,10.000000000000000
2.913,he,-1.896911144256592,3.561313867568970,3.895791530609131,13.000000000000000
2.914,had,-1.646426439285278,3.094946861267090,3.071617841720581,14.000000000000000
2.915,come,-4.016405105590819,3.726162672042847,3.630275964736938,16.000000000000000
2.916,full,-2.952537536621094,4.493880748748778,5.100170612335205,18.000000000000000
2.917,circle .,-0.231207975477446,9.973078727722168,10.553374052047729,25.000000000000000
2.918,Back,-6.053270816802979,5.581789970397949,5.584656715393066,3.000000000000000
2.919,in,-0.150782048702240,3.726055860519409,3.730289459228516,5.000000000000000
2.920,the,-1.425350189208984,3.767758131027222,4.053826332092285,7.000000000000000
2.921,"ocean ,",-10.282615587115288,9.181477546691895,10.167489528656006,11.000000000000000
2.922,he,-3.164331912994385,3.721816539764404,4.028362751007080,5.000000000000000
2.923,felt,-6.935100555419923,4.275356292724608,4.170343875885010,6.000000000000000
2.924,right,-4.609968185424805,3.709687471389771,4.084485054016113,8.000000000000000
2.925,at,-7.622570037841798,3.990916967391968,4.427943229675293,9.000000000000000
2.926,home .,-6.120378414401785,11.307333230972290,11.317212581634521,16.000000000000000
2.927,For,-2.378260612487793,5.284862041473389,5.310392856597900,3.000000000000000
2.928,"him ,",-6.425565741956233,9.422417163848879,9.427130222320557,8.000000000000000
2.929,this,-3.068044185638428,4.389444828033446,4.567616939544678,5.000000000000000
2.930,was,-2.343955516815185,4.334643363952637,4.514915466308594,6.000000000000000
2.931,the,-0.965700507164002,3.993508815765381,4.173785209655762,9.000000000000000
2.932,"safest ,",-13.432516428438246,17.005875587463379,18.390470981597900,23.000000000000000
2.933,sweetest,-8.766156435012817,13.193792104721069,13.217804431915285,13.000000000000000
2.934,place,-3.556869983673096,3.609806537628174,4.231857299804688,11.000000000000000
2.935,in,-0.340414106845856,3.635667085647583,4.020981311798097,10.000000000000000
2.936,the,-0.948455214500427,3.766565322875977,3.927519083023071,12.000000000000000
2.937,whole,-7.034880638122559,5.593181133270264,5.638411998748778,13.000000000000000
2.938,wide,-11.390649676322935,7.625272274017334,8.734269380569456,14.000000000000000
2.939,world .,-2.338197442062665,11.393517017364502,12.126584529876709,21.000000000000000
2.940,During,-4.346645352423367,10.147324085235596,9.959249973297119,4.000000000000000
2.941,the,-0.843312144279480,4.094768524169922,4.262835979461670,6.000000000000000
2.942,warm,-8.954504013061523,4.947417259216309,5.460428714752197,7.000000000000000
2.943,summer,-2.000738143920898,4.959000110626222,5.553535461425781,8.000000000000000
2.944,"evenings ,",-12.695978820323946,14.565413475036619,15.037269592285156,13.000000000000000
2.945,if,-3.880897998809815,3.904079675674439,3.698482751846313,6.000000000000000
2.946,you,-2.299958229064941,3.209221839904785,3.569893836975098,9.000000000000000
2.947,take,-5.166101932525635,2.753983259201050,2.516513347625732,10.000000000000000
2.948,a,-0.956175446510315,4.077847957611084,3.912317276000977,13.000000000000000
2.949,walk,-4.082454204559326,3.151565313339233,3.848285436630249,14.000000000000000
2.950,on,-3.151039838790894,3.434391736984253,3.352590799331665,14.000000000000000
2.951,the,-0.962224245071411,4.168640136718750,4.398029327392578,16.000000000000000
2.952,sea,-6.675556182861327,4.113422870635986,4.818555831909180,17.000000000000000
2.953,"beach ,",-11.029115386307240,9.101742744445801,9.678260803222656,24.000000000000000
2.954,you,-0.505963742733002,3.556537866592407,3.730342626571655,8.000000000000000
2.955,will,-2.625756025314331,3.836889266967773,3.717650413513184,9.000000000000000
2.956,hear,-3.740314006805420,3.912575244903565,3.863803386688232,11.000000000000000
2.957,the,-1.616022348403931,3.816937208175659,4.204690456390382,14.000000000000000
2.958,gentle,-8.783493995666504,4.752082347869873,5.194307327270508,15.000000000000000
2.959,rippling,-13.393678188323975,5.885463237762451,7.137005329132080,16.000000000000000
2.960,swash,-12.887960672378540,9.150393962860107,10.575027227401732,17.000000000000000
2.961,of,-0.398990511894226,3.734403610229492,3.696143865585327,15.000000000000000
2.962,the,-1.445238351821899,4.654196262359619,4.759661197662354,17.000000000000000
2.963,waves,-9.351049244403841,7.470652818679810,8.844895362854004,18.000000000000000
2.964,and,-4.297423362731934,4.304596900939941,4.192378520965576,3.000000000000000
2.965,some,-3.812386989593506,4.323028564453125,4.288846015930177,6.000000000000000
2.966,say,-5.538265228271483,2.551018714904785,2.501695156097412,7.000000000000000
2.967,that,-3.048377990722656,4.135129928588866,4.105805873870850,9.000000000000000
2.968,it,-2.689159393310547,4.372436523437500,4.709425926208496,12.000000000000000
2.969,must,-5.681765556335449,3.675265312194824,3.547920465469360,13.000000000000000
2.970,be,-0.441873610019684,4.027842521667480,3.995002985000609,15.000000000000000
2.971,the,-1.454862356185913,3.867865324020386,3.777669429779053,18.000000000000000
2.972,gurgling,-14.038130894303322,13.734270811080933,15.616254806518555,19.000000000000000
2.973,voices,-11.374590396881105,6.574287176132202,7.685525655746460,20.000000000000000
2.974,of,-0.195730164647102,3.582293987274170,3.572586059570312,19.000000000000000
2.975,Aqua,-14.723531484603882,7.455648899078369,8.487016439437866,23.000000000000000
2.976,and,-1.756374359130859,4.699545383453369,4.562409877777100,23.000000000000000
2.977,his,-3.334750175476074,5.306521892547607,5.530023574829102,25.000000000000000
2.978,brother,-3.727474689483643,4.211968898773193,4.599409580230713,26.000000000000000
2.979,water,-13.503606796264648,7.052531719207764,7.878692150115968,27.000000000000000
2.980,drops,-11.510971546173096,6.936023950576782,8.159424066543579,28.000000000000000
2.981,telling,-8.594110488891603,4.712421894073486,4.589475154876709,24.000000000000000
2.982,each,-4.395211935043335,7.664541482925415,7.573903322219849,26.000000000000000
2.983,other,-0.087807811796665,4.282526016235352,4.230247020721436,27.000000000000000
2.984,about,-0.395195841789246,2.862295389175415,2.821989297866821,27.000000000000000
2.985,their,-2.835737466812134,4.667475700378418,4.906940460205078,30.000000000000000
2.986,wonderful,-7.924368858337402,4.980774402618408,5.223555564880371,31.000000000000000
2.987,journey,-5.705914020538330,2.826619148254395,3.387271881103516,32.000000000000000
2.988,around,-5.331809997558594,3.303250312805176,3.226782560348511,31.000000000000000
2.989,the,-0.428955316543579,4.863272190093994,5.116572380065918,33.000000000000000
2.990,world .,-1.566345173887385,11.631549119949341,11.878363370895386,39.000000000000000
3.1,It,-3.578969717025757,5.709035873413086,5.810785770416260,4.000000000000000
3.2,was,-1.976058006286621,5.259968757629395,5.210430145263672,5.000000000000000
3.3,cold,-7.463532924652100,3.986030101776123,4.252117156982422,8.000000000000000
3.4,and,-1.134307622909546,5.277817249298097,4.959908008575440,8.000000000000000
3.5,nearly,-6.063323974609375,4.896687030792236,4.963893413543701,10.000000000000000
3.6,dark,-5.242207527160645,3.835871696472168,4.208405971527100,11.000000000000000
3.7,on,-1.630118131637573,3.987655639648438,3.961055517196655,8.000000000000000
3.8,the,-0.559015512466431,3.870147943496704,4.308094978332520,11.000000000000000
3.9,last,-3.965579509735107,4.361772537231444,4.868984222412108,12.000000000000000
3.10,evening,-6.515828132629395,3.948822259902954,4.470246791839600,13.000000000000000
3.11,of,-0.074734024703503,3.839767694473267,4.017376899719238,12.000000000000000
3.12,the,-1.351869463920593,3.951924562454224,4.415926456451416,14.000000000000000
3.13,old,-8.582653999328612,7.171844005584718,7.937488794326782,15.000000000000000
3.14,"year ,",-3.667487487196923,11.553124189376831,12.228248119354248,19.000000000000000
3.15,and,-0.621563196182251,4.420839309692383,4.294565677642821,4.000000000000000
3.16,the,-1.848468542098999,4.118394851684569,4.259796142578125,7.000000000000000
3.17,snow,-6.572752952575684,3.799087524414063,4.553333759307861,8.000000000000000
3.18,was,-1.486005544662476,4.275772571563722,4.340427398681642,8.000000000000000
3.19,falling,-3.953594207763672,3.462360620498657,3.331227302551269,10.000000000000000
3.20,fast,-5.818637371063232,2.753593444824219,3.071389436721802,12.000000000000000
3.21,and,-1.626174688339233,4.560670852661133,4.435354232788086,13.000000000000000
3.22,furious .,-6.668557914323173,9.960752487182617,10.261948823928833,20.000000000000000
3.23,A,-2.733998537063598,6.190529346466064,6.575377941131593,4.000000000000000
3.24,little,-7.288918972015381,5.616269111633301,5.818155765533447,5.000000000000000
3.25,girl,-4.242131710052490,4.426016807556152,4.639096260070801,6.000000000000000
3.26,no,-5.869555473327638,5.271343708038330,5.132071495056152,7.000000000000000
3.27,one,-0.606188058853149,4.901722431182861,4.769470214843750,8.000000000000000
3.28,sheltered,-15.178899466991426,10.211385488510134,9.797509193420410,8.000000000000000
3.29,from,-0.735730111598969,3.258917808532715,3.100461244583130,10.000000000000000
3.30,the,-1.786296844482422,3.411995172500610,4.025459289550781,12.000000000000000
3.31,gelid,-23.112266659736637,9.414347410202025,10.815217494964600,13.000000000000000
3.32,air,-9.055712699890137,3.992449998855591,4.772055149078369,14.000000000000000
3.33,roamed,-11.546936005353928,5.520417928695679,5.391502499580383,4.000000000000000
3.34,through,-1.313252449035644,3.304896116256714,3.184040069580078,6.000000000000000
3.35,the,-1.160245895385742,4.416837692260742,4.437132835388184,8.000000000000000
3.36,streets,-3.346136569976806,4.198491096496582,4.738837718963623,9.000000000000000
3.37,with,-1.275734782218933,3.462190866470337,3.388784885406494,7.000000000000000
3.38,a,-1.187540411949157,5.009609222412108,5.283517837524414,10.000000000000000
3.39,bare,-7.503776907920837,6.175490617752075,7.575918674468994,11.000000000000000
3.40,head,-4.123535633087158,2.749262809753418,3.360404729843140,12.000000000000000
3.41,and,-1.668081402778626,4.962697505950928,5.309953689575195,10.000000000000000
3.42,naked,-9.365522080654047,10.610310077667236,12.179708003997805,12.000000000000000
3.43,"feet ,",-6.426385402679443,7.773344278335571,8.345517158508299,20.000000000000000
3.44,looking,-4.511975288391113,3.344999074935913,3.198867321014404,10.000000000000000
3.45,as,-6.249650001525879,4.870978832244873,5.048653602600098,12.000000000000000
3.46,poor,-6.987071514129639,3.283040523529053,3.190459728240967,13.000000000000000
3.47,as,-3.539283275604248,3.275300025939941,3.327540874481201,13.000000000000000
3.48,a,-1.648276448249817,4.277601242065431,4.540051460266113,15.000000000000000
3.49,church,-7.559022426605225,3.088416576385498,3.452483892440796,16.000000000000000
3.50,mouse .,-9.656027687917231,15.822993755340576,17.173033237457275,21.000000000000000
3.51,It 's,-4.928675035480410,18.569386005401611,17.907670974731445,11.000000000000000
3.52,true,-4.588674545288086,4.182147026062012,4.218165874481201,8.000000000000000
3.53,she,-4.750960350036621,3.342146635055542,3.845427989959717,12.000000000000000
3.54,had,-3.999966144561768,4.068211555480957,3.967816591262817,13.000000000000000
3.55,on,-1.112275600433350,4.019876480102538,4.207468509674071,15.000000000000000
3.56,a,-0.926418781280518,3.838626146316528,3.946532487869263,17.000000000000000
3.57,pair,-6.183164596557617,3.314568281173706,3.695689201354981,18.000000000000000
3.58,of,-0.008675386197865,3.949342966079712,3.980543613433838,18.000000000000000
3.59,slippers,-11.932077169418335,6.923516273498535,8.222358942031860,20.000000000000000
3.60,her,-4.648561954498291,4.391611099243163,4.582095623016357,19.000000000000000
3.61,mother,-2.428108930587769,4.025421619415283,4.593002796173097,20.000000000000000
3.62,had,-1.448616981506348,3.605905055999756,3.495899200439453,20.000000000000000
3.63,once,-3.007790565490723,4.663846969604492,4.660589694976807,22.000000000000000
3.64,given,-4.635272800922394,8.005073308944702,7.931730747222900,23.000000000000000
3.65,her,-0.303140640258789,4.281157016754150,4.645262241363525,25.000000000000000
3.66,when,-0.029764765873551,3.831950426101685,4.101192951202393,15.000000000000000
3.67,she,-0.295171320438385,3.218887567520142,3.702993392944336,17.000000000000000
3.68,left,-4.653200149536133,3.597562074661255,3.528803586959839,18.000000000000000
3.69,"home ,",-10.631512165069580,8.226497650146484,8.662835597991943,28.000000000000000
3.70,but,-1.657554626464844,4.296684265136719,4.199259281158446,3.000000000000000
3.71,they,-4.547880649566650,4.046265125274658,4.246841907501222,6.000000000000000
3.72,were,-2.764367103576660,4.065108299255371,4.036104679107666,7.000000000000000
3.73,as,-6.473319053649902,3.466745376586914,3.630730628967285,9.000000000000000
3.74,much,-7.674928665161133,4.128322601318358,4.765314579010010,12.000000000000000
3.75,use,-8.309594154357910,3.478268861770630,4.324922084808350,13.000000000000000
3.76,to,-0.415244281291962,3.618813276290894,3.600668191909790,13.000000000000000
3.77,her,-0.973191499710083,4.773002624511719,5.052119731903076,15.000000000000000
3.78,as,-2.920839786529541,4.138646602630615,4.119780540466309,10.000000000000000
3.79,a,-1.485315680503845,3.773322820663452,3.711177110671997,12.000000000000000
3.80,chocolate,-9.845109437243083,14.393025159835815,16.433471441268921,13.000000000000000
3.81,teapot .,-13.749923351686448,16.717395305633545,18.009846925735474,19.000000000000000
3.82,The,-1.335898160934448,5.764348506927490,6.119246482849121,4.000000000000000
3.83,slippers,-17.226233959197998,9.314579010009766,9.951008319854736,5.000000000000000
3.84,owned,-8.996804952621462,8.256493091583254,7.636839389801025,5.000000000000000
3.85,by,-0.016411673277617,3.926693677902222,4.025767326354980,7.000000000000000
3.86,her,-7.652237892150879,4.493338584899902,4.966730594635010,9.000000000000000
3.87,mother,-3.378268241882324,4.263030529022217,4.974277973175049,10.000000000000000
3.88,were,-1.759224891662598,4.120946884155273,4.369976520538330,4.000000000000000
3.89,so,-2.987913608551025,4.863780021667480,4.853718280792236,6.000000000000000
3.90,large,-3.778357982635498,3.137985944747925,3.114285945892334,7.000000000000000
3.91,that,-0.549898147583008,3.766307830810547,3.569817304611206,7.000000000000000
3.92,the,-2.780322551727295,4.190582752227783,4.246060848236084,10.000000000000000
3.93,emaciated,-12.689542911946775,14.733854532241821,16.699773550033569,11.000000000000000
3.94,little,-5.325447082519531,4.659461021423340,5.301629066467285,12.000000000000000
3.95,creature,-7.047264575958253,3.331852674484253,3.690867662429810,13.000000000000000
3.96,had,-2.353151321411133,4.323244571685791,4.281002044677733,11.000000000000000
3.97,lost,-4.632073402404785,5.059614658355713,4.989438056945801,13.000000000000000
3.98,them,-5.155735492706299,3.874516725540161,4.371455669403076,15.000000000000000
3.99,while,-12.785446405410767,7.132140636444093,7.075388908386231,16.000000000000000
3.100,running,-5.119105339050293,3.574683427810669,3.345472335815430,19.000000000000000
3.101,across,-4.422337532043457,3.605974912643433,3.557592630386353,21.000000000000000
3.102,the,-0.508100628852844,4.241041660308838,4.492837429046631,23.000000000000000
3.103,street,-2.100913465023041,6.902556180953980,7.752712965011598,24.000000000000000
3.104,to,-0.483572721481323,4.073656558990479,3.887170314788817,27.000000000000000
3.105,avoid,-6.376035690307617,3.179135560989380,2.990321159362793,29.000000000000000
3.106,two,-6.904734611511231,4.636209964752197,5.033876419067383,32.000000000000000
3.107,carriages,-10.682969987392426,8.558087348937987,10.364874124526976,33.000000000000000
3.108,that,-0.032214190810919,2.729063987731934,2.868618249893188,34.000000000000000
3.109,were,-1.779650688171387,4.460508346557617,4.365600109100342,36.000000000000000
3.110,rolling,-6.855262041091919,6.929604768753053,6.772717237472534,38.000000000000000
3.111,along,-3.648936510086060,3.911946058273315,4.320214271545410,40.000000000000000
3.112,at,-2.133248329162598,3.543383836746216,3.716119527816773,41.000000000000000
3.113,a,-2.201409339904785,5.258940696716309,5.237340927124023,43.000000000000000
3.114,terrible,-8.698030471801758,5.297776699066162,5.485905170440674,44.000000000000000
3.115,rate .,-3.025329425097880,11.016974925994873,11.785677194595337,49.000000000000000
3.116,One,-4.737509727478027,5.864601135253906,5.819781303405763,5.000000000000000
3.117,of,-0.009891069494188,4.869331359863281,4.939662933349608,6.000000000000000
3.118,the,-1.402904272079468,3.993145942687988,4.090476036071776,8.000000000000000
3.119,slippers,-14.782784938812256,8.515835762023926,8.960444927215576,9.000000000000000
3.120,she,-2.628310203552246,2.878338575363159,3.077918529510498,5.000000000000000
3.121,could,-5.179807662963867,4.728698253631592,4.463706016540527,6.000000000000000
3.122,not,-3.912965774536133,4.895981788635254,4.891487598419189,7.000000000000000
3.123,"find ,",-3.533188521862030,8.123143196105957,7.737080335617067,12.000000000000000
3.124,and,-1.105071306228638,4.222136020660400,4.181109428405762,4.000000000000000
3.125,a,-2.637580633163452,4.567901611328125,4.611085891723633,8.000000000000000
3.126,boy,-6.606667637825012,6.437616109848023,7.000858783721924,9.000000000000000
3.127,seized,-9.659894943237305,4.010359287261963,3.850567579269409,10.000000000000000
3.128,upon,-8.349095582962036,7.382625102996826,7.313753366470338,12.000000000000000
3.129,the,-2.385976076126098,3.747445344924927,3.815879344940186,11.000000000000000
3.130,"other ,",-6.577296257019043,8.167619705200195,7.961427211761475,21.000000000000000
3.131,saying,-6.542120933532715,4.213315010070802,4.126261234283446,12.000000000000000
3.132,that,-2.290988922119141,4.383152484893799,4.232735157012940,14.000000000000000
3.133,he,-1.514492750167847,3.706825256347656,4.033279418945312,17.000000000000000
3.134,could,-2.993796825408936,3.324668169021606,3.199895620346069,18.000000000000000
3.135,use,-4.024716377258302,4.195772171020509,4.018180847167969,20.000000000000000
3.136,it,-2.533191680908203,4.197909832000732,4.874920368194580,22.000000000000000
3.137,as,-1.290766477584839,3.939623117446899,3.935654878616333,23.000000000000000
3.138,a,-0.356659352779388,4.681438446044922,4.786026000976562,26.000000000000000
3.139,home,-5.904138565063477,4.275837421417236,4.605153560638428,27.000000000000000
3.140,for,-0.367436617612839,3.942046880722046,3.858574151992798,27.000000000000000
3.141,his,-2.362679004669189,4.645642757415772,5.060663700103760,29.000000000000000
3.142,little,-6.480869293212892,4.987708091735840,5.583907604217528,30.000000000000000
3.143,pet,-8.080503463745117,3.686879158020020,4.145991325378418,31.000000000000000
3.144,mouse .,-11.793982988689095,17.037137031555176,18.360528945922852,38.000000000000000
3.145,So,-3.614146232604981,5.020467281341553,5.678311824798584,3.000000000000000
3.146,with,-5.516620159149170,4.021841049194337,3.951666116714478,5.000000000000000
3.147,her,-5.317302703857422,4.320284366607666,4.924795627593994,8.000000000000000
3.148,naked,-11.758704398525882,11.695429801940918,13.294891357421875,9.000000000000000
3.149,"feet ,",-8.696382045745850,8.033375263214111,9.380402088165283,18.000000000000000
3.150,which,-0.105645805597305,3.368472814559937,3.407928228378296,11.000000000000000
3.151,were,-3.274839401245117,4.443161964416504,4.247317314147948,13.000000000000000
3.152,quite,-5.620738983154297,5.386825084686278,5.560624599456787,15.000000000000000
3.153,red,-6.183950424194336,7.710557699203491,7.987281084060669,16.000000000000000
3.154,and,-2.598965644836426,5.098308563232422,5.436081886291504,17.000000000000000
3.155,blue,-1.849613904953003,4.061845302581787,4.245158195495605,18.000000000000000
3.156,with,-3.946422100067138,3.637295961380005,3.754437208175659,16.000000000000000
3.157,the,-2.869602680206299,3.854133367538452,4.244350910186768,18.000000000000000
3.158,"cold ,",-7.061723732389510,8.728573799133301,9.424178123474121,22.000000000000000
3.159,the,-2.669689178466797,3.837169408798218,4.476442337036133,5.000000000000000
3.160,little,-5.327900886535645,4.500262260437012,5.184226512908936,6.000000000000000
3.161,girl,-1.345872402191162,3.189652442932129,3.657216787338257,7.000000000000000
3.162,went,-4.926472902297974,7.422052860260010,7.501112937927246,6.000000000000000
3.163,"on ,",-5.989311814308167,7.720043420791626,7.976926088333130,16.000000000000000
3.164,wondering,-6.138578617887106,6.573066711425781,6.400753974914551,11.000000000000000
3.165,how,-1.104995250701904,4.673419952392578,4.614444732666017,14.000000000000000
3.166,she,-1.018914103507996,3.149346590042114,3.555965185165405,16.000000000000000
3.167,would,-1.957953929901123,4.004615306854248,3.930347442626953,17.000000000000000
3.168,get,-3.534777641296387,3.998603582382202,3.920420885086060,19.000000000000000
3.169,through,-3.787433624267578,3.397808074951172,3.310565233230591,21.000000000000000
3.170,this,-3.400188922882080,4.073252677917480,4.039533138275146,23.000000000000000
3.171,dreadful,-10.316927909851074,4.669475555419922,4.993776321411133,24.000000000000000
3.172,night .,-3.695985215716064,12.065868139266968,12.882233381271364,31.000000000000000
3.173,She,-5.382365703582764,5.263646125793457,5.248893737792969,3.000000000000000
3.174,approached,-9.008654752979057,9.132956981658936,9.066850185394287,5.000000000000000
3.175,an,-5.127958774566650,5.733237266540527,5.952266216278076,7.000000000000000
3.176,old,-4.329552412033081,8.315732955932617,8.840000391006472,8.000000000000000
3.177,hovel,-14.424654483795164,9.425819396972656,10.652417421340944,9.000000000000000
3.178,she,-0.396493822336197,3.192151784896851,3.471756696701050,10.000000000000000
3.179,had,-1.637091755867004,3.631514549255371,3.398772001266479,11.000000000000000
3.180,used,-5.371823310852051,4.208529472351073,4.049004554748535,13.000000000000000
3.181,as,-2.071322202682495,3.917866706848145,3.897884130477905,15.000000000000000
3.182,a,-0.443735539913177,4.432096481323242,4.898648262023926,18.000000000000000
3.183,shelter,-8.388644933700563,5.640660524368286,6.261040925979613,19.000000000000000
3.184,a,-1.511087059974670,3.035912752151489,3.402935743331909,20.000000000000000
3.185,few,-0.698767483234406,4.656189441680908,4.663300514221191,21.000000000000000
3.186,times,-6.520155906677246,3.510732412338257,3.950374364852905,22.000000000000000
3.187,"before ,",-2.589459896087646,7.674156188964845,8.024568796157837,25.000000000000000
3.188,and,-0.649229288101196,4.174812316894531,4.142004966735840,6.000000000000000
3.189,found,-3.337398529052734,3.881735324859619,3.726231813430786,8.000000000000000
3.190,the,-2.212075948715210,3.545298576354980,3.620174646377564,12.000000000000000
3.191,entrance,-9.267765998840332,3.247086763381958,4.190327644348145,13.000000000000000
3.192,was,-0.587620198726654,4.206259727478026,4.153478145599365,13.000000000000000
3.193,locked .,-7.420165654948506,11.222676277160645,11.420479774475098,19.000000000000000
3.194,Tough,-8.021129608154299,11.236792564392090,11.381862640380859,4.000000000000000
3.195,luck,-6.481973648071289,4.315116882324219,4.718413352966309,5.000000000000000
3.196,for,-0.916636705398560,3.527575254440308,3.020583629608154,5.000000000000000
3.197,the,-1.759859442710876,3.565238237380981,3.336374521255493,7.000000000000000
3.198,girl !,-10.109671697020531,10.348764896392822,10.742690563201904,11.000000000000000
3.199,This,-4.515328407287598,5.768796920776367,6.154551506042480,3.000000000000000
3.200,day,-7.317461013793945,8.604599475860597,8.801705837249756,4.000000000000000
3.201,was,-2.108325242996216,3.757699251174927,3.493089199066162,4.000000000000000
3.202,even,-4.416242122650146,4.691466808319092,4.466533660888672,6.000000000000000
3.203,worse,-1.879073023796081,5.182070255279541,4.768861770629883,7.000000000000000
3.204,than,-5.252903461456299,4.556980609893799,4.382565975189209,7.000000000000000
3.205,the,-2.510171175003052,3.772933483123779,4.037234783172607,9.000000000000000
3.206,others .,-5.712436747271568,12.250969886779785,12.741931915283203,14.000000000000000
3.207,No,-6.513579368591309,6.965919017791747,7.316874027252197,3.000000000000000
3.208,Good,-13.503107070922852,5.445272922515869,5.825805664062500,4.000000000000000
3.209,Samaritan,-6.466770356521010,12.777513504028320,13.898245334625244,5.000000000000000
3.210,had,-4.032698631286621,3.641621589660645,3.732174634933472,4.000000000000000
3.211,given,-4.475467920303345,9.276889562606813,8.971829175949098,6.000000000000000
3.212,her,-2.341107845306396,4.290068626403809,4.622454643249512,8.000000000000000
3.213,even,-7.329746246337892,5.303714275360107,5.800120353698730,9.000000000000000
3.214,a,-0.966366350650787,5.330707550048828,5.350503921508789,10.000000000000000
3.215,penny .,-7.293396775843576,12.599943876266479,13.139142513275146,15.000000000000000
3.216,And,-4.425339698791504,7.155502796173097,7.182521820068358,2.000000000000000
3.217,she,-4.988560676574707,4.409432411193848,4.660803794860840,4.000000000000000
3.218,had,-4.342724800109863,5.234402179718018,4.940526485443115,5.000000000000000
3.219,no,-2.350837707519531,4.815547466278076,5.561656951904297,8.000000000000000
3.220,luck,-5.430036544799805,3.731399059295654,4.170539379119873,9.000000000000000
3.221,selling,-3.463313341140747,4.471837997436523,4.504449367523193,10.000000000000000
3.222,any,-3.080072402954102,4.811824798583983,5.125290870666504,13.000000000000000
3.223,matches,-11.117151469923556,8.253229141235353,9.389651775360107,14.000000000000000
3.224,that,-0.005171493627131,2.712637186050415,2.855421781539917,15.000000000000000
3.225,she,-0.723587393760681,3.984019041061402,4.396637916564941,17.000000000000000
3.226,carried,-7.806277669966222,6.084112405776978,5.660822868347168,18.000000000000000
3.227,in,-1.952421188354492,3.597848653793335,3.480557680130005,20.000000000000000
3.228,the,-1.181013822555542,4.093400001525879,4.152779579162599,23.000000000000000
3.229,old,-6.819607019424439,7.990187644958496,8.675145387649536,24.000000000000000
3.230,apron,-11.563751699402928,9.569223165512083,11.548268795013428,25.000000000000000
3.231,her,-4.029288291931151,4.081521034240724,4.194026470184326,26.000000000000000
3.232,grandmother,-5.737709760665894,7.089496612548827,7.929692506790161,27.000000000000000
3.233,had,-1.189412355422974,3.610611677169800,3.464727640151977,27.000000000000000
3.234,given,-4.185418248176576,7.778882503509521,7.676888942718506,29.000000000000000
3.235,her .,-0.143793832219671,11.854270696640015,12.486190319061279,36.000000000000000
3.236,Poor,-10.883236885070801,6.923819065093994,6.813070774078369,3.000000000000000
3.237,little,-7.805453300476074,5.782527446746826,6.172320842742920,4.000000000000000
3.238,"child ,",-9.142123222351074,8.849986076354980,9.721008777618408,8.000000000000000
3.239,she,-2.225962877273560,3.739543914794922,4.238529205322267,6.000000000000000
3.240,looked,-7.743555545806885,6.721129417419434,6.239209413528442,7.000000000000000
3.241,the,-0.709504783153534,3.390466451644897,3.813987493515015,10.000000000000000
3.242,picture,-7.035705566406250,3.771458148956299,4.429972171783447,11.000000000000000
3.243,of,-0.130044296383858,3.967742443084717,3.875833511352539,11.000000000000000
3.244,misery .,-15.703110504895449,15.613363265991211,17.020482301712036,18.000000000000000
3.245,On,-3.274348735809326,5.065924644470215,5.073980331420898,4.000000000000000
3.246,her,-5.967248916625977,4.738812923431396,5.445601463317871,7.000000000000000
3.247,"long ,",-8.832209587097168,9.981762409210205,10.854815483093262,17.000000000000000
3.248,fair,-7.786531925201416,4.883614540100098,5.327848434448242,10.000000000000000
3.249,"hair ,",-9.155283570289612,8.300431728363037,9.322200298309326,18.000000000000000
3.250,which,-0.022303808480501,3.792090177536010,3.772900342941284,10.000000000000000
3.251,hung,-9.123292922973633,4.078922748565674,3.921092987060547,12.000000000000000
3.252,in,-1.304132699966431,3.197743654251098,3.540766000747681,14.000000000000000
3.253,curls,-14.036166429519653,7.051780223846436,8.435614585876465,17.000000000000000
3.254,on,-3.806055068969727,3.617385625839233,3.748443126678467,18.000000000000000
3.255,her,-0.996255993843079,4.405892848968506,5.093899250030518,20.000000000000000
3.256,"shoulders ,",-3.980448674876243,11.505863428115845,12.885408878326416,25.000000000000000
3.257,the,-2.468571186065674,3.996220588684082,4.508533954620361,6.000000000000000
3.258,snowflakes,-14.908560261130333,9.535408496856689,11.383742809295654,7.000000000000000
3.259,kept,-5.921165943145753,7.755885601043701,7.892601966857910,7.000000000000000
3.260,"landing ,",-19.535823464393616,7.858379125595093,7.761667013168335,12.000000000000000
3.261,but,-1.211378812789917,4.237809658050537,4.182669639587401,4.000000000000000
3.262,she,-1.370797395706177,2.691633462905884,3.079759836196899,7.000000000000000
3.263,did,-2.849152088165283,4.125923156738281,3.985774278640747,8.000000000000000
3.264,not,-3.348520755767822,4.365366935729980,4.332857131958009,9.000000000000000
3.265,notice,-5.726850986480713,3.318828105926514,3.143571615219116,11.000000000000000
3.266,them,-3.755069971084594,3.403585433959961,3.685866355895996,13.000000000000000
3.267,as,-2.636662244796753,4.641149997711182,4.585588932037354,14.000000000000000
3.268,she,-0.579196393489838,3.286572933197021,3.546827793121338,17.000000000000000
3.269,shivered,-11.686046004295349,12.465954065322876,12.589893579483032,18.000000000000000
3.270,along .,-4.225209681084380,11.032177448272705,11.526975870132446,26.000000000000000
3.271,She,-5.382365703582764,5.263646125793457,5.248893737792969,3.000000000000000
3.272,was,-3.158835887908936,5.061583518981934,4.715915679931642,4.000000000000000
3.273,losing,-8.407876908779143,10.049594402313232,9.624602794647217,7.000000000000000
3.274,strength,-9.250397682189940,3.825206756591797,4.475250244140625,9.000000000000000
3.275,and,-0.476069867610931,5.315294742584229,5.152933120727539,7.000000000000000
3.276,beginning,-7.011785030364990,4.167719841003418,3.917646884918213,9.000000000000000
3.277,to,-0.064817816019058,5.420641422271729,5.135720252990723,12.000000000000000
3.278,doubt,-8.464262962341309,4.453626155853272,4.078702926635741,14.000000000000000
3.279,she,-0.903469324111938,3.900226116180420,4.286623477935791,18.000000000000000
3.280,could,-1.740991711616516,4.791383743286133,4.624278068542480,19.000000000000000
3.281,weather,-8.199762344360353,4.692724227905273,4.519984722137451,21.000000000000000
3.282,this,-4.462150573730469,3.997794151306152,4.136115550994873,23.000000000000000
3.283,storm .,-2.170852287592425,10.177105188369751,11.414755105972290,28.000000000000000
3.284,It,-3.578969717025757,5.709035873413086,5.810785770416260,4.000000000000000
3.285,was,-1.976058006286621,5.259968757629395,5.210430145263672,5.000000000000000
3.286,New,-7.901832103729247,5.351123809814453,5.916374683380128,7.000000000000000
3.287,"Year 's ,",-5.182174492743798,18.128904104232788,19.219935894012451,20.000000000000000
3.288,and,-0.570003151893616,4.419722080230713,4.278611660003662,4.000000000000000
3.289,the,-1.879968523979187,4.246124744415283,4.215113639831543,7.000000000000000
3.290,girl,-7.442343711853027,3.885910272598267,3.986003875732422,8.000000000000000
3.291,asked,-5.448804378509521,6.331805944442749,6.071329474449158,8.000000000000000
3.292,herself,-5.998744726181030,9.191080093383787,9.405958652496338,10.000000000000000
3.293,"why ,",-4.921846181154251,7.990942001342773,7.860160112380983,24.000000000000000
3.294,as,-2.533669233322144,4.374773025512694,4.238248825073241,15.000000000000000
3.295,lights,-10.601941108703613,4.244494915008545,4.762981891632080,19.000000000000000
3.296,shone,-8.209649622440338,10.212397098541260,9.797922372817991,20.000000000000000
3.297,from,-2.036416053771973,2.577839136123657,2.449425697326660,22.000000000000000
3.298,every,-6.164545059204102,4.637587547302246,4.445822238922119,24.000000000000000
3.299,"window ,",-8.101747989654541,7.012270212173462,7.731267452239991,43.000000000000000
3.300,and,-0.509649395942688,4.066108226776123,4.007332324981689,19.000000000000000
3.301,the,-0.985902547836304,3.870032310485840,4.056473255157472,23.000000000000000
3.302,savory,-15.055661916732788,7.562677383422852,8.812922954559326,24.000000000000000
3.303,smell,-7.011108398437500,2.604516029357910,3.075393915176392,25.000000000000000
3.304,of,-0.043380327522755,3.765869855880737,3.734402179718018,24.000000000000000
3.305,roast,-9.033855795860289,12.907846927642822,15.203425645828247,26.000000000000000
3.306,goose,-12.968734264373779,7.447173595428468,8.811695098876953,27.000000000000000
3.307,crept,-8.573757449630648,5.084209561347961,4.958407402038574,23.000000000000000
3.308,out,-2.994567394256592,3.780803918838501,3.860479831695557,25.000000000000000
3.309,on,-3.319212436676025,3.686111927032471,3.654805898666382,26.000000000000000
3.310,the,-0.949797451496124,4.261308193206787,4.294600486755371,28.000000000000000
3.311,"streets ,",-4.785164674744010,9.232654571533203,9.733383178710938,44.000000000000000
3.312,she,-0.720274746417999,2.764656305313110,3.172187566757202,17.000000000000000
3.313,was,-2.322653055191040,3.848471641540527,3.820440769195557,18.000000000000000
3.314,outside,-8.022214889526367,3.941938638687134,4.049623489379884,21.000000000000000
3.315,all,-3.835280895233153,3.731577396392822,4.251930236816406,22.000000000000000
3.316,alone .,-15.688741683959961,12.315779447555542,12.396396160125732,43.000000000000000
3.317,"Exhausted ,",-8.702795805409549,18.873356103897095,19.258597850799561,7.000000000000000
3.318,she,-3.040105581283569,3.038031339645386,3.463723421096802,5.000000000000000
3.319,finally,-2.657772421538539,7.338475704193115,7.939682483673097,6.000000000000000
3.320,sat,-5.922247648239137,10.668888807296751,10.866450071334839,7.000000000000000
3.321,down,-0.318915724754333,3.850722789764404,4.365060806274413,9.000000000000000
3.322,in,-1.853403449058533,3.556735515594482,3.557112455368042,10.000000000000000
3.323,a,-1.413649082183838,4.256834983825684,4.993440151214600,13.000000000000000
3.324,corner,-4.452898502349854,3.050970077514648,3.776062965393066,14.000000000000000
3.325,behind,-6.558932304382324,3.601813316345215,3.893981933593750,14.000000000000000
3.326,the,-1.447552800178528,3.688508987426758,4.262589931488037,16.000000000000000
3.327,little,-7.146001815795898,4.224429130554198,5.075917243957520,17.000000000000000
3.328,bakery .,-10.476357136038132,11.034845829010008,12.084409475326538,25.000000000000000
3.329,She,-5.533744812011719,4.640637397766113,4.651361465454102,4.000000000000000
3.330,put,-7.034762382507324,5.848353862762451,5.836765766143799,5.000000000000000
3.331,a,-2.116357803344727,4.104545593261719,4.416993141174316,8.000000000000000
3.332,rag,-10.298141956329346,6.771623849868774,7.614140987396240,9.000000000000000
3.333,she,-0.400325685739517,3.783028125762940,4.044502735137940,11.000000000000000
3.334,had,-1.260985612869263,3.748685121536255,3.307282686233521,12.000000000000000
3.335,found,-5.410325527191162,3.860128879547119,3.507877588272095,14.000000000000000
3.336,over,-5.467704296112061,3.455389261245728,3.827355384826660,8.000000000000000
3.337,her,-2.113608598709106,4.179988861083983,4.468533992767334,10.000000000000000
3.338,legs,-6.004621028900146,4.194591045379639,4.735002994537354,11.000000000000000
3.339,to,-0.219295620918274,4.342093944549561,4.261425495147705,10.000000000000000
3.340,cover,-6.528938770294189,2.594183444976806,2.523972988128662,12.000000000000000
3.341,"herself ,",-7.100272119045258,11.358232498168945,12.174039125442505,17.000000000000000
3.342,but,-1.033175468444824,4.303299903869629,4.273321628570557,4.000000000000000
3.343,she,-0.810422956943512,3.305980205535889,3.710378646850586,7.000000000000000
3.344,could,-4.131784915924071,4.118401050567627,3.980089187622070,8.000000000000000
3.345,not,-3.184095382690430,4.654098033905028,4.695737361907959,9.000000000000000
3.346,keep,-3.882015466690064,3.447546005249023,3.281288146972656,11.000000000000000
3.347,off,-3.565340518951416,3.909531116485596,4.058501720428467,13.000000000000000
3.348,the,-1.131074666976929,3.439154148101806,3.666420698165894,14.000000000000000
3.349,cold .,-6.356121822143905,10.845022439956665,11.971805095672607,21.000000000000000
3.350,The,-1.335898160934448,5.764348506927490,6.119246482849121,4.000000000000000
3.351,"girl ,",-10.322811186313629,10.190046787261963,10.792847633361816,9.000000000000000
3.352,who,-0.113368816673756,3.013494014739990,2.945376873016357,7.000000000000000
3.353,the,-2.643132209777832,4.070050716400146,3.706013202667236,9.000000000000000
3.354,night,-7.243342399597168,5.567606449127197,5.648245811462402,10.000000000000000
3.355,air,-13.320354461669922,3.366181135177612,3.940484046936035,11.000000000000000
3.356,had,-4.167562961578368,4.447216987609863,4.297632694244385,10.000000000000000
3.357,completely,-10.036251068086131,6.774257898330688,7.480020523071289,12.000000000000000
3.358,"enveloped ,",-10.905441830283960,14.404176712036133,14.022374153137205,19.000000000000000
3.359,dared,-10.232394218444824,4.065608501434326,4.017612457275392,4.000000000000000
3.360,not,-3.676392555236816,3.828073978424072,3.763013124465942,5.000000000000000
3.361,go,-4.481529712677002,3.819032907485962,3.561655044555664,8.000000000000000
3.362,"home ,",-4.000940442085266,6.986050605773926,7.141733884811401,17.000000000000000
3.363,for,-4.613524436950684,4.199494361877441,4.072168827056885,9.000000000000000
3.364,she,-1.162056446075440,3.380812883377075,3.684636592864990,12.000000000000000
3.365,had,-1.711167454719544,3.460526466369629,3.412580013275146,13.000000000000000
3.366,sold,-6.381900787353517,3.415519237518311,3.294568300247192,15.000000000000000
3.367,no,-6.077127933502197,5.604080200195312,5.808213233947754,17.000000000000000
3.368,matches .,-9.641509546374436,15.522105932235718,16.522726058959961,22.000000000000000
3.369,Her,-7.633284568786621,5.591723918914795,6.054955482482910,3.000000000000000
3.370,father,-3.767491817474365,5.091779232025146,4.863159656524658,4.000000000000000
3.371,had,-3.078342914581299,5.084004402160645,4.903302669525146,4.000000000000000
3.372,been,-1.197912812232971,5.469015598297119,5.581524372100830,6.000000000000000
3.373,mean,-14.975880622863770,4.784021854400635,5.255530357360840,8.000000000000000
3.374,and,-5.215086936950684,4.829442024230957,4.524991512298584,9.000000000000000
3.375,moody,-11.463761925697328,7.866894960403442,8.876418113708496,10.000000000000000
3.376,ever,-4.931229352951050,9.424870967864990,9.648061752319336,10.000000000000000
3.377,since,-1.195486783981323,5.151819705963135,5.057978630065918,11.000000000000000
3.378,his,-3.160136699676514,4.423183441162108,4.659679412841797,14.000000000000000
3.379,wife,-4.205818176269531,4.501460552215576,4.990386486053467,15.000000000000000
3.380,had,-3.455520868301392,3.976758003234863,4.113671302795410,15.000000000000000
3.381,gone,-5.447840690612793,3.918654441833496,3.752253532409668,17.000000000000000
3.382,to,-0.270104259252548,5.135424137115479,5.024383068084717,20.000000000000000
3.383,meet,-4.300113677978517,4.442197322845459,4.493340015411377,22.000000000000000
3.384,her,-1.023941636085510,3.854495763778687,4.396478652954102,24.000000000000000
3.385,Maker .,-15.442634709557751,13.897956609725952,15.463707685470581,29.000000000000000
3.386,He,-3.187836170196533,5.476806640625000,5.781899452209473,3.000000000000000
3.387,would,-4.358211994171143,4.866199970245361,4.457189083099365,4.000000000000000
3.388,certainly,-4.436390510338242,8.700168609619139,8.945848464965820,6.000000000000000
3.389,beat,-9.584312438964844,4.780253887176514,4.548661708831787,7.000000000000000
3.390,"her ,",-8.924556255340576,8.181259632110596,8.694276332855225,18.000000000000000
3.391,as,-2.451065778732300,4.697806358337402,4.606707572937012,11.000000000000000
3.392,he,-2.005720615386963,3.957456827163696,4.201673984527588,14.000000000000000
3.393,has,-2.749905586242676,4.205480098724365,3.986443758010864,15.000000000000000
3.394,done,-1.633350372314453,4.497281551361084,4.335221290588379,17.000000000000000
3.395,several,-4.833750724792480,3.933930397033691,3.958960771560669,20.000000000000000
3.396,times,-3.681811809539795,3.241040229797364,3.436121463775635,22.000000000000000
3.397,in,-0.403856247663498,3.413187742233276,3.480351924896240,24.000000000000000
3.398,the,-1.095558404922485,3.528559923171997,3.732313871383667,26.000000000000000
3.399,weeks,-8.466129302978517,4.167181015014648,4.538403034210205,27.000000000000000
3.400,"past ,",-14.505070924758911,8.502744197845459,8.812592506408691,39.000000000000000
3.401,because,-1.743903398510611,7.707007884979247,7.884522676467895,13.000000000000000
3.402,she,-1.041614770889282,3.722692489624024,4.139898777008057,16.000000000000000
3.403,had,-2.940672874450684,4.006161689758302,4.000567436218262,17.000000000000000
3.404,not,-3.793730735778809,4.912216186523438,4.924514293670653,18.000000000000000
3.405,earned,-6.740511894226074,4.108317375183105,4.100488185882568,20.000000000000000
3.406,any,-3.002259731292725,4.725798606872559,4.775362491607666,22.000000000000000
3.407,money,-2.123387336730957,3.683176755905152,3.919404029846192,23.000000000000000
3.408,today .,-12.108114249000209,12.656896114349365,12.886104345321655,25.000000000000000
3.409,"Besides ,",-6.289614609748241,14.715988636016846,15.579819679260256,6.000000000000000
3.410,it,-2.711941719055176,4.200637817382812,4.572801113128662,5.000000000000000
3.411,was,-2.376801490783691,4.831524372100830,4.444416999816895,6.000000000000000
3.412,almost,-8.172369003295897,4.587720394134521,5.149998664855957,9.000000000000000
3.413,as,-4.675574302673340,4.694617271423340,5.355013370513916,10.000000000000000
3.414,cold,-10.537138938903807,4.888457775115967,5.513042449951172,11.000000000000000
3.415,at,-6.364559650421143,3.954295158386231,3.992678880691528,10.000000000000000
3.416,home,-13.573043823242188,3.924166202545166,4.119856357574463,11.000000000000000
3.417,as,-0.029186379164457,4.594430923461914,4.457543849945068,11.000000000000000
3.418,"outside ,",-20.543167114257812,9.435514926910400,9.495329380035400,21.000000000000000
3.419,for,-5.149842262268066,4.632476329803467,4.539162635803223,10.000000000000000
3.420,they,-4.804889678955078,3.498402118682861,3.983861207962036,13.000000000000000
3.421,had,-2.055568933486938,4.219142436981201,4.134954452514648,14.000000000000000
3.422,only,-5.492782592773438,4.932448387145996,4.826792240142822,16.000000000000000
3.423,a,-0.839510142803192,4.074908733367920,3.936281681060791,17.000000000000000
3.424,patchy,-11.215042233467102,10.821857690811157,11.428516149520874,18.000000000000000
3.425,roof,-4.983008749783039,9.382982492446901,10.550612688064577,19.000000000000000
3.426,to,-0.173284456133842,4.980080604553223,4.815730571746826,18.000000000000000
3.427,cover,-6.613204956054688,3.042428016662598,2.888748884201050,20.000000000000000
3.428,them .,-3.950316128786653,11.718009233474731,11.928954839706421,28.000000000000000
3.429,The,-1.335898160934448,5.764348506927490,6.119246482849121,4.000000000000000
3.430,girl 's,-11.966246540632710,17.089159250259399,18.085359334945679,11.000000000000000
3.431,little,-6.777255535125732,5.171525955200195,5.839637279510497,4.000000000000000
3.432,hands,-7.509003639221191,3.294660568237305,4.191971302032472,5.000000000000000
3.433,were,-2.417508602142334,4.424711227416992,4.447515010833740,4.000000000000000
3.434,almost,-4.938021659851074,5.138269901275635,5.300010681152344,6.000000000000000
3.435,frozen,-7.616859912872314,4.581219196319580,4.733841896057129,7.000000000000000
3.436,solid,-15.935834884643555,3.820729255676270,3.867857217788696,8.000000000000000
3.437,so,-4.798949718475342,4.257245540618896,4.215760707855225,7.000000000000000
3.438,she,-0.498212248086929,3.076192617416382,3.452707529067993,10.000000000000000
3.439,decided,-7.987262725830077,5.032881736755371,4.909162998199463,11.000000000000000
3.440,that,-1.954007267951965,4.349511623382568,4.241801261901856,13.000000000000000
3.441,a,-3.594197988510132,4.048534393310547,3.919462442398071,16.000000000000000
3.442,burning,-9.599511623382568,7.763866424560548,8.060063600540161,17.000000000000000
3.443,match,-5.762256622314452,3.282192707061768,3.811576128005981,18.000000000000000
3.444,might,-3.119144916534424,4.069006919860840,3.998732566833496,17.000000000000000
3.445,be,-0.976335704326630,4.489953517913818,4.317304611206056,19.000000000000000
3.446,of,-4.224180221557616,3.665437936782837,3.810363292694092,21.000000000000000
3.447,some,-4.754562854766847,4.654799461364746,4.866067886352539,23.000000000000000
3.448,good .,-4.919432542417780,12.571267843246460,12.937191724777222,28.000000000000000
3.449,`` Scratch ! '',-30.015222400306811,51.334764719009399,50.527020931243896,15.000000000000000
3.450,sounded,-11.244986385107039,10.237523078918457,9.953044414520264,3.000000000000000
3.451,the,-2.562239646911621,3.702355146408081,4.302497863769531,4.000000000000000
3.452,match,-9.445138931274414,3.710570335388184,4.663913249969482,5.000000000000000
3.453,as,-0.255188912153244,4.893412113189697,4.661619186401367,5.000000000000000
3.454,she,-3.406615257263184,3.063613176345825,3.901598453521729,8.000000000000000
3.455,drew,-6.273564815521240,8.380710601806639,8.214792013168335,9.000000000000000
3.456,it,-5.177151679992676,3.769409179687500,4.860630989074707,11.000000000000000
3.457,out .,-4.367485977709293,11.884829759597778,12.385736703872681,17.000000000000000
3.458,How,-6.075924396514893,5.675420761108398,5.895431995391847,4.000000000000000
3.459,it,-2.258903026580811,3.993232488632202,4.566637992858887,6.000000000000000
3.460,sputtered,-15.344540357589722,6.444067597389221,6.205407381057738,7.000000000000000
3.461,as,-1.969057083129883,4.396635055541991,4.206593513488770,9.000000000000000
3.462,it,-1.985463619232178,4.767158985137940,5.110429286956787,12.000000000000000
3.463,burnt !,-16.298418819904327,17.625523805618286,17.273781061172485,16.000000000000000
3.464,It,-3.463986396789551,5.483454227447510,5.923331260681152,3.000000000000000
3.465,gave,-6.865564823150635,5.745895385742188,5.431941032409668,4.000000000000000
3.466,a,-3.823935508728027,4.873525619506836,4.752244949340820,6.000000000000000
3.467,"warm ,",-7.754689216613769,10.621841907501221,10.629439830780029,15.000000000000000
3.468,candle-like,-16.547955025918778,21.401610374450684,23.800554752349854,9.000000000000000
3.469,bright,-10.306669235229492,5.227867126464844,5.878789424896240,10.000000000000000
3.470,light,-1.838307857513428,4.336116313934326,4.838724613189697,11.000000000000000
3.471,that,-0.063258454203606,3.853639841079712,3.671908617019653,14.000000000000000
3.472,the,-1.937127232551575,4.482726097106934,4.634872436523438,16.000000000000000
3.473,girl,-7.736115455627441,3.675194025039673,4.134155273437500,17.000000000000000
3.474,hid,-10.139451026916504,2.996330738067627,2.877388715744019,17.000000000000000
3.475,from,-2.132357120513916,2.753444433212280,2.650350093841553,19.000000000000000
3.476,the,-1.813746452331543,4.073844432830811,4.361830711364746,21.000000000000000
3.477,world,-6.407844543457031,4.662967681884767,4.790942192077637,22.000000000000000
3.478,as,-1.602326393127441,5.039562702178955,4.953788280487061,20.000000000000000
3.479,she,-0.257120251655579,3.450266599655152,3.904414176940918,23.000000000000000
3.480,held,-6.616355895996094,4.195314884185791,4.014266490936278,24.000000000000000
3.481,her,-1.568685412406921,3.314192771911621,3.766029834747314,26.000000000000000
3.482,hand,-4.174514293670653,3.642380714416504,4.467373847961426,27.000000000000000
3.483,over,-3.462857246398926,3.187864780426025,3.106817722320557,27.000000000000000
3.484,it .,-4.819706008216599,11.130207300186157,11.974766254425049,33.000000000000000
3.485,Why,-0.812973439693451,5.864612579345702,6.324057579040527,3.000000000000000
3.486,had,-6.137072563171388,4.913378715515137,5.238073348999023,4.000000000000000
3.487,no,-6.027889251708983,4.161933898925781,5.270226001739502,6.000000000000000
3.488,one,-1.607397675514221,4.573426246643066,5.404791831970215,7.000000000000000
3.489,wanted,-4.832379977218807,7.309743881225586,7.332620620727539,7.000000000000000
3.490,to,-0.002347453730181,4.703938961029053,4.651981830596924,10.000000000000000
3.491,buy,-3.145498752593994,5.308409214019775,5.268420219421387,12.000000000000000
3.492,even,-9.315893173217773,4.509315967559815,5.028714179992676,14.000000000000000
3.493,one,-3.622812271118164,4.707201480865479,4.877688884735107,15.000000000000000
3.494,match ?,-10.982067723060027,10.193275690078735,12.077745914459229,20.000000000000000
3.495,A,-3.903495788574218,6.528120040893555,7.088382244110107,3.000000000000000
3.496,wonderful,-10.459176063537598,6.015130043029785,6.195490360260010,4.000000000000000
3.497,"light ,",-10.499293565750122,8.450750112533569,8.494670391082764,8.000000000000000
3.498,it,-2.455104827880860,4.392661571502686,4.655004024505615,5.000000000000000
3.499,was,-2.735064029693604,4.042121887207031,3.704290628433228,6.000000000000000
3.500,really .,-4.859840672812424,15.238202333450317,15.963627576828005,14.000000000000000
3.501,It,-3.463986396789551,5.483454227447510,5.923331260681152,3.000000000000000
3.502,seemed,-6.892825661925598,7.757161378860474,7.532450437545776,4.000000000000000
3.503,to,-0.579076468944550,4.234946250915526,4.185294151306151,6.000000000000000
3.504,the,-5.089951992034912,4.145967960357666,4.118048191070557,8.000000000000000
3.505,girl,-9.130959510803224,3.945184230804443,4.351391315460205,9.000000000000000
3.506,that,-0.286842316389084,5.077867507934570,4.947062492370605,7.000000000000000
3.507,she,-1.963935375213623,3.822605609893799,4.401752948760986,10.000000000000000
3.508,was,-1.379438757896423,4.358332633972168,4.269409656524658,11.000000000000000
3.509,sitting,-5.613886833190918,3.843685626983643,3.979382514953613,13.000000000000000
3.510,by,-4.635197639465332,3.935893297195435,4.090227127075194,15.000000000000000
3.511,a,-1.970238327980041,4.390970230102538,4.764387607574463,18.000000000000000
3.512,large,-5.517589569091797,5.082823753356934,5.523265838623047,19.000000000000000
3.513,iron,-7.677065849304199,4.104199409484863,4.988201141357422,20.000000000000000
3.514,"stove ,",-10.664266943931580,8.210904836654663,9.074198484420776,39.000000000000000
3.515,with,-1.004754900932312,3.749300241470337,4.039453029632568,20.000000000000000
3.516,polished,-9.331060171127321,11.763454914093018,13.240670442581177,23.000000000000000
3.517,brass,-7.172302246093750,3.857990264892578,4.704104423522949,24.000000000000000
3.518,feet,-8.579185485839844,3.873124122619629,4.582628726959229,25.000000000000000
3.519,and,-0.568490564823151,5.348196983337402,5.619266986846924,23.000000000000000
3.520,a,-1.521732807159424,5.319646358489990,5.734812259674072,25.000000000000000
3.521,brass,-6.473518371582031,4.373084068298340,5.149833202362061,26.000000000000000
3.522,ornament .,-9.261559061887965,10.088393211364746,11.028310537338257,31.000000000000000
3.523,How,-6.075924396514893,5.675420761108398,5.895431995391847,4.000000000000000
3.524,the,-2.150234699249268,3.983274936676025,4.419335365295410,6.000000000000000
3.525,fire,-7.898349285125732,6.775196552276611,7.939125537872314,7.000000000000000
3.526,burned !,-12.350467681884766,11.645048618316650,11.396370649337769,10.000000000000000
3.527,The,-1.657068967819214,5.793336868286133,5.808848381042480,4.000000000000000
3.528,girl,-9.326698303222656,4.946514606475830,5.239361763000488,5.000000000000000
3.529,was,-1.951845169067383,5.337054252624512,5.624300956726074,5.000000000000000
3.530,pleased,-6.744192227866733,7.627227067947388,7.432117223739624,7.000000000000000
3.531,and,-2.631585359573364,4.400372505187988,4.061641693115233,3.000000000000000
3.532,the,-1.295500993728638,3.753582000732422,4.069619655609132,6.000000000000000
3.533,fire,-8.564185380935669,6.445922851562500,7.381976127624513,7.000000000000000
3.534,actually,-4.336402058584099,7.441303730010986,8.136570692062378,7.000000000000000
3.535,seemed,-6.367114539942121,7.475732564926147,6.995021104812622,8.000000000000000
3.536,so,-3.468088388442993,4.438203334808350,4.449627876281738,10.000000000000000
3.537,warm,-5.953822612762451,3.050191164016724,2.963757276535034,11.000000000000000
3.538,that,-1.332173109054565,4.528118133544922,4.382571697235107,11.000000000000000
3.539,the,-2.168571949005127,3.733147859573364,3.744200944900513,14.000000000000000
3.540,child,-4.611883163452148,3.879834651947021,4.353575706481934,15.000000000000000
3.541,stretched,-10.324666976928713,4.041395187377931,3.876879692077637,15.000000000000000
3.542,out,-0.371184766292572,3.903116464614868,4.230128765106201,17.000000000000000
3.543,her,-1.546578645706177,3.972083091735840,4.144247531890868,18.000000000000000
3.544,feet,-6.777569293975830,3.734942913055420,4.482500076293945,19.000000000000000
3.545,as,-5.125079154968262,3.573421716690063,3.689699172973633,19.000000000000000
3.546,if,-5.959444522857666,3.507920026779175,3.488976240158081,21.000000000000000
3.547,to,-1.184087276458740,3.915758609771729,3.746485471725464,24.000000000000000
3.548,warm,-7.988615989685059,2.395909309387207,2.193517446517944,26.000000000000000
3.549,"them ,",-9.977929115295410,8.066884279251099,8.571157455444336,47.000000000000000
3.550,when,-0.027640094980597,3.740984916687012,3.873819351196289,22.000000000000000
3.551,suddenly,-1.980128281022189,7.029387474060059,7.530765295028687,24.000000000000000
3.552,the,-1.004682064056396,4.003988265991212,4.309656620025635,26.000000000000000
3.553,flame,-5.914949983358383,9.869496583938600,11.194410085678101,27.000000000000000
3.554,of,-0.325562238693237,3.473496198654175,3.444795608520508,27.000000000000000
3.555,the,-1.303672194480896,4.479380607604980,4.715359210968018,29.000000000000000
3.556,match,-8.390424728393555,3.036873579025269,3.995509147644043,30.000000000000000
3.557,went,-4.071577072143556,7.546290874481201,7.714754343032838,26.000000000000000
3.558,out .,-3.398582548048580,11.294039964675903,11.605499029159546,33.000000000000000
3.559,It,-3.463986396789551,5.483454227447510,5.923331260681152,3.000000000000000
3.560,was,-2.173409461975098,5.336749553680420,5.024829864501953,4.000000000000000
3.561,a,-2.552393436431885,4.880175590515137,4.860284328460693,6.000000000000000
3.562,"short ,",-8.874347209930420,9.438705444335938,9.932085037231445,15.000000000000000
3.563,stubby,-14.010318040847778,8.623025417327879,9.186513900756836,9.000000000000000
3.564,match,-6.736441612243652,3.425794601440430,4.187569141387940,10.000000000000000
3.565,that,-0.084716729819775,3.190297126770020,3.018689393997192,13.000000000000000
3.566,the,-2.293823480606079,4.167608261108398,4.447601318359375,15.000000000000000
3.567,little,-7.233227729797362,5.139870643615723,5.673821449279785,16.000000000000000
3.568,girl,-2.659189224243164,4.234193325042725,4.685114860534668,17.000000000000000
3.569,next,-8.187094688415527,3.721699953079224,3.910400390625000,16.000000000000000
3.570,rubbed,-13.026614904403687,6.980527877807617,6.691281318664551,17.000000000000000
3.571,on,-1.233021616935730,2.815273046493530,2.669057846069336,19.000000000000000
3.572,the,-1.855481266975403,3.957084178924561,4.121156215667725,21.000000000000000
3.573,wall .,-4.150789577048273,11.724056005477905,12.533835887908936,26.000000000000000
3.574,It,-3.578969717025757,5.709035873413086,5.810785770416260,4.000000000000000
3.575,burst,-12.524140357971193,4.261723995208740,3.433221101760864,5.000000000000000
3.576,into,-0.417003452777863,3.810060501098633,3.541010379791260,7.000000000000000
3.577,a,-2.734715938568115,4.244276523590088,4.421839714050293,9.000000000000000
3.578,"flame ,",-6.485827803611755,16.151299476623535,17.048630714416504,13.000000000000000
3.579,and,-0.385106474161148,4.370391368865967,4.198802947998047,4.000000000000000
3.580,lo,-10.643808841705322,7.050840854644775,7.496078968048097,8.000000000000000
3.581,and,-6.325150012969972,4.907867908477783,4.802215099334717,9.000000000000000
3.582,"behold ,",-4.408118546009064,7.849022150039673,7.819913148880006,17.000000000000000
3.583,the,-1.900494933128357,3.579677343368530,3.987936496734619,9.000000000000000
3.584,girl,-5.849843025207520,3.209331274032593,3.611631393432617,10.000000000000000
3.585,was,-3.243219375610352,4.493499279022217,4.417411804199219,10.000000000000000
3.586,transported,-10.044684708118440,5.008387207984923,4.758091568946837,12.000000000000000
3.587,from,-2.491590738296509,3.859341144561768,3.766607284545898,14.000000000000000
3.588,her,-2.859335422515869,4.202336311340332,4.421364784240723,16.000000000000000
3.589,dank,-12.114051759243011,15.218335866928101,16.967177152633667,17.000000000000000
3.590,city,-8.307476043701174,4.357372760772705,4.850293159484863,18.000000000000000
3.591,to,-0.234817072749138,4.234551906585693,4.162481307983398,15.000000000000000
3.592,a,-2.800538063049316,5.133284091949463,5.106876373291017,17.000000000000000
3.593,"beautiful ,",-10.807930231094360,10.670928001403809,11.037215709686279,37.000000000000000
3.594,sunny,-6.035845756530763,5.279915332794189,5.846872329711914,20.000000000000000
3.595,forest .,-6.497721265070140,10.301161289215088,11.053457021713257,27.000000000000000
3.596,She,-5.533744812011719,4.640637397766113,4.651361465454102,4.000000000000000
3.597,heard,-8.160368204116821,9.270184516906738,8.871162652969359,5.000000000000000
3.598,the,-2.098337173461914,4.256267547607422,4.649106979370117,8.000000000000000
3.599,birds,-10.199204683303831,7.746405839920044,8.665992975234985,9.000000000000000
3.600,chirping,-10.536620996892454,12.985295534133911,12.767478466033936,9.000000000000000
3.601,and,-2.064800500869751,4.293583393096924,4.049097061157227,3.000000000000000
3.602,she,-1.333384156227112,2.866297483444214,3.273251295089722,6.000000000000000
3.603,was,-1.849642515182495,4.552268028259277,4.574841022491455,7.000000000000000
3.604,surrounded,-5.658437831400079,7.455771684646606,7.622371912002563,9.000000000000000
3.605,by,-0.095839999616146,3.580374717712402,3.548010110855103,11.000000000000000
3.606,wildflowers,-11.888102054595947,10.558586359024046,12.281469106674194,13.000000000000000
3.607,and,-3.414596080780029,4.621677398681642,5.024240970611572,14.000000000000000
3.608,birches,-13.982461690902710,13.756751775741575,15.320901393890381,16.000000000000000
3.609,as,-5.587666511535645,3.095154047012329,3.262778759002685,18.000000000000000
3.610,white,-6.560357570648192,4.705325603485107,5.354782581329347,21.000000000000000
3.611,as,-4.005125045776366,3.970495223999024,4.105425357818604,22.000000000000000
3.612,snow .,-7.917838043882512,11.383340358734131,12.451905965805054,29.000000000000000
3.613,A,-3.903495788574218,6.528120040893555,7.088382244110107,3.000000000000000
3.614,little,-7.060051918029785,6.224113464355469,6.535579681396483,4.000000000000000
3.615,squirrel,-12.993643760681152,3.904886960983277,3.948329925537109,5.000000000000000
3.616,hid,-9.163022041320801,4.029391288757323,3.765056371688842,5.000000000000000
3.617,some,-4.921161651611328,4.648143768310547,4.590603351593018,7.000000000000000
3.618,food,-5.360009193420410,3.863694667816162,4.491590976715088,8.000000000000000
3.619,in,-1.089030742645264,3.345180511474609,3.624166011810303,8.000000000000000
3.620,the,-0.697466790676117,4.244957923889160,4.702300071716309,10.000000000000000
3.621,ground,-3.915858268737793,3.758431911468506,4.383899688720703,11.000000000000000
3.622,and,-0.493171006441116,4.771870136260986,4.518352985382080,5.000000000000000
3.623,scurried,-12.705434620380402,5.107190132141113,5.134095668792725,7.000000000000000
3.624,off,-3.519173622131348,3.958273649215698,4.449888229370117,9.000000000000000
3.625,into,-2.079636096954346,3.245658159255981,3.183454751968384,10.000000000000000
3.626,the,-0.699768245220184,4.327429771423340,4.701028823852539,12.000000000000000
3.627,underbrush .,-9.478004306671208,15.679750204086305,17.410512447357178,17.000000000000000
3.628,The,-1.621047973632812,5.428258419036865,5.525089263916017,5.000000000000000
3.629,girl,-9.237796783447266,4.805201530456543,5.121475696563722,6.000000000000000
3.630,was,-1.712380886077881,5.314271450042725,5.547057628631592,6.000000000000000
3.631,"curious ,",-8.317704826593399,8.488241910934448,8.225964546203613,12.000000000000000
3.632,so,-4.102380275726318,4.740859508514403,4.532336235046387,5.000000000000000
3.633,she,-0.852127909660339,3.326522350311280,3.683204889297485,8.000000000000000
3.634,dug,-9.384081840515137,4.357256412506104,4.075098991394043,9.000000000000000
3.635,some,-5.613210201263428,4.049004554748535,4.423523426055908,11.000000000000000
3.636,squirrel,-13.567088127136230,3.712627649307251,4.444794654846191,12.000000000000000
3.637,food,-10.622581481933594,3.232556343078613,4.016525268554688,13.000000000000000
3.638,up,-1.466033935546875,3.720033168792725,4.179782867431642,12.000000000000000
3.639,to,-0.054716639220715,4.494973659515381,4.318910598754884,14.000000000000000
3.640,see,-2.848967790603638,4.202123641967773,4.029680728912354,16.000000000000000
3.641,what,-0.163542166352272,3.863993406295776,3.777894258499146,19.000000000000000
3.642,it,-2.373368740081787,4.160647869110107,4.543934822082520,21.000000000000000
3.643,"was ,",-1.085756003856659,8.426493167877197,8.241031885147095,25.000000000000000
3.644,but,-2.331964015960693,4.236742019653319,4.146664619445802,4.000000000000000
3.645,then,-1.853260636329651,3.895156860351562,4.006754875183105,7.000000000000000
3.646,she,-0.784358024597168,3.235415220260620,3.624014616012573,8.000000000000000
3.647,forgot,-5.852132320404053,4.416427612304688,4.434698581695557,9.000000000000000
3.648,to,-0.014407299458981,4.442349910736084,4.320446014404297,12.000000000000000
3.649,put,-4.777503967285156,4.713208198547363,4.665578365325928,14.000000000000000
3.650,it,-1.236554622650146,4.470029830932617,4.945146560668945,16.000000000000000
3.651,back .,-1.426819618936861,11.431346893310547,11.836071014404297,23.000000000000000
3.652,The,-1.657068967819214,5.793336868286133,5.808848381042480,4.000000000000000
3.653,squirrel,-14.495918273925779,5.146810531616211,5.462834835052490,5.000000000000000
3.654,came,-4.453925848007202,9.381175518035887,9.379280090332033,6.000000000000000
3.655,back,-1.931848764419556,3.549499511718750,3.954624652862549,8.000000000000000
3.656,and,-0.132048949599266,5.021487236022949,4.569262027740479,6.000000000000000
3.657,looked,-4.930188113823533,7.135193824768066,6.664585590362549,8.000000000000000
3.658,in,-3.331913232803345,3.490803718566895,3.504657268524170,10.000000000000000
3.659,its,-5.273608207702637,4.757115364074707,4.821933269500732,12.000000000000000
3.660,hiding,-11.179435332189314,7.877226591110229,9.311016082763672,13.000000000000000
3.661,"place ,",-4.434568434953690,8.767450332641602,8.956043958663940,17.000000000000000
3.662,but,-1.403203964233398,4.395469665527344,4.275723934173584,4.000000000000000
3.663,the,-1.265332460403442,3.831845998764038,3.861352443695069,7.000000000000000
3.664,food,-5.838163375854492,3.820019960403441,4.356384277343750,8.000000000000000
3.665,was,-0.654776334762573,4.452400207519531,4.419537067413330,8.000000000000000
3.666,nowhere,-6.010076284408568,7.450101137161255,7.859013795852661,10.000000000000000
3.667,to,-0.030703686177731,4.486485004425049,4.369884490966797,12.000000000000000
3.668,be,-0.718058407306671,4.583679199218750,4.535323143005371,14.000000000000000
3.669,found .,-1.591812813887373,11.730806350708008,11.953167200088501,22.000000000000000
3.670,Then,-3.504705190658569,5.118071556091309,5.653218269348145,4.000000000000000
3.671,the,-1.875716567039490,4.387779235839844,4.723347663879395,5.000000000000000
3.672,match,-8.826627731323242,3.749733924865722,4.493918895721436,6.000000000000000
3.673,went,-3.149086356163025,7.710786104202271,7.840112686157227,6.000000000000000
3.674,"out ,",-5.054041624069214,8.337010383605957,8.222214221954346,11.000000000000000
3.675,and,-0.257542252540588,4.491875648498535,4.344151020050049,4.000000000000000
3.676,it,-3.144842624664306,4.299906253814696,4.863576889038086,7.000000000000000
3.677,was n't,-4.598516225804360,18.233799934387207,18.185926914215088,17.000000000000000
3.678,the,-1.009984731674194,4.095263957977295,4.115464687347412,12.000000000000000
3.679,forest,-12.198171615600586,3.639511823654175,4.273921012878418,13.000000000000000
3.680,that,-0.006078092381358,3.363585710525513,3.143467187881470,14.000000000000000
3.681,remained,-6.596795082092285,4.445460319519043,4.340993404388429,16.000000000000000
3.682,before,-4.640450954437256,3.657024383544922,3.491618633270264,18.000000000000000
3.683,her,-5.005886077880858,4.323884487152100,4.616261482238770,20.000000000000000
3.684,eyes .,-7.278756273328327,11.276840686798096,12.382941007614136,27.000000000000000
3.685,It,-3.463986396789551,5.483454227447510,5.923331260681152,3.000000000000000
3.686,was,-2.173409461975098,5.336749553680420,5.024829864501953,4.000000000000000
3.687,only,-2.804753065109253,4.212018013000488,4.103634834289552,6.000000000000000
3.688,the,-2.237070083618164,3.505619287490845,3.732265472412109,7.000000000000000
3.689,"thick ,",-12.792614400386812,16.861752748489380,18.412426948547363,17.000000000000000
3.690,"damp ,",-11.246982097625732,9.602046489715576,9.796762943267822,21.000000000000000
3.691,cold,-5.201991081237793,5.523941040039063,5.774049758911133,12.000000000000000
3.692,wall .,-9.983736324124038,11.655272483825684,12.557064771652222,17.000000000000000
3.693,The,-1.657068967819214,5.793336868286133,5.808848381042480,4.000000000000000
3.694,girl,-9.326698303222656,4.946514606475830,5.239361763000488,5.000000000000000
3.695,looked,-6.516869068145753,7.607917785644531,7.270737648010254,5.000000000000000
3.696,despondently,-15.404428771231325,20.089891433715820,20.941966772079468,7.000000000000000
3.697,into,-3.425289869308472,3.567633390426636,3.652636528015137,8.000000000000000
3.698,the,-0.662754416465759,4.823520660400392,5.078712940216064,11.000000000000000
3.699,sky,-6.910303354263307,6.919310808181763,8.083624601364138,12.000000000000000
3.700,that,-0.009432747960091,3.882856607437134,3.969800233840942,13.000000000000000
3.701,was,-2.094817399978638,4.498436927795410,4.328566074371338,15.000000000000000
3.702,now,-4.550787925720215,4.692805767059326,4.915109634399414,17.000000000000000
3.703,fully,-6.225038528442383,5.566311836242676,5.922025680541992,18.000000000000000
3.704,darkened,-11.291434008860961,6.407205820083617,6.823466539382935,19.000000000000000
3.705,and,-2.721312999725342,4.664625167846680,4.559350013732910,3.000000000000000
3.706,suddenly,-2.995990273571806,6.919680595397949,7.519165754318237,6.000000000000000
3.707,she,-1.006232261657715,3.247104406356812,3.663748502731323,7.000000000000000
3.708,saw,-4.729816436767578,3.718319892883301,3.679131031036377,8.000000000000000
3.709,a,-4.237956047058105,4.562240123748778,4.781394958496094,12.000000000000000
3.710,star,-7.801473140716553,6.182413578033447,7.011501073837280,13.000000000000000
3.711,"fall ,",-15.853677272796631,6.482332468032838,6.394226551055908,26.000000000000000
3.712,leaving,-3.811398029327393,3.639952898025513,3.497520685195923,16.000000000000000
3.713,behind,-3.327941894531250,3.423568964004517,3.347166776657104,18.000000000000000
3.714,it,-3.518074512481689,3.606649875640869,4.433979034423828,20.000000000000000
3.715,a,-0.857687115669250,4.460406780242920,4.685430526733398,20.000000000000000
3.716,bright,-6.607174396514893,3.854452371597290,4.740332603454590,21.000000000000000
3.717,streak,-7.084058833308518,13.808531999588013,16.452248573303226,22.000000000000000
3.718,of,-0.211249932646751,3.820123434066773,3.848438978195190,21.000000000000000
3.719,fire .,-7.143495964002796,12.521171927452087,13.866623640060425,28.000000000000000
3.720,`` Someone,-9.036866124085920,24.990690231323242,25.199737071990967,7.000000000000000
3.721,is,-2.094537019729614,4.833961963653564,4.700543403625488,6.000000000000000
3.722,"dying , ''",-32.099777130875736,20.792484283447266,21.599426031112671,17.000000000000000
3.723,thought,-10.491894721984863,2.986916780471802,2.881065130233765,7.000000000000000
3.724,the,-3.098619461059570,4.496632099151611,4.632522583007812,8.000000000000000
3.725,little,-8.041950225830076,5.507325172424316,5.885344982147218,9.000000000000000
3.726,girl .,-1.889105225156527,11.116750955581665,11.325488328933716,18.000000000000000
3.727,It,-3.463986396789551,5.483454227447510,5.923331260681152,3.000000000000000
3.728,was,-2.173409461975098,5.336749553680420,5.024829864501953,4.000000000000000
3.729,her,-6.499969959259032,4.408077239990233,4.998889923095703,7.000000000000000
3.730,old,-6.304269313812256,8.131936311721804,8.967804193496702,8.000000000000000
3.731,"grandmother ,",-7.638480395078658,12.220954656600952,13.346821546554565,16.000000000000000
3.732,the,-1.731343030929565,4.340740680694580,4.957316875457764,11.000000000000000
3.733,one,-4.147146224975587,4.565831661224365,5.583246231079102,12.000000000000000
3.734,who,-0.092986717820168,3.085586071014404,3.108533859252930,13.000000000000000
3.735,had,-2.558682680130005,4.518988132476807,4.508266925811768,15.000000000000000
3.736,loved,-6.829730033874513,8.384381771087646,8.297873258590696,17.000000000000000
3.737,her,-0.797480463981628,4.122225284576416,4.453646659851074,19.000000000000000
3.738,the,-1.753736138343811,3.193850755691528,3.598742723464966,20.000000000000000
3.739,"most ,",-1.143233299255371,8.821795940399170,8.785069465637209,31.000000000000000
3.740,and,-0.941902458667755,4.272140979766847,4.254531860351562,11.000000000000000
3.741,the,-0.437959462404251,3.996783018112183,4.204140663146974,14.000000000000000
3.742,one,-1.302428722381592,4.463096141815186,4.738523960113525,15.000000000000000
3.743,who,-0.048186168074608,3.256640911102295,3.256790399551392,16.000000000000000
3.744,the,-3.075220823287964,4.246517658233643,4.147102355957031,18.000000000000000
3.745,girl,-4.123052120208740,3.370023727416992,3.919399261474610,19.000000000000000
3.746,used,-6.160513877868652,4.024888992309569,3.895131826400757,19.000000000000000
3.747,to,-0.007376458030194,4.513719558715820,4.412605285644531,22.000000000000000
3.748,visit,-5.405231475830078,3.880863189697266,3.737283945083618,24.000000000000000
3.749,every,-6.638018131256104,3.962524652481079,3.967875242233277,26.000000000000000
3.750,"Sunday ,",-9.950776338577271,8.754077434539795,9.182435035705566,36.000000000000000
3.751,who,-0.069761812686920,2.899661302566528,2.931089878082275,12.000000000000000
3.752,had,-2.451267004013061,4.119282245635986,3.995606660842896,14.000000000000000
3.753,told,-5.541013479232788,8.751354217529299,8.564861059188843,16.000000000000000
3.754,her,-0.290777653455734,4.039038658142090,4.289981365203857,18.000000000000000
3.755,that,-0.832790970802307,4.336800098419189,4.332670688629150,19.000000000000000
3.756,when,-0.012584207579494,3.985882520675659,4.319261074066162,23.000000000000000
3.757,a,-4.932802677154541,4.521688461303711,4.492994785308838,25.000000000000000
3.758,star,-8.684484481811522,5.988785266876222,6.447898864746094,26.000000000000000
3.759,"falls ,",-8.188210754655302,8.173577070236206,8.035267710685730,48.000000000000000
3.760,a,-4.301846504211427,4.250068664550781,4.286981582641602,24.000000000000000
3.761,soul,-9.543074607849119,3.661510705947876,4.315448760986328,25.000000000000000
3.762,leaves,-5.692270341329277,5.022281527519227,4.948308110237122,25.000000000000000
3.763,this,-8.334394454956055,2.948980569839477,2.858575344085693,27.000000000000000
3.764,earth .,-6.699601819491363,10.587741136550903,11.298915624618530,32.000000000000000
3.765,It,-3.578969717025757,5.709035873413086,5.810785770416260,4.000000000000000
3.766,was,-1.976058006286621,5.259968757629395,5.210430145263672,5.000000000000000
3.767,her,-6.132827281951903,4.525402069091797,4.926967620849608,7.000000000000000
3.768,last,-3.750472784042358,4.956981182098389,5.259097099304199,8.000000000000000
3.769,match,-7.547353267669678,3.298446416854858,3.804890871047974,9.000000000000000
3.770,that,-0.442799955606461,3.751875638961792,3.647527694702149,12.000000000000000
3.771,the,-2.213986873626709,4.122153282165526,4.589776515960693,14.000000000000000
3.772,little,-7.569744110107423,5.040033817291260,5.512698650360107,15.000000000000000
3.773,girl,-1.022355794906616,4.141798019409181,4.663497447967528,16.000000000000000
3.774,now,-5.445962905883789,4.489986419677733,4.794777393341064,15.000000000000000
3.775,rubbed,-13.209468126296995,7.376455307006836,7.078798770904541,16.000000000000000
3.776,on,-1.052942276000977,2.941137075424194,2.817481279373169,18.000000000000000
3.777,the,-2.129958391189575,4.000761032104491,4.230819702148438,20.000000000000000
3.778,wall,-4.287386894226073,3.404317140579224,4.160535812377931,21.000000000000000
3.779,and,-2.660893201828003,4.755644321441650,4.614775180816650,3.000000000000000
3.780,the,-2.265895843505860,3.902395725250244,3.981876134872437,6.000000000000000
3.781,light,-7.082030773162843,3.699932813644409,4.226750373840332,7.000000000000000
3.782,again,-4.003632545471191,4.058328151702882,4.355106353759767,7.000000000000000
3.783,shone,-7.387083113193513,10.325986385345461,10.040864706039427,8.000000000000000
3.784,round,-9.875468254089355,3.090921640396118,2.992777109146118,10.000000000000000
3.785,her .,-0.564664564677514,10.665311336517334,11.613108396530151,17.000000000000000
3.786,Her,-7.633284568786621,5.591723918914795,6.054955482482910,3.000000000000000
3.787,old,-6.609628200531006,9.059233188629150,9.148591995239258,4.000000000000000
3.788,grandmother,-7.162537097930907,7.357867956161499,7.753422498703003,5.000000000000000
3.789,in,-2.034023761749268,3.602002382278442,4.072593688964844,5.000000000000000
3.790,the,-1.991616725921631,3.638444900512695,4.254297733306885,7.000000000000000
3.791,brightness,-15.988205909729006,8.795352458953857,10.055967807769775,8.000000000000000
3.792,"stood ,",-12.598722100257874,16.094949722290039,16.502514600753784,13.000000000000000
3.793,loving,-8.642355442047121,7.880023002624513,7.816950082778932,8.000000000000000
3.794,in,-0.872934639453888,3.265518188476562,3.389342308044434,10.000000000000000
3.795,her,-1.759752631187439,4.336645603179932,4.892919063568115,12.000000000000000
3.796,appearance .,-10.853158057085238,11.303064584732054,12.529454708099365,17.000000000000000
3.797,The,-1.657068967819214,5.793336868286133,5.808848381042480,4.000000000000000
3.798,girl,-9.326698303222656,4.946514606475830,5.239361763000488,5.000000000000000
3.799,understood,-9.303401553013828,13.384695529937744,13.918326854705811,5.000000000000000
3.800,her,-3.435991525650024,3.875507116317749,4.510615348815918,9.000000000000000
3.801,grandmother,-6.191666126251222,7.363151073455810,8.196366071701050,10.000000000000000
3.802,would,-2.819856166839600,3.835583686828613,3.618421077728272,10.000000000000000
3.803,soon,-3.227917432785034,4.223174571990967,4.608929634094238,12.000000000000000
3.804,"disappear ,",-7.708835661411285,7.713867902755737,7.380205392837524,16.000000000000000
3.805,but,-0.758098840713501,4.349762916564941,4.289297103881837,4.000000000000000
3.806,she,-1.190620422363281,3.251866579055786,3.687176704406737,7.000000000000000
3.807,tried,-6.771546363830566,4.304569244384767,4.191582679748535,8.000000000000000
3.808,to,-0.043574247509241,5.159561634063722,4.952571868896483,11.000000000000000
3.809,play,-4.923961639404297,4.178159713745116,4.076320648193358,13.000000000000000
3.810,for,-2.495143413543701,3.594025373458862,3.538847684860229,15.000000000000000
3.811,time .,-7.967794213560410,12.129840373992920,12.658250808715820,23.000000000000000
3.812,"`` Grandmother , ''",-45.712461866432932,40.854990482330322,41.760576725006104,23.000000000000000
3.813,cried,-10.484681606292725,9.607527017593382,9.277582883834841,5.000000000000000
3.814,the,-1.958918929100037,3.724855184555054,3.615598678588867,6.000000000000000
3.815,little,-6.922168731689452,5.360343456268311,5.412620544433594,7.000000000000000
3.816,"one ,",-7.265995025634766,9.529612064361572,9.711025238037109,14.000000000000000
3.817,`` O,-11.092570126051442,17.032797336578369,17.433610200881958,17.000000000000000
3.818,take,-8.364181518554688,3.276533603668213,3.109662055969238,11.000000000000000
3.819,me,-4.794406890869142,3.936369895935059,4.048285484313965,13.000000000000000
3.820,with,-3.486934661865234,3.842690706253052,3.716325044631958,14.000000000000000
3.821,you !,-8.722113013267517,13.010969638824461,13.367056369781494,19.000000000000000
3.822,I,-4.953929901123047,5.363583564758301,5.224441051483153,3.000000000000000
3.823,know,-4.229628562927246,5.441252231597900,5.471749782562256,4.000000000000000
3.824,you,-3.079076528549194,3.405852794647217,3.756341457366944,8.000000000000000
3.825,will,-3.271102190017700,3.787144184112549,3.452285289764404,9.000000000000000
3.826,go,-4.062230587005615,5.092817306518555,4.954531669616699,11.000000000000000
3.827,away,-5.563867568969727,4.799412727355957,5.273712635040283,13.000000000000000
3.828,when,-0.092753149569035,4.038365840911865,4.181218624114990,15.000000000000000
3.829,the,-2.246329784393311,3.534228801727295,4.176581859588623,17.000000000000000
3.830,match,-8.056751251220701,3.426959037780762,4.290974140167236,18.000000000000000
3.831,burns,-9.275516615598463,8.309555053710938,8.079347372055054,18.000000000000000
3.832,out ! '',-19.567103961016983,22.489113330841064,23.039623260498047,29.000000000000000
3.833,The,-1.674321293830872,6.122092247009277,6.432260990142822,3.000000000000000
3.834,girl,-9.802327156066896,5.343674182891847,5.491635322570801,4.000000000000000
3.835,decided,-7.124450206756593,5.220005512237549,5.149244785308838,4.000000000000000
3.836,to,-0.018314190208912,5.557826519012451,5.507672786712647,7.000000000000000
3.837,light,-10.109758377075195,3.577091932296753,3.472998380661011,9.000000000000000
3.838,the,-0.856577515602112,3.523424863815308,3.933026313781737,12.000000000000000
3.839,whole,-6.330549240112305,5.041305065155028,5.396736621856689,13.000000000000000
3.840,bundle,-11.561601638793945,3.427288770675659,3.944570064544678,14.000000000000000
3.841,of,-0.020151292905211,4.524767875671387,4.444186210632324,13.000000000000000
3.842,"matches ,",-12.045308926142752,12.422003030776978,13.513278484344482,21.000000000000000
3.843,in,-5.959935188293457,3.727062940597534,3.861516237258911,8.000000000000000
3.844,order,-0.613568127155304,4.115281581878662,3.892416000366211,9.000000000000000
3.845,to,-0.004064276814461,4.999866485595703,4.818438529968262,12.000000000000000
3.846,keep,-3.001764774322510,4.272044658660889,4.126132011413573,14.000000000000000
3.847,her,-1.107573509216309,3.923715114593506,4.255143165588379,16.000000000000000
3.848,grandmother,-7.498579978942871,7.653561830520630,8.433292627334595,17.000000000000000
3.849,there .,-2.390142401796766,11.794638633728027,12.204653024673462,21.000000000000000
3.850,The,-1.657068967819214,5.793336868286133,5.808848381042480,4.000000000000000
3.851,girl,-9.326698303222656,4.946514606475830,5.239361763000488,5.000000000000000
3.852,saw,-7.501439094543457,4.602969169616699,4.474160671234131,5.000000000000000
3.853,the,-2.096688747406006,3.653501510620117,4.218163013458252,9.000000000000000
3.854,matches,-10.655903413891794,8.362345933914185,9.670690059661863,10.000000000000000
3.855,glowed,-12.343005210161207,10.171691417694092,9.964837551116943,10.000000000000000
3.856,with,-1.289060711860657,3.256700277328491,2.914156675338745,12.000000000000000
3.857,a,-1.486322402954102,4.765171051025392,5.177126407623291,15.000000000000000
3.858,light,-5.673735618591309,3.975781917572021,4.716526031494142,16.000000000000000
3.859,that,-0.003780006663874,3.091756582260132,3.102670669555664,17.000000000000000
3.860,was,-1.833760261535644,4.481836318969727,4.291925907135010,19.000000000000000
3.861,brighter,-9.470520973205566,3.451112747192383,3.543392181396484,21.000000000000000
3.862,than,-1.031138181686401,3.527724266052246,3.452800989151001,23.000000000000000
3.863,the,-0.944753348827362,3.734595537185669,3.825923442840576,25.000000000000000
3.864,"day ,",-8.195061236619949,12.396583080291748,12.774659872055054,29.000000000000000
3.865,and,-0.707591593265533,4.362785339355469,4.336914062500000,4.000000000000000
3.866,her,-3.806268930435181,4.585246562957764,4.986490726470947,7.000000000000000
3.867,grandmother,-7.060362339019775,7.119126081466675,7.743198633193970,8.000000000000000
3.868,had,-3.338108539581299,4.222324371337892,4.199312210083009,8.000000000000000
3.869,never,-2.656147241592407,3.121402740478516,3.199785947799683,10.000000000000000
3.870,appeared,-6.670736193656921,7.541005849838258,7.430416345596313,11.000000000000000
3.871,so,-2.204018115997314,5.108948230743408,5.005722999572754,14.000000000000000
3.872,large,-6.293759822845459,3.067390680313110,3.330454111099243,15.000000000000000
3.873,or,-5.433756351470947,4.690297603607178,4.626311779022217,14.000000000000000
3.874,so,-0.511968851089478,4.398819446563722,4.309242248535156,16.000000000000000
3.875,beautiful,-5.073262691497803,2.892473697662353,3.044424295425415,17.000000000000000
3.876,as,-2.282878637313843,4.518340587615967,4.477954864501953,14.000000000000000
3.877,she,-0.305312812328339,3.311243057250977,3.780144929885864,17.000000000000000
3.878,did,-3.101119756698608,3.240912914276123,3.145727634429932,18.000000000000000
3.879,in,-0.945438504219055,3.542807340621948,3.501219034194946,20.000000000000000
3.880,the,-1.085737943649292,4.309839248657227,4.428873538970947,23.000000000000000
3.881,light,-6.385186195373535,4.175083160400392,4.840993881225586,24.000000000000000
3.882,of,-0.004128979984671,3.381946086883545,3.341732501983643,24.000000000000000
3.883,the,-1.615107774734497,3.946017980575562,4.178071498870850,26.000000000000000
3.884,little,-7.033804893493652,4.770781993865967,5.348517417907715,27.000000000000000
3.885,matches .,-10.588752123469019,14.424621820449829,15.911829948425291,34.000000000000000
3.886,The,-1.657068967819214,5.793336868286133,5.808848381042480,4.000000000000000
3.887,grandmother,-13.622467041015625,8.602064847946169,8.587437391281128,5.000000000000000
3.888,then,-2.473212718963623,4.080042839050293,4.318809986114502,5.000000000000000
3.889,took,-4.869971752166748,4.919392108917236,4.792479038238525,6.000000000000000
3.890,the,-1.396621346473694,3.474170446395874,3.454097747802734,8.000000000000000
3.891,little,-8.402693748474121,4.766086578369142,4.979793071746826,9.000000000000000
3.892,girl,-1.443041920661926,4.017045497894287,4.442780971527100,10.000000000000000
3.893,in,-3.237468004226685,3.578836202621460,3.902344942092896,9.000000000000000
3.894,her,-2.489239454269409,4.039110183715819,4.473054885864258,11.000000000000000
3.895,"arms ,",-6.977730304002762,8.020555973052979,8.595519304275513,15.000000000000000
3.896,and,-0.450257182121277,4.184926033020020,4.102765560150146,4.000000000000000
3.897,they,-4.072050571441650,3.632967472076416,3.942625284194945,8.000000000000000
3.898,both,-12.060752868652346,4.780179023742676,4.936770439147949,9.000000000000000
3.899,flew,-6.488673835992812,8.140703201293945,7.761382579803468,10.000000000000000
3.900,upwards,-15.526656627655029,6.828216791152954,7.613190650939941,12.000000000000000
3.901,in,-1.416712403297424,3.161913394927979,3.178086042404175,13.000000000000000
3.902,brightness,-13.409266471862793,8.592736482620241,9.604254961013792,15.000000000000000
3.903,and,-2.971557855606079,5.034983634948730,5.298589706420898,16.000000000000000
3.904,joy,-5.122787237167358,6.324100971221924,6.931036710739137,17.000000000000000
3.905,far,-9.173112869262695,3.793033361434937,4.046725273132323,11.000000000000000
3.906,above,-10.437951087951660,3.963269948959351,3.996832847595215,13.000000000000000
3.907,the,-1.317412137985229,3.790579795837401,3.873228788375855,15.000000000000000
3.908,"earth ,",-15.866520881652832,7.914036512374878,8.458236694335938,29.000000000000000
3.909,where,-1.175079820182873,6.630423784255981,7.290811061859131,16.000000000000000
3.910,there,-4.194048404693604,4.395765304565431,4.622158050537108,18.000000000000000
3.911,was,-0.918743848800659,3.159774541854858,3.143402338027954,19.000000000000000
3.912,neither,-7.816723823547362,4.231913089752196,4.084626197814941,21.000000000000000
3.913,cold,-9.660159111022949,4.577620983123778,4.814748764038086,22.000000000000000
3.914,nor,-0.254511892795563,5.370385169982910,5.779881954193115,23.000000000000000
3.915,"hunger ,",-9.963914752006531,8.337578296661377,8.505002498626709,31.000000000000000
3.916,and,-1.036602377891540,4.020947456359863,3.995562314987183,8.000000000000000
3.917,the,-1.657878994941711,4.037878990173340,4.188158512115479,11.000000000000000
3.918,little,-5.727494239807129,4.363039493560791,4.779900550842285,12.000000000000000
3.919,girl,-0.982093691825867,3.291769742965698,3.750507593154907,13.000000000000000
3.920,felt,-5.260787010192871,3.715848684310913,3.704791545867920,12.000000000000000
3.921,safe,-6.106596946716309,2.602967739105225,2.524081230163574,14.000000000000000
3.922,and,-2.094796657562256,4.961100578308105,4.903501033782959,15.000000000000000
3.923,peaceful .,-6.901471247547306,9.423042774200439,9.622565746307373,22.000000000000000
3.924,In,-2.498104810714722,4.979888916015625,5.123459339141847,3.000000000000000
3.925,the,-1.174980878829956,4.413587093353272,4.546938419342041,6.000000000000000
3.926,dawn,-11.318466901779175,8.432502508163452,9.448627233505247,7.000000000000000
3.927,of,-0.006256754510105,3.747572660446167,4.193908691406250,7.000000000000000
3.928,the,-0.649312078952789,2.856641054153442,3.277621269226074,9.000000000000000
3.929,morning,-6.311111450195312,4.697463989257812,5.259182929992676,10.000000000000000
3.930,there,-4.379543781280518,5.417353630065918,5.887102127075195,4.000000000000000
3.931,lay,-9.111738204956056,2.823707342147827,3.165044784545898,5.000000000000000
3.932,the,-1.135016083717346,3.926265239715576,4.662978172302246,7.000000000000000
3.933,poor,-8.270925521850586,4.375432491302490,4.905948162078857,8.000000000000000
3.934,little,-6.254786491394043,5.025810241699219,5.686114311218263,9.000000000000000
3.935,"one ,",-6.750966608524323,8.847911119461060,9.584290981292725,17.000000000000000
3.936,not,-6.296480178833008,5.351079463958740,5.526519775390625,12.000000000000000
3.937,"frowning ,",-13.695399165153505,11.304987192153931,11.102279901504517,25.000000000000000
3.938,but,-1.944100975990296,5.000497341156006,4.970807552337647,13.000000000000000
3.939,smiling,-6.080118179321289,9.011761188507080,8.849119186401367,15.000000000000000
3.940,and,-2.021330833435059,4.985253334045410,4.947132587432861,10.000000000000000
3.941,with,-1.975644350051880,3.096973657608032,3.069809198379517,12.000000000000000
3.942,a,-2.295747280120850,3.730397224426270,3.973352432250977,14.000000000000000
3.943,pale,-8.741683959960938,4.509750366210938,5.223674774169922,15.000000000000000
3.944,face,-3.352664470672607,3.606026649475098,4.267112731933594,16.000000000000000
3.945,leaning,-10.895467758178713,6.733155965805054,6.649399042129517,8.000000000000000
3.946,against,-1.292880654335022,2.582094907760620,2.476640224456787,10.000000000000000
3.947,the,-1.050247669219971,3.809904098510742,4.069993019104004,12.000000000000000
3.948,"wall ,",-14.107491731643677,7.399386167526245,8.045028448104858,21.000000000000000
3.949,frozen,-8.811839103698730,3.556698560714722,3.615614414215088,10.000000000000000
3.950,and,-1.270098209381104,4.616852760314941,4.525583267211914,11.000000000000000
3.951,stone,-7.942311167716980,7.866340160369872,8.225517272949219,12.000000000000000
3.952,dead .,-10.307136937975883,11.160373926162720,11.943978548049927,20.000000000000000
3.953,`` She,-6.484538014344707,18.703498601913452,18.968699932098389,7.000000000000000
3.954,tried,-6.582601547241211,4.990660667419434,4.851398468017578,6.000000000000000
3.955,to,-0.045506022870541,5.088057041168213,5.221825599670410,9.000000000000000
3.956,warm,-10.017687797546387,3.338680744171143,3.179577350616455,11.000000000000000
3.957,"herself , ''",-24.480506236897781,25.109942436218262,25.977902412414551,22.000000000000000
3.958,said,-1.914427518844604,2.883972167968750,2.727309465408325,7.000000000000000
3.959,some .,-8.163820254907478,11.992611885070801,11.981095075607300,16.000000000000000
3.960,Children,-9.437514305114746,6.095860481262207,6.235791206359862,4.000000000000000
3.961,who,-0.073502674698830,3.100971937179565,2.928324222564697,6.000000000000000
3.962,saw,-8.201852798461914,5.255486011505127,4.866413593292236,8.000000000000000
3.963,her,-4.559930801391602,4.010306835174561,4.207315921783446,10.000000000000000
3.964,were,-1.362378358840942,4.632064819335938,4.470120906829834,4.000000000000000
3.965,asking,-6.910121440887451,8.039172172546388,7.754946708679199,6.000000000000000
3.966,their,-3.257723331451416,3.921578407287598,4.329541206359863,8.000000000000000
3.967,parents,-2.600537061691284,3.857434034347534,4.342703342437743,9.000000000000000
3.968,why,-0.788117587566376,3.816591262817383,3.986500740051270,10.000000000000000
3.969,no,-6.971470832824707,4.290699005126953,4.196227550506592,12.000000000000000
3.970,one,-0.438151746988297,4.661225795745850,4.591217041015625,13.000000000000000
3.971,helped,-8.672452961094677,6.600050687789918,6.503863096237183,13.000000000000000
3.972,the,-1.964802622795105,3.855465412139893,3.727298021316528,16.000000000000000
3.973,girl,-3.012033462524414,3.489383220672607,4.125569343566895,17.000000000000000
3.974,who,-0.075651794672012,3.193829059600830,3.236241579055786,18.000000000000000
3.975,they,-1.356680154800415,4.051154613494873,4.204141616821288,20.000000000000000
3.976,knew,-3.533096551895142,4.411576271057129,4.271277904510498,21.000000000000000
3.977,looked,-14.821885824203491,5.130839586257935,4.953492045402528,24.000000000000000
3.978,dirt,-10.043736457824707,4.132405281066895,4.723780155181885,27.000000000000000
3.979,poor,-8.824202537536621,3.166528463363647,3.359597444534302,28.000000000000000
3.980,and,-1.426300644874573,5.177283763885498,5.069342136383057,27.000000000000000
3.981,helpless .,-14.359703729453029,11.378182649612427,11.545300245285034,32.000000000000000
3.982,Passersby,-32.031308889389038,20.498482227325443,20.964522361755371,5.000000000000000
3.983,who,-0.092200621962547,2.745599746704102,2.868867397308350,7.000000000000000
3.984,saw,-6.089746475219727,4.337853908538818,4.041522026062012,9.000000000000000
3.985,her,-1.930204987525940,4.516844272613525,4.621915340423584,12.000000000000000
3.986,sitting,-5.575757980346680,4.521714210510254,4.257922172546387,13.000000000000000
3.987,motionless,-9.695549890398981,6.249042749404907,7.053103685379027,15.000000000000000
3.988,wished,-10.859349250793457,4.002728939056396,3.805119514465332,5.000000000000000
3.989,they,-3.105403423309326,3.702533721923828,3.912116527557373,9.000000000000000
3.990,could,-1.353143215179443,4.286442279815674,4.128331661224365,10.000000000000000
3.991,have,-3.138657808303833,4.834568500518799,4.772719383239746,12.000000000000000
3.992,helped,-6.113217746140434,6.805033206939697,6.660396814346313,14.000000000000000
3.993,the,-2.327136516571045,3.710029125213623,3.940217494964600,16.000000000000000
3.994,"girl ,",-4.115694195032120,8.127560853958130,8.546826839447021,20.000000000000000
3.995,but,-0.835283935070038,4.413912773132324,4.329037666320802,4.000000000000000
3.996,their,-4.825673580169678,4.786048889160156,4.851168155670166,7.000000000000000
3.997,good,-6.644457817077638,5.043767929077148,5.204271316528320,8.000000000000000
3.998,intentions,-5.131964102387427,8.285378932952879,8.584201335906982,9.000000000000000
3.999,were,-0.656802356243134,3.816261529922485,3.685558557510376,8.000000000000000
3.1000,a,-0.554005265235901,3.550566911697388,3.937812805175781,12.000000000000000
3.1001,day,-6.423385620117188,6.581523180007935,6.838062763214111,13.000000000000000
3.1002,late,-4.372036933898927,3.237004995346069,3.544493198394775,12.000000000000000
3.1003,and,-2.270053625106812,4.099200725555420,4.070922374725342,11.000000000000000
3.1004,a,-0.464119613170624,3.651135921478272,3.696112155914306,14.000000000000000
3.1005,dollar,-9.656288146972656,3.536342144012451,3.657759189605713,15.000000000000000
3.1006,short .,-4.359665257186861,10.935471296310425,11.292794704437256,20.000000000000000
3.1007,Other,-6.036368370056152,5.997591972351074,5.600097656250000,4.000000000000000
3.1008,people,-5.489650249481201,4.852918624877930,4.749613761901856,5.000000000000000
3.1009,suspected,-9.021159887313845,8.286369323730469,8.038945674896240,5.000000000000000
3.1010,the,-0.873651504516602,3.651702880859375,4.174684047698975,9.000000000000000
3.1011,girl,-8.359212875366211,3.830637216567993,4.312883853912354,10.000000000000000
3.1012,had,-1.665488958358765,4.666612148284912,4.559072494506836,10.000000000000000
3.1013,fallen,-5.413399219512940,4.465627193450928,4.259400844573975,13.000000000000000
3.1014,asleep,-1.455985128879547,6.585306167602539,7.681000709533691,15.000000000000000
3.1015,and,-0.322591215372086,5.126825332641602,4.868320941925049,13.000000000000000
3.1016,"frozen ,",-10.589707523584364,8.586447715759277,8.257183551788330,18.000000000000000
3.1017,but,-0.539537608623505,4.502395153045653,4.404644012451172,4.000000000000000
3.1018,no,-3.948174238204956,4.747588157653809,4.612681388854980,7.000000000000000
3.1019,one,-0.739725172519684,4.833861351013184,4.679433822631836,8.000000000000000
3.1020,imagined,-7.900490581989287,5.279351472854613,5.168769836425781,8.000000000000000
3.1021,what,-0.195188954472542,4.191926479339600,3.994288444519043,11.000000000000000
3.1022,beautiful,-14.281181335449221,4.267380714416504,4.233892440795898,12.000000000000000
3.1023,things,-4.433218717575073,6.639016389846803,7.252150058746338,13.000000000000000
3.1024,she,-0.835595130920410,3.705109357833862,3.854997396469116,13.000000000000000
3.1025,had,-2.430013656616211,3.487912654876709,3.292469501495361,14.000000000000000
3.1026,"seen ,",-8.296199083328247,12.285770893096924,12.163806676864624,26.000000000000000
3.1027,nor,-10.566303253173828,4.307116508483887,4.297801017761231,11.000000000000000
3.1028,into,-6.728252410888673,3.551843881607056,3.506670236587524,14.000000000000000
3.1029,what,-0.965401053428650,4.031028747558594,4.148960590362549,16.000000000000000
3.1030,glory,-13.449228286743164,3.850899934768677,3.990401029586792,17.000000000000000
3.1031,she,-0.543742418289185,3.747815370559693,4.031094551086427,16.000000000000000
3.1032,had,-1.613683462142944,3.673091650009155,3.621789932250977,17.000000000000000
3.1033,entered,-6.126742601394652,7.266032457351685,7.212327003479004,19.000000000000000
3.1034,with,-4.236265182495116,3.539314508438110,3.504337310791016,21.000000000000000
3.1035,her,-1.228192090988159,4.637297630310059,5.005473613739014,23.000000000000000
3.1036,"grandmother ,",-10.229523420333862,12.466763257980347,13.066798925399780,45.000000000000000
3.1037,on,-3.560814142227173,4.036543846130371,3.964106321334839,23.000000000000000
3.1038,New,-7.151875019073486,3.901237249374390,4.956783771514893,26.000000000000000
3.1039,Year 's,-0.502398530727078,10.654898524284363,12.694855690002441,55.000000000000000
3.1040,day .,-11.217392019869294,13.965054273605347,14.824158906936646,32.000000000000000
4.1,Once,-5.679238796234131,5.873926639556885,5.855613708496094,3.000000000000000
4.2,upon,-3.127811208367348,7.253787517547607,7.762433052062987,5.000000000000000
4.3,a,-0.830351650714874,3.053712129592896,3.068445444107056,7.000000000000000
4.4,time,-0.255034685134888,5.284879207611084,5.247482776641847,8.000000000000000
4.5,the,-1.857276082038880,3.898554325103760,4.479486942291260,4.000000000000000
4.6,birds,-8.002580642700195,7.340917587280273,8.184269905090332,5.000000000000000
4.7,took,-5.255810737609863,4.350834369659424,4.285005092620850,5.000000000000000
4.8,it,-4.472710609436035,2.886480331420898,3.677903175354004,7.000000000000000
4.9,into,-3.409441947937012,3.917610168457031,3.812850475311279,8.000000000000000
4.10,their,-2.264284610748291,4.273885250091554,4.420297622680664,10.000000000000000
4.11,heads,-5.177636623382568,3.587088584899902,4.438704967498778,11.000000000000000
4.12,that,-4.372229099273682,4.564459323883057,4.489410877227783,10.000000000000000
4.13,they,-1.034673929214478,3.179819822311401,3.810793399810791,13.000000000000000
4.14,would,-2.757854938507080,3.815417528152466,3.683931589126587,14.000000000000000
4.15,like,-4.716644763946533,3.499229907989502,3.498998165130615,16.000000000000000
4.16,a,-2.716272830963135,4.270565032958983,4.138774871826172,18.000000000000000
4.17,"master ,",-9.042500674724579,10.245884656906128,10.476006031036377,29.000000000000000
4.18,and,-1.570666670799255,4.065671443939209,4.037879943847656,11.000000000000000
4.19,that,-0.127162173390388,3.630183219909668,3.549276351928711,13.000000000000000
4.20,one,-3.979878664016724,3.970744132995605,3.852443218231201,17.000000000000000
4.21,of,-0.025364123284817,3.983076572418213,3.950909137725830,18.000000000000000
4.22,their,-2.121612071990967,3.837004899978638,4.100792407989502,20.000000000000000
4.23,number,-9.393026351928713,3.841784954071045,4.512343406677246,21.000000000000000
4.24,must,-6.414480209350586,3.928997278213501,3.910560131072998,17.000000000000000
4.25,be,-1.236648201942444,4.478733539581299,4.366609573364259,19.000000000000000
4.26,chosen,-5.537053344873129,7.808782339096068,7.960998296737671,21.000000000000000
4.27,king .,-11.598986562457867,12.965315341949463,13.249426603317261,28.000000000000000
4.28,A,-2.643487691879272,6.230627536773683,6.273311614990233,5.000000000000000
4.29,meeting,-6.517356872558594,5.182512283325195,5.373885154724121,6.000000000000000
4.30,of,-0.559187054634094,4.365337848663330,4.337198734283446,6.000000000000000
4.31,all,-4.578788757324219,5.937255382537843,6.009835243225098,8.000000000000000
4.32,the,-1.699965000152588,5.376579761505127,5.276436805725098,9.000000000000000
4.33,birds,-11.435955762863159,8.624051094055176,8.891927242279053,10.000000000000000
4.34,was,-1.689960956573486,4.559128761291504,4.682825088500977,5.000000000000000
4.35,called,-3.545669794082642,8.539132356643679,8.007970571517943,7.000000000000000
4.36,and,-1.638654232025146,4.279563426971436,4.081032752990724,3.000000000000000
4.37,though,-3.986855030059815,3.608825683593750,3.544875621795654,6.000000000000000
4.38,they,-2.662302017211914,3.460494279861450,3.540065765380860,9.000000000000000
4.39,understood,-8.244602484526695,12.607008457183838,12.803787231445312,10.000000000000000
4.40,the,-0.898180127143860,3.791187047958374,3.815871953964233,15.000000000000000
4.41,birds,-5.030883789062500,6.314432621002197,6.640589237213135,16.000000000000000
4.42,who,-2.943996667861938,2.732458591461182,2.839879512786865,17.000000000000000
4.43,were,-1.878685593605041,3.794668912887573,3.627538204193115,19.000000000000000
4.44,from,-4.774488449096680,4.132533073425293,4.002750396728517,21.000000000000000
4.45,the,-1.013258576393127,4.280665874481201,4.321153640747069,23.000000000000000
4.46,most,-8.534706115722656,5.303340911865233,5.539138317108153,24.000000000000000
4.47,distant,-6.786096572875977,8.014277935028076,8.010614395141603,25.000000000000000
4.48,lands,-3.414117336273193,3.534272670745850,4.000297546386719,26.000000000000000
4.49,would,-2.542831659317017,3.095945835113525,3.027428627014160,15.000000000000000
4.50,be,-0.727955639362335,4.215561389923097,4.082380771636963,17.000000000000000
4.51,unable,-5.599379539489746,4.251550197601318,4.356660366058350,19.000000000000000
4.52,to,-0.001981320790946,4.651689052581787,4.660346031188965,22.000000000000000
4.53,"come ,",-4.691081102937460,8.442135810852051,8.421935558319092,30.000000000000000
4.54,many,-5.105886936187744,3.976261854171753,3.975325345993042,8.000000000000000
4.55,birds,-5.647428274154662,6.596334457397461,6.961653232574463,9.000000000000000
4.56,came,-5.353263378143311,7.533487796783447,7.507845401763916,9.000000000000000
4.57,from,-1.721317291259766,4.076794147491455,4.021078109741212,11.000000000000000
4.58,faraway,-9.564916193485260,9.648520469665527,10.546069145202637,13.000000000000000
4.59,meadows,-11.351299621164801,10.508620500564577,11.411309957504272,14.000000000000000
4.60,and,-3.363503694534302,5.466166496276856,5.834265708923340,15.000000000000000
4.61,woods .,-6.512288544210605,10.344846487045288,11.105349540710449,21.000000000000000
4.62,The,-1.335898160934448,5.764348506927490,6.119246482849121,4.000000000000000
4.63,"eagle ,",-13.046261370182036,14.328114271163939,14.831432580947878,9.000000000000000
4.64,who,-0.580081939697266,2.986897230148315,2.985739469528198,7.000000000000000
4.65,already,-4.182260513305663,3.970996856689453,4.102788925170898,9.000000000000000
4.66,thought,-8.088369369506836,4.449065685272217,4.288594722747804,10.000000000000000
4.67,himself,-1.414368448778987,9.437765598297119,9.436380386352539,13.000000000000000
4.68,the,-3.206621170043945,4.163389205932616,4.224011421203613,14.000000000000000
4.69,de,-11.247009754180908,7.003493547439575,7.281460762023926,16.000000000000000
4.70,facto,-0.144418567419052,4.313863754272462,4.672088623046875,17.000000000000000
4.71,"king ,",-4.097882561618462,10.305274248123169,10.429656982421875,22.000000000000000
4.72,arrived,-7.134673924185336,7.414336204528809,7.613006353378296,4.000000000000000
4.73,fashionably,-11.695563025772572,11.364934444427490,12.021994590759276,6.000000000000000
4.74,late .,-4.560649033082882,10.265222311019896,10.528985023498535,11.000000000000000
4.75,It,-3.463986396789551,5.483454227447510,5.923331260681152,3.000000000000000
4.76,was,-2.173409461975098,5.336749553680420,5.024829864501953,4.000000000000000
4.77,a,-1.919326305389404,4.769528865814209,4.900617599487305,7.000000000000000
4.78,hawk,-11.145616769790649,6.608232259750366,7.098399877548218,8.000000000000000
4.79,who,-1.046106338500977,2.982745647430420,3.066019296646118,9.000000000000000
4.80,was,-3.010350227355957,5.084015369415283,4.790213108062744,11.000000000000000
4.81,most,-5.702118396759032,5.500611782073975,5.544438838958740,13.000000000000000
4.82,excited,-5.561371803283691,4.687890529632568,4.445247173309326,14.000000000000000
4.83,about,-0.250443130731583,3.521668195724488,3.314812898635864,16.000000000000000
4.84,the,-1.814593791961670,3.458343029022217,4.016388416290283,18.000000000000000
4.85,"meeting ,",-8.797268629074097,7.795451641082764,8.315978050231934,32.000000000000000
4.86,because,-1.610646605449801,9.419373035430908,9.625464916229248,15.000000000000000
4.87,he,-1.773506879806519,3.960689783096313,4.057128906250000,18.000000000000000
4.88,was,-1.588718891143799,3.531914472579956,3.483312368392944,19.000000000000000
4.89,the,-1.369850277900696,3.352941751480103,3.099964618682861,22.000000000000000
4.90,dark,-10.508059501647949,3.235383749008179,4.055529117584229,23.000000000000000
4.91,horse,-3.738994598388672,2.875504255294800,3.578432083129883,24.000000000000000
4.92,for,-2.647633552551269,3.617823600769043,3.504250526428223,23.000000000000000
4.93,king .,-9.525964971195210,14.983092784881592,15.603822708129883,29.000000000000000
4.94,The,-1.657068967819214,5.793336868286133,5.808848381042480,4.000000000000000
4.95,small,-7.916455745697021,5.544131278991699,5.930309295654298,5.000000000000000
4.96,fry,-10.699332237243652,8.219963788986206,8.655780315399170,6.000000000000000
4.97,came,-5.823235750198363,8.020065784454347,7.565753936767577,5.000000000000000
4.98,"too ,",-4.761519223451614,9.212673664093018,9.140543937683105,10.000000000000000
4.99,and,-0.688750922679901,4.512950420379639,4.395390987396240,4.000000000000000
4.100,the,-1.173701405525208,4.365032196044922,4.194313526153564,9.000000000000000
4.101,"robin ,",-14.816048830747604,12.647641658782959,13.916262149810791,19.000000000000000
4.102,the,-1.780968189239502,4.493962764739990,4.594605445861816,11.000000000000000
4.103,"bluebird ,",-16.447195172309875,13.251112937927246,13.800464630126953,23.000000000000000
4.104,the,-0.268400877714157,4.424273014068604,4.546983718872070,13.000000000000000
4.105,"owl ,",-11.294297039508818,11.330769300460815,11.404853820800781,27.000000000000000
4.106,the,-0.132065251469612,4.376227855682373,4.618260383605957,15.000000000000000
4.107,"lark ,",-10.275431275367735,14.777956485748291,15.897359848022463,31.000000000000000
4.108,and,-2.513546705245972,5.024529933929443,5.051006793975830,16.000000000000000
4.109,the,-0.469972968101502,4.095749855041504,4.452997684478760,18.000000000000000
4.110,"sparrow ,",-20.646009922027588,11.423593521118164,12.565665960311890,27.000000000000000
4.111,who,-1.596632719039917,2.448098421096802,2.654021739959717,11.000000000000000
4.112,had,-2.480778932571411,4.232190132141113,4.043692588806151,13.000000000000000
4.113,only,-4.856403350830078,3.675110578536987,3.710408926010132,15.000000000000000
4.114,a,-1.464291810989380,4.499882698059082,4.431816101074219,17.000000000000000
4.115,chance,-5.466189861297607,3.354099750518799,3.554759263992310,18.000000000000000
4.116,in,-2.915013313293457,3.120276689529419,3.125825643539429,18.000000000000000
4.117,a,-3.198213338851929,3.558542966842652,3.668942213058472,21.000000000000000
4.118,million,-3.121448755264282,4.287250518798828,4.339806079864502,22.000000000000000
4.119,to,-0.009498758241534,4.991822719573975,4.884240150451660,20.000000000000000
4.120,be,-3.786669969558716,4.620796680450440,4.501781940460205,22.000000000000000
4.121,"king ,",-17.570439577102661,11.016408443450928,11.324567556381226,36.000000000000000
4.122,were,-1.125320911407471,3.384320974349976,3.283223390579224,8.000000000000000
4.123,all,-4.102092742919922,5.080718040466309,4.947283744812012,9.000000000000000
4.124,present,-6.293216705322267,3.378481388092041,3.367326736450196,11.000000000000000
4.125,at,-1.141312122344971,3.042402267456055,2.971498727798462,13.000000000000000
4.126,the,-0.703015089035034,3.745813369750977,3.657887458801270,15.000000000000000
4.127,meeting .,-4.760378599501564,10.784134864807129,11.507386445999146,22.000000000000000
4.128,The,-1.335898160934448,5.764348506927490,6.119246482849121,4.000000000000000
4.129,"cuckoo ,",-18.091103076934818,22.358000755310055,23.394520044326782,9.000000000000000
4.130,who,-3.840502023696899,2.581210374832153,2.729549407958984,7.000000000000000
4.131,was,-2.888955593109131,4.131712913513184,3.814112424850464,9.000000000000000
4.132,almost,-5.609089374542236,4.327469825744629,4.740860939025879,11.000000000000000
4.133,not,-9.191030502319336,4.523183822631836,4.847044944763184,12.000000000000000
4.134,invited,-5.756050467451132,6.847748994827271,6.870004415512085,12.000000000000000
4.135,because,-1.078399777139566,8.830780506134033,8.881759643554688,14.000000000000000
4.136,his,-2.951128721237183,4.846756935119629,5.042110919952393,17.000000000000000
4.137,call,-9.229128837585449,4.017532348632812,4.559750556945801,18.000000000000000
4.138,so,-2.924841642379761,4.144868850708009,4.334366798400879,18.000000000000000
4.139,annoyed,-10.143811915069818,6.025768280029298,5.848405957221985,19.000000000000000
4.140,the,-1.894578576087952,3.911159992218018,3.848110437393189,21.000000000000000
4.141,other,-4.744399070739746,4.235241889953613,4.130386829376222,22.000000000000000
4.142,"birds ,",-9.689804739435202,10.362967967987061,10.764408826828003,29.000000000000000
4.143,came,-4.743729352951050,6.554740667343140,6.576785564422607,4.000000000000000
4.144,too .,-4.701317172875861,11.244217157363892,11.615439891815186,10.000000000000000
4.145,It,-3.463986396789551,5.483454227447510,5.923331260681152,3.000000000000000
4.146,was,-2.173409461975098,5.336749553680420,5.024829864501953,4.000000000000000
4.147,the,-0.653376162052155,4.403514862060547,4.427517890930176,7.000000000000000
4.148,very,-7.196820259094237,5.212577342987061,5.291720867156982,9.000000000000000
4.149,little,-7.207176685333253,4.726893424987793,5.218044281005858,10.000000000000000
4.150,bird,-7.925882577896117,6.688458919525146,8.010876417160034,9.000000000000000
4.151,who,-3.651281118392944,2.986391067504883,3.170924901962280,9.000000000000000
4.152,had,-2.547860145568848,4.165692806243896,4.087670326232910,11.000000000000000
4.153,no,-3.977666616439819,4.447870254516602,4.612804889678955,13.000000000000000
4.154,name,-6.523746967315674,4.261147499084474,4.652744293212892,14.000000000000000
4.155,at,-0.749614119529724,4.330322742462158,4.642386436462402,14.000000000000000
4.156,"all ,",-3.462045042077079,8.489449024200439,8.784839630126953,29.000000000000000
4.157,"however ,",-8.153070092110283,13.337392330169678,13.791677951812744,24.000000000000000
4.158,that,-2.501527070999145,3.309613943099976,3.163808107376098,11.000000000000000
4.159,would,-3.592366218566895,3.971858739852905,3.859863042831421,13.000000000000000
4.160,end,-6.348780632019043,4.441012382507324,4.194397926330566,15.000000000000000
4.161,up,-0.001246271422133,3.786134958267212,4.183405399322510,17.000000000000000
4.162,overturning,-9.942474707961082,6.034878492355348,5.889955997467041,19.000000000000000
4.163,the,-0.723427891731262,4.736384391784668,4.858989715576172,22.000000000000000
4.164,balance,-8.537103652954103,3.245405197143555,3.829674243927002,23.000000000000000
4.165,of,-0.110862486064434,4.227967739105225,4.190504074096681,23.000000000000000
4.166,power,-0.462252646684647,3.841430664062500,4.423093318939209,25.000000000000000
4.167,among,-7.316250801086426,3.641338348388672,3.616344690322876,22.000000000000000
4.168,the,-1.450137138366699,4.853215694427490,4.790771961212158,24.000000000000000
4.169,birds .,-7.441528967465273,15.901554107666016,16.287112236022949,29.000000000000000
4.170,That,-5.562295436859131,5.424548625946045,4.446222305297852,3.000000000000000
4.171,there,-4.168545722961427,5.402558803558350,5.368412971496582,6.000000000000000
4.172,would,-4.337567329406738,3.428638935089112,3.111571550369263,7.000000000000000
4.173,be,-0.052931264042854,4.762580394744873,4.376665115356444,9.000000000000000
4.174,great,-6.246609210968018,5.007168292999268,5.774255752563477,11.000000000000000
4.175,confusion,-5.670854568481445,3.611591100692749,3.956652879714966,12.000000000000000
4.176,and,-2.559373855590820,4.692647933959961,5.519431114196777,13.000000000000000
4.177,noise,-8.443508148193361,2.957284688949585,3.665234327316284,14.000000000000000
4.178,among,-2.333809375762939,4.034960269927979,3.895804166793823,12.000000000000000
4.179,the,-1.151861190795898,4.851135253906250,5.245126724243164,15.000000000000000
4.180,birds,-9.743568658828737,7.650680303573608,8.522697687149048,16.000000000000000
4.181,at,-2.667860507965088,3.794322252273560,3.919014930725098,16.000000000000000
4.182,the,-0.746752619743347,3.960869550704956,3.887746334075928,18.000000000000000
4.183,meeting,-5.885215759277344,3.318114280700684,3.784621477127075,19.000000000000000
4.184,was,-2.643138885498047,3.210348367691040,3.056376934051514,4.000000000000000
4.185,to,-0.042091216892004,3.554712295532227,3.463548421859741,7.000000000000000
4.186,be,-2.404027938842773,3.780889034271240,3.777237415313721,9.000000000000000
4.187,"expected ,",-6.512298822402954,8.361586570739748,8.241126537322998,23.000000000000000
4.188,given,-3.275081634521484,7.085603952407838,6.970560789108276,14.000000000000000
4.189,the,-0.342649430036545,4.098378181457520,4.019382953643799,17.000000000000000
4.190,sheer,-6.152091503143311,6.714804887771606,6.854104995727539,18.000000000000000
4.191,numbers,-5.169024467468262,3.524182319641113,4.141413688659668,19.000000000000000
4.192,of,-0.053377088159323,3.804983615875244,3.705056905746460,18.000000000000000
4.193,birds,-4.300683021545410,6.500374317169189,6.956355810165405,21.000000000000000
4.194,that,-0.175761997699738,2.703243494033813,2.696845531463623,23.000000000000000
4.195,have,-2.476462841033936,3.087879896163940,3.050077199935913,25.000000000000000
4.196,gathered .,-7.294591065263375,12.728852510452271,12.579038381576538,31.000000000000000
4.197,There,-4.349534034729004,6.268371105194093,6.359969139099121,4.000000000000000
4.198,was,-2.124554634094238,4.146286010742188,4.026563644409181,5.000000000000000
4.199,"piping ,",-18.310496926307675,10.621325492858887,10.690811634063721,16.000000000000000
4.200,"hissing ,",-20.408378243446347,17.299530506134033,19.266099929809570,20.000000000000000
4.201,and,-1.988641500473022,5.125205516815186,4.887787342071533,11.000000000000000
4.202,"clacking ,",-18.792178988456730,17.800311803817749,18.959069490432739,16.000000000000000
4.203,but,-1.099467039108276,4.168797016143799,4.044299125671387,4.000000000000000
4.204,finally,-4.391788218330476,6.709221601486206,7.393506526947021,7.000000000000000
4.205,it,-2.215962171554565,4.239465236663818,4.743007183074951,8.000000000000000
4.206,was,-0.930997967720032,3.370010375976562,3.180597305297852,9.000000000000000
4.207,decided,-6.467163562774657,4.940764904022217,4.866551399230957,11.000000000000000
4.208,that,-0.380211591720581,4.685741901397705,4.598668575286865,13.000000000000000
4.209,the,-0.805405497550964,4.439677715301514,4.404572486877441,17.000000000000000
4.210,bird,-7.679755330085754,6.580746173858643,7.066616296768188,18.000000000000000
4.211,that,-0.050390329211950,3.242293834686280,3.210744380950928,19.000000000000000
4.212,could,-4.850029945373535,4.381618976593018,4.215585708618163,21.000000000000000
4.213,fly,-6.043627738952638,2.959072113037109,2.724121809005737,23.000000000000000
4.214,the,-1.510763168334961,3.978481292724610,4.010751247406007,25.000000000000000
4.215,highest,-8.941310882568359,5.243718147277832,5.492664337158203,26.000000000000000
4.216,should,-4.555477142333983,3.973758697509766,3.915772199630737,17.000000000000000
4.217,be,-0.849712967872620,4.850513458251953,4.740149021148682,19.000000000000000
4.218,king .,-8.330941180873197,13.669414281845093,14.286503553390503,27.000000000000000
4.219,The,-1.657068967819214,5.793336868286133,5.808848381042480,4.000000000000000
4.220,little,-8.678413391113281,5.587557792663574,5.991897583007812,5.000000000000000
4.221,bird,-7.979355692863464,8.345844507217407,8.826321125030518,6.000000000000000
4.222,lay,-8.706399917602539,4.056469917297363,3.673030853271485,5.000000000000000
4.223,low,-3.460037946701050,3.281785249710083,3.514378786087036,7.000000000000000
4.224,near,-5.490510463714600,4.123234748840332,4.124436855316162,8.000000000000000
4.225,the,-0.879225254058838,4.404678821563722,4.795044898986816,10.000000000000000
4.226,eagle,-9.908066630363463,6.805881500244142,7.494096755981445,11.000000000000000
4.227,at,-2.651687383651733,3.996700048446655,4.003468990325929,9.000000000000000
4.228,"first ,",-8.077769964933395,9.435966491699219,9.679282188415527,14.000000000000000
4.229,but,-1.364292383193970,4.342735767364502,4.264440536499023,4.000000000000000
4.230,the,-1.238363742828369,3.406423568725586,3.650115966796875,7.000000000000000
4.231,eagle,-7.225993871688843,6.522973299026488,6.632051944732666,8.000000000000000
4.232,did,-3.834977149963379,4.073140621185304,3.889335632324218,8.000000000000000
4.233,not,-3.071443796157837,4.843797206878662,4.801982402801514,9.000000000000000
4.234,notice,-6.861218452453612,3.473013877868652,3.258961915969849,11.000000000000000
4.235,the,-1.466427087783814,4.068635463714600,4.386859893798828,14.000000000000000
4.236,bird,-5.602807879447937,6.749934434890747,7.174933433532715,15.000000000000000
4.237,hopping,-8.899088025093079,7.475287914276122,7.067770719528197,15.000000000000000
4.238,onto,-5.261515140533447,2.872435569763184,2.719633102416992,17.000000000000000
4.239,his,-3.318114519119263,4.504821300506592,4.809160232543945,19.000000000000000
4.240,back,-3.293575525283813,3.409873485565185,4.441863536834717,20.000000000000000
4.241,right,-10.482536315917967,2.902640819549561,3.253323554992676,18.000000000000000
4.242,as,-4.810857772827148,3.725450038909912,3.712370872497559,19.000000000000000
4.243,the,-1.957688570022583,4.039084911346436,4.401395797729492,22.000000000000000
4.244,competition,-9.696280479431152,3.334717512130737,3.973800182342529,23.000000000000000
4.245,was,-2.506819009780884,3.255245923995972,3.204942464828491,23.000000000000000
4.246,about,-8.231570243835451,2.920958995819092,3.129204750061035,26.000000000000000
4.247,to,-0.154200300574303,3.617630243301392,3.537582874298096,27.000000000000000
4.248,commence .,-8.212534770427739,10.959492921829224,11.207198381423950,35.000000000000000
4.249,Into,-11.725017547607422,11.720501899719238,11.126127243041992,3.000000000000000
4.250,the,-1.576651334762573,4.613447666168213,4.346146583557129,5.000000000000000
4.251,air,-8.444565773010254,5.138956069946289,5.542486190795898,6.000000000000000
4.252,in,-1.243554830551148,3.428338050842285,3.807903766632080,4.000000000000000
4.253,a,-3.155610322952271,4.775208473205566,5.063954353332520,6.000000000000000
4.254,great,-6.210412025451660,5.236917972564697,6.010633468627930,7.000000000000000
4.255,flock,-11.211750984191896,3.704346656799317,4.169975280761719,8.000000000000000
4.256,all,-5.135931968688965,5.262519359588623,5.172468185424805,5.000000000000000
4.257,the,-0.992407083511352,4.436806678771973,4.346840858459474,6.000000000000000
4.258,birds,-9.558841228485107,7.515442371368407,8.211106061935425,7.000000000000000
4.259,flew,-7.667048235423862,7.231247425079347,7.003038644790649,6.000000000000000
4.260,when,-0.267364829778671,3.372849225997925,3.746683359146118,9.000000000000000
4.261,the,-1.671237587928772,3.817819595336914,3.991479158401489,11.000000000000000
4.262,signal,-8.186552047729492,3.395928382873535,3.924472808837890,12.000000000000000
4.263,was,-0.779865503311157,3.769312143325806,3.717270374298096,12.000000000000000
4.264,given .,-5.781217424664646,15.146255493164062,15.036932945251465,20.000000000000000
4.265,The,-1.657068967819214,5.793336868286133,5.808848381042480,4.000000000000000
4.266,air,-8.075851440429688,5.010766506195068,5.608569622039795,5.000000000000000
4.267,was,-2.162531852722168,5.504033565521240,5.625065326690674,5.000000000000000
4.268,full,-3.150036573410034,4.755007743835449,4.262677192687988,7.000000000000000
4.269,of,-0.005445290356874,4.027230262756349,3.817571640014648,9.000000000000000
4.270,"dust ,",-6.814244776964188,11.866020441055298,12.227018356323242,14.000000000000000
4.271,and,-0.656877398490906,4.377398967742920,4.255215167999268,4.000000000000000
4.272,it,-2.937831640243530,4.232442855834962,4.665703296661377,7.000000000000000
4.273,seemed,-4.199921878636815,6.015755414962769,5.666206359863281,8.000000000000000
4.274,as,-1.248336076736450,4.654323101043701,4.654050350189209,10.000000000000000
4.275,if,-0.331566572189331,4.357747554779054,4.347772598266602,11.000000000000000
4.276,a,-3.199106693267822,4.645787715911865,4.683281421661377,14.000000000000000
4.277,black,-6.253348350524902,4.227982521057129,4.274369239807129,15.000000000000000
4.278,cloud,-4.521499156951903,2.532954931259156,2.910400390625000,16.000000000000000
4.279,were,-3.393591403961182,4.072417259216309,4.096783638000488,15.000000000000000
4.280,floating,-5.497088432312012,4.469048976898193,4.520539283752441,17.000000000000000
4.281,over,-1.991189599037170,3.739394426345825,3.677309751510620,19.000000000000000
4.282,the,-0.823048472404480,4.475948810577393,4.463676929473877,21.000000000000000
4.283,field .,-5.896781762130558,14.624745845794678,15.316775321960449,28.000000000000000
4.284,You,-6.294693946838379,4.853179931640625,5.210803031921387,3.000000000000000
4.285,could,-3.389269351959229,4.826610565185547,4.159263610839844,4.000000000000000
4.286,hear,-3.866317033767700,4.772263526916504,4.455653667449951,6.000000000000000
4.287,the,-2.226083755493164,3.303933858871460,4.084887027740479,9.000000000000000
4.288,birds,-8.254310131072996,8.199726343154907,8.992052793502806,10.000000000000000
4.289,chirping,-9.567692119628193,13.962594509124756,14.424169063568115,11.000000000000000
4.290,and,-0.632875442504883,5.747937202453612,5.506899833679199,11.000000000000000
4.291,flapping,-12.321061720256695,9.042425155639648,8.800107717514036,13.000000000000000
4.292,from,-4.484905242919922,4.041785240173340,3.913366079330444,5.000000000000000
4.293,fields,-11.602062225341795,3.341140747070312,3.667286634445190,8.000000000000000
4.294,that,-0.013192038983107,2.408564329147339,2.504452943801880,10.000000000000000
4.295,were,-1.830712080001831,4.205482959747314,4.151563644409181,12.000000000000000
4.296,miles,-9.841361045837402,4.025797843933105,4.320034027099608,14.000000000000000
4.297,away .,-4.032619657926261,11.316026687622070,11.528811216354370,20.000000000000000
4.298,The,-1.335898160934448,5.764348506927490,6.119246482849121,4.000000000000000
4.299,little,-8.687398910522461,5.445696353912354,6.004498004913330,5.000000000000000
4.300,birds,-8.830824017524721,8.296792745590210,8.547408342361450,6.000000000000000
4.301,that,-0.095447719097137,3.239794492721558,2.954114913940430,6.000000000000000
4.302,soon,-5.332093238830566,4.098161697387694,4.286538600921632,8.000000000000000
4.303,grew,-6.049860954284668,4.637729167938232,4.647678375244142,9.000000000000000
4.304,tired,-4.316627025604248,3.502782344818115,3.884795427322388,11.000000000000000
4.305,fell,-6.284255981445312,3.404642581939697,3.460025787353516,4.000000000000000
4.306,back,-2.497695922851562,3.153206110000610,3.707149267196655,6.000000000000000
4.307,quickly,-13.767362830229105,6.902271747589111,7.363006114959718,7.000000000000000
4.308,to,-1.752385735511780,3.122412681579590,3.014122009277344,7.000000000000000
4.309,earth .,-5.336284344550222,11.272960662841797,12.354996442794800,13.000000000000000
4.310,The,-1.335898160934448,5.764348506927490,6.119246482849121,4.000000000000000
4.311,fact,-8.607528686523438,5.052528381347656,4.937371253967285,5.000000000000000
4.312,that,-2.990239143371582,4.743545055389403,4.130427360534668,5.000000000000000
4.313,the,-1.615352630615234,3.835743904113770,4.221656322479248,9.000000000000000
4.314,larger,-9.031031608581543,4.659710884094238,5.172591209411621,10.000000000000000
4.315,ones,-5.839367866516112,4.653316497802733,4.942943096160889,11.000000000000000
4.316,held,-6.980841636657715,4.905330181121826,4.932037830352783,11.000000000000000
4.317,out,-2.593637466430664,4.236516475677490,4.190124511718750,13.000000000000000
4.318,"longer ,",-8.298038959503174,8.659447908401489,8.792599678039551,25.000000000000000
4.319,and,-1.245577335357666,5.379242420196533,5.324240684509277,12.000000000000000
4.320,flew,-10.937966942787170,6.332408428192139,6.147228002548218,14.000000000000000
4.321,higher,-4.906736373901367,5.297659397125244,5.365203380584717,17.000000000000000
4.322,and,-1.303646564483643,4.387202262878418,4.424034118652344,18.000000000000000
4.323,"higher ,",-1.622899867594242,8.189296483993530,8.273805141448973,27.000000000000000
4.324,but,-8.611716270446777,4.380958080291748,4.267549037933350,9.000000000000000
4.325,the,-1.328970670700073,3.393130540847778,3.331462383270264,12.000000000000000
4.326,eagle,-12.255331039428713,6.511717319488525,6.940285682678223,13.000000000000000
4.327,flew,-7.873124388977885,7.349416494369508,7.390618562698363,13.000000000000000
4.328,highest,-11.655746459960938,5.252355575561523,5.201202869415283,16.000000000000000
4.329,of,-0.959499239921570,3.478926658630371,3.444133996963501,17.000000000000000
4.330,"any ,",-6.401982545852661,8.845194339752197,8.801163196563721,22.000000000000000
4.331,surprised,-6.349987030029298,3.212110042572021,3.074010610580444,5.000000000000000
4.332,no,-4.807259559631348,5.196481704711914,5.039758682250977,7.000000000000000
4.333,one .,-0.367529818497133,10.752913236618042,10.621351003646851,13.000000000000000
4.334,Could,-3.735964760271600,8.955643415451052,9.333899259567259,2.000000000000000
4.335,anyone,-4.596940129995347,8.890017032623291,8.956789493560791,4.000000000000000
4.336,stop,-5.508831977844238,4.886030197143555,4.541877269744873,5.000000000000000
4.337,the,-0.839106082916260,3.519839763641357,4.395552635192871,8.000000000000000
4.338,eagle,-11.600715279579164,5.756448507308960,7.079390287399293,9.000000000000000
4.339,that,-0.376339852809906,3.616573572158813,3.500245809555054,10.000000000000000
4.340,seemed,-7.299076817929745,7.222862243652344,7.227910757064818,12.000000000000000
4.341,to,-0.020375233143568,4.942178249359131,4.892083168029785,15.000000000000000
4.342,be,-1.447733163833618,4.745658874511719,4.650941371917725,17.000000000000000
4.343,flying,-5.365276098251343,8.150521278381348,7.839150667190553,19.000000000000000
4.344,straight,-7.100979328155518,3.006452798843384,3.506842851638794,21.000000000000000
4.345,into,-2.949571371078491,3.210491418838501,3.173743009567261,22.000000000000000
4.346,the,-0.462743729352951,4.256100177764893,4.562988758087158,24.000000000000000
4.347,sun ?,-4.200482208980247,10.713291883468628,12.492487192153931,30.000000000000000
4.348,The,-1.657068967819214,5.793336868286133,5.808848381042480,4.000000000000000
4.349,other,-5.990189075469972,5.650732040405273,5.435985565185547,5.000000000000000
4.350,birds,-11.354103565216064,8.561340570449829,8.623848915100098,6.000000000000000
4.351,gave,-7.853293418884277,5.085165023803711,4.598876476287842,5.000000000000000
4.352,out,-2.721945762634277,4.395136833190918,4.377572059631349,7.000000000000000
4.353,one,-4.915663242340088,3.918953657150269,3.808672189712525,9.000000000000000
4.354,by,-2.069238424301147,3.715873241424561,3.688597440719605,10.000000000000000
4.355,one,-0.080769509077072,4.523840427398682,4.467000007629395,12.000000000000000
4.356,and,-2.293528318405152,4.517090320587158,4.328159809112549,3.000000000000000
4.357,when,-0.016378954052925,3.932067394256592,4.002166271209717,7.000000000000000
4.358,the,-1.264321208000183,3.598888635635376,3.718797922134400,9.000000000000000
4.359,eagle,-7.712492704391479,5.899297952651978,5.896498918533325,10.000000000000000
4.360,saw,-6.554039955139160,4.393220901489259,4.315653324127196,10.000000000000000
4.361,this,-6.142679214477539,3.763106584548950,3.631578445434569,12.000000000000000
4.362,he,-2.601505756378174,3.508355855941772,3.730398178100586,7.000000000000000
4.363,"thought ,",-7.764941692352295,7.752380371093750,7.554820299148560,17.000000000000000
4.364,`` What,-9.932931064904551,15.453102111816406,15.343203067779541,23.000000000000000
4.365,is,-1.728604555130005,3.467531204223633,3.442120313644409,14.000000000000000
4.366,the,-0.873163402080536,3.893750905990601,3.741324901580811,17.000000000000000
4.367,use,-8.478613853454590,3.735268115997314,4.163669109344482,18.000000000000000
4.368,of,-0.046201292425394,3.008542060852051,3.011079788208008,18.000000000000000
4.369,flying,-6.109185218811035,7.660297393798827,7.486790657043457,21.000000000000000
4.370,any,-5.585535526275635,3.666406869888306,3.943542957305908,23.000000000000000
4.371,higher ?,-11.039860005490482,10.586681604385376,10.703826665878298,29.000000000000000
4.372,This,-4.480857849121094,5.227885723114014,5.398105621337892,4.000000000000000
4.373,victory,-9.258980751037598,4.501107215881348,4.710412979125977,5.000000000000000
4.374,is,-1.727087736129761,4.947148799896240,4.675084590911865,5.000000000000000
4.375,in,-1.439512014389038,3.419680118560791,3.534376621246338,7.000000000000000
4.376,the,-2.525241851806641,3.263980388641357,3.340112447738647,9.000000000000000
4.377,bag,-7.558188438415527,3.490598440170288,4.027979373931885,10.000000000000000
4.378,and,-2.755863428115845,4.632029533386231,4.369739055633545,3.000000000000000
4.379,I,-3.585888385772705,3.523215055465698,3.900087594985962,6.000000000000000
4.380,am,-2.637653112411499,7.578886508941650,7.230959177017213,7.000000000000000
4.381,king ! '',-25.667785111814737,25.600286722183228,25.811518430709839,20.000000000000000
4.382,Then,-8.730118751525879,6.997014045715332,6.931038379669189,2.000000000000000
4.383,the,-1.578139543533325,4.451488971710205,4.692566394805908,4.000000000000000
4.384,birds,-8.911840915679932,8.616708993911741,9.240073442459105,5.000000000000000
4.385,below,-12.217868804931641,4.635693550109863,4.784564018249512,5.000000000000000
4.386,called,-8.963555335998535,8.675202608108519,8.611502170562744,6.000000000000000
4.387,with,-4.621448993682861,3.660305976867676,3.453084468841553,8.000000000000000
4.388,one,-5.636255264282227,4.311211109161377,4.081074714660645,10.000000000000000
4.389,"accord ,",-13.641265153884888,7.666916131973267,8.206489562988281,19.000000000000000
4.390,`` Come,-18.269603848453926,16.561962366104126,16.389649868011475,25.000000000000000
4.391,"back ,",-1.937811382114887,7.637404441833496,7.620928525924684,26.000000000000000
4.392,come,-5.524944782257080,2.783823966979980,2.686486244201660,14.000000000000000
4.393,back !,-3.080461725592613,10.719850540161133,10.549950599670410,22.000000000000000
4.394,It,-3.463986396789551,5.483454227447510,5.923331260681152,3.000000000000000
4.395,is,-1.861014366149902,5.339915752410889,4.722030639648438,4.000000000000000
4.396,you,-10.003030776977539,4.915726661682129,5.078584194183350,7.000000000000000
4.397,who,-0.036602210253477,3.135019302368164,3.239085912704468,9.000000000000000
4.398,must,-5.098330974578857,5.118649005889893,4.947558879852295,11.000000000000000
4.399,be,-1.904183268547058,5.714928150177003,5.376021862030028,13.000000000000000
4.400,our,-5.043460369110107,3.847392082214356,4.041049003601073,15.000000000000000
4.401,king,-6.388540744781494,6.489163160324098,7.339485645294189,16.000000000000000
4.402,because,-4.801649800632731,8.523784160614014,8.757360696792603,5.000000000000000
4.403,no,-4.958738327026367,3.419972419738769,3.306801080703736,8.000000000000000
4.404,one,-0.939971089363098,3.521145820617676,3.301489353179932,9.000000000000000
4.405,can,-1.737085938453674,4.466896533966064,4.398668766021729,9.000000000000000
4.406,fly,-8.169301033020020,3.157700300216675,3.072033166885376,11.000000000000000
4.407,as,-5.275329113006592,4.602605342864990,4.653654098510742,13.000000000000000
4.408,high,-3.403632640838623,3.641654014587401,3.759545564651489,14.000000000000000
4.409,as,-1.689102172851562,3.644619941711426,3.647533655166626,14.000000000000000
4.410,you . '',-15.756511826068161,23.335240602493286,23.241534709930420,27.000000000000000
4.411,`` Except,-9.309996125470207,20.670159816741943,20.465938568115234,6.000000000000000
4.412,me ! '',-26.697709292173386,22.483464717864990,24.383241415023804,15.000000000000000
4.413,cried,-13.227671906352045,13.851427555084227,12.916216850280762,4.000000000000000
4.414,a,-2.866313457489014,5.184434890747070,5.289746761322021,5.000000000000000
4.415,"shrill ,",-14.406155824661255,10.762052059173584,11.272871971130371,13.000000000000000
4.416,shrill,-8.152498245239258,5.151406288146973,5.641521930694580,8.000000000000000
4.417,"voice ,",-2.549522101879120,7.185930967330933,7.463320493698120,12.000000000000000
4.418,and,-2.499257802963257,4.512124538421631,4.360524654388429,4.000000000000000
4.419,out,-6.634547233581543,3.933710098266602,4.044718742370605,7.000000000000000
4.420,of,-1.334608316421509,3.344345808029175,3.240490198135376,9.000000000000000
4.421,the,-1.498132467269898,3.708564281463623,3.835321187973023,11.000000000000000
4.422,blue,-5.182814598083496,4.444444179534912,5.330456733703613,12.000000000000000
4.423,the,-1.073507308959961,4.182051181793213,4.598705768585205,9.000000000000000
4.424,little,-5.601030349731445,4.785345554351807,5.463220119476318,10.000000000000000
4.425,bird,-6.984475731849670,6.362026214599608,7.445184707641602,11.000000000000000
4.426,without,-6.023432075977325,7.699522256851196,7.892400503158568,10.000000000000000
4.427,a,-1.190294384956360,4.307468414306642,4.507049083709717,12.000000000000000
4.428,name,-6.884181499481201,4.202562808990479,4.672688961029053,13.000000000000000
4.429,rose,-8.138185501098633,3.252930879592896,3.133749723434448,9.000000000000000
4.430,from,-1.987920045852661,3.241482496261597,3.208797216415405,11.000000000000000
4.431,the,-0.729773521423340,4.538555622100830,4.593803882598877,15.000000000000000
4.432,eagle 's,-8.891186251776162,16.737690925598145,18.972436904907227,33.000000000000000
4.433,"back ,",-5.484575033187866,7.452389001846313,8.851079463958740,29.000000000000000
4.434,where,-0.006302165187662,7.204565286636353,8.055843353271483,17.000000000000000
4.435,he,-2.028138637542725,3.305613040924072,3.969396352767944,19.000000000000000
4.436,had,-2.256229877471924,4.248809814453125,4.276141166687012,20.000000000000000
4.437,lain,-12.693206191062927,7.185005426406860,7.276283264160156,22.000000000000000
4.438,hidden,-8.791582107543945,3.771342754364014,3.665978431701660,24.000000000000000
4.439,in,-1.091863632202148,3.129299879074097,3.111608028411865,26.000000000000000
4.440,the,-1.488017201423645,4.090937614440918,4.621099948883057,28.000000000000000
4.441,feathers .,-9.420630013220944,10.798383474349976,11.751866340637207,35.000000000000000
4.442,His,-5.286294937133789,5.782609939575195,6.055203914642334,4.000000000000000
4.443,guile,-12.325420618057251,13.664786815643311,14.453590869903564,5.000000000000000
4.444,was,-1.657183647155761,4.574485778808594,4.817327499389648,5.000000000000000
4.445,the,-1.458068490028381,4.488341331481934,4.680814266204834,8.000000000000000
4.446,ace,-11.269608020782471,6.780739307403564,7.451735734939575,9.000000000000000
4.447,up,-9.269527435302734,3.204770565032959,3.728128194808960,9.000000000000000
4.448,his,-3.308768510818481,4.885278224945068,5.332868576049805,11.000000000000000
4.449,"sleeve ,",-3.871122062206268,11.475367069244385,12.319101810455322,15.000000000000000
4.450,and,-0.461487293243408,4.235038280487061,4.139133453369142,4.000000000000000
4.451,he,-1.101433396339417,3.846939802169800,4.128042221069337,7.000000000000000
4.452,laughed,-9.018530130386351,7.853578567504883,7.983567953109741,8.000000000000000
4.453,to,-5.906136512756348,3.071253299713135,2.941367864608765,10.000000000000000
4.454,himself,-3.689019143581390,8.795755624771116,8.902263164520264,12.000000000000000
4.455,at,-0.973220109939575,3.773600816726685,3.741234302520752,11.000000000000000
4.456,how,-0.091024123132229,5.543005943298340,5.443504810333252,14.000000000000000
4.457,easy,-6.366855621337892,3.194486379623413,3.454238414764404,16.000000000000000
4.458,it,-1.670323133468628,4.400041580200195,4.715222358703613,16.000000000000000
4.459,had,-3.236231803894043,3.903190135955811,3.751785516738892,17.000000000000000
4.460,been,-0.361813485622406,3.856403827667236,3.800274610519409,19.000000000000000
4.461,to,-0.038455493748188,4.760018348693848,4.642456531524658,22.000000000000000
4.462,outwit,-10.609691165387630,9.706045150756836,10.189357519149778,24.000000000000000
4.463,the,-2.011837482452393,4.108662605285645,4.076203346252441,26.000000000000000
4.464,other,-4.401914596557617,4.459636688232422,4.454474449157715,27.000000000000000
4.465,birds .,-8.722837948938832,13.906728744506836,14.752354860305786,34.000000000000000
4.466,Higher,-10.486399650573730,4.254469871520996,4.637607574462892,4.000000000000000
4.467,and,-4.058440208435059,5.284487724304199,4.910393238067627,5.000000000000000
4.468,higher,-1.376335859298706,4.749683856964111,4.874198436737061,6.000000000000000
4.469,he,-3.550778388977051,3.486383676528931,3.577590703964233,5.000000000000000
4.470,"mounted ,",-18.697928458452225,12.382779598236084,11.990489721298218,13.000000000000000
4.471,until,-4.852683544158936,4.540036201477051,4.238770008087158,9.000000000000000
4.472,he,-1.039948940277100,3.746551513671875,3.800349473953247,12.000000000000000
4.473,was,-1.807158708572388,4.103034496307373,3.923584222793579,13.000000000000000
4.474,lost,-6.982692241668701,4.467805862426758,4.316328525543213,15.000000000000000
4.475,to,-1.916477918624878,3.861769437789917,3.653453350067138,17.000000000000000
4.476,"sight ,",-10.309171468019485,9.327198982238770,9.768060207366943,22.000000000000000
4.477,and,-0.706239938735962,4.129324436187743,4.058503150939941,4.000000000000000
4.478,then,-2.757452249526977,4.033449649810791,4.026036262512207,7.000000000000000
4.479,folding,-22.538406372070309,4.973398208618164,5.012320041656494,8.000000000000000
4.480,his,-1.250429391860962,4.634053707122803,4.946112155914307,10.000000000000000
4.481,wings,-7.729457497596741,7.106142044067383,8.052382469177246,11.000000000000000
4.482,"together ,",-8.837448954582214,8.029455661773682,8.228466987609863,19.000000000000000
4.483,he,-0.544648766517639,3.796484708786010,3.938406467437744,10.000000000000000
4.484,sank,-7.065080165863037,6.911385774612428,6.916057825088501,11.000000000000000
4.485,to,-2.514068126678467,3.178045511245728,3.106115341186523,13.000000000000000
4.486,earth,-7.166477680206299,4.129970073699951,5.137113094329834,15.000000000000000
4.487,crying,-7.164966081036256,6.181560754776001,5.922532081604004,15.000000000000000
4.488,"shrilly ,",-22.958996295928952,10.312054157257080,11.046265363693237,34.000000000000000
4.489,`` I,-10.929560512221542,16.056468248367310,15.866371393203737,33.000000000000000
4.490,am,-4.111475348472595,6.330970287322997,6.216747283935548,19.000000000000000
4.491,"king ,",-10.875438928604126,9.912960052490234,10.068804025650024,38.000000000000000
4.492,I,-0.465054959058762,3.149792671203613,3.107214927673340,20.000000000000000
4.493,am,-1.936115354299545,6.117416381835938,6.033149480819702,21.000000000000000
4.494,king ! '',-23.984239421086386,23.191535711288452,23.439188957214355,36.000000000000000
4.495,The,-1.335898160934448,5.764348506927490,6.119246482849121,4.000000000000000
4.496,eagle,-12.365633487701414,8.812560319900511,8.788259267807009,5.000000000000000
4.497,tricked,-10.961864471435547,6.469811439514160,6.587997913360597,5.000000000000000
4.498,by,-2.574660778045654,3.676184654235840,3.976176977157593,7.000000000000000
4.499,the,-0.756823956966400,3.852976322174072,4.241092205047607,9.000000000000000
4.500,little,-8.055995941162111,5.217658996582031,5.651173114776611,10.000000000000000
4.501,bird,-5.853622913360597,7.337852239608765,7.693134069442749,11.000000000000000
4.502,had,-4.266731739044189,4.075231552124023,4.059184551239014,5.000000000000000
4.503,not,-6.423082828521729,4.751989364624023,4.925432682037354,6.000000000000000
4.504,sensed,-9.963199228281155,6.150914192199707,5.818459272384644,8.000000000000000
4.505,the,-0.503992378711700,4.028851985931396,4.244742393493651,11.000000000000000
4.506,bird,-8.912979364395143,6.268887042999268,6.769567251205443,12.000000000000000
4.507,in,-1.277300834655761,3.493885278701782,3.661212444305420,12.000000000000000
4.508,his,-2.946243286132812,5.001516342163086,5.109722614288330,14.000000000000000
4.509,feathers,-9.149510383605957,4.049379825592041,4.782756805419922,15.000000000000000
4.510,and,-1.139592647552490,4.478795051574707,4.361893177032472,5.000000000000000
4.511,so,-3.990555524826050,4.746510982513428,4.812063217163086,7.000000000000000
4.512,had,-1.630490779876709,3.475937604904175,3.261253595352173,8.000000000000000
4.513,not,-4.423656940460205,3.946424245834351,3.800900459289551,9.000000000000000
4.514,at,-6.084239959716798,4.599842548370361,5.047629356384277,11.000000000000000
4.515,all,-0.008103232830763,3.898380994796753,4.191105842590332,12.000000000000000
4.516,expected,-5.716470718383789,4.273136615753174,4.166160583496094,12.000000000000000
4.517,the,-2.126403808593750,3.989722490310669,4.184247016906738,15.000000000000000
4.518,bird,-4.637473464012147,6.848381042480469,7.244069099426269,16.000000000000000
4.519,to,-0.005738332867622,4.770791053771973,4.649095058441162,16.000000000000000
4.520,come,-4.166238784790038,4.578467845916748,4.683625221252441,18.000000000000000
4.521,flying,-4.523550271987915,7.348486423492433,7.266590595245361,21.000000000000000
4.522,out,-1.244959592819214,3.895340204238892,4.203802108764648,23.000000000000000
4.523,like,-4.165536880493163,3.653733015060425,3.717353343963623,24.000000000000000
4.524,that .,-4.032632143440423,12.239114522933960,12.955386638641357,30.000000000000000
4.525,The,-1.674321293830872,6.122092247009277,6.432260990142822,3.000000000000000
4.526,birds,-11.054762840270996,9.204922676086426,9.362993717193604,4.000000000000000
4.527,back,-8.714778900146483,4.110609531402588,4.498724937438965,4.000000000000000
4.528,on,-2.711436510086060,3.641595125198364,3.853645563125609,6.000000000000000
4.529,earth,-3.710667848587036,3.839984655380249,4.455784797668457,8.000000000000000
4.530,were,-2.462737083435059,4.742694854736328,4.882384777069092,5.000000000000000
4.531,all,-5.145411491394043,3.784729480743408,4.365118503570557,7.000000000000000
4.532,up,-5.835597515106201,3.845567226409912,4.199501037597656,8.000000000000000
4.533,in,-0.905451297760010,3.125982046127320,3.124515295028687,8.000000000000000
4.534,arms .,-9.093393221846782,10.773276567459108,11.858239889144897,15.000000000000000
4.535,"`` You ,",-12.821964976559684,25.209382057189941,25.400616645812988,12.000000000000000
4.536,and,-4.479228019714356,5.559557437896729,5.360837936401367,6.000000000000000
4.537,not,-6.651322364807129,5.276457309722900,5.684593677520753,8.000000000000000
4.538,the,-3.228712558746338,4.909222126007080,5.325156688690186,9.000000000000000
4.539,"eagle ,",-12.090710043907164,13.233908176422121,14.025871038436891,14.000000000000000
4.540,our,-6.962260246276856,3.004738330841064,3.210734844207764,7.000000000000000
4.541,king ? '',-25.686974763870239,25.240734100341797,25.666741371154785,21.000000000000000
4.542,the,-7.585473060607910,6.037616729736327,6.295332908630371,3.000000000000000
4.543,birds,-11.017463207244873,9.221418857574463,9.299588680267334,4.000000000000000
4.544,"cried ,",-13.744336247444153,18.889013767242432,17.883339166641235,9.000000000000000
4.545,fuming,-11.414361887844279,7.030378103256226,6.393728017807008,8.000000000000000
4.546,with,-3.055429935455322,3.772991180419922,3.480952739715576,10.000000000000000
4.547,anger .,-5.103715410223232,14.591868877410889,14.957394838333130,16.000000000000000
4.548,`` You,-6.537127479790797,20.813951015472416,21.432805538177487,7.000000000000000
4.549,have,-2.109855175018311,4.986092090606689,4.816700458526611,6.000000000000000
4.550,done,-4.255395889282227,4.992665290832520,4.851669311523438,8.000000000000000
4.551,this,-3.043668746948242,4.488138198852539,4.342619419097900,10.000000000000000
4.552,by,-2.370482206344604,4.087316989898682,3.733276605606079,11.000000000000000
4.553,breaking,-6.690219640731812,9.334316253662109,9.179039478302002,14.000000000000000
4.554,every,-3.993639945983887,4.291550636291504,4.523555755615233,17.000000000000000
4.555,rule,-5.702749729156494,3.475152015686035,3.719947338104248,18.000000000000000
4.556,in,-1.341242074966431,3.836848258972168,3.900592565536499,18.000000000000000
4.557,the,-0.648487567901611,3.963553190231323,4.088320732116698,20.000000000000000
4.558,"book ,",-6.869167685508728,8.672438621520996,9.091942787170410,25.000000000000000
4.559,so,-5.684206008911133,4.149181842803955,4.061306476593018,5.000000000000000
4.560,we,-2.635104894638061,3.154943466186523,2.972491025924683,8.000000000000000
4.561,will,-3.931375503540039,3.755525112152100,3.679703474044800,9.000000000000000
4.562,not,-2.615232467651367,4.582414627075195,4.501628398895264,10.000000000000000
4.563,have,-1.867404222488404,4.819673061370850,4.748495578765869,12.000000000000000
4.564,"you ,",-8.919109344482422,9.061198711395264,9.203871726989746,32.000000000000000
4.565,who,-0.105027161538601,2.689736127853394,2.833753108978271,19.000000000000000
4.566,are,-1.529010891914368,3.546907424926758,3.496229648590088,21.000000000000000
4.567,simply,-4.405628204345703,3.211509943008423,3.409599781036377,23.000000000000000
4.568,tricky,-12.242732230573893,5.994540691375732,6.438883781433105,24.000000000000000
4.569,and,-3.280731439590454,5.007695198059082,4.845947742462158,25.000000000000000
4.570,"cunning ,",-9.591894249431789,13.995517730712892,14.382243871688843,44.000000000000000
4.571,to,-2.853288173675537,4.372780799865724,4.254270553588866,16.000000000000000
4.572,reign,-11.204955816268921,6.407171487808228,6.132549524307251,18.000000000000000
4.573,over,-3.013209342956543,3.043217182159424,2.963332891464233,20.000000000000000
4.574,us . '',-23.917790862848051,25.810150861740112,25.914281129837036,37.000000000000000
4.575,The,-1.335898160934448,5.764348506927490,6.119246482849121,4.000000000000000
4.576,bird,-11.388505458831787,8.890382528305055,9.034723997116087,5.000000000000000
4.577,without,-6.506700456142426,7.400957584381103,7.707029819488525,5.000000000000000
4.578,a,-1.331675410270691,4.184565067291260,3.910383462905884,7.000000000000000
4.579,name,-6.309501647949219,4.203565120697021,4.630495071411133,8.000000000000000
4.580,then,-3.075735569000244,4.125012397766113,4.535166263580322,4.000000000000000
4.581,decided,-9.056696891784668,5.398530960083008,5.428921699523926,6.000000000000000
4.582,to,-0.006613509729505,4.848484992980957,4.589181900024414,9.000000000000000
4.583,clear,-8.001567840576174,3.254442930221558,3.118663072586060,11.000000000000000
4.584,the,-0.647606253623962,3.088671684265137,3.463291406631470,13.000000000000000
4.585,air,-2.825726985931396,3.760902881622314,4.646193027496338,14.000000000000000
4.586,and,-0.510162830352783,4.637266635894775,4.533590793609619,6.000000000000000
4.587,"said ,",-6.214103937149048,9.001463174819946,8.961350440979004,17.000000000000000
4.588,`` Then,-10.688799555704463,14.696867465972900,14.652358770370483,22.000000000000000
4.589,let,-2.172651290893555,3.596567869186401,3.474081039428711,14.000000000000000
4.590,everyone,-7.759991109371184,7.639984607696532,7.338850021362305,17.000000000000000
4.591,start,-4.508689880371094,3.170292854309082,3.046439886093140,19.000000000000000
4.592,with,-0.776137351989746,3.065345525741577,3.018594980239868,21.000000000000000
4.593,a,-1.822268128395081,3.623085975646973,3.512029647827148,23.000000000000000
4.594,clean,-6.189490795135497,4.796888828277588,4.831144809722900,24.000000000000000
4.595,slate,-6.859456062316895,3.578778982162476,3.753057479858398,25.000000000000000
4.596,and,-0.230249434709549,4.143465042114259,4.073703289031982,19.000000000000000
4.597,perform,-8.133852005004883,2.591548442840576,2.449799776077271,21.000000000000000
4.598,a,-1.611005544662476,3.364671230316162,3.354062795639038,23.000000000000000
4.599,new,-4.688929557800293,4.508672714233398,4.512587547302246,24.000000000000000
4.600,challenging,-12.790435462316964,7.362251758575439,7.742046594619751,25.000000000000000
4.601,task .,-2.901047624531202,11.411827564239502,11.460675477981567,31.000000000000000
4.602,Then,-8.730118751525879,6.997014045715332,6.931038379669189,2.000000000000000
4.603,we,-4.080478668212892,4.762831211090088,4.674304485321045,4.000000000000000
4.604,can,-3.270389080047607,5.261637687683105,4.700426578521729,5.000000000000000
4.605,decide,-6.014247417449951,5.237982749938965,4.668395996093750,7.000000000000000
4.606,who,-1.945507526397705,3.743803024291992,4.055122852325440,10.000000000000000
4.607,should,-3.039656639099121,3.502924680709839,3.370007038116455,12.000000000000000
4.608,be,-1.687200307846069,5.281342983245850,5.052735328674316,14.000000000000000
4.609,the,-1.593508005142212,3.473817825317383,3.859383583068848,16.000000000000000
4.610,real,-5.435901165008545,4.348284244537354,4.812297344207764,17.000000000000000
4.611,king . '',-21.306966261938214,26.837126731872559,27.788694858551025,29.000000000000000
4.612,Then,-8.730118751525879,6.997014045715332,6.931038379669189,2.000000000000000
4.613,the,-1.578139543533325,4.451488971710205,4.692566394805908,4.000000000000000
4.614,birds,-8.911840915679932,8.616708993911741,9.240073442459105,5.000000000000000
4.615,gathered,-6.981286168098450,7.853370428085327,7.518230676651001,6.000000000000000
4.616,together,-1.198573589324951,3.674711942672729,4.040161132812500,8.000000000000000
4.617,again,-1.084976792335510,3.496602296829224,4.008894920349121,9.000000000000000
4.618,and,-0.374088704586029,5.320548057556152,4.990502357482910,6.000000000000000
4.619,decided,-5.939972877502441,5.476093292236328,5.213005065917969,8.000000000000000
4.620,the,-1.684311270713806,3.276023149490356,3.555591821670532,12.000000000000000
4.621,case,-7.447949409484862,2.978590726852417,3.276463985443115,13.000000000000000
4.622,would,-1.586752533912659,3.623417854309082,3.503645181655884,13.000000000000000
4.623,be,-0.871537089347839,5.101209163665772,4.924830436706543,15.000000000000000
4.624,resolved,-3.845100402829303,7.986848592758179,7.701628446578979,17.000000000000000
4.625,by,-1.199176788330078,4.310362339019775,4.132328510284424,19.000000000000000
4.626,making,-4.532263755798340,4.526957511901856,4.453756809234619,22.000000000000000
4.627,a,-1.028382301330566,5.177133560180664,5.100354194641113,25.000000000000000
4.628,new,-4.486922740936278,5.082866668701172,4.999252319335938,26.000000000000000
4.629,"condition ,",-12.446546316146851,8.864181041717529,9.137636184692383,52.000000000000000
4.630,which,-0.011851848103106,2.654235124588013,2.519768714904785,28.000000000000000
4.631,was,-2.177168607711792,3.835102081298828,3.760322809219360,30.000000000000000
4.632,that,-0.155319809913635,4.169304847717285,4.151901721954347,32.000000000000000
4.633,he,-5.576558589935303,4.072449207305908,4.443938732147217,35.000000000000000
4.634,should,-4.760537147521973,3.794342756271361,3.735527276992798,36.000000000000000
4.635,be,-1.199928760528564,4.789088726043701,4.712690830230713,38.000000000000000
4.636,king,-6.843284130096436,5.930926799774170,6.232951402664185,41.000000000000000
4.637,who,-0.104394182562828,2.472769260406494,2.534335851669312,38.000000000000000
4.638,could,-2.671524524688721,3.909433126449585,3.819546222686768,40.000000000000000
4.639,go,-4.830475807189941,3.916498184204102,3.694476842880249,42.000000000000000
4.640,the,-1.853830337524414,3.738459825515747,3.811086416244507,44.000000000000000
4.641,deepest,-12.385224342346193,4.123569965362549,4.312311172485352,45.000000000000000
4.642,into,-5.358210563659668,3.512616634368896,3.490010499954224,45.000000000000000
4.643,the,-0.786099791526794,3.533154964447021,3.444009780883789,47.000000000000000
4.644,earth .,-6.876942921604495,11.080785274505615,11.558729171752930,53.000000000000000
4.645,So,-6.416872024536133,6.786336421966553,6.806890010833740,2.000000000000000
4.646,the,-1.187594294548035,5.073321819305420,5.408610343933105,5.000000000000000
4.647,little,-7.604475021362305,5.295655250549316,5.931735992431642,6.000000000000000
4.648,bird,-7.540206074714661,7.264728784561157,8.069611072540281,7.000000000000000
4.649,who,-1.858313322067261,2.946868658065796,3.114146232604980,7.000000000000000
4.650,the,-3.009411811828613,4.185894489288330,4.290575027465819,9.000000000000000
4.651,other,-5.317674160003662,4.330546855926514,4.000731468200684,10.000000000000000
4.652,birds,-9.392323017120360,6.803780555725098,7.028781414031982,11.000000000000000
4.653,despised,-13.476288318634033,9.395651102066038,9.008360266685486,10.000000000000000
4.654,was,-1.260970950126648,4.065257072448730,4.178719043731689,5.000000000000000
4.655,now,-3.053949356079102,4.252768039703368,4.587664127349854,7.000000000000000
4.656,back,-13.259904861450195,4.237762451171875,4.770726680755615,8.000000000000000
4.657,to,-3.016324520111084,3.701995611190796,3.624789714813232,8.000000000000000
4.658,square,-8.426022052764893,6.776409387588501,6.788264036178589,10.000000000000000
4.659,one .,-0.277280756039545,11.832891225814819,12.164991378784180,16.000000000000000
4.660,"Confident ,",-7.844395863823593,19.904079437255859,19.985429763793945,7.000000000000000
4.661,he,-2.240628480911255,3.952636003494263,4.023472309112549,5.000000000000000
4.662,"remained ,",-13.440367221832275,9.586503028869629,9.007746458053589,13.000000000000000
4.663,"however ,",-2.003428587679537,13.218943595886230,13.476661205291746,18.000000000000000
4.664,that,-3.901085853576660,4.465370655059815,4.268453598022462,11.000000000000000
4.665,if,-1.279259204864502,4.275470733642578,4.190657138824463,14.000000000000000
4.666,he,-1.420095324516296,4.410672664642334,4.522254467010498,17.000000000000000
4.667,played,-7.854846954345702,5.152258872985840,5.061447620391847,18.000000000000000
4.668,his,-3.644473552703857,4.251866817474365,4.551238059997559,20.000000000000000
4.669,cards,-3.111481785774231,6.710060596466064,7.785818099975586,21.000000000000000
4.670,"right ,",-3.609693422913551,8.149275541305542,8.489942550659180,35.000000000000000
4.671,he,-0.499010205268860,3.924148559570313,4.049415111541748,16.000000000000000
4.672,could,-2.350244998931885,3.777708292007446,3.687909126281737,17.000000000000000
4.673,be,-2.131333589553833,4.320083141326903,4.178026199340819,19.000000000000000
4.674,king .,-7.886267451438471,14.898227214813232,15.544871330261230,27.000000000000000
4.675,How,-2.312669754028320,5.475220680236816,5.912877559661865,3.000000000000000
4.676,the,-1.526174426078796,4.325131416320802,4.676725387573242,6.000000000000000
4.677,goose,-11.098253607749939,8.693393707275389,10.265949726104736,7.000000000000000
4.678,wallowed,-11.922976016998293,7.874774694442749,7.388425111770630,7.000000000000000
4.679,in,-0.387798935174942,3.092000007629395,3.074265480041504,9.000000000000000
4.680,the,-1.169399976730347,4.785840034484863,5.085520744323730,11.000000000000000
4.681,"sand ,",-6.613412618637085,14.531277179718016,15.839462041854858,17.000000000000000
4.682,and,-1.026513457298279,3.924518346786499,3.826246261596680,6.000000000000000
4.683,the,-0.702668726444244,3.723490238189697,3.962229728698730,9.000000000000000
4.684,duck,-5.501994967460632,7.119211912155151,7.386526107788086,10.000000000000000
4.685,strove,-11.437429070472716,10.332518577575684,10.705076217651367,10.000000000000000
4.686,to,-0.007990418933332,5.208715915679932,5.109515666961670,13.000000000000000
4.687,dig,-7.843194961547852,3.009507894515991,2.769074678421021,15.000000000000000
4.688,a,-1.813362360000610,4.460800647735597,4.687444686889648,18.000000000000000
4.689,hole,-4.081291079521178,6.102288722991942,6.800924301147461,19.000000000000000
4.690,for,-7.088921070098878,3.478805065155029,3.531926393508911,19.000000000000000
4.691,the,-1.249963164329529,4.368577957153319,4.607211589813232,21.000000000000000
4.692,new,-7.109710693359375,4.944381713867188,5.298631668090820,22.000000000000000
4.693,task !,-19.643668889999390,11.885721683502197,12.433255195617674,27.000000000000000
4.694,All,-6.402448654174805,6.459708690643311,6.682034015655518,3.000000000000000
4.695,the,-1.788057565689087,5.032558917999268,4.287089347839356,4.000000000000000
4.696,other,-3.911672592163086,6.099065780639648,5.514871597290039,5.000000000000000
4.697,birds,-10.240545988082888,8.942088365554811,9.380800724029539,6.000000000000000
4.698,tried,-8.622144699096680,5.037406921386719,4.737550258636475,4.000000000000000
4.699,to,-0.036996785551310,5.400511741638184,5.437901973724365,7.000000000000000
4.700,hide,-4.775723457336426,4.407251358032227,4.154955387115479,9.000000000000000
4.701,themselves,-4.178318023681642,4.258217334747314,4.417328357696533,11.000000000000000
4.702,in,-1.348342061042786,3.432519912719727,3.605128288269043,12.000000000000000
4.703,the,-1.424852252006531,4.106800079345703,4.425982475280762,14.000000000000000
4.704,"ground ,",-6.402858972549439,9.075974464416504,9.522253513336182,27.000000000000000
4.705,"too ,",-2.340525984764099,7.930665254592896,8.316406250000000,28.000000000000000
4.706,until,-2.286901473999023,4.644339561462402,4.505454540252686,16.000000000000000
4.707,they,-0.764082908630371,3.015452384948730,3.558838844299316,19.000000000000000
4.708,were,-1.690070867538452,3.817717790603638,3.766698122024536,20.000000000000000
4.709,practically,-7.930470108985901,8.084243059158325,8.273482322692871,22.000000000000000
4.710,blue,-9.693315505981444,3.657452583312988,3.845661640167236,23.000000000000000
4.711,in,-0.855507254600525,3.322753667831421,3.231710433959961,25.000000000000000
4.712,the,-1.295572042465210,4.539384365081787,4.588182926177979,27.000000000000000
4.713,face .,-3.925809324864530,11.397634267807007,12.081230640411377,32.000000000000000
4.714,The,-1.335898160934448,5.764348506927490,6.119246482849121,4.000000000000000
4.715,nameless,-15.989884853363035,10.480122089385986,10.701661586761476,5.000000000000000
4.716,little,-4.920192718505858,5.301336288452148,5.580033779144287,6.000000000000000
4.717,bird,-6.145014762878418,7.242860555648804,7.941545486450195,7.000000000000000
4.718,that,-0.496983379125595,3.213616371154785,3.163760900497437,6.000000000000000
4.719,was,-3.662716388702393,4.674216747283936,4.329826831817627,8.000000000000000
4.720,as,-6.739313602447510,5.159286022186278,5.457583904266357,10.000000000000000
4.721,bold,-6.922751903533936,3.473783016204834,3.473365545272827,11.000000000000000
4.722,as,-0.470702558755875,3.896049737930298,3.903180122375488,13.000000000000000
4.723,brass,-11.320705413818359,5.009159564971924,5.576963424682617,15.000000000000000
4.724,found,-6.931200981140138,3.314034700393677,3.146238088607788,5.000000000000000
4.725,a,-2.312389135360718,4.134620189666748,3.975215435028076,7.000000000000000
4.726,pitch,-9.990122795104980,3.113212108612061,3.156754493713379,9.000000000000000
4.727,dark,-12.304941177368164,3.645399570465088,3.870572805404663,10.000000000000000
4.728,mouse 's,-10.223091311228929,18.333758354187015,20.760716199874878,21.000000000000000
4.729,"hole ,",-8.744285583496094,11.430976867675781,12.017230272293091,15.000000000000000
4.730,and,-1.023036003112793,4.458992958068848,4.376314640045166,6.000000000000000
4.731,creeping,-10.320374488830566,2.138198137283325,2.014042139053345,9.000000000000000
4.732,in,-1.913625717163086,2.987627744674683,3.286615848541260,11.000000000000000
4.733,"cried ,",-14.754773270338774,14.136411905288693,13.863768815994264,19.000000000000000
4.734,`` I,-2.330062001605256,13.840962171554565,13.624761343002319,26.000000000000000
4.735,am,-3.866946041584015,6.633719682693481,6.532470464706421,16.000000000000000
4.736,"king ,",-6.398066878318788,9.945118427276611,9.935787439346315,32.000000000000000
4.737,I,-0.469208866357803,3.273076295852661,3.191187620162964,17.000000000000000
4.738,am,-2.066246330738068,6.292260169982910,6.220820665359497,18.000000000000000
4.739,king ! '',-18.950757049024105,24.250571966171265,24.339666604995728,29.000000000000000
4.740,but,-11.312096595764160,7.091714859008789,7.073810577392577,2.000000000000000
4.741,it,-2.863234996795654,5.370534420013428,5.535283088684082,4.000000000000000
4.742,was,-2.212483406066895,4.700892925262451,4.441130161285400,5.000000000000000
4.743,of,-5.470866203308105,4.023549079895020,3.865286111831665,7.000000000000000
4.744,no,-3.562397718429565,4.889406204223633,5.377803325653076,9.000000000000000
4.745,avail .,-5.791217719437555,11.556062459945679,12.260559558868408,15.000000000000000
4.746,"`` You ,",-13.828914639721916,24.815108537673950,25.076345920562744,10.000000000000000
4.747,our,-6.974375724792480,4.739134311676025,5.495897293090820,7.000000000000000
4.748,king ? '',-23.457653313875198,26.406100749969482,27.392632484436035,21.000000000000000
4.749,all,-9.974856376647949,6.299575328826903,6.412140846252441,4.000000000000000
4.750,the,-2.378465414047241,4.874247550964356,4.315185546875000,5.000000000000000
4.751,remaining,-6.932512473315001,10.397146701812744,9.531329154968262,6.000000000000000
4.752,birds,-10.306714773178099,7.679437398910522,8.188009738922121,7.000000000000000
4.753,who,-3.117873668670654,2.963580608367920,2.967744112014771,6.000000000000000
4.754,the,-2.378476619720459,3.966990709304810,3.634570837020874,8.000000000000000
4.755,littlest,-13.235333710908890,14.320145606994627,15.406753540039062,9.000000000000000
4.756,bird,-7.245356559753418,7.365189790725707,7.452873945236206,10.000000000000000
4.757,had,-4.007163524627686,3.635032176971436,3.553390502929688,9.000000000000000
4.758,outwitted,-17.602562441723425,8.851220607757568,9.238262414932253,11.000000000000000
4.759,cried,-10.923754260875283,10.695225477218626,10.249545812606813,4.000000000000000
4.760,"again ,",-5.877312898635864,7.406936883926392,7.595384359359741,12.000000000000000
4.761,even,-5.744412422180176,3.502639532089233,3.645710229873657,9.000000000000000
4.762,more,-0.792278528213501,5.117524623870850,5.150436401367188,10.000000000000000
4.763,angrily,-10.233126185834408,6.515852451324463,7.105369806289673,10.000000000000000
4.764,than,-0.035950031131506,4.080664634704590,4.079092502593993,11.000000000000000
4.765,before .,-1.938974799006246,11.692902803421021,11.977406501770020,17.000000000000000
4.766,`` Do,-4.352328495995608,18.282385826110840,19.393632888793945,5.000000000000000
4.767,you,-0.266149371862411,4.346906185150146,4.572814941406250,5.000000000000000
4.768,think,-1.348978757858276,4.541138172149658,4.463097572326660,6.000000000000000
4.769,we,-2.374645709991455,3.447219610214233,3.552411556243896,10.000000000000000
4.770,would,-3.867468833923340,3.954999923706055,3.959114313125609,11.000000000000000
4.771,reward,-10.831162452697754,4.104968070983887,3.988470792770386,13.000000000000000
4.772,your,-4.960103034973145,3.531394958496094,3.938840389251709,15.000000000000000
4.773,cunning,-15.169580459594727,9.887312173843382,11.276567459106445,16.000000000000000
4.774,in,-2.645917892456055,3.775344133377075,3.927689790725708,16.000000000000000
4.775,this,-3.433537006378174,4.521539688110352,4.697842597961426,18.000000000000000
4.776,way ?,-3.082633598474786,11.152139425277710,12.998588800430298,25.000000000000000
4.777,"No ,",-3.074610680341721,10.030819892883301,11.029941558837891,6.000000000000000
4.778,no !,-10.075048685073851,12.296585321426392,13.673242568969727,11.000000000000000
4.779,You,-6.294693946838379,4.853179931640625,5.210803031921387,3.000000000000000
4.780,shall,-8.274329185485840,5.078190326690674,4.537424087524414,4.000000000000000
4.781,stay,-6.916160583496094,4.769879341125488,4.370228767395020,6.000000000000000
4.782,in,-0.596735060214996,3.658820390701294,3.866659641265869,8.000000000000000
4.783,the,-1.433876395225525,3.803413867950440,4.288670539855957,10.000000000000000
4.784,earth,-9.781256675720217,3.783721685409546,4.450877189636231,11.000000000000000
4.785,till,-5.671508789062500,8.340594291687013,8.106976032257080,9.000000000000000
4.786,you,-0.495459824800491,3.467313528060913,3.689582109451294,12.000000000000000
4.787,die,-4.681187987327577,7.151920080184937,6.852464675903320,13.000000000000000
4.788,of,-1.170655846595764,3.333961963653564,3.152050733566284,15.000000000000000
4.789,hunger ! '',-25.431668212753721,23.763615608215332,24.581129312515259,26.000000000000000
4.790,So,-6.416872024536133,6.786336421966553,6.806890010833740,2.000000000000000
4.791,they,-3.375276088714600,4.406165599822998,4.354098796844482,5.000000000000000
4.792,shut,-8.561352729797362,4.516783237457275,4.804942131042480,6.000000000000000
4.793,up,-2.439970493316650,4.323678016662599,4.599542140960693,8.000000000000000
4.794,the,-1.413667917251587,4.378091812133788,4.946230411529541,10.000000000000000
4.795,little,-6.651266098022461,5.321047782897949,6.044624328613281,11.000000000000000
4.796,bird,-8.382236480712889,6.502903223037720,7.777113437652588,12.000000000000000
4.797,in,-0.659094512462616,3.131942749023437,3.512163639068604,11.000000000000000
4.798,the,-1.013116836547852,4.640142917633057,4.904906272888184,15.000000000000000
4.799,mouse 's,-8.512453539304261,19.604281902313232,22.334422588348389,33.000000000000000
4.800,hole,-7.989811420440674,6.123029232025146,7.193849563598633,15.000000000000000
4.801,that,-0.020062146708369,3.949274063110352,3.816731452941895,16.000000000000000
4.802,the,-2.060288906097412,4.028393745422363,4.007088184356689,18.000000000000000
4.803,mouse,-7.983336180448532,9.443478345870973,10.356542110443117,19.000000000000000
4.804,gave,-5.624640464782715,4.036809444427490,3.963995218276978,19.000000000000000
4.805,up,-0.950291633605957,3.849410533905029,4.093634605407715,21.000000000000000
4.806,most,-6.362630844116211,4.264293193817139,4.299597263336182,22.000000000000000
4.807,"unwillingly ,",-23.091905280947682,12.030963420867918,12.082658529281616,27.000000000000000
4.808,and,-0.099680282175541,4.079942703247069,4.029407978057861,5.000000000000000
4.809,bade,-14.629983901977539,6.673465490341187,6.580831527709961,8.000000000000000
4.810,the,-0.919179260730743,3.656705379486084,3.630443811416626,11.000000000000000
4.811,owl,-10.645070672035217,5.928622722625732,6.456562280654907,12.000000000000000
4.812,watch,-10.370921134948730,1.816737174987793,1.810633540153504,12.000000000000000
4.813,him,-4.064836502075194,3.172402381896973,3.268968820571899,14.000000000000000
4.814,carefully,-2.236342668533325,3.307589054107666,3.638566017150879,15.000000000000000
4.815,night,-7.768988609313965,4.630760669708252,4.786509037017822,16.000000000000000
4.816,and,-1.945836424827576,3.276476621627808,3.823645591735840,17.000000000000000
4.817,day .,-3.523998295946512,11.848164677619934,12.586323499679565,25.000000000000000
4.818,Then,-3.504705190658569,5.118071556091309,5.653218269348145,4.000000000000000
4.819,all,-6.099636077880858,5.658031940460205,5.840763568878174,5.000000000000000
4.820,the,-1.608334064483643,4.832295894622803,5.072757720947267,6.000000000000000
4.821,birds,-7.711311221122742,7.857266426086426,8.366765737533571,7.000000000000000
4.822,went,-3.527272462844849,7.883743762969972,7.795083045959473,6.000000000000000
4.823,home,-2.991546869277954,4.202243328094482,4.423979759216309,8.000000000000000
4.824,to,-1.180344700813294,3.555178403854370,3.298577785491944,9.000000000000000
4.825,"bed ,",-10.123626470565796,10.976050853729248,11.071664094924927,20.000000000000000
4.826,for,-5.494143009185791,4.616927623748778,4.513415813446045,11.000000000000000
4.827,they,-2.533483982086182,3.426261901855469,3.767590045928955,14.000000000000000
4.828,were,-1.446760058403015,3.909019947052002,3.865530252456665,15.000000000000000
4.829,very,-5.370539665222168,4.717850208282472,4.738599777221680,17.000000000000000
4.830,"tired ,",-6.021412819623947,8.145122289657593,8.205669641494751,21.000000000000000
4.831,but,-3.067665576934814,4.537948608398438,4.453351020812988,4.000000000000000
4.832,the,-1.034780621528626,4.426683425903320,4.360926151275635,8.000000000000000
4.833,owl,-11.436496973037720,5.461793422698975,5.938429951667786,9.000000000000000
4.834,assigned,-7.650561809539795,4.120509624481201,4.091716289520264,9.000000000000000
4.835,by,-2.183211326599121,3.587132692337036,3.595751285552979,11.000000000000000
4.836,the,-1.042430996894836,4.163704872131349,4.115806102752686,13.000000000000000
4.837,birds,-6.011259436607361,6.719057559967041,7.092709541320801,14.000000000000000
4.838,to,-0.009761103428900,4.754531383514403,4.579395294189453,13.000000000000000
4.839,stand,-5.077117443084717,3.060938596725464,2.872333526611328,15.000000000000000
4.840,guard,-5.379412651062012,3.541882514953613,3.860940933227539,17.000000000000000
4.841,found,-5.779478549957275,3.691622495651245,3.543771266937256,8.000000000000000
4.842,his,-5.695886611938477,4.235867500305177,4.475396633148193,12.000000000000000
4.843,job,-8.201065063476562,3.989716053009033,4.489350318908691,13.000000000000000
4.844,was,-0.411275237798691,4.257707595825194,4.252851963043213,13.000000000000000
4.845,lonely,-9.500548362731934,2.248385667800904,2.288673162460327,15.000000000000000
4.846,and,-3.415926218032837,4.556477546691895,4.456959724426270,16.000000000000000
4.847,wearisome,-11.837849760428073,5.680602312088013,6.511240959167480,17.000000000000000
4.848,because,-1.382333397832554,8.271518707275389,8.357122659683228,16.000000000000000
4.849,he,-1.026426076889038,3.384719610214233,3.754110574722290,19.000000000000000
4.850,was,-1.271523952484131,3.612414121627808,3.551294326782227,20.000000000000000
4.851,just,-3.675811529159546,4.312928676605225,4.672185420989990,22.000000000000000
4.852,sitting,-3.545361518859864,3.701837062835693,3.723215341567993,23.000000000000000
4.853,alone,-4.094648361206056,3.859169244766235,4.082795619964600,25.000000000000000
4.854,staring,-8.837856182828547,9.345421075820925,9.235563278198242,22.000000000000000
4.855,at,-0.245692342519760,2.893693208694458,2.808367729187012,24.000000000000000
4.856,the,-0.728615105152130,4.045271873474121,4.137706756591797,27.000000000000000
4.857,mouse 's,-8.669940665964532,18.959089994430542,20.844538211822510,57.000000000000000
4.858,hole .,-8.206977311987432,13.699404239654541,14.661871194839478,33.000000000000000
4.859,`` I,-4.744050010918727,20.511284828186039,20.937831401824948,7.000000000000000
4.860,can,-3.452926635742188,4.775656700134277,4.359552383422852,6.000000000000000
4.861,close,-6.702881336212157,4.857366561889648,4.721643924713135,9.000000000000000
4.862,one,-5.062655925750732,4.312090396881104,4.698485851287842,11.000000000000000
4.863,eye,-5.926054000854492,3.787632703781128,4.533473014831543,12.000000000000000
4.864,and,-0.217341855168343,4.295281410217285,4.045185565948486,9.000000000000000
4.865,watch,-5.551806449890137,2.614822864532471,2.484763145446777,11.000000000000000
4.866,with,-2.164305448532104,3.449803829193115,3.339079380035400,13.000000000000000
4.867,the,-2.718037605285645,3.708155632019043,3.829745531082153,15.000000000000000
4.868,"other , ''",-20.224713057279590,18.464272737503052,18.707252025604248,25.000000000000000
4.869,he,-0.523470163345337,2.842546224594116,2.737310171127320,7.000000000000000
4.870,thought .,-10.002678723991265,10.054273843765259,9.880013942718506,16.000000000000000
4.871,So,-6.416872024536133,6.786336421966553,6.806890010833740,2.000000000000000
4.872,he,-2.803904533386230,4.652379989624023,4.643931388854980,5.000000000000000
4.873,closed,-7.130737304687500,4.471737861633301,5.056901931762695,7.000000000000000
4.874,one,-5.419433593750000,4.272856712341309,4.933414459228517,9.000000000000000
4.875,eye,-8.092482566833496,3.164108514785767,4.147614955902100,10.000000000000000
4.876,and,-0.181020870804787,4.377970218658446,4.094344139099121,7.000000000000000
4.877,stared,-9.126839691773057,9.296600580215452,8.977863073348997,9.000000000000000
4.878,steadfastly,-11.589212894406955,6.244867086410522,6.890280961990356,11.000000000000000
4.879,with,-5.397041320800781,3.609668016433716,3.533498525619507,12.000000000000000
4.880,the,-2.128726005554199,3.428059577941895,3.325495719909668,14.000000000000000
4.881,"other ,",-1.628656953573227,7.601888656616211,7.506108760833740,19.000000000000000
4.882,but,-2.736207962036133,4.172645568847656,4.034699916839600,5.000000000000000
4.883,before,-4.479104995727539,3.197414398193360,3.077229022979736,8.000000000000000
4.884,he,-0.886653006076813,3.692505359649658,3.812721014022827,11.000000000000000
4.885,knew,-4.469458580017090,4.632112503051758,4.506663322448730,12.000000000000000
4.886,it,-0.794701457023621,4.234714508056642,4.571181774139403,14.000000000000000
4.887,he,-0.933333516120911,3.767410516738892,3.941922903060913,10.000000000000000
4.888,forgot,-6.936186313629150,4.494230747222900,4.403599739074707,11.000000000000000
4.889,to,-0.007967239245772,4.223378658294679,4.106392383575440,14.000000000000000
4.890,keep,-5.334606647491455,4.307429790496826,4.207598686218262,16.000000000000000
4.891,that,-5.600264072418213,3.795347213745117,3.625658988952637,18.000000000000000
4.892,one,-4.825014114379883,4.158618450164795,4.539540290832520,19.000000000000000
4.893,"open ,",-3.729191780090332,7.397098541259766,7.165088415145874,28.000000000000000
4.894,and,-0.102989256381989,3.936022281646729,3.881963729858398,10.000000000000000
4.895,both,-7.234098434448242,4.602016448974608,4.598264694213867,13.000000000000000
4.896,eyes,-6.696867942810059,4.209542751312257,4.678115844726562,14.000000000000000
4.897,were,-1.216622710227966,4.235054969787599,4.259638309478760,14.000000000000000
4.898,fast,-7.785893440246582,3.385892868041992,3.587222099304199,16.000000000000000
4.899,asleep .,-5.418513075914234,14.262730836868286,15.204190731048584,24.000000000000000
4.900,Then,-8.730118751525879,6.997014045715332,6.931038379669189,2.000000000000000
4.901,the,-1.065340280532837,4.626575946807861,5.070718765258789,6.000000000000000
4.902,little,-7.644811630249023,4.906195640563965,5.685489654541017,7.000000000000000
4.903,bird,-6.955062389373778,6.995038270950317,7.913116455078125,8.000000000000000
4.904,guarded,-10.599344730377195,8.685064315795897,8.715739011764526,7.000000000000000
4.905,by,-0.526712954044342,3.535038709640503,3.553995609283448,9.000000000000000
4.906,the,-1.158529758453369,3.940763711929321,4.101669788360597,11.000000000000000
4.907,owl,-10.314327836036682,6.175042629241942,6.429047107696532,12.000000000000000
4.908,peeped,-13.220604419708252,6.038914918899536,5.833501219749451,6.000000000000000
4.909,"out ,",-2.569960117340088,7.625547647476196,7.787951946258545,12.000000000000000
4.910,and,-0.080459266901016,3.933156490325928,3.785138368606568,5.000000000000000
4.911,when,-0.010922172106802,3.642110824584961,3.926053047180176,9.000000000000000
4.912,he,-2.043734073638916,3.393007278442383,3.909684419631958,11.000000000000000
4.913,saw,-2.987617969512939,4.009124755859375,3.832074403762817,12.000000000000000
4.914,the,-1.051867008209228,4.202447414398193,4.483023643493652,17.000000000000000
4.915,owl 's,-12.364097458397737,14.756268978118895,16.541126966476440,37.000000000000000
4.916,two,-6.299003601074219,4.408318042755127,4.858794212341309,17.000000000000000
4.917,eyes,-5.690989971160889,3.918438673019409,4.662320613861084,18.000000000000000
4.918,tight,-8.110479354858397,2.890539646148682,3.388868093490601,18.000000000000000
4.919,"shut ,",-5.778574764728546,8.371114969253540,8.116509914398193,26.000000000000000
4.920,he,-0.747548997402191,3.114571332931519,3.668557405471802,10.000000000000000
4.921,slipped,-6.173952595214360,5.783397912979126,5.576693534851074,12.000000000000000
4.922,from,-3.152752876281738,3.134197235107422,3.009468555450439,14.000000000000000
4.923,the,-0.830654144287109,4.437633514404297,4.745281696319580,16.000000000000000
4.924,hole,-5.962056517601013,6.776009798049928,7.541493892669678,17.000000000000000
4.925,and,-0.074253022670746,5.077012062072754,4.950025558471680,12.000000000000000
4.926,flew,-5.839265486225486,6.779475927352905,6.636986494064331,14.000000000000000
4.927,away .,-5.736376720247789,11.090541362762451,11.644346475601196,23.000000000000000
4.928,He,-3.187836170196533,5.476806640625000,5.781899452209473,3.000000000000000
4.929,wanted,-6.532183647155763,8.225905179977419,8.071837663650513,4.000000000000000
4.930,to,-0.012949774973094,4.659883499145508,4.258438587188722,7.000000000000000
4.931,"shout ,",-18.030016899108887,8.145783662796021,7.675634860992433,20.000000000000000
4.932,`` I,-3.362726209845277,15.308475732803343,15.189739227294920,26.000000000000000
4.933,am,-2.947944998741150,6.976872205734253,6.655479669570923,15.000000000000000
4.934,king '',-33.144074916839600,16.084763050079346,16.745628118515015,35.000000000000000
4.935,so,-0.849915623664856,4.015731811523438,3.874860525131226,10.000000000000000
4.936,that,-2.959488391876221,4.116993427276611,3.972145318984986,11.000000000000000
4.937,the,-2.957149505615234,3.249233484268188,3.315394878387451,14.000000000000000
4.938,owl,-12.496358990669250,5.507765531539917,5.790151596069336,15.000000000000000
4.939,could,-2.072963237762451,4.133013725280762,4.047724723815918,15.000000000000000
4.940,hear,-6.267357826232910,3.929710149765015,3.714974403381348,17.000000000000000
4.941,him,-2.582334995269775,3.417327165603638,3.533692598342896,19.000000000000000
4.942,as,-1.858940482139588,4.616767883300781,4.585761070251465,20.000000000000000
4.943,he,-0.380492597818375,4.036467075347900,4.078913688659668,23.000000000000000
4.944,"flew ,",-11.652572009712458,11.279721498489380,11.155978202819824,30.000000000000000
4.945,but,-5.639392852783202,4.049092292785645,3.964917659759521,7.000000000000000
4.946,thought,-4.402998924255371,2.517915010452271,2.433172225952148,9.000000000000000
4.947,better,-8.625510215759277,4.404933929443358,4.641894817352295,12.000000000000000
4.948,of,-1.130206704139710,3.292080402374268,3.255117416381836,13.000000000000000
4.949,it .,-0.754425656516105,12.132025241851807,12.177103757858276,19.000000000000000
4.950,From,-1.331324100494385,5.190992832183838,5.367482662200928,4.000000000000000
4.951,this,-5.543151855468750,4.455728530883789,4.675201416015625,6.000000000000000
4.952,time,-1.645776987075806,4.912492752075195,5.140546798706055,7.000000000000000
4.953,"on ,",-4.711946398019791,8.474002361297607,8.280536413192749,7.000000000000000
4.954,the,-1.118844032287598,4.595108509063722,5.126657485961914,6.000000000000000
4.955,owl,-14.434428215026855,6.119706630706787,7.008285045623778,7.000000000000000
4.956,fooled,-12.133260250091553,6.771734237670898,6.669828176498412,7.000000000000000
4.957,by,-0.290576845407486,3.362759351730347,3.195917129516602,9.000000000000000
4.958,the,-1.223354816436768,3.785361528396606,3.795864343643189,11.000000000000000
4.959,little,-7.682307243347168,4.793796539306642,5.167632579803467,12.000000000000000
4.960,bird,-6.596815586090088,7.158908128738402,7.685544967651367,13.000000000000000
4.961,has,-2.485411167144775,3.811745882034302,3.770225763320923,6.000000000000000
4.962,not,-4.671356201171875,4.470792293548584,4.402607917785645,7.000000000000000
4.963,dared,-9.900039672851562,4.532060623168945,4.355565071105957,9.000000000000000
4.964,to,-0.509836971759796,5.036682128906250,4.815999507904053,12.000000000000000
4.965,show,-5.735421657562256,3.741585731506348,3.533971786499023,14.000000000000000
4.966,himself,-8.134500026702879,8.515498399734497,8.458311796188353,16.000000000000000
4.967,by,-5.188032627105713,3.818929195404053,3.697130918502808,17.000000000000000
4.968,day,-7.084335088729858,7.253855705261230,7.484620332717895,19.000000000000000
4.969,for,-3.066844224929810,3.663174152374268,3.589461326599121,18.000000000000000
4.970,fear,-6.268803596496582,3.814949035644531,4.198916435241698,21.000000000000000
4.971,the,-3.209328174591064,4.070912361145020,4.095830917358398,24.000000000000000
4.972,birds,-5.519645452499390,6.722498178482057,7.109145879745483,25.000000000000000
4.973,should,-6.092531204223633,3.586403608322144,3.451438426971436,25.000000000000000
4.974,beat,-8.465480804443361,3.555454254150390,3.410210847854614,27.000000000000000
4.975,the,-0.615486323833466,4.404192447662354,4.324234008789063,30.000000000000000
4.976,living,-7.763965606689452,4.755236625671387,5.264194488525392,31.000000000000000
4.977,daylights,-14.253007352352142,6.448823690414429,7.961106538772582,32.000000000000000
4.978,out,-7.622712135314941,4.109375953674316,4.108635425567627,31.000000000000000
4.979,of,-6.034643173217773,3.659151077270508,3.610259056091309,32.000000000000000
4.980,him .,-5.924456378677861,11.584879636764526,12.051607370376587,40.000000000000000
4.981,He,-3.187836170196533,5.476806640625000,5.781899452209473,3.000000000000000
4.982,flies,-10.174731432111004,9.103410720825195,8.338662385940554,4.000000000000000
4.983,about,-5.356405735015869,3.999289512634277,4.092717647552490,6.000000000000000
4.984,only,-1.430907130241394,3.358782768249512,3.544188261032104,8.000000000000000
4.985,at,-2.506793498992920,4.979506492614746,5.055552005767822,8.000000000000000
4.986,"nighttime ,",-15.384436249732971,12.910947322845457,13.635026931762694,14.000000000000000
4.987,hating,-10.123534739017488,10.450021028518675,10.396298646926882,7.000000000000000
4.988,and,-5.539805889129639,6.147362709045410,6.043274402618407,8.000000000000000
4.989,pursuing,-8.271530170575716,5.589953660964966,5.249951004981996,9.000000000000000
4.990,not,-9.177480697631836,4.100249767303467,5.005754470825195,12.000000000000000
4.991,the,-4.259378433227538,4.298952102661134,4.570990085601807,13.000000000000000
4.992,"bird ,",-12.095996379852295,10.750998973846434,11.145402669906616,26.000000000000000
4.993,but,-0.364967525005341,3.956855773925781,3.911158084869385,13.000000000000000
4.994,the,-0.339092254638672,4.276606559753418,4.415020465850830,16.000000000000000
4.995,mouse,-7.849882543087006,9.008869409561155,9.921803951263428,17.000000000000000
4.996,for,-4.140920639038087,3.690049648284912,3.551671266555786,17.000000000000000
4.997,having,-4.528171658515929,8.628150701522827,8.346716403961183,20.000000000000000
4.998,made,-3.797092676162720,4.419459819793701,4.260698795318604,22.000000000000000
4.999,the,-1.194182038307190,4.626197338104248,4.557780742645264,25.000000000000000
4.1000,hole,-8.346423029899597,7.242140531539918,7.688756227493286,26.000000000000000
4.1001,into,-4.677102565765381,3.979059696197510,4.169325351715088,27.000000000000000
4.1002,which,-0.000971203146037,3.610299825668335,3.547834634780884,29.000000000000000
4.1003,the,-1.837993502616882,4.424370765686035,4.526799201965332,29.000000000000000
4.1004,little,-7.060649394989014,4.907390594482422,5.337039947509767,30.000000000000000
4.1005,bird,-4.811988651752472,7.018528461456299,7.497885465621947,31.000000000000000
4.1006,crept .,-10.113207223359495,11.820893049240112,12.151278495788574,36.000000000000000
4.1007,And,-4.425339698791504,7.155502796173097,7.182521820068358,2.000000000000000
4.1008,the,-2.182147264480591,4.836062908172607,5.108872413635254,4.000000000000000
4.1009,little,-7.897242546081543,5.298273563385010,5.952684879302979,5.000000000000000
4.1010,bird,-8.354399681091309,7.934715032577515,8.714974403381348,6.000000000000000
4.1011,also,-2.723932504653931,4.044081687927246,4.640310764312744,5.000000000000000
4.1012,keeps,-5.683583259582520,5.185705661773682,5.041934490203857,6.000000000000000
4.1013,out,-2.797465562820435,4.391470909118651,4.277688026428224,8.000000000000000
4.1014,of,-3.452334165573120,4.164066791534424,3.972179412841797,9.000000000000000
4.1015,"sight ,",-9.068014860153200,8.906165599822998,9.227250576019287,20.000000000000000
4.1016,for,-5.047057151794434,4.931968688964844,4.871209621429443,11.000000000000000
4.1017,he,-3.331656217575073,3.803256511688232,3.839644193649292,14.000000000000000
4.1018,fears,-7.727117538452148,3.942229270935059,3.871988296508789,15.000000000000000
4.1019,that,-0.951061010360718,3.981448888778687,3.833294391632080,17.000000000000000
4.1020,the,-1.758246660232544,3.932951211929321,4.199465274810791,20.000000000000000
4.1021,other,-5.272545814514160,4.220192432403564,4.280133724212647,21.000000000000000
4.1022,birds,-6.575267195701599,6.395096778869629,6.599461913108826,22.000000000000000
4.1023,should,-6.406903743743896,4.252156734466554,4.113045692443849,21.000000000000000
4.1024,punish,-10.399364471435547,3.390107393264771,3.196759700775146,23.000000000000000
4.1025,him,-0.495563834905624,3.726691246032715,3.860887289047241,25.000000000000000
4.1026,for,-0.235589906573296,4.381071567535400,4.302791595458983,26.000000000000000
4.1027,his,-1.964769840240478,4.512632369995117,4.854399681091309,28.000000000000000
4.1028,cunning .,-11.380174954159884,18.699491024017334,19.528753519058228,35.000000000000000
4.1029,The,-1.335898160934448,5.764348506927490,6.119246482849121,4.000000000000000
4.1030,rejection,-8.837795257568359,5.029289245605469,5.320090770721436,5.000000000000000
4.1031,by,-2.131770372390747,4.129213333129884,4.692780494689941,5.000000000000000
4.1032,the,-1.444862842559814,4.471986770629883,4.523777961730957,7.000000000000000
4.1033,other,-6.185990810394287,4.973433017730713,4.883327007293701,8.000000000000000
4.1034,birds,-13.819207191467285,8.490059375762941,9.040658473968506,9.000000000000000
4.1035,was,-1.466805100440979,4.247633457183838,4.108899593353272,4.000000000000000
4.1036,a,-2.049028873443604,4.524794578552246,4.359357357025146,6.000000000000000
4.1037,bitter,-5.420168876647949,4.650155544281006,5.153488636016847,7.000000000000000
4.1038,pill,-6.849741458892822,5.642714023590088,6.358112573623657,8.000000000000000
4.1039,to,-0.015281735919416,5.025770664215088,4.901841640472412,11.000000000000000
4.1040,swallow,-6.669635772705077,3.313086986541748,3.204614400863647,13.000000000000000
4.1041,for,-2.000287532806396,3.476662635803223,3.501941204071045,15.000000000000000
4.1042,the,-1.222850441932678,3.107940673828125,2.862275600433350,18.000000000000000
4.1043,nameless,-17.172973632812500,9.397909164428713,9.193894386291504,19.000000000000000
4.1044,bird,-5.563112258911133,6.937254190444946,7.161117076873778,20.000000000000000
4.1045,the,-2.120140075683594,3.749293327331543,3.781061410903930,21.000000000000000
4.1046,owl,-9.870651721954346,5.518243789672852,5.859474658966064,22.000000000000000
4.1047,had,-1.830890536308289,3.815151691436768,3.664510250091553,22.000000000000000
4.1048,let,-8.079374313354492,3.795467853546143,3.624348878860474,24.000000000000000
4.1049,slip,-4.363181591033936,2.343915700912476,2.292683839797974,27.000000000000000
4.1050,away .,-3.923888793953666,11.523425102233887,11.651065349578857,33.000000000000000
4.1051,He,-3.726649999618529,5.136103630065918,5.189894676208496,4.000000000000000
4.1052,hides,-11.151979837333784,8.586885929107666,8.351383447647095,5.000000000000000
4.1053,in,-1.278570055961609,3.418073415756226,3.728988409042358,7.000000000000000
4.1054,the,-1.841159105300904,4.111216545104980,4.399019241333008,9.000000000000000
4.1055,"hedges ,",-12.102955400943756,12.375016689300541,12.893210172653200,13.000000000000000
4.1056,and,-0.628725409507751,4.209895610809326,4.037511348724365,4.000000000000000
4.1057,when,-0.054928682744503,3.912795543670654,4.148433685302733,8.000000000000000
4.1058,he,-0.854105472564697,3.576595544815063,3.857662200927734,10.000000000000000
4.1059,thinks,-4.692530619344325,5.799124360084534,5.455856680870056,11.000000000000000
4.1060,himself,-4.125726934522390,8.532409429550171,8.571290493011475,14.000000000000000
4.1061,quite,-6.246124267578125,4.804235935211182,5.039118289947510,15.000000000000000
4.1062,"safe ,",-5.025893241167068,8.022727251052856,7.736133098602295,23.000000000000000
4.1063,he,-0.830110490322113,3.887130260467529,4.069618701934815,10.000000000000000
4.1064,sings,-7.755189418792725,3.909982919692993,3.767454862594605,11.000000000000000
4.1065,"out ,",-10.616185426712036,7.774791240692138,7.854436874389648,24.000000000000000
4.1066,`` I,-3.324610473523534,15.250648736953735,15.119636297225952,27.000000000000000
4.1067,am,-3.398253738880157,6.336522579193115,6.188090562820435,16.000000000000000
4.1068,"king ,",-9.135476589202881,10.052656650543213,10.408180475234985,32.000000000000000
4.1069,I,-0.376835167407990,3.242735147476196,3.193835496902466,17.000000000000000
4.1070,am,-1.831501156091690,6.168787956237793,6.070222377777100,18.000000000000000
4.1071,king ! '',-24.831606728024781,23.110183238983154,23.321348905563354,33.000000000000000
4.1072,And,-4.425339698791504,7.155502796173097,7.182521820068358,2.000000000000000
4.1073,the,-2.182147264480591,4.836062908172607,5.108872413635254,4.000000000000000
4.1074,other,-5.952693939208983,5.204093933105469,5.464148998260498,5.000000000000000
4.1075,birds,-11.721328616142273,7.965173959732057,8.519947528839111,6.000000000000000
4.1076,in,-0.836879372596741,3.051796913146973,3.375803709030152,5.000000000000000
4.1077,mockery,-13.164349079132080,9.206265926361084,9.587094306945801,7.000000000000000
4.1078,call,-8.342185974121094,3.359802722930908,3.174751758575439,6.000000000000000
4.1079,"out ,",-11.085987091064453,8.058684587478638,8.121773004531860,17.000000000000000
4.1080,"`` Yes ,",-13.447400397621095,18.186320543289185,19.086977720260620,37.000000000000000
4.1081,"yes ,",-3.335696816444397,7.825798988342286,7.841202974319457,25.000000000000000
4.1082,the,-1.930557370185852,4.156145572662354,3.998298406600952,14.000000000000000
4.1083,"hedge-king ,",-26.514081239700314,14.114459991455078,15.390052556991575,29.000000000000000
4.1084,the,-0.340148836374283,3.677772521972656,3.752416849136353,16.000000000000000
4.1085,hedge-king ! '',-38.268348622135818,28.450983524322510,29.767020702362061,30.000000000000000
5.1,At,-2.811328887939453,5.747324943542480,5.551322460174561,3.000000000000000
5.2,ten,-10.073261022567747,8.703953266143799,8.696763753890991,6.000000000000000
5.3,years,-0.147629901766777,4.370033264160156,4.675391197204590,7.000000000000000
5.4,"old ,",-0.147125239949673,11.931438922882080,12.833773374557495,9.000000000000000
5.5,I,-4.108739852905273,2.886994838714600,3.372948646545410,5.000000000000000
5.6,could,-3.824870824813842,4.080088138580321,3.906719207763672,6.000000000000000
5.7,not,-3.231080532073975,4.752314567565918,4.848230361938477,7.000000000000000
5.8,figure,-5.941176414489746,3.885410547256470,3.701541423797608,9.000000000000000
5.9,out,-0.002487780991942,4.533630371093750,4.469583034515381,11.000000000000000
5.10,what,-0.332834243774414,3.949587821960449,4.265295982360840,16.000000000000000
5.11,it,-3.093664407730103,4.413087368011475,4.865464687347412,18.000000000000000
5.12,was,-0.957998871803284,4.565773963928223,4.433644771575928,19.000000000000000
5.13,that,-1.820165753364563,3.540828704833984,3.473485469818115,16.000000000000000
5.14,this,-4.807248115539551,4.623540401458740,4.965331077575684,18.000000000000000
5.15,Elvis,-13.870567321777346,4.802583217620850,5.762285232543945,19.000000000000000
5.16,Presley,-0.126027166843414,4.223088741302490,5.074695110321045,20.000000000000000
5.17,guy,-8.796827316284180,4.498081207275392,4.849225997924805,21.000000000000000
5.18,had,-2.349516391754150,3.415161609649658,3.306612968444824,19.000000000000000
5.19,that,-0.658538579940796,3.133940219879150,2.973779439926147,15.000000000000000
5.20,the,-1.493872642517090,3.949171543121338,3.855623245239258,18.000000000000000
5.21,rest,-3.341364622116089,4.266132354736328,4.434347629547119,19.000000000000000
5.22,of,-0.001583037781529,3.991346597671509,3.951291322708130,19.000000000000000
5.23,us,-1.323970099911093,8.199573278427124,8.278014898300171,21.000000000000000
5.24,boys,-15.636421203613279,4.583779335021973,4.961014747619629,22.000000000000000
5.25,did,-2.678651332855225,3.028486490249634,2.934162378311157,18.000000000000000
5.26,not,-2.621012687683105,3.949291229248047,3.870327472686768,19.000000000000000
5.27,have .,-1.938663368579000,10.997056722640991,11.070750474929810,27.000000000000000
5.28,He,-3.187836170196533,5.476806640625000,5.781899452209473,3.000000000000000
5.29,seemed,-8.067814218928108,8.761693954467772,8.100033521652223,4.000000000000000
5.30,to,-0.009427788667381,5.329992294311523,5.476050853729248,7.000000000000000
5.31,be,-1.456400752067566,5.416725635528564,5.401923656463623,9.000000000000000
5.32,no,-7.619364261627197,4.531205177307129,5.370901584625244,11.000000000000000
5.33,different,-1.065384149551392,4.763637065887451,4.944547176361084,12.000000000000000
5.34,from,-0.102783180773258,4.472143173217773,4.362163066864014,14.000000000000000
5.35,the,-1.326247692108154,4.903848171234131,5.278892993927002,17.000000000000000
5.36,rest,-2.889974355697632,4.427311897277832,5.147563934326172,18.000000000000000
5.37,of,-0.006088163703680,4.271448612213135,4.575946331024170,18.000000000000000
5.38,us .,-1.833436072309268,14.825426340103149,15.987667560577393,24.000000000000000
5.39,He,-3.187836170196533,5.476806640625000,5.781899452209473,3.000000000000000
5.40,was,-3.223276615142822,4.726879596710205,4.412939548492432,4.000000000000000
5.41,simply,-6.132439613342285,3.924292087554932,3.776959896087647,6.000000000000000
5.42,a,-1.134252548217773,4.591416358947754,4.601419448852539,8.000000000000000
5.43,man,-2.902795672416687,7.180737495422362,8.158194065093994,9.000000000000000
5.44,who,-0.072199046611786,2.883554458618164,2.947216749191284,10.000000000000000
5.45,had,-2.088900566101074,4.416223526000977,4.383477687835693,12.000000000000000
5.46,a,-1.301162362098694,4.974672317504883,5.104928493499756,15.000000000000000
5.47,"head ,",-12.677346229553223,8.742508649826050,9.563286781311035,31.000000000000000
5.48,two,-6.004786491394043,3.916713953018189,4.301155090332031,17.000000000000000
5.49,arms,-4.351189613342285,3.232273340225220,3.776693344116211,18.000000000000000
5.50,and,-0.589749455451965,5.455022811889648,5.477426052093506,17.000000000000000
5.51,two,-2.986722946166992,4.203828811645509,4.836395263671875,19.000000000000000
5.52,legs .,-2.988612559740432,11.315755128860474,12.151072978973389,24.000000000000000
5.53,It,-3.463986396789551,5.483454227447510,5.923331260681152,3.000000000000000
5.54,must,-5.886824607849121,5.478818893432617,5.214854240417480,4.000000000000000
5.55,have,-2.343671560287476,5.318728446960449,5.113384246826172,6.000000000000000
5.56,been,-0.509001970291138,5.532182216644287,5.338810443878174,8.000000000000000
5.57,something,-4.285717010498047,4.753413677215576,5.080214500427246,12.000000000000000
5.58,pretty,-4.725998878479004,4.874681472778320,4.995093822479248,13.000000000000000
5.59,superlative,-12.375801548361778,12.277907848358154,13.633144378662109,14.000000000000000
5.60,that,-0.015989884734154,3.082404136657715,3.138772010803223,13.000000000000000
5.61,he,-4.021293640136719,4.132280826568604,4.425417423248291,15.000000000000000
5.62,had,-1.916485071182251,4.005824089050293,3.891912460327149,16.000000000000000
5.63,hidden,-10.784679412841797,3.667646884918213,3.461673736572266,18.000000000000000
5.64,"away ,",-10.250389814376831,7.426474332809447,7.386766195297241,24.000000000000000
5.65,because,-3.351312875547592,7.515430688858032,7.474259614944457,6.000000000000000
5.66,he,-0.670077621936798,4.284712791442871,4.383513927459717,9.000000000000000
5.67,had,-1.789872646331787,3.864763498306274,3.807002067565918,10.000000000000000
5.68,every,-5.310369491577148,5.162520885467528,5.496823310852051,13.000000000000000
5.69,young,-12.084823608398438,5.100446224212647,5.389875411987305,14.000000000000000
5.70,girl,-4.155022144317627,3.570778369903564,4.073934555053712,15.000000000000000
5.71,at,-3.752813339233398,4.174969673156738,4.229647159576416,14.000000000000000
5.72,the,-1.622692465782166,4.351861953735352,4.493735790252686,16.000000000000000
5.73,orphanage,-12.524460673332214,7.323229551315308,8.447871446609497,17.000000000000000
5.74,wrapped,-9.756868582218884,5.804225921630858,5.806015253067017,15.000000000000000
5.75,around,-2.951115846633911,3.566637754440308,3.530929327011108,17.000000000000000
5.76,his,-1.867998123168945,4.149632930755615,4.600507736206055,19.000000000000000
5.77,little,-6.325099945068358,4.918099403381348,5.543889045715332,20.000000000000000
5.78,finger .,-6.475447585806251,11.051449775695801,11.972407579421997,27.000000000000000
5.79,At,-2.811328887939453,5.747324943542480,5.551322460174561,3.000000000000000
5.80,about,-5.980491638183594,5.539882659912108,5.597947120666504,5.000000000000000
5.81,nine,-7.004583358764648,4.137671470642090,4.700232982635498,6.000000000000000
5.82,o'clock,-24.171430826187130,16.210752010345463,17.224876403808597,7.000000000000000
5.83,on,-1.072737932205200,3.710645198822021,3.880565404891968,4.000000000000000
5.84,Saturday,-2.068097591400146,4.956328868865967,5.467638969421387,6.000000000000000
5.85,"morning ,",-2.617016553878784,8.891265869140625,9.376835823059082,11.000000000000000
5.86,I,-4.059593200683594,3.297936916351318,3.772226572036743,6.000000000000000
5.87,figured,-7.247219351120293,6.202076435089111,5.761118054389954,7.000000000000000
5.88,a,-4.410323619842528,4.698177337646483,5.233110427856445,11.000000000000000
5.89,good,-4.755991458892822,4.615601062774658,5.150437831878662,12.000000000000000
5.90,solution,-7.725276947021483,3.370923042297364,3.849284410476685,13.000000000000000
5.91,was,-0.825953722000122,4.555364131927490,4.641052246093750,12.000000000000000
5.92,to,-0.018684688955545,5.285286426544189,5.109114646911621,15.000000000000000
5.93,ask,-5.186810493469238,3.487001419067383,3.322867155075073,17.000000000000000
5.94,Eugene,-7.846579497680067,6.416349649429321,8.012670993804933,20.000000000000000
5.95,"Correthers ,",-24.562262989580631,22.887791395187378,26.015033721923825,41.000000000000000
5.96,who,-0.120787255465984,2.804327964782715,2.862468719482422,23.000000000000000
5.97,was,-1.649819254875183,4.400609970092773,4.292924404144287,25.000000000000000
5.98,one,-3.357428550720215,5.198197841644287,5.203460693359375,28.000000000000000
5.99,of,-0.001839494565502,4.316341876983643,4.210227012634276,29.000000000000000
5.100,the,-2.195065975189209,4.566532611846924,4.532942295074463,31.000000000000000
5.101,older,-5.497444629669189,3.712444067001343,4.018013954162599,34.000000000000000
5.102,and,-0.285920381546021,5.552749156951903,5.514989376068115,34.000000000000000
5.103,smarter,-9.005145221948622,6.837544202804565,7.514617204666138,36.000000000000000
5.104,"boys ,",-7.273833513259888,9.049360752105713,8.996549606323242,52.000000000000000
5.105,what,-0.473690629005432,3.517761468887329,3.510176658630371,24.000000000000000
5.106,it,-3.259095191955566,4.386259555816650,4.632689476013184,26.000000000000000
5.107,was,-0.848522603511810,3.634032249450684,3.567312955856323,27.000000000000000
5.108,that,-0.608643651008606,2.746923923492432,2.633305549621582,24.000000000000000
5.109,made,-3.205500602722168,4.095551013946533,4.037225723266602,26.000000000000000
5.110,this,-5.286301612854004,4.210636138916017,4.193739414215088,29.000000000000000
5.111,Elvis,-13.024980545043945,4.909397602081299,5.656681060791017,30.000000000000000
5.112,guy,-11.515152931213381,4.228967666625977,4.429465770721436,31.000000000000000
5.113,so,-2.491771221160889,4.949028015136719,4.976826667785645,30.000000000000000
5.114,special .,-7.154346141382121,10.946080207824707,10.916643857955933,38.000000000000000
5.115,He,-3.187836170196533,5.476806640625000,5.781899452209473,3.000000000000000
5.116,told,-5.443181991577148,9.582766056060793,9.377446413040159,4.000000000000000
5.117,me,-3.150386810302734,4.298663139343262,4.683268070220947,6.000000000000000
5.118,that,-0.974014878273010,4.953527927398682,4.615557193756104,7.000000000000000
5.119,it,-3.176214694976806,4.455736637115479,4.938271999359131,10.000000000000000
5.120,was,-0.806749343872070,4.120313167572021,3.935313224792481,11.000000000000000
5.121,not,-6.633435726165772,4.048440933227538,4.197106361389160,13.000000000000000
5.122,anything,-7.091515541076660,4.620686054229736,4.934105396270752,16.000000000000000
5.123,about,-4.756384849548340,4.432627677917480,4.326388835906982,17.000000000000000
5.124,Elvis 's,-12.855966699542478,14.723176717758182,16.390593290328979,41.000000000000000
5.125,"personality ,",-6.104198515415192,8.546884059906006,8.745153427124023,35.000000000000000
5.126,but,-0.031870380043983,4.368143558502196,4.259872913360597,16.000000000000000
5.127,his,-4.083745956420898,4.786408424377441,4.940994262695312,19.000000000000000
5.128,wavy,-13.527938012033699,11.134927749633787,12.316046237945555,20.000000000000000
5.129,"hair ,",-7.008904635906219,7.987021923065186,8.638700246810913,40.000000000000000
5.130,and,-3.384922981262207,4.503435134887695,4.401582241058350,20.000000000000000
5.131,the,-1.050144553184509,4.354229450225830,4.545007705688477,23.000000000000000
5.132,way,-3.142361640930176,3.808299779891968,4.348724365234375,24.000000000000000
5.133,he,-0.711633324623108,4.155130386352538,4.490718841552733,26.000000000000000
5.134,moved,-6.399440050125122,4.981887102127075,4.875296235084535,27.000000000000000
5.135,his,-0.895866036415100,4.210483074188232,4.432981014251709,29.000000000000000
5.136,body .,-4.506184807592946,15.001681327819824,15.941249847412109,34.000000000000000
5.137,About,-2.311589241027832,5.414227008819580,5.329837322235107,6.000000000000000
5.138,a,-1.711682319641113,4.397719383239746,4.464296817779541,7.000000000000000
5.139,half,-4.690099716186523,5.218411922454834,5.504650115966797,8.000000000000000
5.140,an,-4.883596420288086,4.129253387451172,4.671736240386963,6.000000000000000
5.141,hour,-0.029366124421358,7.138417720794678,7.844225645065308,7.000000000000000
5.142,"later ,",-0.686529815196991,9.605072021484375,9.724227428436279,7.000000000000000
5.143,the,-1.317193865776062,4.176100254058838,4.850502014160156,6.000000000000000
5.144,boys,-7.877469062805176,4.411902427673340,4.931643962860107,7.000000000000000
5.145,in,-0.928010463714600,3.292087793350220,3.546452760696411,7.000000000000000
5.146,the,-0.870428860187531,3.569263219833374,4.193457126617432,9.000000000000000
5.147,orphanage,-12.879996538162231,7.426801681518555,8.666059970855713,10.000000000000000
5.148,called,-3.004334807395935,8.527116060256956,8.985591650009153,8.000000000000000
5.149,down,-5.260713100433350,3.555731296539306,3.841413974761963,10.000000000000000
5.150,to,-3.612947225570679,3.660402774810791,3.657821655273438,11.000000000000000
5.151,the,-1.150072097778320,4.351342201232910,4.547412395477295,13.000000000000000
5.152,main,-7.060400962829590,5.076698780059815,5.214819431304932,14.000000000000000
5.153,dining,-6.280597686767577,4.036245346069337,5.344372749328613,15.000000000000000
5.154,room,-0.252029277384281,7.053292512893678,7.893036365509032,16.000000000000000
5.155,by,-1.464572310447693,3.879986524581909,4.109054565429688,12.000000000000000
5.156,the,-1.523096084594727,4.074751853942871,4.176381111145020,14.000000000000000
5.157,matron,-12.858750581741333,6.305846214294434,6.635349035263062,15.000000000000000
5.158,were,-1.838717222213745,4.752945423126222,4.858322143554688,6.000000000000000
5.159,told,-3.027723789215088,8.100307941436768,8.159017562866211,8.000000000000000
5.160,that,-1.036765813827515,4.388486385345459,4.343976020812988,10.000000000000000
5.161,they,-1.325791239738464,3.409974813461304,3.771590232849121,13.000000000000000
5.162,were,-1.276311516761780,4.127467632293701,4.078508377075194,14.000000000000000
5.163,all,-5.786545276641847,4.427721023559570,4.430422782897949,15.000000000000000
5.164,going,-2.724427223205566,3.294535398483276,3.335064888000488,17.000000000000000
5.165,to,-0.577648818492889,3.147400856018066,3.053193807601929,19.000000000000000
5.166,downtown,-9.725679397583008,5.682640075683594,5.896185874938965,21.000000000000000
5.167,"Jacksonville ,",-17.080142974853516,8.852530002593994,9.752213001251221,45.000000000000000
5.168,Florida,-7.231220722198486,4.099264144897462,4.394394874572754,24.000000000000000
5.169,to,-0.018860762938857,4.398946285247803,4.300399780273438,21.000000000000000
5.170,get,-2.957775831222534,3.767748117446899,3.648085594177246,23.000000000000000
5.171,a,-1.162180542945862,4.213408470153809,4.145006179809569,26.000000000000000
5.172,new,-4.398786544799805,5.210738658905028,5.206652164459229,27.000000000000000
5.173,pair,-6.716611385345459,3.783019304275513,4.299510955810547,28.000000000000000
5.174,of,-0.010081561282277,3.777661561965942,3.813194036483765,27.000000000000000
5.175,Buster,-13.033363282680511,6.333125114440918,7.666366338729858,29.000000000000000
5.176,Brown,-4.834880352020264,4.470222949981689,4.913675308227539,30.000000000000000
5.177,shoes,-2.902086973190308,4.293972492218018,4.647400856018066,31.000000000000000
5.178,and,-9.601914405822754,4.185927391052246,4.187918663024901,25.000000000000000
5.179,a,-1.341585636138916,4.607865810394287,4.560375690460205,27.000000000000000
5.180,haircut .,-10.333563748456072,11.399565458297729,12.195204734802246,34.000000000000000
5.181,That,-4.299169063568115,5.808034896850586,5.929095745086670,3.000000000000000
5.182,is,-2.152384281158448,5.096240520477295,4.693501949310303,4.000000000000000
5.183,when,-2.349481105804444,4.506169795989990,4.621521472930908,7.000000000000000
5.184,I,-3.668630838394165,3.554965972900390,4.211316585540772,9.000000000000000
5.185,got,-3.996633052825928,4.799354076385498,4.711813449859619,10.000000000000000
5.186,this,-4.333978652954102,4.040070533752441,4.457772254943848,13.000000000000000
5.187,big,-5.377002239227295,4.629885673522949,5.068619728088379,14.000000000000000
5.188,"idea ,",-6.521892070770264,10.257890224456787,10.083438396453857,28.000000000000000
5.189,which,-0.066565722227097,3.680376291275024,3.514419555664062,16.000000000000000
5.190,hit,-8.099718093872070,4.196761608123778,4.114114761352538,18.000000000000000
5.191,me,-0.970070481300354,3.919742584228516,3.985936641693115,20.000000000000000
5.192,like,-2.076191902160645,3.454362869262696,3.641833782196045,21.000000000000000
5.193,a,-0.605483233928680,4.158807277679443,4.677526950836182,24.000000000000000
5.194,ton,-7.487917542457581,5.983645915985107,6.831777811050415,25.000000000000000
5.195,of,-0.121230870485306,3.975834608078003,4.044730186462401,25.000000000000000
5.196,bricks .,-7.183047171216458,11.320151090621948,12.385503292083740,31.000000000000000
5.197,If,-1.702155232429504,5.471009731292725,4.499320507049561,3.000000000000000
5.198,the,-1.333134651184082,3.899038791656494,4.280513286590576,6.000000000000000
5.199,Elvis,-12.059476852416992,5.494617462158203,6.346490859985352,7.000000000000000
5.200,haircut,-14.118176460266113,4.389810085296632,4.540089130401611,8.000000000000000
5.201,was,-2.369815826416016,4.211959838867188,3.916614055633545,7.000000000000000
5.202,the,-2.518313646316528,4.558958053588867,4.317786216735840,9.000000000000000
5.203,big,-3.816870212554932,4.971531391143799,5.476981163024902,10.000000000000000
5.204,"secret ,",-7.759898498654366,9.026375770568848,8.856070041656494,14.000000000000000
5.205,then,-2.031609058380127,3.999755382537842,4.264328002929688,6.000000000000000
5.206,Elvis 's,-10.936196373309940,13.893523693084717,16.127120256423950,17.000000000000000
5.207,haircut,-10.174948692321776,4.067454338073730,4.561821937561035,8.000000000000000
5.208,I,-4.568131446838379,3.050897836685181,3.276423692703247,8.000000000000000
5.209,was,-1.914075851440430,4.561512947082520,4.453048229217528,9.000000000000000
5.210,going,-3.181760072708130,3.772754192352295,3.739531517028809,11.000000000000000
5.211,to,-0.007875226438046,4.465079784393311,4.358360290527344,14.000000000000000
5.212,get .,-7.571494817733764,12.779509305953979,12.651528835296631,21.000000000000000
5.213,I,-4.568984985351562,5.005426406860352,5.008660316467285,4.000000000000000
5.214,was,-2.857307434082031,5.353978157043457,5.268661975860597,5.000000000000000
5.215,going,-4.006611824035645,4.455454826354980,4.579835891723633,7.000000000000000
5.216,to,-0.004603027831763,5.478171825408936,5.276523113250732,10.000000000000000
5.217,have,-2.849668264389038,5.608737945556642,5.587331295013428,12.000000000000000
5.218,my,-3.612112998962401,4.062171459197998,4.828794002532959,15.000000000000000
5.219,day,-6.264128208160400,7.558745145797729,8.618582010269165,16.000000000000000
5.220,in,-1.130928754806519,3.033131837844849,3.457135438919067,16.000000000000000
5.221,the,-0.968750059604645,3.558595895767212,4.231480121612549,18.000000000000000
5.222,"sun ,",-6.221369415521622,7.844218730926514,8.576714992523193,22.000000000000000
5.223,and,-0.974300265312195,4.312914848327637,4.243173599243163,4.000000000000000
5.224,all,-4.275490283966064,4.280925273895264,4.616407394409180,8.000000000000000
5.225,the,-0.632346093654633,4.654353141784668,4.946243762969972,9.000000000000000
5.226,way,-0.035997867584229,3.421613931655884,3.734331130981445,10.000000000000000
5.227,to,-0.317160487174988,3.702153921127319,3.647002696990967,9.000000000000000
5.228,town,-5.515680074691772,7.895719289779662,8.337663412094116,11.000000000000000
5.229,that,-4.934621810913086,4.020047187805177,3.968054771423340,8.000000000000000
5.230,was,-1.029982686042786,3.654869079589844,3.605131626129150,9.000000000000000
5.231,all,-4.750618457794189,5.459475517272949,5.412469387054443,11.000000000000000
5.232,I,-0.369009256362915,2.902312994003296,2.965281963348389,15.000000000000000
5.233,talked,-6.920430183410645,4.102535247802733,3.971724271774292,16.000000000000000
5.234,about .,-3.689531427342445,10.230730533599854,10.388873100280762,24.000000000000000
5.235,The,-1.111525416374206,5.131339073181152,5.495558261871338,5.000000000000000
5.236,fact,-10.348474502563477,5.112515926361084,5.070082664489746,6.000000000000000
5.237,that,-3.955036640167236,4.463474273681642,4.049693107604980,6.000000000000000
5.238,I,-3.541747808456421,3.849488258361816,4.231432437896729,9.000000000000000
5.239,was,-2.513212442398072,4.715834617614746,4.341607570648193,10.000000000000000
5.240,getting,-4.689556121826172,4.227352619171143,4.285812377929688,12.000000000000000
5.241,an,-4.377126216888429,4.339473724365233,4.637534618377686,14.000000000000000
5.242,Elvis,-11.257352828979492,4.998690605163574,5.609083175659180,15.000000000000000
5.243,"haircut ,",-14.011940062046051,8.315701484680174,8.650878906250000,20.000000000000000
5.244,not,-1.925535440444946,3.638634443283081,3.986123323440552,6.000000000000000
5.245,just,-5.282525062561035,3.545067787170410,3.824007749557495,7.000000000000000
5.246,the,-0.275649309158325,3.356016874313354,3.284476280212402,8.000000000000000
5.247,simple,-7.189300537109375,4.240834712982179,4.274062156677246,9.000000000000000
5.248,fact,-3.095695018768311,3.834182262420654,4.287942886352538,10.000000000000000
5.249,that,-3.771455287933350,4.492865085601807,4.346660614013672,9.000000000000000
5.250,we,-3.984163284301758,3.890551090240479,4.253093242645264,12.000000000000000
5.251,were,-1.354817271232605,4.051083564758302,3.886069774627686,13.000000000000000
5.252,getting,-3.549446582794189,3.874187707901001,3.831354141235352,15.000000000000000
5.253,out,-2.510730743408203,3.790068626403809,4.033316612243651,17.000000000000000
5.254,of,-0.051683623343706,3.150591611862183,3.033925294876098,19.000000000000000
5.255,the,-1.158112883567810,3.762315988540649,3.599582910537720,21.000000000000000
5.256,"orphanage ,",-14.545285979285836,11.136316061019897,11.413089275360107,29.000000000000000
5.257,made,-3.564766407012939,4.222466945648193,4.047942638397217,4.000000000000000
5.258,me,-0.588624477386475,3.432501792907715,3.369671106338501,7.000000000000000
5.259,particularly,-5.671039541834034,8.759607315063478,9.165787220001221,8.000000000000000
5.260,loquacious .,-12.826241842820309,22.033976316452026,23.419842004776005,13.000000000000000
5.261,I,-4.953929901123047,5.363583564758301,5.224441051483153,3.000000000000000
5.262,told,-5.772586107254027,9.447319507598877,8.755054235458374,4.000000000000000
5.263,"everybody ,",-9.481060266494751,10.214742660522461,9.986782073974609,14.000000000000000
5.264,including,-0.197557136232717,8.299807071685791,8.953118801116943,9.000000000000000
5.265,the,-1.741344451904297,4.909515380859375,5.233330249786377,12.000000000000000
5.266,orphanage,-14.941556692123413,7.461030006408691,8.332122802734375,13.000000000000000
5.267,matron,-13.319119453430176,6.750200271606445,7.327761173248291,14.000000000000000
5.268,I,-0.385734438896179,3.170034885406494,3.211657762527466,15.000000000000000
5.269,normally,-4.345681785671332,8.262852191925049,8.582257509231567,16.000000000000000
5.270,"feared ,",-11.204980611801149,10.472666859626770,10.153257369995119,23.000000000000000
5.271,that,-0.176791310310364,4.074584960937500,3.947041273117065,9.000000000000000
5.272,I,-1.387358069419861,3.398857831954956,3.793818473815918,12.000000000000000
5.273,was,-1.225333809852600,4.300738811492920,4.283065795898438,13.000000000000000
5.274,going,-2.368558168411255,3.415970563888550,3.425759553909302,15.000000000000000
5.275,to,-0.003977721557021,4.673262119293213,4.526751995086670,18.000000000000000
5.276,look,-6.018185615539551,2.934151887893677,2.747964382171631,20.000000000000000
5.277,just,-6.822540283203125,2.673592805862427,2.876945495605469,22.000000000000000
5.278,like,-1.696024894714356,3.776703357696533,3.828564167022705,23.000000000000000
5.279,Elvis,-9.907566070556641,4.324147701263429,5.190866470336914,25.000000000000000
5.280,Presley,-0.295377194881439,3.598073005676269,4.073058605194092,26.000000000000000
5.281,and,-1.180493593215942,4.152731895446776,4.015559196472168,9.000000000000000
5.282,that,-0.011049510911107,4.242596626281738,4.221460342407227,11.000000000000000
5.283,I,-0.751332819461823,3.698032379150391,3.896072864532471,14.000000000000000
5.284,would,-1.938547611236572,3.666235923767090,3.596229314804077,15.000000000000000
5.285,learn,-6.408649444580077,3.287791490554810,3.212995290756226,17.000000000000000
5.286,to,-0.010501836426556,3.965616464614868,3.909169435501098,20.000000000000000
5.287,move,-6.093852519989014,2.652901411056519,2.519381999969482,22.000000000000000
5.288,around,-3.708236932754517,4.156518459320068,4.188984394073486,24.000000000000000
5.289,just,-5.780565261840820,3.079502582550049,3.242015123367310,25.000000000000000
5.290,like,-2.962718009948730,4.574670314788818,4.537203311920166,26.000000000000000
5.291,he,-2.489461660385132,3.747765779495239,4.079107284545898,29.000000000000000
5.292,did,-1.208297967910767,3.320641040802002,3.324944019317627,30.000000000000000
5.293,and,-12.892183303833008,4.269680023193358,4.181041717529297,11.000000000000000
5.294,that,-0.025962263345718,3.925769090652466,3.887965917587280,13.000000000000000
5.295,I,-0.897405683994293,3.792583942413330,4.015285491943358,16.000000000000000
5.296,would,-1.505910754203796,3.454701423645020,3.396979331970215,17.000000000000000
5.297,be,-1.830500721931457,4.514620304107666,4.457708835601807,19.000000000000000
5.298,rich,-6.972384333610535,7.538115739822388,7.757948398590088,21.000000000000000
5.299,and,-3.344036817550659,5.214924812316895,5.213177204132080,22.000000000000000
5.300,famous,-1.698673963546753,4.001492500305177,4.199664592742920,23.000000000000000
5.301,one,-4.563364505767822,4.313899040222168,4.284339427947998,23.000000000000000
5.302,"day ,",-5.036224305629730,10.570299148559570,10.901498317718506,46.000000000000000
5.303,just,-4.587422847747803,3.431192398071289,3.649749517440796,24.000000000000000
5.304,like,-2.654725551605225,3.833578824996948,3.807044506072998,25.000000000000000
5.305,him .,-4.619199143955484,11.444206953048708,11.655263185501099,31.000000000000000
5.306,The,-1.674321293830872,6.122092247009277,6.432260990142822,3.000000000000000
5.307,matron,-15.273821830749512,9.299420833587646,9.191057205200195,4.000000000000000
5.308,understood,-8.957186621846631,13.808697700500488,14.578724861145020,5.000000000000000
5.309,my,-6.658052444458008,3.326383113861084,3.624172687530518,9.000000000000000
5.310,idea,-7.056873321533202,4.205427646636963,4.587742328643799,10.000000000000000
5.311,was,-0.266984999179840,4.592411518096924,4.523372173309326,10.000000000000000
5.312,something,-3.379975080490112,4.605335712432861,5.011567592620850,13.000000000000000
5.313,that,-0.009627459570765,3.079159975051880,2.976838350296021,15.000000000000000
5.314,I,-0.954970598220825,4.129061698913573,4.223144531250000,17.000000000000000
5.315,was,-2.838984012603760,4.831759452819824,4.662833213806152,18.000000000000000
5.316,really,-2.856919272002415,7.521118402481079,8.229491472244263,20.000000000000000
5.317,excited,-6.266489505767822,4.951002120971680,4.934494495391847,21.000000000000000
5.318,about,-9.937239646911619,4.358744144439696,4.253014564514160,22.000000000000000
5.319,and,-1.637489676475525,4.570163726806642,4.471850872039795,5.000000000000000
5.320,said,-2.092977762222290,4.072385787963866,4.004571914672852,7.000000000000000
5.321,nothing .,-3.490227236674400,11.439109563827515,11.668034315109253,13.000000000000000
5.322,When,-0.051483795046806,5.534183502197267,5.524065017700195,4.000000000000000
5.323,I,-3.796216249465942,3.620121479034424,4.120249748229980,6.000000000000000
5.324,got,-3.622624158859253,4.680735111236572,4.546669006347656,7.000000000000000
5.325,my,-2.251059055328369,3.305821895599365,3.747378110885620,9.000000000000000
5.326,new,-5.351627349853517,4.600736141204834,5.191474914550781,10.000000000000000
5.327,Buster,-14.239633888006210,7.505071640014648,8.981458425521849,11.000000000000000
5.328,Brown,-5.215541839599608,5.047937870025635,5.679522514343263,12.000000000000000
5.329,"shoes ,",-5.945859119296074,9.299627304077148,9.761763572692871,16.000000000000000
5.330,I,-0.527616977691650,2.668523311614990,2.897929668426514,5.000000000000000
5.331,was,-1.930221676826477,4.616264820098877,4.512335777282715,6.000000000000000
5.332,smiling,-8.338298678398132,7.704312324523926,7.748329162597656,8.000000000000000
5.333,from,-4.939869880676270,3.717480182647705,3.632780551910400,10.000000000000000
5.334,ear,-8.559830427169800,6.798658132553101,7.694969415664673,12.000000000000000
5.335,to,-1.167875885963440,3.761291265487671,3.555919408798218,11.000000000000000
5.336,ear .,-2.616280397167430,13.185524702072144,14.143784284591675,19.000000000000000
5.337,Those,-6.173838853836060,12.098935604095461,12.052709579467773,4.000000000000000
5.338,"shoes ,",-14.973685026168823,9.636596679687500,9.648925304412842,9.000000000000000
5.339,they,-2.046358585357666,3.802637577056885,4.013425827026366,6.000000000000000
5.340,shined,-11.916609644889832,10.721240997314453,10.502460002899170,7.000000000000000
5.341,really,-9.626142024993896,7.411386728286742,7.838760852813722,9.000000000000000
5.342,"brightly ,",-10.554789662361145,8.118490457534790,8.651977539062500,13.000000000000000
5.343,and,-0.622652888298035,4.484302520751953,4.413666248321533,4.000000000000000
5.344,I,-3.201860189437866,3.121053457260132,3.459954023361206,7.000000000000000
5.345,liked,-5.236133813858032,6.524893760681152,6.120470285415649,8.000000000000000
5.346,looking,-5.981422424316406,3.826918601989746,3.585323572158813,11.000000000000000
5.347,at,-1.026664376258850,3.296880960464477,3.178691387176514,13.000000000000000
5.348,the,-0.828350961208344,3.996265888214111,4.181992053985597,16.000000000000000
5.349,bones,-8.036515951156616,7.112970352172852,7.727699995040893,17.000000000000000
5.350,in,-2.641802310943604,3.459405899047852,3.692175865173340,17.000000000000000
5.351,my,-1.905577898025513,4.696829795837402,5.101348876953125,19.000000000000000
5.352,"feet ,",-10.962140560150146,8.450867176055908,9.339208602905273,37.000000000000000
5.353,which,-0.064118944108486,2.963038444519043,2.809367179870605,20.000000000000000
5.354,I,-0.320671170949936,3.260381698608398,3.494400262832642,22.000000000000000
5.355,had,-2.382634639739990,3.337859630584717,3.183982133865356,23.000000000000000
5.356,never,-0.820439219474792,3.569241762161255,3.606486558914185,25.000000000000000
5.357,seen,-1.366806209087372,7.124687910079956,6.803536891937256,26.000000000000000
5.358,"before ,",-5.168983522802591,8.258382081985474,8.055405378341675,56.000000000000000
5.359,through,-6.299473762512207,3.792166233062744,3.727733135223389,30.000000000000000
5.360,a,-1.941271662712097,4.624002933502197,4.617761611938477,34.000000000000000
5.361,special,-7.511837959289551,4.679068088531494,5.030355930328369,35.000000000000000
5.362,x-ray,-15.635965466499329,11.585281848907471,13.336122751235962,36.000000000000000
5.363,machine,-3.373666524887085,2.878593206405640,3.505213260650635,37.000000000000000
5.364,they,-3.427808046340942,3.896934270858765,4.272451877593993,37.000000000000000
5.365,had,-1.620107531547546,3.017046928405762,2.857941627502441,38.000000000000000
5.366,in,-0.768667638301849,3.209818363189697,3.174384832382202,40.000000000000000
5.367,the,-1.934530735015869,3.660838127136231,3.736716032028198,42.000000000000000
5.368,shoe,-9.878377556800842,7.363787889480591,8.051538467407228,43.000000000000000
5.369,store,-2.957274854183197,6.314803123474121,7.253022909164429,44.000000000000000
5.370,that,-0.088936403393745,3.040655612945557,2.988556623458862,35.000000000000000
5.371,made,-3.770051240921021,4.593821525573730,4.580676555633545,37.000000000000000
5.372,the,-1.680897116661072,4.065443992614746,4.144328594207764,42.000000000000000
5.373,bones,-7.855183124542236,5.900896549224854,6.209901332855225,43.000000000000000
5.374,in,-1.337145566940308,3.080573797225952,3.168630123138428,43.000000000000000
5.375,your,-4.250611782073975,4.122792720794679,4.573350906372070,45.000000000000000
5.376,feet,-5.745975494384767,3.743764638900757,4.594499111175537,46.000000000000000
5.377,look,-2.549370288848877,2.147430658340454,2.004778623580933,42.000000000000000
5.378,green .,-5.150919685096596,9.525367021560669,9.883991241455078,50.000000000000000
5.379,I,-4.953929901123047,5.363583564758301,5.224441051483153,3.000000000000000
5.380,was,-2.858993768692017,5.080166816711426,5.094940185546875,4.000000000000000
5.381,now,-5.923722267150879,4.633865833282472,4.713981151580811,6.000000000000000
5.382,almost,-7.154038429260254,4.598446369171143,5.180267810821533,7.000000000000000
5.383,ready,-2.795485734939575,5.076930046081543,5.210421562194824,8.000000000000000
5.384,to,-0.005662353709340,5.773741722106934,5.796875953674316,11.000000000000000
5.385,go,-1.673010110855102,4.446017265319824,4.356914520263672,14.000000000000000
5.386,back,-1.805775165557861,3.659997224807739,4.375996112823486,16.000000000000000
5.387,to,-0.160267978906631,4.401845932006836,4.294534206390382,17.000000000000000
5.388,the,-1.626471161842346,4.382393836975099,4.791767597198486,19.000000000000000
5.389,orphanage,-12.603459477424623,7.881353855133058,8.940544605255127,20.000000000000000
5.390,and,-0.093083493411541,5.100283622741699,4.987774372100830,14.000000000000000
5.391,practice,-5.500250816345215,2.788341522216797,2.691706418991089,16.000000000000000
5.392,being,-3.896295547485352,4.884617328643799,4.744659900665283,19.000000000000000
5.393,like,-2.235925436019897,3.276364803314209,3.216530323028564,21.000000000000000
5.394,the,-2.273383140563965,4.412137031555176,4.407013893127441,24.000000000000000
5.395,man,-3.576446294784546,6.904789209365845,7.369359254837036,25.000000000000000
5.396,who,-0.072885766625404,3.248283863067627,3.287678241729736,26.000000000000000
5.397,all,-5.146109104156494,5.115626811981201,5.200928688049316,28.000000000000000
5.398,the,-1.463374137878418,4.769550800323486,4.790781974792480,29.000000000000000
5.399,girls,-5.141274726483972,7.478919744491577,8.383520603179933,30.000000000000000
5.400,"loved ,",-10.394931197166445,11.604845285415649,11.370502948760986,36.000000000000000
5.401,since,-4.093018531799316,4.215949058532715,4.125336170196533,9.000000000000000
5.402,I,-0.863011717796326,3.032302856445312,3.370225667953491,12.000000000000000
5.403,had,-2.679195404052734,3.312976360321045,3.293210268020630,13.000000000000000
5.404,my,-4.346636295318604,4.573952674865723,4.804142951965332,15.000000000000000
5.405,new,-7.144462585449219,4.829045295715332,5.113936424255371,16.000000000000000
5.406,Buster,-14.205143384635448,6.472739458084106,8.027355432510376,17.000000000000000
5.407,Brown,-5.370827674865723,5.150665283203125,5.639349937438965,18.000000000000000
5.408,shoes .,-6.002956740674563,11.613789081573486,12.469429016113281,23.000000000000000
5.409,It,-3.463986396789551,5.483454227447510,5.923331260681152,3.000000000000000
5.410,was,-2.173409461975098,5.336749553680420,5.024829864501953,4.000000000000000
5.411,the,-0.641996383666992,4.582219123840332,4.771615505218506,8.000000000000000
5.412,new,-7.094025611877441,4.939022541046143,5.457885265350342,9.000000000000000
5.413,"haircut ,",-17.232710123062134,10.060823917388916,10.473325729370117,18.000000000000000
5.414,"though ,",-5.174622356891632,10.438155651092529,10.404152870178223,20.000000000000000
5.415,that,-0.327044099569321,3.000872373580933,2.810885667800904,9.000000000000000
5.416,I,-2.898685216903687,3.661072492599487,4.040140151977538,11.000000000000000
5.417,needed,-5.679780006408691,4.578966140747070,4.358115196228026,12.000000000000000
5.418,to,-0.097106046974659,4.423954963684082,4.254553794860840,14.000000000000000
5.419,complete,-7.231730461120605,3.522559881210327,3.369549989700317,16.000000000000000
5.420,my,-1.293533921241760,3.497110843658448,3.409196376800537,18.000000000000000
5.421,new,-4.806144237518311,3.842834472656250,3.862685441970825,19.000000000000000
5.422,look .,-8.907919224031502,11.339509487152100,12.040842771530151,24.000000000000000
5.423,We,-5.261709213256836,5.991045951843263,5.903914451599121,3.000000000000000
5.424,finally,-4.650166749946038,8.967240333557129,9.241752147674561,4.000000000000000
5.425,arrived,-7.806800743564963,9.652369022369383,9.481379508972168,5.000000000000000
5.426,at,-0.915166854858398,4.108372211456299,4.317540645599365,7.000000000000000
5.427,the,-0.573041260242462,4.303723335266113,4.789233207702637,10.000000000000000
5.428,"unassuming ,",-16.041753768920895,14.233632087707520,14.893459320068359,23.000000000000000
5.429,unembellished,-36.490317821502686,22.267104387283325,24.466308116912842,13.000000000000000
5.430,"barbershop ,",-16.704207539558411,12.634263992309570,14.142204761505127,24.000000000000000
5.431,where,-0.001314505753726,6.820772409439088,7.633374691009521,13.000000000000000
5.432,they,-4.074047565460205,3.502176046371460,3.975077390670776,15.000000000000000
5.433,cut,-8.272391319274902,3.547959089279175,3.352322816848755,16.000000000000000
5.434,our,-4.803739547729492,4.060540199279785,4.516252040863037,18.000000000000000
5.435,hair,-4.083842754364014,3.245885133743286,3.955059528350830,19.000000000000000
5.436,for,-3.583516597747803,3.185224771499634,3.102389335632324,19.000000000000000
5.437,free,-0.378975301980972,2.891327142715454,2.836312532424927,21.000000000000000
5.438,because,-2.208337304102315,8.766649484634401,8.977582454681396,20.000000000000000
5.439,we,-2.493729114532471,3.433537960052490,3.620822668075562,23.000000000000000
5.440,were,-1.859466433525085,3.676675558090210,3.632442235946655,24.000000000000000
5.441,orphans .,-8.955079205712536,14.203784465789795,15.108784437179565,31.000000000000000
5.442,Even,-4.356109619140625,5.633612155914308,5.628676414489746,3.000000000000000
5.443,though,-1.204860687255859,4.855053901672363,4.815685272216797,4.000000000000000
5.444,we,-6.015147209167480,4.081538677215576,4.420976638793945,7.000000000000000
5.445,were,-3.133661746978760,4.539592266082764,4.016198158264160,8.000000000000000
5.446,supposed,-4.460816860198975,5.065773010253906,5.020479679107666,10.000000000000000
5.447,to,-0.003472609678283,4.717000007629395,4.441569328308105,13.000000000000000
5.448,slowly,-5.299213075137232,6.357861995697021,6.806041717529298,16.000000000000000
5.449,wait,-8.060386657714844,4.433556556701660,4.146113872528076,16.000000000000000
5.450,to,-0.004399739205837,4.902051448822021,4.686097621917725,19.000000000000000
5.451,be,-5.165315628051758,4.724612236022949,4.630987644195557,21.000000000000000
5.452,"called ,",-4.898053694516420,12.896827697753906,12.667538881301878,26.000000000000000
5.453,I,-3.207010984420776,2.930737257003784,3.483839273452759,5.000000000000000
5.454,ran,-6.007742881774902,4.200425624847412,4.130085468292236,7.000000000000000
5.455,straight,-6.233558177947997,2.563871622085572,2.764179706573486,9.000000000000000
5.456,up,-4.946753501892090,4.144726276397705,4.397717952728272,10.000000000000000
5.457,to,-0.231891945004463,3.020397901535034,3.002292156219482,12.000000000000000
5.458,one,-3.724575519561768,4.350704669952393,4.495655059814453,15.000000000000000
5.459,of,-0.066610664129257,4.168377876281738,4.121480941772462,16.000000000000000
5.460,the,-1.446614503860474,4.125217914581299,4.198589801788330,18.000000000000000
5.461,barber,-11.863452911376953,4.293199539184569,4.846744060516357,19.000000000000000
5.462,chairs,-7.562001001089811,7.017554998397827,8.037868022918701,20.000000000000000
5.463,and,-0.256123811006546,4.881788253784180,4.792128562927246,7.000000000000000
5.464,climbed,-7.489636209793389,4.747637867927550,4.462400794029237,9.000000000000000
5.465,up,-1.148879528045654,3.744831085205078,4.259223461151123,11.000000000000000
5.466,onto,-5.696572303771973,3.358766317367554,3.268526554107666,12.000000000000000
5.467,the,-0.908041119575500,4.466452121734619,4.525425910949707,15.000000000000000
5.468,board,-6.133161544799805,3.885252714157105,4.575738430023193,16.000000000000000
5.469,the,-3.163698673248291,3.648672103881836,3.559288740158081,17.000000000000000
5.470,barber,-8.934456825256348,3.867192268371582,4.519992828369142,18.000000000000000
5.471,placed,-7.812709808349608,7.280192375183105,7.166898727416992,18.000000000000000
5.472,across,-5.808591842651367,3.077817916870117,2.966007232666016,20.000000000000000
5.473,the,-0.441792756319046,4.388554096221924,4.735823154449463,22.000000000000000
5.474,arms,-9.716927528381348,3.512943506240845,4.537098407745361,23.000000000000000
5.475,to,-0.456463038921356,4.078404426574707,3.945887327194214,22.000000000000000
5.476,make,-3.090740203857422,4.339644432067871,4.273587703704834,24.000000000000000
5.477,me,-2.472127676010132,3.632534265518189,3.736237764358521,27.000000000000000
5.478,sit,-5.543638706207275,3.202435016632080,3.075865268707275,28.000000000000000
5.479,up,-4.074723243713379,2.880417346954346,3.129977226257324,30.000000000000000
5.480,higher .,-12.876864361489426,10.689450263977051,11.274612665176392,37.000000000000000
5.481,I,-4.953929901123047,5.363583564758301,5.224441051483153,3.000000000000000
5.482,looked,-4.727786779403687,8.185264348983765,7.793276786804199,5.000000000000000
5.483,at,-0.321400493383408,3.907782554626465,3.924026727676392,7.000000000000000
5.484,the,-1.618927836418152,3.587502717971802,4.300312042236328,9.000000000000000
5.485,man,-6.865148544311523,7.090396642684937,7.901485681533813,10.000000000000000
5.486,and,-0.196288809180260,5.221961975097656,5.011762619018555,5.000000000000000
5.487,"said ,",-2.196588248014450,9.202946662902832,9.249441146850586,16.000000000000000
5.488,with,-2.267136096954346,2.879389047622681,2.679407835006714,10.000000000000000
5.489,a,-1.469420075416565,4.209347724914552,4.534803867340088,13.000000000000000
5.490,beaming,-13.584554672241213,10.488029718399046,11.961839675903320,14.000000000000000
5.491,smile,-3.356500625610352,3.345752954483032,4.150588989257812,15.000000000000000
5.492,on,-1.057680845260620,3.492721080780029,3.312947034835815,14.000000000000000
5.493,my,-2.026489973068237,4.642198562622070,5.102435588836670,16.000000000000000
5.494,"face ,",-8.557511210441589,7.699869155883789,8.184558868408205,28.000000000000000
5.495,`` I,-16.110543720715214,13.734629631042479,13.769344329833984,27.000000000000000
5.496,want,-4.500327110290527,1.630928158760071,1.557549595832825,14.000000000000000
5.497,an,-4.158009052276611,4.790575981140137,5.052011966705322,16.000000000000000
5.498,Elvis,-10.303031921386721,4.521731853485107,5.248636722564697,17.000000000000000
5.499,haircut .,-12.056555261369795,10.637767314910889,10.833130121231079,22.000000000000000
5.500,Can,-2.871421337127685,3.808871984481812,4.316237926483153,2.000000000000000
5.501,you,-2.044795989990234,4.300558567047118,4.526764869689941,4.000000000000000
5.502,make,-4.637868881225586,3.476924419403076,3.870731353759766,5.000000000000000
5.503,my,-6.885277748107910,3.919704914093018,4.456606864929199,7.000000000000000
5.504,hair,-9.372578620910645,3.296616792678833,4.728503227233887,8.000000000000000
5.505,like,-4.566733837127686,3.670296430587769,3.991093397140503,8.000000000000000
5.506,Elvis 's ? '',-26.919935736805201,30.340699434280396,35.250138759613037,32.000000000000000
5.507,I,-4.953929901123047,5.363583564758301,5.224441051483153,3.000000000000000
5.508,asked .,-5.614222410367802,16.337530851364136,15.743424892425535,8.000000000000000
5.509,The,-1.335898160934448,5.764348506927490,6.119246482849121,4.000000000000000
5.510,"barber ,",-13.950420141220091,10.797083854675293,11.486300468444824,9.000000000000000
5.511,who,-0.068942546844482,3.055492401123047,2.977814674377441,7.000000000000000
5.512,was,-3.090560197830200,4.411100864410400,4.018543243408203,9.000000000000000
5.513,a,-1.995844244956970,4.045318126678467,3.677641868591309,11.000000000000000
5.514,genial,-12.547899246215820,3.151211500167847,3.296353101730347,13.000000000000000
5.515,young,-10.662910461425779,4.089797973632812,4.275170803070068,14.000000000000000
5.516,"man ,",-1.650794467190281,9.939797163009644,10.479365348815918,19.000000000000000
5.517,grinned,-10.425271686166523,10.158864736557009,9.698019981384276,5.000000000000000
5.518,back,-3.141443967819214,2.896210432052612,3.300035476684570,7.000000000000000
5.519,at,-0.626376390457153,3.751441001892090,3.684761524200440,8.000000000000000
5.520,me,-3.807291984558105,3.526068925857544,4.206646919250488,10.000000000000000
5.521,and,-0.245503410696983,4.699112892150879,4.580403804779053,5.000000000000000
5.522,said,-1.542147755622864,4.904433250427246,4.825861930847168,7.000000000000000
5.523,that,-2.576860189437866,4.474375247955322,4.418385982513428,9.000000000000000
5.524,he,-1.305052757263184,3.830481052398682,3.853798866271973,12.000000000000000
5.525,would,-2.325084686279297,3.279668092727661,3.226762771606445,13.000000000000000
5.526,try,-4.759829998016357,3.952361822128296,3.814008951187134,15.000000000000000
5.527,his,-2.658863544464112,4.444097042083740,4.640474796295166,17.000000000000000
5.528,best .,-3.436078263155650,11.921849250793457,12.260392427444458,22.000000000000000
5.529,I,-4.568984985351562,5.005426406860352,5.008660316467285,4.000000000000000
5.530,was,-2.857307434082031,5.353978157043457,5.268661975860597,5.000000000000000
5.531,so,-3.849712848663330,5.156356334686278,5.506363391876222,7.000000000000000
5.532,happy,-3.964830160140991,4.749669075012207,4.515038490295410,8.000000000000000
5.533,when,-0.003248891793191,3.735423564910889,3.970626115798950,9.000000000000000
5.534,he,-3.077649354934692,3.792559862136841,4.091541767120361,11.000000000000000
5.535,started,-4.111924999393523,6.475181341171265,6.173294067382812,12.000000000000000
5.536,to,-2.305033445358276,5.517949104309082,5.260291576385498,15.000000000000000
5.537,cut,-6.273706436157227,4.023610115051270,3.823501348495483,17.000000000000000
5.538,my,-2.599298715591431,4.165170669555663,4.768723011016847,19.000000000000000
5.539,"hair ,",-3.939223423600197,7.512430191040039,8.223505496978760,23.000000000000000
5.540,but,-1.558506727218628,4.088092803955078,4.021850109100342,4.000000000000000
5.541,just,-7.291039466857910,3.854002714157105,3.967640876770020,7.000000000000000
5.542,as,-0.400933951139450,4.503097534179688,4.451448917388916,8.000000000000000
5.543,he,-1.240232348442078,3.439211130142212,3.696576833724976,11.000000000000000
5.544,started,-4.344260547310114,5.516935110092163,5.423735022544861,12.000000000000000
5.545,to,-1.646944761276245,4.568296909332275,4.374788284301759,15.000000000000000
5.546,"cut ,",-5.600256472826004,8.213885784149170,7.986056089401245,24.000000000000000
5.547,the,-1.271683692932129,4.101719379425049,4.457418918609619,10.000000000000000
5.548,"matron ,",-15.656512856483459,10.608195066452026,11.466548681259155,21.000000000000000
5.549,who,-0.106688551604748,2.467810630798340,2.651201009750366,13.000000000000000
5.550,had,-2.633804559707642,3.991001605987549,3.906838655471802,16.000000000000000
5.551,been,-1.389203667640686,4.308243274688722,4.222740173339844,18.000000000000000
5.552,watching,-4.870511320885272,5.726522445678711,5.674613237380981,20.000000000000000
5.553,me,-4.198338508605957,3.792242527008057,4.100777149200440,22.000000000000000
5.554,and,-0.180206283926964,4.411277770996094,4.326680660247804,16.000000000000000
5.555,had,-1.102204322814941,3.743402004241944,3.723661184310913,18.000000000000000
5.556,a,-1.235740184783936,4.663825035095215,4.680274009704590,21.000000000000000
5.557,look,-6.262097358703612,3.040129423141479,3.628409624099731,22.000000000000000
5.558,as,-9.634727478027344,3.616425037384033,3.603508234024048,22.000000000000000
5.559,cold,-12.189544677734375,4.183261394500732,4.556282997131348,24.000000000000000
5.560,as,-6.223640441894531,3.744110822677612,3.827883005142212,23.000000000000000
5.561,"ice ,",-10.633747325278820,10.269877910614014,10.957123041152954,37.000000000000000
5.562,motioned,-12.793843381106852,5.001410961151123,4.888525605201722,10.000000000000000
5.563,for,-0.759854078292847,3.699236154556274,3.697263717651367,12.000000000000000
5.564,him,-2.019482851028442,2.859740495681763,3.068739414215088,15.000000000000000
5.565,to,-0.007606826256961,4.450323104858398,4.410310745239258,16.000000000000000
5.566,come,-4.204901695251465,4.276214599609375,4.377993583679198,18.000000000000000
5.567,over,-4.581037521362305,3.275986671447754,3.522664070129395,20.000000000000000
5.568,to,-0.590228557586670,3.390380859375000,3.335052490234375,21.000000000000000
5.569,where,-0.067387573624728,7.240789413452148,7.917769670486450,24.000000000000000
5.570,she,-3.604210853576660,3.211746454238892,3.576730728149414,26.000000000000000
5.571,was,-0.906657278537750,3.787555217742920,3.787872314453125,27.000000000000000
5.572,standing .,-5.291352012776769,14.274462699890137,14.336171388626099,35.000000000000000
5.573,She,-5.533744812011719,4.640637397766113,4.651361465454102,4.000000000000000
5.574,whispered,-11.515821695327759,7.800981044769287,7.822133541107178,5.000000000000000
5.575,something,-3.516285419464112,4.395513534545898,5.020506381988525,9.000000000000000
5.576,into,-9.898832321166992,3.885045528411865,4.252335548400879,10.000000000000000
5.577,his,-5.199717998504639,5.081184864044189,5.541094303131104,12.000000000000000
5.578,ear,-5.817773222923279,6.933979749679565,8.192803382873535,13.000000000000000
5.579,that,-0.011555761098862,3.100092172622681,3.022750377655029,10.000000000000000
5.580,caused,-5.841310001909733,9.426830291748047,9.417724370956419,12.000000000000000
5.581,the,-2.053608894348145,3.609018564224243,3.974325180053711,14.000000000000000
5.582,barber,-12.168900489807127,4.004432678222656,4.672171592712402,15.000000000000000
5.583,to,-0.013342027552426,4.866040229797363,4.726140022277832,16.000000000000000
5.584,shake,-5.592501640319824,3.132750988006592,3.167574405670166,18.000000000000000
5.585,his,-1.333782911300659,4.185653209686278,4.600314617156982,20.000000000000000
5.586,"head ,",-7.429147839546204,7.705464601516722,8.318991661071777,41.000000000000000
5.587,like,-4.925313949584961,5.053349018096924,4.948728561401367,22.000000000000000
5.588,he,-1.130371451377869,3.553588390350342,3.885707855224610,25.000000000000000
5.589,was,-1.746390461921692,3.580042600631714,3.465049028396606,26.000000000000000
5.590,telling,-5.884365558624268,4.429475307464600,4.402133941650392,28.000000000000000
5.591,"her ,",-6.571842670440674,8.441185474395752,8.588440418243408,60.000000000000000
5.592,`` No '' .,-36.383033989866817,31.112535834312439,31.766285896301270,105.000000000000000
5.593,In,-0.829961776733398,5.871973991394043,5.794948101043701,3.000000000000000
5.594,"response ,",-6.339425886049867,9.012023925781250,9.333253383636475,8.000000000000000
5.595,the,-1.425382614135742,3.673550367355346,4.100033760070802,5.000000000000000
5.596,matron,-14.998270511627195,8.098117589950563,8.651076078414919,6.000000000000000
5.597,walked,-5.058908343315125,7.436119794845581,7.324076652526855,7.000000000000000
5.598,over,-4.550863742828369,3.020294427871704,3.551326036453247,9.000000000000000
5.599,to,-0.463979691267014,3.468786239624023,3.271268606185913,10.000000000000000
5.600,a,-1.389315366744995,4.784998893737793,4.889216423034668,13.000000000000000
5.601,little,-6.342333793640138,5.194044113159180,5.806848049163817,14.000000000000000
5.602,man,-6.196659803390503,5.520668983459473,6.278248071670532,15.000000000000000
5.603,sitting,-5.172664642333983,4.139486789703368,3.865675926208496,14.000000000000000
5.604,in,-0.701130270957947,3.472084999084473,3.499212503433228,16.000000000000000
5.605,an,-3.807360172271729,4.726326465606689,5.268908977508545,19.000000000000000
5.606,office,-1.694075345993042,3.705069541931152,4.427019119262695,20.000000000000000
5.607,chair,-6.497183322906494,2.496713161468506,3.208252429962158,21.000000000000000
5.608,that,-0.011748763732612,3.101127624511719,3.156543016433716,21.000000000000000
5.609,squeaked,-11.211909264326096,8.153449296951294,8.259240388870241,23.000000000000000
5.610,as,-1.638718247413635,4.238519668579102,4.231562614440918,25.000000000000000
5.611,it,-3.015834808349609,3.757115125656128,4.359996318817139,28.000000000000000
5.612,rolled,-5.342253804206847,6.853144884109497,7.027927875518799,29.000000000000000
5.613,around,-4.442909240722656,3.258975267410278,3.131420373916626,31.000000000000000
5.614,the,-1.264762997627258,4.502043247222900,4.845408439636231,33.000000000000000
5.615,floor,-3.608411788940430,3.903480291366577,4.559156417846680,34.000000000000000
5.616,and,-1.282964706420898,4.815999984741211,4.748963832855225,7.000000000000000
5.617,spoke,-5.216109275817871,3.301839351654053,3.209459543228149,9.000000000000000
5.618,to,-1.209672927856445,2.206568479537964,2.155851125717163,11.000000000000000
5.619,him .,-2.263935044466052,10.572920799255371,10.875401973724365,19.000000000000000
5.620,It,-3.463986396789551,5.483454227447510,5.923331260681152,3.000000000000000
5.621,was,-2.173409461975098,5.336749553680420,5.024829864501953,4.000000000000000
5.622,the,-0.653376162052155,4.403514862060547,4.427517890930176,7.000000000000000
5.623,little,-8.469936370849611,5.056101322174072,5.526974678039551,8.000000000000000
5.624,man,-4.714137434959413,7.863989591598512,8.259729385375978,9.000000000000000
5.625,who,-0.063708752393723,3.305516242980957,3.278146028518677,9.000000000000000
5.626,then,-5.833942890167236,3.868750095367432,3.909960508346558,13.000000000000000
5.627,walked,-7.333912650123239,7.030195474624634,6.915511846542358,13.000000000000000
5.628,over,-4.254868507385254,3.436360359191895,4.059473037719727,15.000000000000000
5.629,and,-0.204936429858208,4.699240684509277,4.451522350311278,12.000000000000000
5.630,said,-3.648144721984863,5.079018115997314,5.120235443115233,14.000000000000000
5.631,something,-3.623325824737549,4.902303695678711,4.967993259429932,16.000000000000000
5.632,to,-1.611614227294922,3.214028596878052,3.100159645080566,17.000000000000000
5.633,the,-1.163614034652710,4.498239517211914,4.653619766235352,20.000000000000000
5.634,man,-3.435800790786743,7.954870223999023,8.242439031600952,21.000000000000000
5.635,who,-0.047898717224598,3.094956636428833,3.017002105712890,22.000000000000000
5.636,was,-2.266060352325439,4.769916057586670,4.744030475616455,24.000000000000000
5.637,cutting,-7.119062304496765,7.443202257156372,7.500652790069580,26.000000000000000
5.638,my,-5.760684967041017,4.215638637542725,4.879421710968018,28.000000000000000
5.639,hair .,-3.852168698373134,11.419887065887451,12.480683803558350,33.000000000000000
5.640,The,-1.335898160934448,5.764348506927490,6.119246482849121,4.000000000000000
5.641,next,-6.442164897918701,5.373297691345215,5.884248256683350,5.000000000000000
5.642,thing,-3.872069478034973,8.277026891708374,8.465842723846437,6.000000000000000
5.643,I,-1.779574036598206,3.437325954437256,3.713957548141480,7.000000000000000
5.644,"knew ,",-6.896198272705079,9.358824253082275,9.369077205657959,11.000000000000000
5.645,the,-1.447982192039490,4.252266407012940,4.646189212799072,6.000000000000000
5.646,man,-4.032624363899232,6.596470832824707,7.096301078796388,7.000000000000000
5.647,who,-0.030198480933905,3.284353017807007,3.334704160690308,8.000000000000000
5.648,was,-1.939135432243347,4.355405807495116,4.239273071289063,10.000000000000000
5.649,cutting,-7.490979075431824,7.228621721267700,7.440588474273683,12.000000000000000
5.650,my,-2.927221775054932,4.169517993927002,4.740995407104492,14.000000000000000
5.651,hair,-3.809283971786499,3.485212087631226,4.326745510101318,15.000000000000000
5.652,told,-5.416709780693054,8.237282514572144,8.412179708480835,6.000000000000000
5.653,me,-0.018246185034513,3.553341388702393,3.501685142517090,8.000000000000000
5.654,that,-1.433745980262756,4.595718383789063,4.500596523284912,9.000000000000000
5.655,he,-1.033837199211121,4.215889930725099,4.304809570312500,12.000000000000000
5.656,was,-1.051168203353882,4.160914421081543,4.141111850738525,13.000000000000000
5.657,no,-3.242879390716553,3.154720544815063,3.738198757171631,15.000000000000000
5.658,longer,-0.028947958722711,3.225580930709839,3.308202743530273,16.000000000000000
5.659,allowed,-6.189357757568358,4.061679840087892,3.980027198791504,16.000000000000000
5.660,to,-0.006456112489104,4.724228858947754,4.679350376129150,19.000000000000000
5.661,give,-5.570754528045653,3.411901235580444,3.295885562896729,21.000000000000000
5.662,me,-0.871458292007446,3.759306192398071,3.825038909912109,23.000000000000000
5.663,an,-3.683376789093018,5.203429222106934,5.293956279754639,24.000000000000000
5.664,Elvis,-11.404646873474119,4.934722423553467,5.579617500305176,25.000000000000000
5.665,cut .,-12.305484790878834,11.242697715759279,12.140916347503662,32.000000000000000
5.666,`` Why,-17.060250064358058,18.990915298461918,18.945705890655518,8.000000000000000
5.667,not ? '',-31.717984441667795,25.700313806533813,24.822836160659790,17.000000000000000
5.668,I,-2.947009801864624,3.439720630645752,3.643939495086670,4.000000000000000
5.669,cried,-8.521459042094648,11.542037487030029,10.962924718856812,5.000000000000000
5.670,desperately .,-10.311377022415400,10.825791358947754,10.910436153411865,12.000000000000000
5.671,The,-1.283485174179077,5.935763835906982,5.820782184600830,5.000000000000000
5.672,kindly,-15.789430618286133,10.582743644714355,10.724209785461426,6.000000000000000
5.673,barber,-12.582368850708008,4.113170623779297,4.351846218109132,7.000000000000000
5.674,stopped,-9.631762428209186,7.129115343093872,6.491859912872314,6.000000000000000
5.675,by,-0.954238772392273,3.609370708465576,3.550802469253540,8.000000000000000
5.676,the,-1.267399430274963,4.089133739471436,4.136192798614502,10.000000000000000
5.677,matron,-12.879161715507507,6.834940195083617,7.232437372207642,11.000000000000000
5.678,did,-4.076926708221436,3.540199279785156,3.469445228576660,5.000000000000000
5.679,not,-2.429262876510620,4.705031394958496,4.723659038543701,6.000000000000000
5.680,"answer ,",-7.263355076313019,7.305194377899170,6.944119930267334,11.000000000000000
5.681,but,-1.286521315574646,4.235622406005858,4.136802673339844,4.000000000000000
5.682,from,-4.539960861206055,3.610111474990845,3.615325450897217,7.000000000000000
5.683,his,-3.729169845581055,4.804651737213135,4.745267868041992,9.000000000000000
5.684,"expression ,",-12.204357385635376,7.315780162811279,7.882081270217896,17.000000000000000
5.685,I,-3.869270801544189,2.707748889923096,3.192052364349365,9.000000000000000
5.686,could,-3.792090654373169,3.707004547119141,3.534065246582031,10.000000000000000
5.687,tell,-3.471372127532959,3.663769721984863,3.384680509567261,12.000000000000000
5.688,that,-1.607310771942139,4.239257812500000,4.163345336914063,14.000000000000000
5.689,he,-2.062803745269775,4.169224739074707,4.387038707733153,17.000000000000000
5.690,wished,-8.663485527038574,3.556947231292725,3.446715831756592,18.000000000000000
5.691,he,-1.120010375976562,3.699475765228272,3.747396230697632,22.000000000000000
5.692,could,-1.677110314369202,4.154578685760498,4.027625083923340,23.000000000000000
5.693,cut,-6.929319858551025,3.876459598541260,3.734598875045776,25.000000000000000
5.694,it,-1.896158933639526,3.799685001373291,4.485659599304199,27.000000000000000
5.695,as,-3.056389570236206,4.561220169067383,4.528090476989746,28.000000000000000
5.696,I,-2.621894836425781,3.838595867156982,4.116775035858153,31.000000000000000
5.697,had,-3.551749706268311,3.634199619293213,3.551652193069458,32.000000000000000
5.698,asked .,-6.301082076475723,13.257195472717285,13.324519634246826,40.000000000000000
5.699,Within,-5.746097564697267,5.863313198089600,5.447449684143066,3.000000000000000
5.700,a,-2.208811521530152,4.052993774414063,4.293405055999757,5.000000000000000
5.701,few,-0.785569131374359,4.866342544555664,5.273382663726807,6.000000000000000
5.702,"minutes ,",-3.056054592132568,8.939657688140869,9.131312370300293,10.000000000000000
5.703,it,-3.766106128692627,3.771818637847901,4.333148956298828,5.000000000000000
5.704,was n't,-5.992230892170710,18.622615814208988,18.423481941223145,13.000000000000000
5.705,an,-4.063161849975587,5.296065330505371,5.496219635009767,11.000000000000000
5.706,Elvis,-11.123249053955078,5.069340705871582,5.856177806854247,12.000000000000000
5.707,"haircut ,",-14.847544431686400,9.539892673492432,10.112182140350342,24.000000000000000
5.708,but,-3.585513114929199,4.366058349609375,4.375649452209474,12.000000000000000
5.709,a,-0.810674488544464,4.284780979156493,4.187447547912599,14.000000000000000
5.710,short,-6.183731555938722,3.552089214324951,4.214876174926759,15.000000000000000
5.711,buzz,-9.512794971466064,5.731276750564575,6.799728393554688,16.000000000000000
5.712,cut,-9.835264205932617,3.928214788436890,4.600442409515381,17.000000000000000
5.713,that,-0.009521193802357,2.823261737823486,2.545536756515503,12.000000000000000
5.714,the,-2.011373281478882,3.709561824798584,3.600573778152466,14.000000000000000
5.715,barber,-9.692478179931641,4.340182304382323,4.886978149414063,15.000000000000000
5.716,had,-1.574281811714172,3.803927659988403,3.639792680740357,15.000000000000000
5.717,given,-4.503228902816772,8.207391023635862,8.067759513854980,17.000000000000000
5.718,me .,-3.787031863932497,11.668154954910278,11.830308675765991,25.000000000000000
5.719,When,-0.051483795046806,5.534183502197267,5.524065017700195,4.000000000000000
5.720,he,-2.524095773696899,4.112818717956543,4.256621837615967,6.000000000000000
5.721,finished,-5.262237548828125,5.090624332427979,4.920407772064209,8.000000000000000
5.722,shaving,-9.171994924545286,10.783710718154907,10.814703702926636,11.000000000000000
5.723,off,-2.501542806625366,3.716897726058960,4.058686733245850,13.000000000000000
5.724,all,-6.211665153503418,4.770078182220459,4.969579219818115,14.000000000000000
5.725,my,-5.938262939453125,4.424353122711182,4.743328571319580,15.000000000000000
5.726,hair,-5.695277690887451,3.256168842315674,4.297772884368896,16.000000000000000
5.727,and,-0.448159039020538,4.643735408782959,4.521197319030762,8.000000000000000
5.728,made,-4.194689750671387,4.207587242126465,4.103547096252441,10.000000000000000
5.729,me,-6.799582958221436,3.228265762329102,3.305047750473022,14.000000000000000
5.730,smell,-7.022480010986327,1.670318841934204,1.547654747962952,15.000000000000000
5.731,real,-4.612669944763184,4.042026996612549,3.961794853210449,17.000000000000000
5.732,good,-2.559573173522949,3.294625997543335,3.231697797775269,18.000000000000000
5.733,with,-4.031970977783203,3.505389451980591,3.457335472106934,18.000000000000000
5.734,his,-3.917823076248169,4.170608520507812,4.552698135375977,20.000000000000000
5.735,"powder ,",-8.712328862398863,11.686564445495605,12.767847776412964,24.000000000000000
5.736,the,-3.549398660659790,3.984816789627075,4.058886528015137,5.000000000000000
5.737,barber,-10.564997673034668,3.725823402404785,4.329151630401611,6.000000000000000
5.738,handed,-7.087370753288269,8.269162416458130,8.498746395111084,7.000000000000000
5.739,me,-0.265274375677109,3.278361797332764,3.349591016769409,9.000000000000000
5.740,a,-0.831613659858704,4.481586933135986,4.415666580200195,10.000000000000000
5.741,nickel,-6.854335904121399,7.044005393981934,7.723158597946168,11.000000000000000
5.742,and,-0.275405228137970,4.514048576354980,4.438678741455078,7.000000000000000
5.743,told,-3.825008630752564,8.676960945129395,8.718235731124878,9.000000000000000
5.744,me,-0.658277630805969,2.989299774169922,2.928985118865967,12.000000000000000
5.745,to,-0.151081889867783,3.974234342575073,3.935828924179077,13.000000000000000
5.746,go,-1.846545815467834,3.477960824966431,3.518100023269653,16.000000000000000
5.747,outside,-5.733880043029785,3.542673110961914,3.680388689041138,18.000000000000000
5.748,to,-3.980628967285156,3.289971113204956,3.273820638656616,20.000000000000000
5.749,the,-0.841328620910645,4.634259223937988,4.663545608520508,22.000000000000000
5.750,snack,-10.138249397277832,3.392948150634766,4.251924991607666,23.000000000000000
5.751,machine,-8.683222770690918,3.182373523712158,3.706039190292358,24.000000000000000
5.752,and,-0.071967005729675,4.094781875610352,4.026953697204590,16.000000000000000
5.753,buy,-3.300329208374023,3.333296060562134,3.270470380783081,18.000000000000000
5.754,myself,-8.442542076110840,8.841715335845947,9.514469623565674,20.000000000000000
5.755,a,-0.803336381912231,4.845292091369629,4.983461856842041,21.000000000000000
5.756,candy,-6.895205020904541,4.552847385406494,5.443022251129150,22.000000000000000
5.757,bar .,-3.160358014050871,9.695945978164673,10.375954151153564,29.000000000000000
5.758,I,-4.953929901123047,5.363583564758301,5.224441051483153,3.000000000000000
5.759,handed,-10.646681070327761,9.224952220916748,9.021847009658812,4.000000000000000
5.760,him,-1.503655433654785,4.609730720520020,4.314130306243896,6.000000000000000
5.761,the,-2.861566305160522,3.828711509704590,4.233478546142578,7.000000000000000
5.762,nickel,-10.042294859886169,7.067474126815796,8.326351404190062,8.000000000000000
5.763,back,-2.322540760040283,3.086379051208496,3.701995611190796,8.000000000000000
5.764,and,-5.915917396545410,4.635338306427002,4.414172172546387,8.000000000000000
5.765,told,-4.619669675827026,8.398441076278688,8.268991470336914,10.000000000000000
5.766,him,-0.420841127634049,3.699845552444458,3.714375257492065,12.000000000000000
5.767,that,-1.790845274925232,4.550171375274658,4.418446540832520,13.000000000000000
5.768,I,-1.539200186729431,3.688668012619019,3.854208707809448,16.000000000000000
5.769,was,-1.325907230377197,4.605819702148438,4.535326004028320,17.000000000000000
5.770,not,-2.937750816345215,4.422860145568848,4.314641475677490,18.000000000000000
5.771,hungry .,-6.926875855308025,16.028215885162354,15.749027729034424,24.000000000000000
5.772,`` I 'm,-6.563755437611690,32.493528366088867,31.801227331161495,13.000000000000000
5.773,so,-4.739243984222412,5.070139884948730,5.406861305236816,8.000000000000000
5.774,"sorry ,",-12.435167521238327,17.982522964477539,17.434623003005981,15.000000000000000
5.775,"baby , ''",-24.265352725982666,21.150066614151001,21.353064060211182,25.000000000000000
5.776,he,-0.887050569057465,2.922894477844238,2.898346900939941,5.000000000000000
5.777,"said ,",-4.201841354370118,7.444773197174071,7.177155733108521,13.000000000000000
5.778,as,-1.508257865905761,4.954871654510498,4.905447959899902,9.000000000000000
5.779,I,-1.998849749565124,3.769463539123535,3.999959468841553,12.000000000000000
5.780,climbed,-7.670672476291656,4.998681545257568,4.767091035842896,13.000000000000000
5.781,out,-2.184049844741821,3.821299791336060,3.936760187149048,15.000000000000000
5.782,of,-0.468007802963257,3.165027856826782,3.100406646728516,17.000000000000000
5.783,his,-3.411101341247559,4.901056766510010,5.145977020263672,19.000000000000000
5.784,barber,-11.280335426330565,3.873174190521240,4.609736919403076,20.000000000000000
5.785,chair .,-7.139258533250540,10.046259880065918,10.731732130050659,27.000000000000000
5.786,`` I,-4.744050010918727,20.511284828186039,20.937831401824948,7.000000000000000
5.787,am,-4.127111315727234,7.685855865478517,7.189273834228517,6.000000000000000
5.788,not,-1.905751585960388,4.821485996246338,4.794069766998291,7.000000000000000
5.789,a,-0.831902682781219,5.334263324737549,5.438935279846191,9.000000000000000
5.790,"baby , ''",-28.046615533530709,21.337820529937744,21.772167205810547,19.000000000000000
5.791,I,-5.984191417694093,3.013569831848145,3.252333879470825,7.000000000000000
5.792,"said ,",-3.467460632324219,8.447730541229248,8.152474164962769,17.000000000000000
5.793,as,-1.015238881111145,4.877206325531006,4.782588958740233,11.000000000000000
5.794,I,-0.776387274265289,3.605601310729981,3.853785037994385,14.000000000000000
5.795,wiped,-11.529346466064453,3.871971607208252,3.603215217590332,15.000000000000000
5.796,the,-2.887449026107788,4.057182312011719,4.566971302032472,17.000000000000000
5.797,tears,-8.065695479512215,8.433579921722412,9.643934726715088,18.000000000000000
5.798,from,-3.559987545013428,3.526963233947754,3.482383012771606,18.000000000000000
5.799,my,-1.150279164314270,4.166280269622804,4.504554271697998,20.000000000000000
5.800,eyes .,-2.284663936705329,11.704307794570923,12.643924713134766,29.000000000000000
5.801,I,-4.953929901123047,5.363583564758301,5.224441051483153,3.000000000000000
5.802,then,-4.391377925872804,4.601578712463379,4.631920337677002,4.000000000000000
5.803,sat,-4.460528969764709,12.174952745437622,12.414397001266479,6.000000000000000
5.804,down,-2.117495298385620,3.074477672576904,3.492107868194580,8.000000000000000
5.805,on,-2.173287391662598,3.940491676330566,4.189204216003418,9.000000000000000
5.806,the,-0.917667448520660,3.503463268280029,4.215404033660889,11.000000000000000
5.807,floor,-2.384459018707275,3.647535562515259,4.258924484252931,12.000000000000000
5.808,and,-0.197499588131905,5.147030353546143,4.949823856353760,6.000000000000000
5.809,brushed,-10.293006896972656,3.434099197387696,3.293081045150757,8.000000000000000
5.810,away,-2.843247413635254,3.245213270187378,3.423682212829590,10.000000000000000
5.811,the,-0.931833505630493,4.237746238708496,4.474166393280028,12.000000000000000
5.812,hair,-7.135477066040039,3.193210363388061,3.975739002227783,13.000000000000000
5.813,that,-0.006431713234633,3.590143203735352,3.473767518997192,14.000000000000000
5.814,had,-1.855468392372132,4.275547027587892,4.219127655029297,16.000000000000000
5.815,accumulated,-7.078610658030812,5.356044173240663,5.239399433135986,18.000000000000000
5.816,on,-2.189790725708008,3.706278085708618,3.706644773483277,20.000000000000000
5.817,my,-0.596626639366150,4.608481407165527,4.978679656982422,22.000000000000000
5.818,shiny,-11.716579437255859,5.332685470581055,5.910646915435791,23.000000000000000
5.819,new,-5.392436981201172,4.478504180908203,5.256602287292480,24.000000000000000
5.820,Buster,-14.321224890649320,6.265124797821045,7.914499759674072,25.000000000000000
5.821,Brown,-4.985760211944580,4.400378704071045,5.337480545043945,26.000000000000000
5.822,shoes .,-4.843756486778148,11.766142845153809,12.866258382797241,32.000000000000000
5.823,My,-7.302425384521483,5.697176456451416,6.061237812042236,4.000000000000000
5.824,head,-6.560137748718263,4.347633838653564,4.820099830627441,5.000000000000000
5.825,was,-1.579474925994873,5.297995567321777,5.573404788970947,5.000000000000000
5.826,no,-4.937504768371582,3.671613454818726,3.979984998703003,7.000000000000000
5.827,longer,-0.333966016769409,3.743654489517212,3.693583011627197,8.000000000000000
5.828,in,-0.699382841587067,3.537368297576904,3.720061302185059,8.000000000000000
5.829,the,-1.270295381546021,3.689677476882935,4.207098484039307,10.000000000000000
5.830,"clouds ,",-11.611351042985916,12.741042613983154,13.480572223663330,14.000000000000000
5.831,and,-1.378007411956787,3.877445936203003,3.736343622207642,4.000000000000000
5.832,I,-0.683151900768280,3.305039882659912,3.560950756072998,7.000000000000000
5.833,got,-3.996208190917969,4.398413181304932,4.274898529052733,9.000000000000000
5.834,up,-1.866699457168579,3.663869142532349,3.981886863708496,11.000000000000000
5.835,off,-7.271290302276611,3.648153305053711,3.589171886444092,12.000000000000000
5.836,the,-0.477419197559357,3.985929250717163,4.263011455535889,14.000000000000000
5.837,"floor ,",-4.858764648437500,7.998744010925293,8.310818433761597,24.000000000000000
5.838,brushed,-10.313467025756836,3.273871660232544,3.049314498901367,11.000000000000000
5.839,off,-0.465378671884537,3.998648405075073,4.362244606018066,13.000000000000000
5.840,my,-1.426953673362732,3.839465618133545,4.331482887268066,14.000000000000000
5.841,short,-8.292654037475586,3.443754911422729,4.295738220214844,15.000000000000000
5.842,"pants ,",-7.830991625785828,9.939364433288576,11.102484464645386,27.000000000000000
5.843,and,-0.839569032192230,4.475284099578857,4.335261344909668,12.000000000000000
5.844,walked,-4.017205165699123,4.986231446266173,4.753634333610536,14.000000000000000
5.845,sullenly,-16.509525587549430,5.017203807830811,5.722990751266480,16.000000000000000
5.846,towards,-10.435615539550779,6.997780561447144,6.982555389404298,17.000000000000000
5.847,the,-0.818965077400208,3.829166412353516,4.268296718597412,19.000000000000000
5.848,door .,-3.468723950092681,13.545129299163818,15.140969991683960,26.000000000000000
5.849,The,-1.674321293830872,6.122092247009277,6.432260990142822,3.000000000000000
5.850,matron,-15.273821830749512,9.299420833587646,9.191057205200195,4.000000000000000
5.851,was,-2.766932249069214,5.324991703033447,5.524947643280028,4.000000000000000
5.852,smiling,-8.534957170486450,7.872674942016602,7.442858695983888,6.000000000000000
5.853,at,-1.145679593086243,3.543930530548096,3.448824405670166,8.000000000000000
5.854,me,-3.481579542160034,3.882462501525879,4.466009140014648,10.000000000000000
5.855,sort,-9.090433120727539,3.248221635818481,3.999818801879883,9.000000000000000
5.856,of,-0.002281207591295,3.317487955093384,3.542625904083252,10.000000000000000
5.857,funny,-8.646261215209961,3.139205694198608,3.274275302886963,12.000000000000000
5.858,like .,-13.014770677313207,11.591695308685303,11.938384532928467,17.000000000000000
5.859,The,-1.335898160934448,5.764348506927490,6.119246482849121,4.000000000000000
5.860,barber,-13.238227844238279,4.871954441070557,5.137578010559082,5.000000000000000
5.861,upset,-10.648630142211914,4.387303829193115,4.091308116912842,5.000000000000000
5.862,by,-0.167767837643623,4.253121376037599,4.567358970642090,7.000000000000000
5.863,the,-0.990112125873566,3.645773649215698,3.710043907165527,9.000000000000000
5.864,matron,-14.126144528388975,6.539668321609497,6.951742410659790,10.000000000000000
5.865,said,-4.737375259399414,4.504695892333983,4.483628749847412,4.000000000000000
5.866,to,-2.163064718246460,3.488038301467896,3.246828079223633,6.000000000000000
5.867,"her ,",-3.820877611637115,8.855535984039307,8.624514579772949,14.000000000000000
5.868,`` You,-2.667659502756579,14.632632255554199,14.373528718948364,17.000000000000000
5.869,are,-3.577007293701172,4.303469657897948,4.178724765777588,11.000000000000000
5.870,just,-2.397227525711060,3.090434789657593,3.275141000747681,13.000000000000000
5.871,a,-1.119195342063904,4.921961784362793,4.666782379150392,14.000000000000000
5.872,damn,-7.508924484252930,5.398064613342285,5.496829509735107,15.000000000000000
5.873,"bitch ,",-20.058297634124756,12.997635364532471,13.833903789520264,27.000000000000000
5.874,lady . '',-27.060354996472597,29.029219150543213,29.744658946990967,22.000000000000000
5.875,She,-5.382365703582764,5.263646125793457,5.248893737792969,3.000000000000000
5.876,yelled,-11.939108371734619,8.420183658599854,8.256771564483643,4.000000000000000
5.877,back,-1.744300484657288,3.082891464233398,3.292474508285522,6.000000000000000
5.878,at,-0.561745524406433,4.032922267913818,4.160815238952637,7.000000000000000
5.879,him,-2.938324451446533,4.322697162628174,4.398301124572754,9.000000000000000
5.880,at,-1.612898111343384,3.649937868118286,3.879777193069458,8.000000000000000
5.881,the,-0.968456864356995,4.376014232635498,4.890552997589111,11.000000000000000
5.882,top,-4.948744773864746,4.339089393615724,5.020187854766847,12.000000000000000
5.883,of,-0.003368182573467,4.199851036071776,4.550826549530028,12.000000000000000
5.884,her,-2.505448341369629,3.826465129852295,4.346353530883788,14.000000000000000
5.885,"lungs ,",-10.122971534729004,11.855485916137695,12.912577867507935,23.000000000000000
5.886,before,-3.997624397277832,4.287755012512207,4.236223220825194,10.000000000000000
5.887,walking,-4.743717166318675,5.802627801895142,5.448507905006409,13.000000000000000
5.888,toward,-6.291102409362793,3.271610021591187,3.212620258331299,15.000000000000000
5.889,the,-1.151366710662842,4.181500434875488,4.360400676727295,17.000000000000000
5.890,"office ,",-9.224062919616699,9.035064220428467,9.609394550323486,33.000000000000000
5.891,as,-2.924710988998413,4.254296302795410,4.431288242340088,18.000000000000000
5.892,fast,-3.600682735443115,2.945637941360474,3.286917448043823,19.000000000000000
5.893,as,-0.002100168028846,4.271501541137694,4.243409633636475,19.000000000000000
5.894,she,-1.054601907730102,3.290750026702881,3.692010641098023,22.000000000000000
5.895,could .,-0.756601224711630,11.573304176330566,11.750403642654419,27.000000000000000
5.896,To,-1.214609980583191,5.794786930084229,5.684151172637940,4.000000000000000
5.897,show,-5.316870689392090,4.712453365325928,4.131918907165526,6.000000000000000
5.898,his,-3.394014596939087,4.958705425262451,4.922219276428223,8.000000000000000
5.899,"anger ,",-6.326546888798475,12.246473073959351,12.747692108154295,12.000000000000000
5.900,the,-2.056632518768311,4.226233482360840,4.570013523101807,5.000000000000000
5.901,man,-5.331702232360840,7.670556545257567,8.149177074432371,6.000000000000000
5.902,hit,-6.483100891113281,4.446106910705566,4.146140098571776,7.000000000000000
5.903,the,-1.487257480621338,3.626870632171631,4.485862731933594,9.000000000000000
5.904,wall,-4.384968757629395,3.415132522583008,4.037745952606201,10.000000000000000
5.905,with,-1.119812488555908,3.479751825332642,3.564909219741821,10.000000000000000
5.906,his,-1.822555780410766,4.631709575653076,5.089703559875488,12.000000000000000
5.907,hand,-2.820345878601074,3.216881752014160,3.899345159530640,13.000000000000000
5.908,and,-0.222537398338318,5.074759483337402,4.969005584716797,7.000000000000000
5.909,then,-3.400648355484009,4.306713581085205,4.413419723510742,10.000000000000000
5.910,walked,-4.874296996742488,5.289383172988892,5.153670430183412,10.000000000000000
5.911,outside,-10.423338890075684,3.470184326171875,3.721561908721924,13.000000000000000
5.912,where,-0.030827662980300,5.453970193862915,5.950951814651488,16.000000000000000
5.913,he,-0.352245092391968,3.997892856597901,4.193920612335205,18.000000000000000
5.914,stood,-4.737934529781342,11.102449655532837,11.162239313125610,19.000000000000000
5.915,against,-4.560294628143311,2.284845352172852,2.111717224121094,21.000000000000000
5.916,the,-1.565687894821167,4.169614315032959,4.406835556030273,23.000000000000000
5.917,brick,-9.221774816513063,7.116118907928468,8.287273168563843,24.000000000000000
5.918,"wall ,",-5.467372179031372,7.364405632019043,7.945944309234619,46.000000000000000
5.919,smoking,-6.863099575042725,7.786466836929321,7.814282655715942,24.000000000000000
5.920,a,-2.078555822372437,5.400129795074463,5.570648193359375,26.000000000000000
5.921,cigarette .,-3.903680336123216,10.757593870162964,11.886904478073120,33.000000000000000
5.922,I,-4.568984985351562,5.005426406860352,5.008660316467285,4.000000000000000
5.923,understood,-8.447385891457088,14.042508125305176,14.345799922943115,5.000000000000000
5.924,right,-3.110067844390869,3.396069526672364,3.662481307983398,7.000000000000000
5.925,there,-4.444893360137940,4.802496433258057,4.981187820434570,8.000000000000000
5.926,my,-4.293492794036865,3.891675949096680,4.399387836456299,10.000000000000000
5.927,haircut,-12.068444252014160,4.052052974700929,4.854635238647461,11.000000000000000
5.928,was,-0.369302898645401,4.471138477325440,4.266909122467041,11.000000000000000
5.929,something,-3.991271734237671,4.553166866302490,4.778262615203857,14.000000000000000
5.930,that,-0.013674863614142,3.323530435562134,3.327013254165649,16.000000000000000
5.931,had,-2.491027355194092,4.498676300048828,4.459137916564941,18.000000000000000
5.932,been,-0.573221504688263,4.247984886169434,4.084577560424806,20.000000000000000
5.933,out,-4.058613300323486,3.578880071640014,3.830605268478394,22.000000000000000
5.934,of,-6.825241088867188,3.326433181762696,3.192684650421143,23.000000000000000
5.935,the,-1.970309853553772,3.841208457946777,4.015202522277832,26.000000000000000
5.936,power,-7.875655651092528,4.984704017639160,5.305210113525392,27.000000000000000
5.937,of,-0.020185289904475,3.733928442001343,3.602263212203979,27.000000000000000
5.938,the,-1.133924603462219,3.926176548004150,3.810163021087647,29.000000000000000
5.939,barber,-10.700600624084473,4.678353786468506,5.343066692352295,30.000000000000000
5.940,and,-2.975118875503540,4.548242092132568,4.440669059753418,3.000000000000000
5.941,then,-2.184905290603638,4.354596614837647,4.466376781463623,6.000000000000000
5.942,I,-0.334462791681290,3.265076637268066,3.518566131591797,7.000000000000000
5.943,slowly,-5.976707551279105,6.474828958511353,6.845415830612183,9.000000000000000
5.944,walked,-5.158253119327128,5.923681735992433,5.770333647727966,9.000000000000000
5.945,outside,-6.725749492645264,3.233118057250977,3.466954708099365,11.000000000000000
5.946,to,-0.158831447362900,4.636603355407715,4.519691467285156,13.000000000000000
5.947,join,-5.141853332519531,2.401354074478149,2.355513334274292,15.000000000000000
5.948,the,-1.602637410163879,4.086254119873047,3.954870223999024,17.000000000000000
5.949,man .,-4.947327607020270,14.149638891220093,14.676188468933105,23.000000000000000
5.950,He,-3.726649999618529,5.136103630065918,5.189894676208496,4.000000000000000
5.951,looked,-6.310368418693543,8.172218322753906,7.911651611328125,6.000000000000000
5.952,"down ,",-4.553040981292725,7.129235267639160,7.330510854721069,14.000000000000000
5.953,smiled,-4.319769717752934,6.067952632904053,5.868463397026062,8.000000000000000
5.954,at,-0.639457464218140,3.214269876480103,2.888893604278564,10.000000000000000
5.955,"me ,",-3.202203661203384,7.734452486038207,8.181567668914795,15.000000000000000
5.956,then,-7.007862091064452,3.859258651733398,3.675148725509644,4.000000000000000
5.957,he,-1.814887404441833,3.239351749420166,3.300352573394775,7.000000000000000
5.958,patted,-11.383019626140596,10.148927450180055,9.945537090301514,8.000000000000000
5.959,me,-0.359376162290573,3.866569757461548,3.884358167648315,10.000000000000000
5.960,on,-0.476208209991455,3.743122577667236,3.751799106597901,11.000000000000000
5.961,the,-0.612221598625183,4.358924865722656,4.777740478515625,14.000000000000000
5.962,top,-4.389940261840819,4.152134895324707,4.738919734954834,15.000000000000000
5.963,of,-0.001830689259805,3.874635934829712,4.057620048522948,15.000000000000000
5.964,my,-1.639469623565674,4.045455455780028,4.583961009979248,17.000000000000000
5.965,bald,-9.531903147697447,6.886911392211914,7.511157989501952,19.000000000000000
5.966,as,-3.631479740142822,3.643464088439941,3.765755414962769,21.000000000000000
5.967,a,-0.323286175727844,4.478753566741943,5.039414405822754,23.000000000000000
5.968,coot,-15.219448804855347,8.630722999572754,9.894897699356081,24.000000000000000
5.969,head .,-4.844194952398539,10.563630580902100,11.650997638702394,25.000000000000000
5.970,It,-3.463986396789551,5.483454227447510,5.923331260681152,3.000000000000000
5.971,was,-2.173409461975098,5.336749553680420,5.024829864501953,4.000000000000000
5.972,a,-1.919326305389404,4.769528865814209,4.900617599487305,7.000000000000000
5.973,fact,-6.263340950012207,3.954715967178345,4.432690143585205,8.000000000000000
5.974,of,-0.065485723316669,4.657558441162108,4.412261486053467,8.000000000000000
5.975,my,-7.872156620025635,4.721316337585449,5.433434486389160,10.000000000000000
5.976,life,-0.274012655019760,4.866816043853760,5.463889122009277,11.000000000000000
5.977,that,-1.490652799606323,5.380584716796875,5.271708965301514,7.000000000000000
5.978,I,-0.876412570476532,3.399719476699829,3.906148672103882,10.000000000000000
5.979,was,-1.634229779243469,4.597512245178223,4.536421775817871,11.000000000000000
5.980,not,-2.888465404510498,4.904799938201903,4.919885158538818,12.000000000000000
5.981,gonna,-24.911267280578610,6.607564449310303,7.810019016265869,15.000000000000000
5.982,have,-13.019362449645994,3.898165225982666,3.737290143966675,18.000000000000000
5.983,hair,-9.650813102722168,4.648378849029541,5.233882904052733,21.000000000000000
5.984,that,-0.012952951714396,3.087271690368652,3.069592475891113,23.000000000000000
5.985,was,-2.204514026641846,4.707439899444580,4.649409770965576,25.000000000000000
5.986,anything,-5.228530406951903,5.136855125427246,5.505477428436278,28.000000000000000
5.987,like,-2.326655626296997,4.483662128448486,4.477681636810303,29.000000000000000
5.988,Elvis 's,-14.489281531423332,15.887378692626953,18.038289546966553,63.000000000000000
5.989,anytime,-6.713596224784851,6.752097129821777,7.336029767990112,15.000000000000000
5.990,soon .,-0.313179449673044,11.687652587890625,11.860177993774414,20.000000000000000
5.991,I,-4.953929901123047,5.363583564758301,5.224441051483153,3.000000000000000
5.992,then,-9.257255554199221,4.664603233337402,4.561266422271729,5.000000000000000
5.993,looked,-5.031554847955705,6.710578441619872,6.547732591629027,6.000000000000000
5.994,up,-2.848442554473877,3.494339466094971,3.941912174224854,8.000000000000000
5.995,at,-1.319415211677551,3.921311378479004,3.699192047119141,9.000000000000000
5.996,the,-1.927173614501953,3.469555616378784,4.227750301361084,11.000000000000000
5.997,barber,-12.020966529846193,4.652508258819580,5.247400283813477,12.000000000000000
5.998,with,-1.895896196365356,3.726017951965332,3.766636371612549,10.000000000000000
5.999,my,-2.392956018447876,3.942308425903320,4.098567008972168,12.000000000000000
5.1000,wet,-9.880639076232910,4.569695949554443,4.969782829284668,13.000000000000000
5.1001,red,-6.641282796859741,7.031169652938843,8.235609531402588,14.000000000000000
5.1002,eyes,-3.446106910705566,3.931825160980225,4.826982498168945,15.000000000000000
5.1003,and,-0.649937570095062,4.528733253479004,4.477591037750244,6.000000000000000
5.1004,"asked ,",-4.478890459984541,10.341706752777100,9.919281721115112,17.000000000000000
5.1005,`` Do,-2.621460709720850,14.661823987960815,14.723315954208376,22.000000000000000
5.1006,you,-0.188397675752640,3.875644207000733,3.771640777587890,14.000000000000000
5.1007,know,-2.103297233581543,4.076193332672118,3.967077493667603,15.000000000000000
5.1008,if,-2.223903656005860,4.088691234588623,4.011968612670898,17.000000000000000
5.1009,Elvis,-11.922277450561525,4.578202247619629,5.406009674072267,20.000000000000000
5.1010,Presley,-0.894948422908783,3.853029251098633,4.421069622039795,21.000000000000000
5.1011,has,-2.466646194458008,3.190224170684814,3.170120716094971,21.000000000000000
5.1012,green,-10.470919609069824,4.425071716308594,4.862974166870117,23.000000000000000
5.1013,bones ? '',-19.427519721211866,25.477424144744873,26.275866031646729,33.000000000000000
6.1,This,-4.515328407287598,5.768796920776367,6.154551506042480,3.000000000000000
6.2,is,-0.775661230087280,4.978568077087402,4.460463047027588,4.000000000000000
6.3,a,-1.387366771697998,4.584484577178955,4.540472984313965,7.000000000000000
6.4,story,-4.581265449523926,4.634086608886719,4.914176464080811,8.000000000000000
6.5,of,-0.333329111337662,3.855543136596680,3.564089536666870,8.000000000000000
6.6,how,-0.065223418176174,4.670246601104736,4.681086540222168,11.000000000000000
6.7,Mr.,-3.492875025607645,7.989952564239503,9.505011081695557,13.000000000000000
6.8,Sticky,-19.224391460418698,12.163635253906250,13.405881404876707,14.000000000000000
6.9,got,-3.142605781555176,4.998542308807373,5.215106010437012,14.000000000000000
6.10,in,-3.578181266784668,3.604988574981689,3.667607545852661,16.000000000000000
6.11,Abby 's,-15.656605721786038,15.408463001251221,16.560909032821655,39.000000000000000
6.12,fish,-12.888228416442873,4.823153018951416,5.514628410339356,19.000000000000000
6.13,tank .,-7.473440077621490,11.970389842987059,12.485254049301147,24.000000000000000
6.14,`` He 's,-8.132266811906447,33.573378801345825,33.229951858520508,13.000000000000000
6.15,very,-1.641099095344544,5.467997074127197,5.738421916961670,8.000000000000000
6.16,"small , ''",-27.656204238533977,20.628470659255981,20.351937532424927,18.000000000000000
6.17,Abby 's,-14.357412547426065,15.690727710723875,16.788226127624512,17.000000000000000
6.18,mom,-10.494879722595217,4.589078426361084,5.169179439544678,8.000000000000000
6.19,said,-1.506848216056824,4.058413982391357,3.919537067413330,8.000000000000000
6.20,as,-1.233623981475830,4.504656314849854,4.413959503173828,10.000000000000000
6.21,she,-2.289285182952881,4.285379409790038,4.500161170959473,13.000000000000000
6.22,peered,-9.950223207473757,5.019787192344666,4.902930498123169,14.000000000000000
6.23,at,-2.636518955230713,3.659456491470337,3.541668891906738,16.000000000000000
6.24,the,-1.314622402191162,3.810964107513428,4.109463214874268,18.000000000000000
6.25,tiny,-8.874069213867188,5.011308670043945,5.282474517822267,19.000000000000000
6.26,water,-6.925137281417848,6.737733840942383,7.630904197692871,20.000000000000000
6.27,snail .,-14.032233745587289,11.086141586303711,11.734755754470825,29.000000000000000
6.28,Abby,-13.736634254455565,5.642561912536621,5.960327625274657,3.000000000000000
6.29,said,-2.599122762680054,4.935319423675537,5.002945899963379,5.000000000000000
6.30,that,-2.217140197753906,5.136897087097168,4.899414539337158,7.000000000000000
6.31,he,-3.021806716918945,5.211466312408447,5.141680717468262,10.000000000000000
6.32,would,-4.013504981994629,4.060535430908203,3.798026800155640,11.000000000000000
6.33,grow,-10.487884521484377,5.517613887786865,5.229291915893555,13.000000000000000
6.34,and,-1.706411957740784,4.284824371337892,4.124070644378662,5.000000000000000
6.35,then,-1.659474849700928,4.305683612823486,4.521560668945312,7.000000000000000
6.36,pulled,-6.260192713700235,6.378634929656982,6.149726748466492,8.000000000000000
6.37,her,-3.961420059204102,4.606698989868164,5.048446178436278,10.000000000000000
6.38,pajama,-14.213760852813721,7.262469291687013,8.615463495254518,11.000000000000000
6.39,bottoms,-13.416761875152588,7.156369686126709,8.785543918609621,12.000000000000000
6.40,up,-2.293125867843628,3.423798561096191,3.797924280166626,11.000000000000000
6.41,again,-9.110223770141602,4.215252876281738,4.453079700469972,12.000000000000000
6.42,before,-2.923634529113769,4.331136226654054,4.227141380310059,12.000000000000000
6.43,she,-0.802784860134125,3.494904279708862,3.903060674667358,15.000000000000000
6.44,got,-3.102050781250000,4.902573108673097,4.779730796813965,16.000000000000000
6.45,into,-1.325146675109863,3.409116744995117,3.491947412490845,18.000000000000000
6.46,"bed ,",-9.827711582183838,11.116980552673340,11.402378797531128,32.000000000000000
6.47,for,-5.604896068572998,4.534405231475830,4.451995372772217,14.000000000000000
6.48,they,-5.139041423797607,3.524906635284424,3.924162149429321,17.000000000000000
6.49,were,-2.158134222030640,3.631923198699951,3.674974441528320,18.000000000000000
6.50,always,-3.446943283081055,3.211629152297974,3.292071342468262,20.000000000000000
6.51,falling,-5.960392951965332,3.838286876678467,3.802592277526856,21.000000000000000
6.52,down .,-2.884861750149867,11.165593862533569,11.616375923156738,27.000000000000000
6.53,"Usually ,",-6.744816541331602,14.537505149841309,15.017075061798096,8.000000000000000
6.54,Abby 's,-16.422351623237773,15.340712070465088,17.128138065338135,15.000000000000000
6.55,mom,-9.942721366882324,4.676417827606201,5.432477951049805,7.000000000000000
6.56,got,-6.287702083587647,4.968581199645996,4.968410491943358,7.000000000000000
6.57,up,-3.104432106018066,3.526398181915283,3.877168893814087,9.000000000000000
6.58,at,-2.107517242431641,4.169507980346681,4.078122615814209,10.000000000000000
6.59,the,-0.660194277763367,4.449555397033691,4.631303787231445,13.000000000000000
6.60,crack,-8.468072891235353,3.946096181869507,4.645865917205811,14.000000000000000
6.61,of,-0.752436578273773,4.098168373107910,4.240181922912599,14.000000000000000
6.62,"dawn ,",-10.175120890140532,11.708880424499512,12.459284543991091,19.000000000000000
6.63,but,-0.947079837322235,4.367786884307861,4.281163692474365,4.000000000000000
6.64,it,-2.392760038375854,4.629582405090332,4.943249225616455,7.000000000000000
6.65,was,-1.320976495742798,4.265463829040526,4.160638809204102,8.000000000000000
6.66,Abby,-13.230386734008787,4.402829647064209,5.039397716522217,11.000000000000000
6.67,who,-0.069352932274342,2.696038007736206,2.649321317672729,13.000000000000000
6.68,jumped,-6.383937835693358,3.758326768875122,3.652390718460083,16.000000000000000
6.69,out,-1.630318880081177,3.848305702209473,4.201043605804443,18.000000000000000
6.70,of,-6.651819229125977,2.929113864898682,2.837059736251831,19.000000000000000
6.71,bed,-7.208376884460449,6.559250593185425,7.084439516067505,21.000000000000000
6.72,first,-3.569976568222046,3.777110576629639,3.958975076675415,20.000000000000000
6.73,the,-2.287935733795166,3.537841081619263,3.629857540130615,21.000000000000000
6.74,next,-0.274911731481552,4.183294773101807,4.350181579589844,22.000000000000000
6.75,morning,-1.489310026168823,4.722845077514648,4.723015785217285,23.000000000000000
6.76,and,-0.177020236849785,4.213490009307861,4.055875301361084,16.000000000000000
6.77,switched,-6.708305690888665,5.083561420440674,5.046857357025146,18.000000000000000
6.78,on,-0.994773745536804,3.743061065673828,3.940927505493164,20.000000000000000
6.79,the,-1.019290328025818,4.087355136871338,4.065245151519775,22.000000000000000
6.80,light,-7.455955505371094,4.256511688232422,4.996705532073975,23.000000000000000
6.81,in,-3.026105403900146,3.314464569091797,3.242724657058716,23.000000000000000
6.82,her,-3.767290830612183,4.537592887878418,4.870729923248291,26.000000000000000
6.83,fish,-9.731935501098633,3.749678611755371,4.487784385681152,27.000000000000000
6.84,"tank ,",-8.952119827270508,7.800743103027344,8.264352560043335,54.000000000000000
6.85,which,-0.009282644838095,3.913630485534668,3.812767505645752,29.000000000000000
6.86,contained,-5.519453525543213,6.011536121368407,5.969932079315186,31.000000000000000
6.87,three,-6.000018119812013,5.526059150695801,5.781984329223633,33.000000000000000
6.88,fish .,-4.998499390421784,11.145788192749023,12.022089719772339,40.000000000000000
6.89,At,-2.552849292755127,5.555077075958252,5.230320930480957,4.000000000000000
6.90,"first ,",-5.315240502357483,11.071759700775146,11.069577217102051,10.000000000000000
6.91,she,-3.779128313064575,3.697318315505981,4.191304683685304,6.000000000000000
6.92,could,-4.332222461700440,4.105971813201903,3.654503822326660,7.000000000000000
6.93,see,-3.913331031799317,4.384506225585938,4.137359619140625,9.000000000000000
6.94,neither,-10.040973663330078,4.672717571258545,4.941240310668945,12.000000000000000
6.95,hide,-12.280314445495605,4.830922603607178,5.568922519683838,14.000000000000000
6.96,nor,-0.137467160820961,5.175829410552979,5.042811870574951,14.000000000000000
6.97,hair,-8.622507095336914,3.368351459503174,4.176261901855469,16.000000000000000
6.98,of,-2.695108413696289,4.204545497894287,4.104938030242920,13.000000000000000
6.99,the,-1.311742544174194,4.168978214263916,4.482723236083983,15.000000000000000
6.100,"snail ,",-13.797067880630493,7.605164527893067,8.256924390792847,19.000000000000000
6.101,but,-0.722147822380066,4.383445262908936,4.297591209411621,4.000000000000000
6.102,then,-1.336240887641907,4.003607749938965,4.136991024017334,7.000000000000000
6.103,she,-0.635540306568146,3.389705419540405,3.641942977905273,8.000000000000000
6.104,spotted,-7.890869488939643,5.072872996330262,4.926094412803651,9.000000000000000
6.105,him .,-4.935970049351454,10.211404561996460,10.478580474853516,17.000000000000000
6.106,It,-3.463986396789551,5.483454227447510,5.923331260681152,3.000000000000000
6.107,had,-4.141894340515137,5.268779277801514,5.200643062591553,4.000000000000000
6.108,taken,-6.037775516510010,9.245362043380736,8.423272848129272,6.000000000000000
6.109,Abby,-16.155778884887695,4.086313247680663,4.727311611175537,8.000000000000000
6.110,a,-2.542025566101074,4.040091037750243,4.472447395324707,9.000000000000000
6.111,while,-3.038998126983643,8.975289344787598,9.419497251510618,10.000000000000000
6.112,to,-0.218769416213036,5.528516769409180,5.283003330230713,11.000000000000000
6.113,find,-2.880763053894043,5.143697738647461,4.883636474609375,13.000000000000000
6.114,Sticky,-18.880399286746982,10.252501964569092,11.427870035171509,15.000000000000000
6.115,because,-2.598498701961944,8.195840835571289,8.345549821853638,11.000000000000000
6.116,he,-1.250646352767944,4.215018749237061,4.470810413360597,14.000000000000000
6.117,was,-1.909892559051514,3.671504020690918,3.594264745712280,15.000000000000000
6.118,clinging,-9.960896966178552,5.800392150878906,6.128916263580322,17.000000000000000
6.119,to,-0.005890036001801,3.711223840713501,3.666932821273804,19.000000000000000
6.120,the,-1.262967109680176,4.121506690979004,4.053955078125000,22.000000000000000
6.121,glass,-8.417490959167480,3.820997714996338,4.696464538574219,23.000000000000000
6.122,near,-8.914881706237793,4.265420436859132,4.336922168731689,23.000000000000000
6.123,the,-1.356467604637146,4.226813793182373,4.299160003662108,25.000000000000000
6.124,"bottom ,",-7.431862831115723,9.169094085693359,9.596662998199463,45.000000000000000
6.125,right,-5.071295738220215,4.162618160247804,4.515610218048097,21.000000000000000
6.126,next,-4.848342895507812,4.002742290496826,4.232965469360352,22.000000000000000
6.127,to,-0.008710838854313,3.448261737823486,3.400945901870728,24.000000000000000
6.128,the,-1.126910924911499,3.901547193527222,4.122455596923828,26.000000000000000
6.129,gravel .,-9.742356228933204,19.158966541290283,20.788850307464600,31.000000000000000
6.130,At,-2.811328887939453,5.747324943542480,5.551322460174561,3.000000000000000
6.131,school,-9.031248092651367,4.927132129669189,5.222668647766113,5.000000000000000
6.132,that,-8.475168228149414,4.199350357055663,4.244674205780028,5.000000000000000
6.133,"day ,",-3.442071989178658,11.503371953964233,12.229750156402588,10.000000000000000
6.134,"Abby ,",-12.185458093881607,8.706828594207764,9.308740615844727,14.000000000000000
6.135,encouraged,-8.494094335765112,6.675920248031616,6.367403030395508,9.000000000000000
6.136,by,-0.029653558507562,3.510946035385132,3.383618116378784,11.000000000000000
6.137,her,-3.356073141098022,5.004921913146973,5.060214519500732,13.000000000000000
6.138,"teacher ,",-7.754839449655265,8.424532651901245,8.997368335723877,23.000000000000000
6.139,wrote,-4.858281685039402,10.995378017425537,10.958334922790527,7.000000000000000
6.140,excitedly,-7.256781677948312,6.182647705078125,6.982011318206787,9.000000000000000
6.141,about,-0.415047734975815,3.880707502365112,3.809340238571167,10.000000000000000
6.142,the,-0.788727104663849,4.278953075408936,4.259332656860352,13.000000000000000
6.143,small,-6.268720626831055,3.386349916458130,3.614976406097412,15.000000000000000
6.144,and,-1.384574413299560,4.993779182434082,5.123926639556885,16.000000000000000
6.145,mysterious,-6.877906322479247,2.726549625396729,2.822426795959473,17.000000000000000
6.146,Mr.,-6.784604597836733,8.153602361679077,9.296403884887695,15.000000000000000
6.147,"Sticky ,",-18.869600474834442,15.634802818298340,16.725130319595337,29.000000000000000
6.148,who,-0.174714699387550,2.317629337310791,2.296987056732178,16.000000000000000
6.149,you,-5.302615642547607,3.930930137634277,4.089044094085693,18.000000000000000
6.150,could,-3.295985460281372,4.406038761138916,4.247207164764403,19.000000000000000
6.151,mistake,-10.129574775695801,2.854978561401367,2.810344219207764,21.000000000000000
6.152,for,-1.376821160316467,3.123279333114624,3.022458314895630,23.000000000000000
6.153,a,-1.278779625892639,4.260603427886963,4.082074165344238,26.000000000000000
6.154,piece,-4.606325984001161,6.043177127838135,6.847228765487671,27.000000000000000
6.155,of,-0.110842004418373,3.663884639739990,3.590951442718506,27.000000000000000
6.156,gravel .,-10.991566772921942,18.855364322662354,19.812669992446899,36.000000000000000
6.157,He,-3.726649999618529,5.136103630065918,5.189894676208496,4.000000000000000
6.158,seemed,-7.257367094629444,8.922551155090332,8.232998132705687,5.000000000000000
6.159,an,-2.421240568161011,5.498999118804932,5.722960472106934,7.000000000000000
6.160,ideal,-3.103863954544067,4.794053554534912,5.042760372161865,8.000000000000000
6.161,pet,-8.986362457275391,4.477962493896483,5.180351734161377,9.000000000000000
6.162,for,-2.464028358459473,3.694108724594116,3.795938014984131,8.000000000000000
6.163,"her ,",-5.376641809940338,8.507314920425415,8.678135871887207,13.000000000000000
6.164,some,-3.607596158981323,4.239983558654785,4.096648693084717,6.000000000000000
6.165,of,-0.119619287550449,3.613709688186646,3.389457702636719,7.000000000000000
6.166,the,-0.571083784103394,4.197903156280518,4.060923099517821,10.000000000000000
6.167,girls,-4.917725738137960,7.825637817382812,8.616509437561035,11.000000000000000
6.168,in,-0.675828814506531,3.105118751525879,3.408871173858643,11.000000000000000
6.169,her,-2.506460666656494,3.826123476028441,4.353664875030518,13.000000000000000
6.170,class,-3.665632009506226,6.556234836578369,7.652957201004027,14.000000000000000
6.171,"teased ,",-19.790343999862671,15.141191482543945,15.129398822784424,13.000000000000000
6.172,because,-3.617864727841152,7.645946025848389,7.948474407196045,9.000000000000000
6.173,Abby,-13.854183197021484,3.789697885513306,4.417859077453613,12.000000000000000
6.174,was,-1.703325271606445,3.130810976028442,3.030597209930420,13.000000000000000
6.175,also,-2.707274436950684,3.949066400527954,4.410468578338623,15.000000000000000
6.176,very,-4.279347896575929,5.465817928314209,5.495741844177246,16.000000000000000
6.177,small .,-6.764596707274904,10.405901193618774,10.595473766326904,23.000000000000000
6.178,That,-4.299169063568115,5.808034896850586,5.929095745086670,3.000000000000000
6.179,"evening ,",-9.287229806184769,9.971186637878418,9.421411037445068,7.000000000000000
6.180,Abby,-12.865750312805176,4.680202484130858,5.270133018493652,5.000000000000000
6.181,turned,-4.812831878662108,5.296343326568604,5.113242149353027,7.000000000000000
6.182,on,-2.686243295669556,4.312006950378418,4.321471214294434,9.000000000000000
6.183,the,-1.452293872833252,3.497626543045044,3.607676506042481,10.000000000000000
6.184,light,-6.817419052124023,4.387556552886963,5.006309032440186,11.000000000000000
6.185,and,-0.210810527205467,5.548281192779541,5.308753967285156,7.000000000000000
6.186,found,-4.191274642944337,4.294118404388429,3.991304636001587,9.000000000000000
6.187,Mr.,-3.488868781365454,8.732052326202393,9.316040992736816,12.000000000000000
6.188,Sticky,-18.703099012374878,11.655189990997314,12.847982883453369,13.000000000000000
6.189,clinging,-8.084128134098137,6.415275096893311,6.199232101440430,14.000000000000000
6.190,to,-0.013769636861980,3.724895238876343,3.566255569458008,16.000000000000000
6.191,the,-2.338889122009277,4.099422454833983,4.149585723876953,18.000000000000000
6.192,pond,-9.360245108604431,7.474787950515747,8.301238775253296,19.000000000000000
6.193,weed,-16.503790855407715,6.875894069671631,7.991962909698486,20.000000000000000
6.194,and,-0.459287643432617,5.513366222381592,5.431761264801025,14.000000000000000
6.195,bobbing,-7.700823664665222,10.148076772689821,10.552059412002565,16.000000000000000
6.196,about,-5.804947376251222,3.623710393905640,3.785791635513306,18.000000000000000
6.197,in,-1.440964341163635,3.511308908462524,3.506276845932007,19.000000000000000
6.198,the,-1.521124124526978,4.683604240417480,5.053130149841309,21.000000000000000
6.199,air,-3.599422454833984,3.571879625320435,4.484064102172852,22.000000000000000
6.200,bubbles .,-16.317175449759816,15.025949001312256,16.626203536987305,29.000000000000000
6.201,`` That,-11.823165198787990,19.078331470489506,19.126928329467773,8.000000000000000
6.202,looks,-6.642938144505024,6.040644168853760,5.724975585937500,6.000000000000000
6.203,fun ! '',-29.031966976821423,24.187888383865356,24.038512945175171,21.000000000000000
6.204,Abby,-14.502171516418455,4.480563640594482,4.695904731750488,4.000000000000000
6.205,exclaimed .,-7.677698560524732,12.868254661560059,12.677826642990112,10.000000000000000
6.206,She,-5.533744812011719,4.640637397766113,4.651361465454102,4.000000000000000
6.207,tried,-5.295203685760498,5.751437664031982,5.534913063049316,6.000000000000000
6.208,to,-0.063177876174450,5.433176517486572,5.678780555725098,9.000000000000000
6.209,imagine,-9.117560386657717,4.239036083221436,4.118932723999023,11.000000000000000
6.210,what,-0.131133958697319,3.879125118255615,3.912459850311279,14.000000000000000
6.211,it,-3.046187162399292,4.081597328186035,4.453195095062256,16.000000000000000
6.212,must,-8.831295013427734,3.587682485580444,3.471484422683716,17.000000000000000
6.213,be,-1.111752271652222,4.742227554321289,4.700682640075684,19.000000000000000
6.214,like,-3.951167583465576,4.435265541076660,4.324406623840332,21.000000000000000
6.215,to,-0.003785588312894,3.869307279586792,3.815583944320679,24.000000000000000
6.216,have,-4.869709491729736,4.631777286529541,4.439849853515625,26.000000000000000
6.217,to,-0.038317833095789,3.771850347518921,3.688317298889160,29.000000000000000
6.218,hang,-9.801553487777712,7.761453151702881,7.696187019348144,31.000000000000000
6.219,on,-0.361808419227600,3.698402881622314,3.747995853424072,33.000000000000000
6.220,to,-0.202735617756844,3.484620571136475,3.402806043624878,34.000000000000000
6.221,things,-6.743483066558838,7.427289962768555,7.887078285217285,36.000000000000000
6.222,all,-2.686018466949463,4.710644245147705,5.031572341918945,35.000000000000000
6.223,day,-1.668442189693451,6.974859952926637,7.771011590957642,36.000000000000000
6.224,and,-1.504074931144714,4.550381183624268,4.502465248107910,6.000000000000000
6.225,decided,-3.196337699890137,4.280064105987549,4.256400585174561,8.000000000000000
6.226,the,-2.269061088562012,4.304717063903809,4.336087226867677,12.000000000000000
6.227,answer,-4.285676002502441,4.199505805969238,4.365257740020752,13.000000000000000
6.228,was,-0.450144857168198,3.929401874542236,3.907116651535034,13.000000000000000
6.229,that,-0.651629745960236,4.175851821899413,4.103756904602052,15.000000000000000
6.230,it,-2.204275369644165,4.800808429718018,4.878902912139893,18.000000000000000
6.231,was,-0.849737882614136,3.678652048110962,3.658358812332153,19.000000000000000
6.232,probably,-4.097137090735487,6.687596082687378,7.519625425338745,21.000000000000000
6.233,very,-4.996185302734375,4.297105312347412,4.449114799499512,22.000000000000000
6.234,tiring .,-19.396452516317368,18.881482124328613,19.525094747543335,26.000000000000000
6.235,Abby,-13.736634254455565,5.642561912536621,5.960327625274657,3.000000000000000
6.236,told,-5.067654132843018,9.503544807434082,9.156297206878662,4.000000000000000
6.237,her,-3.025093555450439,4.536303997039795,4.676068305969238,6.000000000000000
6.238,mom,-12.867992401123047,4.785341739654541,5.300208568572998,7.000000000000000
6.239,that,-0.582344889640808,4.838778018951416,4.580645561218262,7.000000000000000
6.240,she,-1.345165729522705,4.281666278839111,4.599359512329102,10.000000000000000
6.241,thought,-4.435454845428467,4.338359355926514,4.286570072174071,11.000000000000000
6.242,Sticky,-17.387048482894894,9.722163438796995,10.999262094497681,15.000000000000000
6.243,had,-2.008974790573120,4.593959331512451,4.619933128356934,16.000000000000000
6.244,grown,-4.811316490173340,4.586885929107666,4.610345840454102,18.000000000000000
6.245,a,-1.342460870742798,3.638321161270142,4.121373653411865,20.000000000000000
6.246,bit,-2.482924699783325,4.688644886016847,4.885196685791017,21.000000000000000
6.247,the,-2.259474277496338,3.509465694427490,3.444525241851806,8.000000000000000
6.248,next,-1.280401468276978,3.772373437881470,4.161563396453857,9.000000000000000
6.249,day,-0.414624117314816,6.124524593353272,6.191824197769165,10.000000000000000
6.250,at,-1.885579824447632,4.013116359710693,3.909408807754517,9.000000000000000
6.251,breakfast .,-8.605325804906897,16.105117082595825,16.997260332107544,15.000000000000000
6.252,`` Just,-8.860144838570704,21.611989498138431,22.144333362579342,8.000000000000000
6.253,as,-3.083371877670288,5.037490367889403,4.962154388427733,6.000000000000000
6.254,well,-4.204458713531493,4.520310878753662,4.699318408966064,7.000000000000000
6.255,if,-2.389072895050049,4.388001441955566,4.064056873321533,6.000000000000000
6.256,he 's,-5.608512349426747,14.600466251373291,14.418530941009521,19.000000000000000
6.257,going,-1.083655953407288,3.858915328979492,3.811598777770996,12.000000000000000
6.258,to,-0.002487662015483,4.587509155273438,4.377288818359375,15.000000000000000
6.259,be,-1.785778284072876,4.839067459106445,4.584447383880615,17.000000000000000
6.260,gobbled,-11.369743347167967,4.067097187042236,4.227502346038818,19.000000000000000
6.261,up,-0.007190776057541,4.065506458282472,4.412590980529785,21.000000000000000
6.262,like,-4.235594749450684,3.770534753799439,3.823050498962401,22.000000000000000
6.263,"that , ''",-23.435861252248291,20.117360830307007,20.535786628723145,33.000000000000000
6.264,her,-8.520852088928223,4.429495811462402,4.677252769470215,7.000000000000000
6.265,mom,-8.886199951171875,3.811451673507690,4.386130809783936,8.000000000000000
6.266,responded,-6.415529966354370,4.294903397560121,4.166305541992188,8.000000000000000
6.267,who,-1.124741792678833,2.659237384796143,2.626933813095093,10.000000000000000
6.268,was,-4.075378417968750,3.653323888778687,3.517812490463257,12.000000000000000
6.269,busy,-5.073741436004639,3.634035825729370,3.766781568527222,14.000000000000000
6.270,preparing,-6.006042718813660,4.896036028862000,4.780154466629028,17.000000000000000
6.271,breakfast .,-8.953206702950412,15.132976293563843,15.977380990982056,28.000000000000000
6.272,Abby,-13.736634254455565,5.642561912536621,5.960327625274657,3.000000000000000
6.273,whined,-18.499336957931519,18.552633762359623,17.293524503707886,4.000000000000000
6.274,that,-0.381043165922165,4.937397480010986,4.765228271484375,6.000000000000000
6.275,she,-5.126132488250732,3.991530895233153,4.412058830261231,10.000000000000000
6.276,did n't,-3.083783656358321,17.882585048675537,17.667788505554199,23.000000000000000
6.277,want,-2.244313240051269,3.715657949447632,3.480365276336670,14.000000000000000
6.278,him,-3.616719007492065,3.766696929931641,3.914588689804077,17.000000000000000
6.279,to,-0.102243810892105,4.618285655975342,4.459104061126709,18.000000000000000
6.280,get,-3.959450721740722,4.988322734832764,5.104042053222656,20.000000000000000
6.281,too,-1.983323454856873,4.338196277618408,4.699139595031738,22.000000000000000
6.282,big,-4.149928092956543,3.646484613418579,3.688108921051025,23.000000000000000
6.283,or,-5.349784851074219,4.241396903991698,4.169033050537108,9.000000000000000
6.284,he,-0.802711665630341,3.898003101348877,4.092062950134276,12.000000000000000
6.285,would n't,-3.475441694170968,14.995509147644041,14.735583066940308,27.000000000000000
6.286,be,-2.109099864959717,4.766602993011475,4.695430755615233,16.000000000000000
6.287,cute,-9.382760047912598,3.798029184341431,3.931567430496216,18.000000000000000
6.288,anymore .,-1.651509490038734,15.205016851425171,15.724046230316162,23.000000000000000
6.289,`` Small,-14.795670291408840,19.838970661163330,19.836896896362305,9.000000000000000
6.290,"things ,",-6.068829178810120,12.528911113739014,12.631084680557251,13.000000000000000
6.291,not,-4.839577674865723,4.152813911437988,4.332448959350587,8.000000000000000
6.292,big,-5.524728298187256,4.608525753021240,4.609145164489746,9.000000000000000
6.293,"things ,",-3.196466445922852,11.633688926696777,11.976441144943237,18.000000000000000
6.294,are,-0.813046693801880,3.818138599395752,3.540563583374023,6.000000000000000
6.295,"cute ,",-13.161074161529541,8.414709329605103,8.637905120849609,16.000000000000000
6.296,right ? '',-28.681170791387558,23.313795566558838,23.581909656524658,23.000000000000000
6.297,she,-2.026835918426514,3.059559345245361,3.114520788192749,4.000000000000000
6.298,"asked ,",-8.894847393035889,9.924497127532959,9.751652240753174,11.000000000000000
6.299,half,-7.834053993225098,3.477158069610596,3.929652690887451,8.000000000000000
6.300,to,-4.851781368255615,2.344920635223389,2.330621242523193,10.000000000000000
6.301,herself .,-7.562874877301511,15.177388429641724,15.128258943557739,17.000000000000000
6.302,The,-1.657068967819214,5.793336868286133,5.808848381042480,4.000000000000000
6.303,next,-6.436867713928223,5.689327239990233,6.071505546569824,5.000000000000000
6.304,day,-1.570739656686783,8.572366952896116,9.050098896026613,6.000000000000000
6.305,in,-0.861832082271576,3.777108907699585,3.855426311492920,5.000000000000000
6.306,art,-13.511307239532471,8.009457349777223,8.812119007110596,7.000000000000000
6.307,"class ,",-10.047697484493256,11.923430919647217,12.587528228759766,13.000000000000000
6.308,Abby,-11.931991577148438,4.242136001586913,4.796669960021973,7.000000000000000
6.309,needed,-9.038805007934570,5.207501888275146,5.214798927307129,8.000000000000000
6.310,two,-4.755383968353272,4.949542045593262,5.038695335388184,11.000000000000000
6.311,pieces,-4.176421165466309,6.358608245849608,6.660009384155273,12.000000000000000
6.312,of,-0.083831146359444,3.951265096664429,3.929331779479981,12.000000000000000
6.313,paper,-2.713383197784424,4.977372169494629,5.460176467895508,14.000000000000000
6.314,that,-0.009214376099408,3.088875532150269,3.020568132400513,14.000000000000000
6.315,were,-2.206234455108643,4.831640243530273,4.761464595794678,16.000000000000000
6.316,very,-4.119616031646729,5.304011344909668,5.193927288055420,18.000000000000000
6.317,"expensive ,",-8.872614860534668,8.191647529602051,8.134738206863403,29.000000000000000
6.318,to,-1.811009168624878,4.079579353332520,3.959455013275146,13.000000000000000
6.319,draw,-5.933713912963867,4.074630737304688,3.888419389724731,15.000000000000000
6.320,an,-4.470035552978517,4.295808792114259,4.416737556457520,17.000000000000000
6.321,"elephant ,",-10.523887753486635,7.397218704223633,7.857112169265747,21.000000000000000
6.322,but,-1.791214585304260,4.348119258880615,4.287672996520996,4.000000000000000
6.323,the,-1.742616772651672,3.275004863739014,3.279888391494751,7.000000000000000
6.324,teacher,-8.580350875854492,3.733175516128540,4.124753475189209,8.000000000000000
6.325,did n't,-3.834450900552781,17.818621873855591,18.107636451721191,19.000000000000000
6.326,mind,-5.301857948303223,3.794368267059326,3.640724182128906,12.000000000000000
6.327,Abby,-14.099601745605467,3.979998588562012,4.589958667755127,15.000000000000000
6.328,using,-6.243268966674805,8.196912288665771,7.925820827484131,16.000000000000000
6.329,the,-1.617108941078186,4.241818904876709,4.240519523620605,18.000000000000000
6.330,expensive,-7.745531082153320,5.660387516021729,5.664741992950440,19.000000000000000
6.331,paper,-3.316668033599853,4.940557956695557,5.556349277496338,20.000000000000000
6.332,because,-0.774269700018522,8.011090993881227,8.111176490783691,15.000000000000000
6.333,she,-1.579770565032959,3.951787710189819,4.247754573822021,18.000000000000000
6.334,was,-1.944602489471436,3.874459505081177,3.805416584014893,20.000000000000000
6.335,pleased,-7.866151624009944,6.428644180297852,6.809340953826903,22.000000000000000
6.336,with,-0.095290042459965,2.750928401947021,2.698024749755860,24.000000000000000
6.337,the,-1.141832232475281,3.344535112380981,3.284083366394043,26.000000000000000
6.338,drawing,-6.143188476562500,3.868278264999390,4.479523658752441,27.000000000000000
6.339,and,-0.124610655009747,4.178365230560304,4.105849266052246,20.000000000000000
6.340,wanted,-2.630487436894327,5.450399398803711,5.330682277679443,22.000000000000000
6.341,it,-2.042330741882324,4.494548320770264,4.754822254180908,24.000000000000000
6.342,on,-2.159867286682129,3.469071626663208,3.425602912902832,25.000000000000000
6.343,the,-0.982040822505951,3.945270538330078,3.836843013763428,27.000000000000000
6.344,wall .,-4.007418715831590,11.163239955902100,11.747561693191528,34.000000000000000
6.345,The,-1.335898160934448,5.764348506927490,6.119246482849121,4.000000000000000
6.346,"teacher ,",-11.449390292167662,11.039168357849121,11.279006958007812,9.000000000000000
6.347,who,-0.066422834992409,3.262418270111084,3.091077804565430,7.000000000000000
6.348,was,-2.342227935791016,4.673804759979248,4.360538959503174,9.000000000000000
6.349,always,-5.178351402282715,4.144957542419434,4.094439029693604,11.000000000000000
6.350,very,-4.481522083282472,5.204721927642822,5.095088005065918,12.000000000000000
6.351,"encouraging ,",-8.648667318921069,7.200609207153320,6.848071813583374,19.000000000000000
6.352,remarked,-8.674296617507935,8.200080394744871,8.253544330596924,5.000000000000000
6.353,that,-0.172295168042183,4.434587955474854,4.322904109954834,7.000000000000000
6.354,the,-0.957444906234741,3.548271894454956,3.374694108963013,11.000000000000000
6.355,drawing,-10.393578529357910,3.319329738616944,3.932512760162354,12.000000000000000
6.356,Abby,-13.362302780151367,3.709871530532837,4.405122280120850,14.000000000000000
6.357,had,-3.310622692108154,3.323141574859619,3.078956365585327,15.000000000000000
6.358,made,-3.504963397979736,4.108455181121826,3.910858154296875,17.000000000000000
6.359,was,-0.372016161680222,4.145053863525392,4.106431007385254,11.000000000000000
6.360,very,-3.918282747268677,4.579092025756836,4.481671333312988,13.000000000000000
6.361,creative,-5.723127365112305,3.109652042388916,3.234337329864502,14.000000000000000
6.362,and,-1.326900482177734,4.274584770202637,4.212225914001465,5.000000000000000
6.363,beamed,-11.659935992211105,8.963323473930359,8.861529588699339,7.000000000000000
6.364,at,-3.206977367401123,3.457731008529663,3.400195360183716,9.000000000000000
6.365,"Abby ,",-18.743223667144775,7.884474754333496,8.387941360473633,18.000000000000000
6.366,giving,-4.329418063163756,7.868010520935059,7.724037408828735,10.000000000000000
6.367,her,-2.982436180114746,4.347080707550049,4.522010803222656,12.000000000000000
6.368,the,-2.176972150802612,4.897988319396973,4.900491714477539,14.000000000000000
6.369,seal,-10.160096645355225,9.515418291091921,10.337239980697634,15.000000000000000
6.370,of,-0.057274874299765,3.537092924118042,3.470510959625244,15.000000000000000
6.371,approval .,-3.381134638126241,11.236517667770386,11.672441959381104,21.000000000000000
6.372,Back,-6.053270816802979,5.581789970397949,5.584656715393066,3.000000000000000
6.373,at,-2.240635395050049,4.725745677947998,4.651797294616699,5.000000000000000
6.374,"home ,",-2.967560216784477,9.957099914550781,10.115445613861084,10.000000000000000
6.375,"Mom ,",-11.163332462310791,8.073096513748169,9.115000724792480,12.000000000000000
6.376,convinced,-7.010610661265672,6.136027812957764,5.805776357650758,8.000000000000000
6.377,by,-2.364421844482422,3.623128652572632,3.444861173629761,10.000000000000000
6.378,Abby,-14.282928466796875,4.450545310974121,5.000211238861084,12.000000000000000
6.379,to,-0.011202178895473,5.008603096008301,4.867849349975586,12.000000000000000
6.380,clean,-6.305121421813965,3.736131191253662,3.624765157699585,14.000000000000000
6.381,out,-3.376698017120361,4.330983638763429,4.557831764221191,16.000000000000000
6.382,the,-1.828052997589112,3.852725028991699,4.045480251312257,17.000000000000000
6.383,"tank ,",-6.909793775063008,7.146846532821655,8.015137910842896,26.000000000000000
6.384,was,-2.093430757522583,5.053448677062988,4.989921569824219,6.000000000000000
6.385,cleaning,-7.797897338867188,7.413124322891235,7.149498462677003,8.000000000000000
6.386,with,-1.771291255950928,3.151162147521973,3.160390377044678,10.000000000000000
6.387,a,-1.145705699920654,5.164734840393066,5.309130668640137,13.000000000000000
6.388,special,-7.094579219818115,4.663097381591797,5.236854553222656,14.000000000000000
6.389,"vacuum ,",-11.468545436859131,8.567056655883789,9.069833278656006,28.000000000000000
6.390,or,-5.561370849609375,5.225179195404053,5.351631164550781,14.000000000000000
6.391,`` hoover '' .,-46.963827829329603,41.082444906234741,41.615412950515747,57.000000000000000
6.392,`` Where 's,-7.426005564415391,33.398641109466553,34.385987758636475,14.000000000000000
6.393,Mr.,-7.137339420616628,9.567703723907471,10.658554077148438,8.000000000000000
6.394,Sticky ? '',-40.622681867447682,31.525815725326538,34.027350664138794,22.000000000000000
6.395,Abby,-14.026761054992676,4.223652839660645,4.774188041687012,4.000000000000000
6.396,asked,-2.028610527515412,6.010770082473755,5.897098779678345,5.000000000000000
6.397,first,-11.229062080383301,4.528402805328369,4.577912807464600,8.000000000000000
6.398,thing,-6.908034801483153,7.479768514633179,8.001368999481201,9.000000000000000
6.399,when,-1.375867366790772,3.887486457824707,4.073468685150146,9.000000000000000
6.400,she,-2.535365104675293,4.081550598144531,4.336969375610352,11.000000000000000
6.401,came,-4.428537487983705,8.250926733016968,8.321332454681396,12.000000000000000
6.402,home,-0.304135560989380,4.307247161865233,4.596640586853027,14.000000000000000
6.403,from,-1.227277517318726,3.523616790771484,3.408358335494995,15.000000000000000
6.404,school .,-5.844705699011684,11.110209941864014,11.568362474441528,22.000000000000000
6.405,`` On,-5.862846597909083,20.975377082824711,21.316693305969235,7.000000000000000
6.406,the,-0.971538305282593,5.230770587921143,5.425295829772949,7.000000000000000
6.407,"side , ''",-25.051073044538498,25.795589208602905,25.878309965133667,17.000000000000000
6.408,Mom,-11.240942955017090,3.867978572845459,4.483832359313965,6.000000000000000
6.409,replied .,-3.317060656845570,12.619705677032471,12.314022064208984,14.000000000000000
6.410,And,-4.425339698791504,7.155502796173097,7.182521820068358,2.000000000000000
6.411,then,-1.677371978759766,4.781904220581055,4.726963520050049,4.000000000000000
6.412,she,-3.925974607467651,3.781711816787720,4.187679767608643,5.000000000000000
6.413,"added ,",-6.534428119659424,10.949866294860840,10.219647884368896,13.000000000000000
6.414,`` Do n't,-3.278310968618143,29.606432437896729,29.352288246154785,32.000000000000000
6.415,worry .,-9.156839847564697,12.436740636825560,12.354085206985474,25.000000000000000
6.416,I,-4.953929901123047,5.363583564758301,5.224441051483153,3.000000000000000
6.417,went,-5.936116456985474,8.985332012176514,8.059691190719603,4.000000000000000
6.418,extra,-11.511080741882324,3.474441289901733,3.984327554702759,6.000000000000000
6.419,slowly,-6.288458161056043,8.126727819442749,8.395021915435791,7.000000000000000
6.420,since,-5.812204837799072,4.866635322570801,4.688347339630127,7.000000000000000
6.421,it 's,-7.088768709450960,14.501650571823120,14.890542984008789,21.000000000000000
6.422,better,-6.163523197174072,4.986714363098145,5.080160617828369,13.000000000000000
6.423,to,-1.060610532760620,4.777213096618652,4.624367713928223,15.000000000000000
6.424,be,-2.290589570999145,4.507307052612305,4.505671977996826,17.000000000000000
6.425,safe,-5.103480339050293,3.149894952774048,3.152759313583374,19.000000000000000
6.426,than,-7.642401218414308,3.761691570281982,3.789632797241211,21.000000000000000
6.427,sorry . '',-28.793197631835938,29.601719856262207,29.461603164672852,36.000000000000000
6.428,Abby,-13.408949851989744,5.388112545013428,5.637897968292236,4.000000000000000
6.429,looked,-7.580507040023804,7.708907365798950,7.263168334960938,5.000000000000000
6.430,on,-3.934551715850830,4.123002052307129,4.227947711944580,7.000000000000000
6.431,all,-4.882089138031006,5.448776245117188,5.649911403656006,10.000000000000000
6.432,sides,-4.897318363189697,3.629727125167847,3.797955989837647,11.000000000000000
6.433,of,-0.030657673254609,3.945199489593506,4.270318984985352,11.000000000000000
6.434,the,-0.116583332419395,4.791801929473877,4.998040676116943,13.000000000000000
6.435,"tank ,",-10.160177350044252,7.284957170486450,7.668171644210815,17.000000000000000
6.436,but,-0.964347302913666,4.504838466644287,4.318159103393556,4.000000000000000
6.437,there,-3.468350410461426,4.850649356842041,4.875376701354980,7.000000000000000
6.438,was,-0.764433860778809,3.089550971984864,2.902508020401001,8.000000000000000
6.439,no,-0.982782125473022,4.876616001129150,4.678355216979980,11.000000000000000
6.440,sign,-3.252474308013916,3.989850282669067,4.145502090454102,12.000000000000000
6.441,of,-0.023437138646841,3.933830738067627,3.832789897918701,12.000000000000000
6.442,the,-2.857466697692871,4.072123050689696,3.866000652313232,15.000000000000000
6.443,water,-7.180750131607057,6.865719318389893,7.551421403884888,16.000000000000000
6.444,snail,-15.588067054748535,4.061864852905273,4.628664970397949,17.000000000000000
6.445,that,-0.004903908818960,3.135278224945068,2.988030195236206,17.000000000000000
6.446,she,-3.463758468627930,4.098699569702148,4.340606212615967,19.000000000000000
6.447,had,-1.319762706756592,3.326507568359375,3.143455266952514,20.000000000000000
6.448,discovered,-6.454874634593580,4.713256359100342,4.574053049087524,22.000000000000000
6.449,a,-0.650292515754700,4.225058078765868,4.372583389282227,26.000000000000000
6.450,couple,-0.126845508813858,4.066163063049316,4.215234279632568,27.000000000000000
6.451,of,-0.002493845531717,3.843074321746826,3.845979452133178,27.000000000000000
6.452,days,-2.539844036102295,4.181231021881104,4.358144760131837,29.000000000000000
6.453,ago .,-0.250561982014915,12.043158292770386,12.420365095138550,31.000000000000000
6.454,She,-5.382365703582764,5.263646125793457,5.248893737792969,3.000000000000000
6.455,was,-3.158835887908936,5.061583518981934,4.715915679931642,4.000000000000000
6.456,very,-3.831684827804565,4.998170852661133,5.153872013092041,6.000000000000000
6.457,sad .,-6.255654278793371,11.933236122131348,11.902629137039183,11.000000000000000
6.458,Her,-7.633284568786621,5.591723918914795,6.054955482482910,3.000000000000000
6.459,mom,-8.529167175292969,4.686801910400392,5.275561332702637,4.000000000000000
6.460,said,-4.964942932128906,4.701485157012940,5.530348300933838,4.000000000000000
6.461,to,-1.467966437339783,4.816660404205322,4.608683586120605,7.000000000000000
6.462,wait,-6.186765670776367,3.522041559219360,3.223483324050904,9.000000000000000
6.463,a,-1.429991126060486,3.537226200103760,3.853991031646729,11.000000000000000
6.464,few,-1.523261904716492,5.257884025573730,5.316267490386963,12.000000000000000
6.465,hours,-1.445443749427795,4.011659145355225,4.353493213653564,13.000000000000000
6.466,until,-2.411321163177490,4.193753242492677,3.976297378540039,12.000000000000000
6.467,the,-1.369981527328491,3.447824716567993,3.678455829620361,15.000000000000000
6.468,water,-5.862152338027954,6.282049179077148,7.003314495086670,16.000000000000000
6.469,clears,-4.005616784095763,5.549842596054077,5.614536523818970,16.000000000000000
6.470,to,-0.012121702544391,4.975484371185303,4.824358463287354,14.000000000000000
6.471,take,-4.434782028198242,4.613880157470703,4.427681922912598,16.000000000000000
6.472,another,-5.452205657958983,3.906336545944214,3.687878608703613,18.000000000000000
6.473,careful,-9.896455764770508,4.306091785430908,4.314008712768556,19.000000000000000
6.474,look .,-0.796664890222019,11.251133680343628,11.914324998855591,24.000000000000000
6.475,That,-4.299169063568115,5.808034896850586,5.929095745086670,3.000000000000000
6.476,"evening ,",-9.287229806184769,9.971186637878418,9.421411037445068,7.000000000000000
6.477,Abby,-12.865750312805176,4.680202484130858,5.270133018493652,5.000000000000000
6.478,went,-4.522075176239014,8.602555990219116,8.351650953292848,6.000000000000000
6.479,up,-5.463007926940918,3.856716871261597,4.208010196685791,8.000000000000000
6.480,to,-1.754643678665161,3.683309793472290,3.467911720275879,9.000000000000000
6.481,her,-3.680536746978760,4.263439655303955,4.548640251159668,11.000000000000000
6.482,bedroom,-6.941365838050842,7.446172952651978,8.338938236236572,12.000000000000000
6.483,to,-0.380964100360870,4.647776603698730,4.543562889099121,11.000000000000000
6.484,check,-5.468496799468994,2.709431171417236,2.559916257858276,13.000000000000000
6.485,the,-2.003322601318360,3.015567302703857,3.322531700134277,15.000000000000000
6.486,tank,-7.995012283325195,3.381416320800781,4.068274974822998,16.000000000000000
6.487,again .,-2.102469738863874,10.965481758117676,11.556152582168579,22.000000000000000
6.488,The,-1.657068967819214,5.793336868286133,5.808848381042480,4.000000000000000
6.489,water,-7.819766998291017,8.401694536209106,8.438769102096558,5.000000000000000
6.490,had,-4.423732757568358,5.303467750549316,5.117666244506836,5.000000000000000
6.491,settled,-6.991164207458496,4.592394351959229,4.596325397491455,8.000000000000000
6.492,and,-0.474201351404190,4.849781990051270,4.449888229370117,8.000000000000000
6.493,looked,-7.933225554879755,7.692986965179442,7.226044893264770,10.000000000000000
6.494,"clear ,",-5.893459141254425,7.871472120285035,7.473577260971068,16.000000000000000
6.495,but,-0.683040261268616,4.556900978088379,4.490623474121094,4.000000000000000
6.496,Abby,-13.772747993469238,3.784179449081421,4.431439876556396,7.000000000000000
6.497,could,-4.569714546203613,4.040167808532715,3.817430257797241,8.000000000000000
6.498,not,-3.103495597839355,4.977848529815674,4.914889335632324,9.000000000000000
6.499,see,-3.301753520965576,4.458461284637451,4.174643993377686,11.000000000000000
6.500,Mr.,-7.117750093340874,8.846014976501465,9.271708488464355,13.000000000000000
6.501,Sticky .,-19.307376423850659,19.051821947097778,19.827544927597046,20.000000000000000
6.502,Abby,-13.408949851989744,5.388112545013428,5.637897968292236,4.000000000000000
6.503,kneeled,-16.947173476219174,7.907129287719727,7.249693870544434,5.000000000000000
6.504,down,-1.673957586288452,4.232445716857910,4.583004951477051,7.000000000000000
6.505,to,-0.070403538644314,5.429235458374023,5.211629390716553,9.000000000000000
6.506,have,-6.666869163513184,5.517693042755127,5.320123672485352,11.000000000000000
6.507,another,-4.237282276153564,4.956534385681152,4.803033351898193,14.000000000000000
6.508,look,-3.453797101974488,3.661258935928345,4.258082389831543,15.000000000000000
6.509,in,-6.176139831542969,3.619703292846680,3.566795587539673,15.000000000000000
6.510,the,-0.518907427787781,4.214572906494142,4.133790969848634,18.000000000000000
6.511,tank,-9.610265731811523,3.719407081604004,4.251690864562988,19.000000000000000
6.512,that,-0.005269922316074,3.644609451293945,3.417583942413330,20.000000000000000
6.513,her,-4.656923294067383,4.371070384979248,4.415056228637695,22.000000000000000
6.514,mom,-7.942179679870605,3.927495241165161,4.604094982147217,23.000000000000000
6.515,had,-1.688449144363403,3.606242179870605,3.471152305603028,23.000000000000000
6.516,cleared,-9.067961638997076,4.809263467788696,4.740084886550903,25.000000000000000
6.517,so,-4.315526962280273,3.876404523849487,3.964062690734863,27.000000000000000
6.518,"thoroughly ,",-7.831133596497239,11.452206134796143,11.743873119354248,31.000000000000000
6.519,but,-0.647521138191223,4.484652042388916,4.445188522338867,4.000000000000000
6.520,Mr.,-4.406041167676450,8.656660556793213,9.112464427947998,7.000000000000000
6.521,Sticky,-17.951485157012943,11.527985811233521,12.455534219741821,8.000000000000000
6.522,was,-2.452053308486938,4.577966690063477,4.565187454223633,8.000000000000000
6.523,still,-1.510388612747192,3.424875974655152,3.628906250000000,10.000000000000000
6.524,nowhere,-10.722754001617432,10.092740058898926,10.110639095306396,11.000000000000000
6.525,to,-0.353075951337814,4.486542701721191,4.384033203125000,13.000000000000000
6.526,be,-3.109690189361572,4.582290172576903,4.451661109924316,15.000000000000000
6.527,found .,-2.472444049170008,11.065667629241943,11.240128993988039,23.000000000000000
6.528,Abby,-13.736634254455565,5.642561912536621,5.960327625274657,3.000000000000000
6.529,was,-3.609792709350586,5.031017780303955,5.453309059143066,4.000000000000000
6.530,a,-1.339576601982117,4.633582115173340,4.169279098510741,7.000000000000000
6.531,bundle,-13.168441772460938,5.671814441680907,5.606378555297852,8.000000000000000
6.532,of,-0.073945179581642,4.433508872985840,4.185171127319337,8.000000000000000
6.533,nerves,-9.402398705482485,8.905405044555664,10.093404769897461,10.000000000000000
6.534,as,-1.639045357704163,4.860703468322754,4.677913188934326,7.000000000000000
6.535,she,-2.490866184234619,3.983890056610107,4.501645088195801,10.000000000000000
6.536,descended,-7.946457721292973,5.266565442085267,5.095325350761414,11.000000000000000
6.537,the,-1.126183271408081,3.373466968536377,3.254382133483887,13.000000000000000
6.538,stairs .,-8.461239502183163,15.253023147583008,16.273999452590942,18.000000000000000
6.539,In,-1.015095233917236,5.459375381469727,5.453380107879639,4.000000000000000
6.540,the,-1.795700311660767,5.011358737945557,4.870214462280273,6.000000000000000
6.541,"study ,",-8.088965050876141,9.120401382446289,9.505249500274658,11.000000000000000
6.542,surrounded,-10.021752133965492,8.073410987854004,7.654914617538452,7.000000000000000
6.543,by,-0.018001863732934,3.762716293334961,3.668617010116577,9.000000000000000
6.544,books,-7.634286880493164,3.983237504959106,4.319232463836670,11.000000000000000
6.545,and,-1.827691555023193,4.454664230346680,4.625826835632324,12.000000000000000
6.546,"papers ,",-5.911243000999093,8.233762264251709,8.498751640319824,19.000000000000000
6.547,her,-8.376354217529299,4.118547439575194,4.113330364227295,8.000000000000000
6.548,mom,-9.503398895263672,3.396749973297119,4.089845180511475,9.000000000000000
6.549,was,-1.888392210006714,4.479977130889893,4.399715900421143,9.000000000000000
6.550,working,-5.949906349182129,3.569184064865112,3.626224756240845,11.000000000000000
6.551,and,-3.324455022811890,4.285214424133302,4.162757873535156,3.000000000000000
6.552,she,-0.891515433788300,2.835836887359619,3.121605634689331,6.000000000000000
6.553,looked,-5.526366832666099,5.066580653190614,4.770187616348267,7.000000000000000
6.554,impatient,-8.126603126525879,3.467406034469604,3.457762002944946,11.000000000000000
6.555,when,-0.046493101865053,3.409035205841064,3.671703338623047,13.000000000000000
6.556,she,-0.358365237712860,3.459909439086914,3.775098323822021,15.000000000000000
6.557,saw,-4.066134929656982,3.864496707916260,3.761322021484375,16.000000000000000
6.558,Abby,-12.815353393554688,3.522624969482422,4.511087894439697,19.000000000000000
6.559,in,-1.575992345809936,3.446001291275024,3.517974376678467,20.000000000000000
6.560,the,-1.294897556304932,4.072993278503418,4.260152816772462,22.000000000000000
6.561,doorway,-11.846067428588867,4.077075958251953,4.579793930053711,23.000000000000000
6.562,and,-1.784423947334290,5.070110797882080,5.011793136596680,10.000000000000000
6.563,even,-4.919462203979492,4.807709693908691,4.862551689147949,13.000000000000000
6.564,more,-1.016112208366394,5.583781719207764,5.573850631713867,14.000000000000000
6.565,worried,-4.497179985046387,4.025775432586670,4.000540733337401,15.000000000000000
6.566,when,-0.019485834985971,3.842141151428223,4.044944763183594,15.000000000000000
6.567,she,-0.320643573999405,3.594163179397583,3.990212202072144,17.000000000000000
6.568,heard,-3.850025892257690,7.672566890716553,7.608096361160277,18.000000000000000
6.569,the,-1.678565025329590,3.460593700408936,3.522274255752563,20.000000000000000
6.570,bad,-5.743599414825440,4.252262115478517,4.574840545654297,21.000000000000000
6.571,news .,-0.781196468913549,10.946919918060303,11.638577699661255,27.000000000000000
6.572,`` He 'll,-14.751010766252818,31.883795261383057,31.096470355987549,16.000000000000000
6.573,turn,-6.669515132904053,4.778987884521483,4.686794757843018,9.000000000000000
6.574,"up , ''",-19.598520472645760,21.720679998397827,21.443405389785767,22.000000000000000
6.575,Mom,-9.243322372436523,3.713887214660645,4.360161781311035,8.000000000000000
6.576,"said ,",-2.524660408496857,7.915092468261718,7.831472396850586,12.000000000000000
6.577,and,-2.239571094512939,4.389085769653319,4.290024280548097,4.000000000000000
6.578,that,-2.808835983276367,3.984059572219849,3.789825201034546,7.000000000000000
6.579,was,-3.819506168365479,4.221489906311035,4.063123226165772,8.000000000000000
6.580,that .,-5.732502456754447,11.110314607620239,11.099636077880859,16.000000000000000
6.581,"Then ,",-4.561696648597717,10.843476295471191,11.431922435760498,6.000000000000000
6.582,to,-2.178642272949219,5.207302570343018,5.165318489074707,6.000000000000000
6.583,add,-6.075636863708496,5.757303714752197,5.162908554077148,8.000000000000000
6.584,fuel,-3.638944387435913,4.622443199157715,5.377017974853517,10.000000000000000
6.585,to,-0.062291041016579,4.321532726287842,4.156593322753906,11.000000000000000
6.586,the,-0.735359430313110,3.212509870529175,3.569163322448730,13.000000000000000
6.587,"flames ,",-7.172742047347128,18.568286895751953,20.358839035034180,19.000000000000000
6.588,she,-4.548223495483398,2.511138439178467,3.089088201522827,7.000000000000000
6.589,raised,-5.717775729252025,7.302304744720459,7.056164979934692,9.000000000000000
6.590,her,-2.012620687484741,4.579195976257324,4.878022193908691,12.000000000000000
6.591,tone,-9.029129028320312,4.252510070800781,4.604038715362549,13.000000000000000
6.592,of,-1.351602196693420,3.704020977020264,3.618504047393799,13.000000000000000
6.593,voice,-2.904702663421631,3.849671840667725,4.691423892974854,15.000000000000000
6.594,and,-0.204977899789810,4.952291965484619,4.807316780090332,9.000000000000000
6.595,said,-3.687258720397949,5.053206443786621,4.988287448883057,11.000000000000000
6.596,"dismissively ,",-10.579868630040439,14.668532133102417,15.645141839981079,26.000000000000000
6.597,`` For,-2.617947910466683,15.952624320983887,15.775223970413208,31.000000000000000
6.598,the,-1.543522000312805,3.165046215057373,3.178916931152344,19.000000000000000
6.599,time,-1.838592767715454,4.771148681640625,4.945930480957031,20.000000000000000
6.600,"being ,",-0.371309837326407,7.713299751281739,7.928265571594238,38.000000000000000
6.601,go,-4.262433052062988,2.068816423416138,1.973839998245240,19.000000000000000
6.602,to,-0.981488227844238,3.675093889236450,3.491370916366577,21.000000000000000
6.603,"bed ,",-5.327617526054382,10.458936214447021,11.092967510223389,42.000000000000000
6.604,Abby .,-20.923950910568237,11.282681941986084,11.675878763198853,42.000000000000000
6.605,I 've,-4.698937557637691,13.732558012008667,13.447829961776735,37.000000000000000
6.606,got,-1.363854169845581,3.587736845016479,3.514010429382324,21.000000000000000
6.607,masses,-13.529448032379150,7.726586341857910,8.777396440505981,24.000000000000000
6.608,of,-0.385223656892776,2.778384685516357,2.776840209960937,25.000000000000000
6.609,work,-5.228290557861328,3.206010103225708,4.105814456939696,27.000000000000000
6.610,to,-0.838598549365997,4.549489974975586,4.476434230804443,25.000000000000000
6.611,catch,-5.811304569244385,3.400122880935669,3.264829158782959,27.000000000000000
6.612,up,-0.460682630538940,3.612664699554443,3.762020111083984,29.000000000000000
6.613,on . '',-20.794300038367510,22.300123453140259,22.140694141387939,55.000000000000000
6.614,Abby,-13.408949851989744,5.388112545013428,5.637897968292236,4.000000000000000
6.615,had,-3.587419986724853,5.456824302673340,5.166437625885010,5.000000000000000
6.616,a,-1.769956827163696,4.618999958038330,4.674150943756104,7.000000000000000
6.617,quick,-7.817054271697997,5.141860008239746,5.321208477020264,8.000000000000000
6.618,temper,-6.757913589477539,3.464542388916016,4.033833980560304,9.000000000000000
6.619,and,-2.442818641662598,5.062522411346436,4.811976432800293,3.000000000000000
6.620,she,-2.443902015686035,3.986798524856568,4.200506210327148,6.000000000000000
6.621,was,-2.068641901016236,4.520460605621338,4.523665904998778,7.000000000000000
6.622,angry,-5.434727668762207,3.875025272369385,3.858311176300049,9.000000000000000
6.623,as,-6.878124713897705,3.979718208312988,4.122420787811278,11.000000000000000
6.624,hell .,-7.592616458656266,14.699010372161865,15.414939641952515,18.000000000000000
6.625,`` You 've,-15.697433192282006,30.121236562728882,29.539000749588013,17.000000000000000
6.626,hoovered,-27.107601523399357,14.766657352447510,14.120725870132446,9.000000000000000
6.627,him,-4.550950527191162,4.582824707031250,4.669443130493164,11.000000000000000
6.628,"up ,",-4.482735708355904,7.673504829406738,7.854835748672485,16.000000000000000
6.629,have n't,-14.070145019984921,15.143137693405151,15.509751319885254,16.000000000000000
6.630,you ? '',-18.485543157905340,24.886591911315918,24.759387016296387,21.000000000000000
6.631,she,-1.782904982566833,2.918955326080322,2.969579696655273,4.000000000000000
6.632,said,-2.337647914886475,3.493351221084595,3.449398517608643,5.000000000000000
6.633,accusingly .,-10.830758769589011,13.923568010330200,14.918467044830322,12.000000000000000
6.634,Abby 's,-18.328159559750929,17.943084001541138,19.112923622131348,9.000000000000000
6.635,mom,-10.693393707275391,4.839676380157472,5.606863021850586,4.000000000000000
6.636,denied,-8.648982048034668,5.290006160736084,5.165995121002197,5.000000000000000
6.637,Abby 's,-12.794301052017545,14.224629640579220,15.807613372802736,23.000000000000000
6.638,version,-5.677993774414063,4.695414066314697,5.277887821197510,11.000000000000000
6.639,of,-0.007018199656159,4.375752449035645,4.475574016571045,11.000000000000000
6.640,the,-0.968566894531250,3.581389665603638,3.370533466339112,13.000000000000000
6.641,story,-5.339412212371826,4.730391979217528,5.276185989379883,14.000000000000000
6.642,was,-0.521326243877411,5.271753311157227,5.266250610351562,10.000000000000000
6.643,true,-2.713021993637085,3.434981584548950,3.572814941406250,12.000000000000000
6.644,and,-1.138033628463745,4.555987358093262,4.446552276611328,5.000000000000000
6.645,said,-1.187279224395752,3.770256042480469,3.694932699203491,7.000000000000000
6.646,that,-2.365105390548706,4.699531078338623,4.646024703979492,9.000000000000000
6.647,she,-4.277075290679932,4.450530052185059,4.732264041900635,12.000000000000000
6.648,was,-1.592334389686584,4.119472980499268,4.023218154907227,13.000000000000000
6.649,"careful ,",-18.801432609558105,7.443917989730835,7.274884700775146,26.000000000000000
6.650,but,-2.177646636962890,3.340054750442505,3.303217887878418,12.000000000000000
6.651,because,-2.398733496652767,7.208570480346680,7.207588672637939,15.000000000000000
6.652,Mr.,-4.521955549716949,9.031576633453369,9.482676506042480,18.000000000000000
6.653,Sticky,-19.416461229324341,11.219847917556763,12.293653726577759,19.000000000000000
6.654,was,-1.793053388595581,3.891517400741577,3.826261281967163,19.000000000000000
6.655,so,-1.350352287292480,4.912219047546387,4.788992404937744,21.000000000000000
6.656,small,-6.992237091064452,2.921992301940918,2.927831649780273,22.000000000000000
6.657,he,-1.174860000610352,3.885213613510132,3.852146387100220,16.000000000000000
6.658,was,-1.562870979309082,3.152453660964966,3.084257364273072,17.000000000000000
6.659,hard,-5.720479965209961,3.647194862365722,3.809014797210693,19.000000000000000
6.660,to,-0.005675511434674,4.481950283050537,4.373156547546387,22.000000000000000
6.661,see .,-3.109474498545751,11.996716260910034,11.907506704330444,28.000000000000000
6.662,`` What 's,-5.047568417045113,29.926039218902591,33.541614532470703,11.000000000000000
6.663,wrong,-0.351237595081329,4.403747081756592,4.514860153198242,7.000000000000000
6.664,with,-0.009249455295503,3.220372438430786,3.009004116058350,9.000000000000000
6.665,being,-2.182297229766846,4.838351249694824,4.760907649993896,12.000000000000000
6.666,small ? '',-22.017907587345690,20.377512216567993,22.761048316955566,25.000000000000000
6.667,`` Nothing,-8.161856397866359,21.935726642608646,22.040346622467037,7.000000000000000
6.668,at,-0.884476900100708,5.442053318023682,5.551454067230225,7.000000000000000
6.669,"all ,",-0.105475000105798,9.460132122039795,9.236489772796631,12.000000000000000
6.670,but,-9.738924980163574,4.866854667663574,4.781505584716797,6.000000000000000
6.671,it,-1.925909280776977,4.721433162689209,4.702195167541504,8.000000000000000
6.672,makes,-4.970237731933594,4.159404277801514,3.898705244064331,9.000000000000000
6.673,things,-4.658077955245972,6.718180894851685,6.770560264587402,12.000000000000000
6.674,hard,-5.551242828369142,3.930313110351562,3.836205244064331,13.000000000000000
6.675,to,-0.004694867879152,4.180812835693358,4.032854080200194,16.000000000000000
6.676,find . '',-22.242338516283777,22.832328796386719,22.919593811035156,31.000000000000000
6.677,`` Or,-10.351916536568751,21.339342594146732,20.960535764694210,6.000000000000000
6.678,"notice , ''",-30.778296694159504,21.156636476516724,21.036783456802368,15.000000000000000
6.679,Abby,-13.532323837280273,4.656054496765137,5.027161121368408,7.000000000000000
6.680,"said ,",-3.216090559959412,7.922985553741455,7.532605886459351,17.000000000000000
6.681,suddenly,-5.837852954602568,7.235223531723022,7.273183345794678,12.000000000000000
6.682,feeling,-6.756523132324219,4.041213035583496,3.790385484695435,14.000000000000000
6.683,like,-0.349439740180969,3.646705389022827,3.587284803390503,16.000000000000000
6.684,the,-2.076394557952881,4.244421005249023,4.381559371948241,19.000000000000000
6.685,"small ,",-12.565470695495605,9.736620903015137,10.278702735900879,39.000000000000000
6.686,overlooked,-8.072452008724213,6.635177850723267,6.491544485092162,21.000000000000000
6.687,Mr.,-4.991318464279175,8.696173191070558,9.379602432250977,22.000000000000000
6.688,Sticky,-18.834731578826908,10.925595760345461,12.102172851562500,23.000000000000000
6.689,herself,-6.402990937232971,9.225705623626707,9.145822525024414,17.000000000000000
6.690,and,-0.787420034408569,4.786891460418701,4.712028026580811,14.000000000000000
6.691,storming,-10.746360179036856,5.098152279853822,4.913866400718688,16.000000000000000
6.692,from,-3.544306278228760,2.928627729415894,2.883495569229126,18.000000000000000
6.693,the,-0.648370921611786,4.306855201721191,4.367196083068849,20.000000000000000
6.694,room .,-4.543291206529830,15.156113147735596,15.704848766326904,29.000000000000000
6.695,The,-1.283485174179077,5.935763835906982,5.820782184600830,5.000000000000000
6.696,door,-9.865895271301270,8.349564552307129,8.509602546691895,6.000000000000000
6.697,to,-0.687920033931732,4.025191783905028,4.113438129425049,6.000000000000000
6.698,the,-0.855320692062378,3.465909957885742,3.448408126831055,8.000000000000000
6.699,bedroom,-9.084876298904421,7.976763963699341,8.487845897674559,9.000000000000000
6.700,opened,-3.755109991878272,5.841985940933228,5.447351455688477,5.000000000000000
6.701,a,-3.331252098083496,3.436797618865967,3.425780534744263,7.000000000000000
6.702,few,-4.029556274414063,3.987753391265869,3.980919122695923,8.000000000000000
6.703,minutes,-2.761937856674194,3.712961912155152,4.005153656005858,9.000000000000000
6.704,later,-3.871468305587769,4.406471252441406,4.341122150421143,8.000000000000000
6.705,and,-2.141832351684570,3.934720993041992,3.764616727828980,3.000000000000000
6.706,Mom 's,-11.487519773276290,12.889830350875853,15.075007200241087,15.000000000000000
6.707,face,-4.565773010253906,3.958640575408936,4.486430168151856,7.000000000000000
6.708,appeared .,-5.487434807699174,15.183117151260376,15.612353563308716,12.000000000000000
6.709,She,-5.382365703582764,5.263646125793457,5.248893737792969,3.000000000000000
6.710,was,-3.158835887908936,5.061583518981934,4.715915679931642,4.000000000000000
6.711,there,-3.703350782394409,5.125948905944824,5.384894847869873,6.000000000000000
6.712,to,-0.351582378149033,5.356643199920653,5.123317718505858,8.000000000000000
6.713,try,-4.589171409606934,5.058921337127686,4.756036758422852,10.000000000000000
6.714,to,-0.093540325760841,5.560169696807861,5.391505241394043,13.000000000000000
6.715,make,-2.821096658706665,4.774147510528564,4.815336704254150,15.000000000000000
6.716,up,-0.102622143924236,3.967969894409180,3.951591968536377,17.000000000000000
6.717,for,-0.034200735390186,3.800732612609863,3.615633010864258,18.000000000000000
6.718,having,-2.558747887611389,9.503387451171877,9.288890361785887,21.000000000000000
6.719,been,-1.750144124031067,4.667431831359863,4.384061336517334,23.000000000000000
6.720,insensitive,-8.701857089996338,8.301834106445312,8.805451869964600,25.000000000000000
6.721,earlier .,-3.477440511167515,16.559798717498779,16.819788932800293,30.000000000000000
6.722,She,-5.382365703582764,5.263646125793457,5.248893737792969,3.000000000000000
6.723,had,-3.827037334442138,5.370737552642822,5.206574916839600,5.000000000000000
6.724,put,-5.931109905242920,4.979148864746094,4.731657981872559,7.000000000000000
6.725,her,-1.424526214599609,3.685661792755127,4.335792064666748,9.000000000000000
6.726,work,-5.199915885925293,3.318946123123169,3.932552337646485,10.000000000000000
6.727,on,-0.659635543823242,4.283104896545410,4.470067977905273,10.000000000000000
6.728,the,-1.161095619201660,4.229345321655273,4.456744670867920,12.000000000000000
6.729,back,-5.693550586700440,3.785436868667603,4.862043380737305,13.000000000000000
6.730,burner,-1.674488544464111,6.726788997650146,7.462871551513673,14.000000000000000
6.731,and,-0.633595287799835,4.770195484161377,4.603775501251222,5.000000000000000
6.732,occupied,-10.760431664064527,6.699250459671021,6.271688699722290,7.000000000000000
6.733,herself,-5.356791973114014,8.206782817840576,8.475412368774414,9.000000000000000
6.734,with,-0.275713115930557,3.628651618957520,3.447401523590088,10.000000000000000
6.735,Sticky .,-16.309141897669178,16.644099235534668,18.895368099212646,16.000000000000000
6.736,"Abby ,",-12.670502960681915,11.112985610961914,11.245190143585205,10.000000000000000
6.737,who,-0.076332494616508,3.996882915496826,4.011112689971924,8.000000000000000
6.738,was,-3.602689504623413,4.781227588653564,4.403361320495605,10.000000000000000
6.739,breathing,-8.857194509357212,7.547528266906737,7.253902435302733,12.000000000000000
6.740,fire,-7.118734836578369,6.962808609008789,8.022162914276121,14.000000000000000
6.741,all,-3.951467275619507,3.466553449630737,3.819622039794922,16.000000000000000
6.742,on,-5.917425155639648,4.260710716247559,4.345658302307129,16.000000000000000
6.743,account,-9.052889823913574,3.799239158630371,4.402821063995361,19.000000000000000
6.744,of,-0.089119613170624,3.891981124877930,3.984905242919922,20.000000000000000
6.745,the,-1.440472602844239,3.782279253005981,3.481743812561035,22.000000000000000
6.746,little,-8.880724906921387,4.328820228576660,4.545802116394043,23.000000000000000
6.747,"snail ,",-13.859821828431450,7.452840566635132,7.714175939559937,31.000000000000000
6.748,tried,-5.979879856109619,3.934165477752686,3.852920532226562,5.000000000000000
6.749,to,-0.028654342517257,5.203625202178955,5.101067543029785,8.000000000000000
6.750,ignore,-6.697854995727539,3.358117580413818,3.185804128646851,10.000000000000000
6.751,"her ,",-4.876391291618347,7.580891609191894,7.787006139755250,15.000000000000000
6.752,but,-0.395833402872086,3.993452072143554,3.928611516952514,4.000000000000000
6.753,it,-3.246739864349365,4.155130863189696,4.397578239440918,7.000000000000000
6.754,was,-1.171714067459106,3.910249710083008,3.814620494842529,8.000000000000000
6.755,hard,-3.709236145019531,3.606841802597046,3.624981164932251,10.000000000000000
6.756,when,-0.009072980843484,3.862972497940064,4.029746055603026,12.000000000000000
6.757,Mom,-9.831891059875488,4.160023689270020,4.656883716583252,14.000000000000000
6.758,walked,-3.441820915788412,5.663433551788330,5.567302703857422,16.000000000000000
6.759,over,-3.897450208663941,3.500483989715576,3.633537292480469,18.000000000000000
6.760,to,-1.057876825332642,3.356787919998169,3.281964778900146,19.000000000000000
6.761,the,-1.521732211112976,4.067474365234375,4.016427040100099,21.000000000000000
6.762,bed,-6.329474329948425,7.409540414810182,7.711268186569214,22.000000000000000
6.763,and,-0.087997891008854,4.660332679748535,4.546974182128906,16.000000000000000
6.764,sat,-5.391195178031921,10.429517507553099,10.419616699218750,18.000000000000000
6.765,next,-2.387982368469238,3.196833610534668,3.472153902053833,20.000000000000000
6.766,to,-3.381559610366821,3.612110137939453,3.538487195968628,21.000000000000000
6.767,her .,-0.822925827756990,11.497249841690063,11.972123622894287,29.000000000000000
6.768,"Mom ,",-12.099958717823029,10.560514926910400,11.231740951538086,8.000000000000000
6.769,who,-0.126699328422546,2.887330770492554,2.872422456741333,7.000000000000000
6.770,Abby,-13.250388145446776,4.236007213592528,4.889049530029297,9.000000000000000
6.771,still,-6.940331459045410,5.021589756011963,5.241096496582031,10.000000000000000
6.772,strained,-17.779899120330807,11.147464990615845,11.078625917434692,12.000000000000000
6.773,to,-0.022089743986726,5.292456626892090,5.020619869232178,15.000000000000000
6.774,remain,-7.572370529174805,3.696086168289185,3.402199029922485,17.000000000000000
6.775,upset,-8.274101257324219,3.140792131423950,2.940090894699097,19.000000000000000
6.776,"with ,",-2.174010358750820,6.302297115325928,5.923364400863647,27.000000000000000
6.777,had,-4.205776214599608,4.089735031127931,4.131195545196533,4.000000000000000
6.778,gone,-4.672651290893555,4.024863243103026,3.904005765914917,6.000000000000000
6.779,out,-4.333560943603517,3.900277853012085,4.080249309539795,8.000000000000000
6.780,to,-0.779302239418030,4.548813343048097,4.450692176818848,10.000000000000000
6.781,find,-4.370255470275879,4.784080505371094,4.601169586181642,12.000000000000000
6.782,her,-2.156589031219482,4.186843872070312,4.471259117126465,14.000000000000000
6.783,glasses,-10.793642997741699,4.273381710052490,4.953457355499268,15.000000000000000
6.784,in,-3.894729614257813,3.421575069427490,3.592206954956055,15.000000000000000
6.785,order,-0.603823244571686,4.051817417144775,4.070194244384767,16.000000000000000
6.786,to,-0.003207303117961,4.706155776977539,4.633858203887940,19.000000000000000
6.787,search,-8.114274024963379,2.541031122207642,2.462617635726929,21.000000000000000
6.788,for,-0.036522679030895,3.216849327087402,3.167688608169556,23.000000000000000
6.789,Sticky,-16.266826033592224,8.886662483215332,10.807824373245239,25.000000000000000
6.790,more,-4.452055454254150,4.171784400939941,4.421083450317383,24.000000000000000
6.791,effectively .,-3.564277904079063,14.914683103561401,15.465509414672852,29.000000000000000
6.792,`` This,-6.276287063836207,21.596707344055179,21.829676151275631,7.000000000000000
6.793,is,-0.375614494085312,4.432869911193848,4.214818954467773,6.000000000000000
6.794,my,-5.886744499206543,4.674413681030273,5.111525058746338,9.000000000000000
6.795,new,-8.095795631408691,4.268826484680177,4.508045196533203,11.000000000000000
6.796,and,-0.109663322567940,5.608250141143799,5.360754489898682,12.000000000000000
6.797,extra,-8.638067245483397,5.137982368469238,5.501055240631104,13.000000000000000
6.798,powerful,-8.594288825988770,4.624012947082520,4.854051113128662,14.000000000000000
6.799,pair,-9.534926414489746,4.019944667816162,4.534982681274414,11.000000000000000
6.800,I,-0.292897194623947,2.888575315475464,2.926671981811523,12.000000000000000
6.801,have,-2.395691394805908,2.987366914749145,2.729880571365356,13.000000000000000
6.802,for,-2.206905603408813,3.164447784423828,2.995975971221924,15.000000000000000
6.803,important,-11.536498069763185,5.057957649230957,5.205785274505615,17.000000000000000
6.804,occasions,-8.901569575245958,7.516951799392700,7.850338697433473,18.000000000000000
6.805,like,-6.123279094696045,3.648391246795654,3.404470443725586,16.000000000000000
6.806,snail,-13.243968963623047,3.711962938308716,4.193669795989990,18.000000000000000
6.807,"hunting , ''",-28.276765501126647,20.833633899688721,21.810388326644897,28.000000000000000
6.808,she,-1.779968500137329,2.980709075927734,3.300540447235107,7.000000000000000
6.809,said .,-1.499577833670628,10.114607572555542,9.936042547225952,16.000000000000000
6.810,She,-5.533744812011719,4.640637397766113,4.651361465454102,4.000000000000000
6.811,smiled,-9.767626643180847,8.301266670227049,7.675827264785767,5.000000000000000
6.812,at,-0.450352996587753,4.239734649658203,4.020383358001709,7.000000000000000
6.813,"Abby ,",-17.434355735778809,9.874233245849609,10.361553192138672,16.000000000000000
6.814,trying,-5.019392013549805,4.113316059112549,3.828047990798950,10.000000000000000
6.815,to,-0.003699484514073,5.331707000732422,5.193020820617676,13.000000000000000
6.816,butter,-12.743736505508425,7.348942279815674,6.934294462203980,15.000000000000000
6.817,her,-1.357455849647522,3.885298490524292,4.620060920715332,17.000000000000000
6.818,"up ,",-1.170714616775513,7.540162086486816,7.846890687942505,21.000000000000000
6.819,but,-0.753231763839722,4.330652236938477,4.232954025268556,4.000000000000000
6.820,Abby,-13.071369171142578,3.894163370132446,4.349415302276611,7.000000000000000
6.821,did n't,-2.452642649406471,17.831302165985107,17.823273420333862,17.000000000000000
6.822,smile,-7.179006099700928,2.840132474899292,2.709733009338379,11.000000000000000
6.823,back .,-5.972504179226234,10.358750581741333,10.744694709777832,19.000000000000000
6.824,Abby,-13.408949851989744,5.388112545013428,5.637897968292236,4.000000000000000
6.825,believed,-8.264125011861324,7.538237810134888,7.002247095108032,5.000000000000000
6.826,her,-6.839769840240479,4.543073177337647,5.030214309692383,10.000000000000000
6.827,mom 's,-11.448790234273474,15.296604394912720,17.191740036010742,23.000000000000000
6.828,idea,-6.390142440795898,4.771838665008545,4.836430072784424,10.000000000000000
6.829,would,-2.419891834259033,4.470712661743164,4.253631114959717,10.000000000000000
6.830,not,-5.637234210968018,4.610947132110597,4.524446487426758,11.000000000000000
6.831,"succeed ,",-5.356524795293808,7.663050413131714,7.506227493286134,16.000000000000000
6.832,but,-0.491546481847763,4.420348167419434,4.343676090240479,4.000000000000000
6.833,then,-2.151011466979980,4.185701847076416,4.262564182281493,7.000000000000000
6.834,she,-0.632957816123962,3.694600343704224,3.938748836517334,8.000000000000000
6.835,had,-3.723913431167603,3.988294363021851,3.816043853759766,9.000000000000000
6.836,an,-3.150428056716919,4.931626796722412,5.096438884735107,12.000000000000000
6.837,idea,-2.054150104522705,4.787269115447998,4.838542461395264,13.000000000000000
6.838,of,-0.911701917648315,3.701466321945190,3.677160501480103,13.000000000000000
6.839,her,-1.756737232208252,4.357441425323486,5.012835979461670,15.000000000000000
6.840,own .,-0.965287146624178,12.459930896759033,12.862955331802368,22.000000000000000
6.841,`` I 've,-7.813572391747584,32.979358196258545,32.217314481735229,13.000000000000000
6.842,got,-2.163374900817871,4.987544536590576,4.881340503692627,8.000000000000000
6.843,a,-2.267596960067749,4.403420448303223,4.619341373443604,10.000000000000000
6.844,magnifying,-10.792764507234097,21.764235019683838,23.410422563552856,11.000000000000000
6.845,"glass , ''",-27.077464893460277,19.387322425842285,20.228078603744507,21.000000000000000
6.846,Abby,-13.543830871582033,4.390017509460448,4.741685867309570,7.000000000000000
6.847,suddenly,-4.725333213717021,7.687642097473144,7.782729864120483,10.000000000000000
6.848,remembered,-8.504701614379883,6.482910633087157,6.331629753112793,10.000000000000000
6.849,and,-3.292559623718262,4.983057498931885,4.914412975311278,9.000000000000000
6.850,rushed,-8.282204627990723,6.998786449432372,6.864965438842773,11.000000000000000
6.851,off,-3.925910472869873,4.083684444427490,4.377907752990724,13.000000000000000
6.852,to,-0.444516599178314,5.125991344451903,5.013179779052733,15.000000000000000
6.853,find,-3.903726339340210,4.400179862976074,4.219394683837892,17.000000000000000
6.854,it .,-3.219353010965279,12.151371479034424,12.382782697677612,27.000000000000000
6.855,On,-3.192491531372070,5.624299049377441,5.596875190734863,3.000000000000000
6.856,the,-1.280472397804260,4.559006214141847,4.378232002258302,5.000000000000000
6.857,floor,-7.443643569946289,4.620787143707275,4.753247261047363,6.000000000000000
6.858,beside,-5.493821144104004,3.695913314819336,3.814952850341797,4.000000000000000
6.859,each,-5.581848740577698,7.401331424713135,7.883905887603760,6.000000000000000
6.860,other,-1.278536915779114,3.901699066162109,3.931102752685547,7.000000000000000
6.861,they,-3.005789995193481,3.488560914993286,3.696265459060669,5.000000000000000
6.862,"sat ,",-11.258116722106934,16.055587768554688,15.846390485763548,13.000000000000000
6.863,shuffling,-8.302117722108960,13.812122106552124,14.067365646362305,11.000000000000000
6.864,around,-3.405690431594849,3.667633771896361,3.579823732376098,13.000000000000000
6.865,the,-0.962013840675354,4.140439033508302,4.739216804504395,15.000000000000000
6.866,"tank ,",-8.116021990776062,8.214685201644897,8.931667804718018,27.000000000000000
6.867,looking,-4.282947540283203,3.246263265609741,3.198780059814453,13.000000000000000
6.868,all,-4.824385166168213,4.367710113525392,5.304043292999268,16.000000000000000
6.869,over,-7.910307884216309,3.581115007400513,3.567527770996094,17.000000000000000
6.870,the,-0.677783846855164,4.278306484222412,4.709015369415283,19.000000000000000
6.871,place,-4.524110794067383,4.406752109527588,4.892597198486328,20.000000000000000
6.872,and,-1.048873305320740,5.055700302124023,4.913540840148926,13.000000000000000
6.873,peering,-6.307511637918651,5.187285900115967,5.009652614593506,15.000000000000000
6.874,into,-1.598035812377930,2.991203069686890,2.903904199600220,17.000000000000000
6.875,the,-0.608096837997437,4.423133373260498,4.710607528686523,20.000000000000000
6.876,corners,-7.038169860839844,3.884942054748535,4.423189640045166,21.000000000000000
6.877,among,-12.400118827819824,3.833568334579468,4.022493362426759,21.000000000000000
6.878,the,-0.651689171791077,4.739412784576416,5.039414882659912,24.000000000000000
6.879,big,-6.208122730255128,4.829190731048584,5.639158725738525,25.000000000000000
6.880,pebbles,-12.698024399578571,7.390205860137939,8.889722824096680,26.000000000000000
6.881,and,-2.784283876419067,5.031299114227295,4.966370582580566,24.000000000000000
6.882,the,-0.936720132827759,4.141631603240967,4.272807598114014,26.000000000000000
6.883,pond,-7.121945381164551,6.366250514984131,7.055447816848755,27.000000000000000
6.884,weed .,-12.814049158652777,13.130173921585083,14.646370887756348,34.000000000000000
6.885,Abby,-13.736634254455565,5.642561912536621,5.960327625274657,3.000000000000000
6.886,tried,-8.025771141052246,5.963877201080322,5.621265888214111,4.000000000000000
6.887,to,-0.038699112832546,5.683645725250244,5.807563781738281,7.000000000000000
6.888,"imagine ,",-12.336977005004883,9.203056812286377,8.565193176269531,19.000000000000000
6.889,if,-1.920648813247681,4.100042343139648,3.854736328125000,13.000000000000000
6.890,she,-4.205659389495850,3.779085397720337,4.109783172607422,16.000000000000000
6.891,were,-3.166405677795410,4.724855899810791,4.535795211791992,17.000000000000000
6.892,"Sticky ,",-18.929481208324432,14.520450353622435,15.704013586044312,40.000000000000000
6.893,a,-1.531110882759094,5.065903186798097,5.054413795471191,22.000000000000000
6.894,little,-3.372228145599365,5.664574623107910,5.949802875518799,23.000000000000000
6.895,water,-7.664948105812073,7.051717281341553,7.554255247116089,24.000000000000000
6.896,"snail ,",-13.245550394058228,8.885659217834473,9.303369045257568,38.000000000000000
6.897,where,-4.108789528749186,7.519018650054933,8.046534061431885,15.000000000000000
6.898,would,-1.317227363586426,4.307073593139648,4.289568424224854,16.000000000000000
6.899,she,-0.776871442794800,3.351873636245728,3.665629625320435,18.000000000000000
6.900,hide,-7.435608863830566,3.297763586044312,3.157194375991821,19.000000000000000
6.901,out ?,-6.059251117752865,12.048024177551270,12.345243215560913,37.000000000000000
6.902,At,-2.552849292755127,5.555077075958252,5.230320930480957,4.000000000000000
6.903,one,-3.214554786682129,5.436009407043457,5.381995677947998,6.000000000000000
6.904,point,-0.270312607288361,4.727418899536133,4.904981613159180,7.000000000000000
6.905,she,-4.336030960083009,3.383297920227051,3.506533861160278,5.000000000000000
6.906,thought,-5.745807170867920,4.531549930572510,4.392498016357422,6.000000000000000
6.907,she,-1.205305099487305,3.754348754882813,3.916359901428223,10.000000000000000
6.908,saw,-7.264243125915527,4.604342937469482,4.571573257446289,11.000000000000000
6.909,"him ,",-3.823957562446594,7.963541507720947,7.863416194915771,16.000000000000000
6.910,but,-0.777920007705688,4.333200454711913,4.243014335632323,4.000000000000000
6.911,it,-3.118418216705322,4.011883258819580,4.514569282531738,7.000000000000000
6.912,was n't,-1.927280306813032,18.013216018676758,17.991293191909790,17.000000000000000
6.913,the,-2.455559730529785,3.878513097763062,3.803697824478149,11.000000000000000
6.914,water,-8.791198730468750,7.216328620910644,7.713342666625977,12.000000000000000
6.915,snail .,-14.867139114299789,11.169506549835205,11.956025123596191,19.000000000000000
6.916,It,-3.463986396789551,5.483454227447510,5.923331260681152,3.000000000000000
6.917,was,-2.173409461975098,5.336749553680420,5.024829864501953,4.000000000000000
6.918,a,-1.919326305389404,4.769528865814209,4.900617599487305,7.000000000000000
6.919,large,-7.023400306701660,4.653612613677979,4.569474220275879,8.000000000000000
6.920,speck,-14.506265640258787,5.888439655303955,6.631822824478149,9.000000000000000
6.921,of,-0.347570866346359,4.403951168060303,4.277585983276366,8.000000000000000
6.922,dust,-5.943041563034058,6.502304077148438,7.072042465209961,10.000000000000000
6.923,that,-0.004269532393664,2.798639297485352,2.834458112716675,10.000000000000000
6.924,was,-2.577879905700684,4.693714141845703,4.468404769897461,12.000000000000000
6.925,deceptively,-15.493903398456494,7.240243673324585,7.762403249740601,14.000000000000000
6.926,bobbing,-13.291552305221558,10.435250282287598,10.670367956161501,15.000000000000000
6.927,around,-1.759780526161194,4.044318675994873,4.140132904052733,17.000000000000000
6.928,in,-1.116156816482544,3.551744461059570,3.510458469390869,18.000000000000000
6.929,the,-1.062292695045471,4.191290378570557,4.284502029418944,20.000000000000000
6.930,water,-4.338071107864380,7.744576930999756,8.187607526779175,21.000000000000000
6.931,like,-4.450271606445312,3.853211164474487,3.891716718673706,19.000000000000000
6.932,a,-0.906320393085480,4.937850952148438,5.241235733032227,21.000000000000000
6.933,live,-7.187574863433838,5.677999973297119,6.234816074371338,22.000000000000000
6.934,animal .,-3.634239382743544,11.863443613052370,12.433074235916138,27.000000000000000
6.935,They,-4.202085494995116,5.280201911926270,5.484664440155028,3.000000000000000
6.936,were,-3.104218482971191,5.506654739379883,5.264060497283936,4.000000000000000
6.937,ready,-4.817929267883301,4.675195693969727,4.424361705780028,6.000000000000000
6.938,to,-0.008054750971496,5.449707984924316,5.417997360229492,9.000000000000000
6.939,call,-5.104792594909668,4.664511680603027,4.605153560638428,11.000000000000000
6.940,it,-4.144956588745116,3.673729658126831,4.484026908874512,13.000000000000000
6.941,"quits ,",-15.831981942057610,11.499893665313721,12.325338363647461,29.000000000000000
6.942,when,-0.003998619038612,3.940922498703003,4.155719280242920,8.000000000000000
6.943,suddenly,-1.803192493920505,7.382721662521362,8.096605777740479,10.000000000000000
6.944,Mom,-10.644627571105957,4.085422515869142,4.971579074859619,11.000000000000000
6.945,"cried ,",-11.419526271522045,16.240718841552734,16.114051580429077,25.000000000000000
6.946,`` Ah,-5.537390435638372,14.516599893569948,14.369122982025146,30.000000000000000
6.947,ha ! '',-22.434592466102913,24.141157627105713,24.337368607521057,26.000000000000000
6.948,Tucked,-16.976021289825439,8.326235771179201,10.245587348937988,3.000000000000000
6.949,in,-1.594159245491028,3.468571424484253,3.911028146743774,5.000000000000000
6.950,a,-2.764860153198242,4.624528408050537,4.878391742706299,8.000000000000000
6.951,curve,-8.877792954444885,5.736860513687134,7.027947425842285,9.000000000000000
6.952,of,-0.326480567455292,3.837692499160767,4.193663597106934,9.000000000000000
6.953,the,-3.414525270462036,5.012595653533936,5.423064231872559,11.000000000000000
6.954,"archway ,",-29.822972893714905,15.287460327148438,17.166429519653320,17.000000000000000
6.955,perfectly,-6.335467695824264,6.462619304656982,7.555433988571168,8.000000000000000
6.956,hidden,-8.220640182495117,2.681320667266846,2.571859359741211,8.000000000000000
6.957,against,-5.939154624938965,2.771943092346191,2.657259464263916,10.000000000000000
6.958,a,-2.773630142211914,4.483879089355469,4.476097583770752,12.000000000000000
6.959,pitch,-8.562592506408691,3.432470798492432,4.080944538116455,13.000000000000000
6.960,dark,-12.556787490844727,3.977461338043213,5.023872375488281,14.000000000000000
6.961,"stone ,",-5.282590286806225,10.890357255935669,11.952101469039917,22.000000000000000
6.962,sat,-7.607328295707703,9.182616949081419,9.676249980926514,4.000000000000000
6.963,Mr.,-5.249128352385013,9.063977718353273,10.081770896911619,7.000000000000000
6.964,"Sticky ,",-17.948268353939056,15.434599876403809,16.388584375381470,15.000000000000000
6.965,safe,-9.058318138122560,2.574301004409790,2.487460136413574,9.000000000000000
6.966,and,-1.431870460510254,4.569870471954347,4.471211910247803,10.000000000000000
6.967,sound .,-6.386187428608537,11.077729940414429,11.242392539978027,15.000000000000000
6.968,"`` You ,",-14.572722419976346,26.113942623138431,26.470917224884030,12.000000000000000
6.969,I,-1.081560730934143,3.406521081924438,3.523904323577881,7.000000000000000
6.970,can,-2.250842571258545,4.439421176910400,4.093636035919189,8.000000000000000
6.971,always,-1.900159597396850,4.391550064086913,4.336116313934326,10.000000000000000
6.972,count,-5.175201892852783,3.666460514068604,3.318142414093018,11.000000000000000
6.973,"on , ''",-17.516371905803680,19.997663259506226,20.110937833786011,22.000000000000000
6.974,Abby,-13.441987991333008,4.346454620361328,4.809042930603027,7.000000000000000
6.975,said,-1.038170337677002,3.664716482162476,3.523929595947266,8.000000000000000
6.976,to,-2.945386409759521,3.108362674713135,2.972055912017822,10.000000000000000
6.977,her,-3.322803020477295,4.548194408416748,4.477674961090088,12.000000000000000
6.978,"mom ,",-10.876040697097778,8.053047895431519,8.605518579483034,23.000000000000000
6.979,with,-1.687187910079956,3.734862327575684,3.635005712509155,12.000000000000000
6.980,relief .,-6.265066124149598,11.108569383621216,11.186942577362061,22.000000000000000
6.981,Then,-8.730118751525879,6.997014045715332,6.931038379669189,2.000000000000000
6.982,she,-3.569314241409302,4.295001983642578,4.463819503784180,4.000000000000000
6.983,noticed,-7.430784553289413,8.246251583099365,8.667675733566284,6.000000000000000
6.984,another,-6.641295909881593,4.153609752655028,4.896892547607422,10.000000000000000
6.985,water,-7.489596247673035,5.351899862289429,6.644417762756348,11.000000000000000
6.986,snail,-13.743297576904295,3.004551410675049,3.439877510070801,12.000000000000000
6.987,was,-1.623270750045776,5.282187938690186,5.309059143066406,11.000000000000000
6.988,right,-6.939559936523438,3.840537071228027,4.510119915008545,13.000000000000000
6.989,next,-3.460080146789551,4.301495552062988,4.627892494201660,14.000000000000000
6.990,to,-0.087334699928761,4.326234340667725,4.223208904266357,16.000000000000000
6.991,Sticky,-19.372280001640320,9.746172189712523,11.587020397186279,18.000000000000000
6.992,and,-0.636649012565613,4.405141353607178,4.244893074035645,6.000000000000000
6.993,asked,-3.939725838718005,6.435347199440002,6.182728171348572,8.000000000000000
6.994,where,-2.910732392687351,7.002628803253174,7.490732192993164,11.000000000000000
6.995,this,-5.845039367675781,4.688098907470703,4.897165775299072,14.000000000000000
6.996,new,-5.573978424072267,5.128692626953125,5.318885803222656,15.000000000000000
6.997,addition,-8.307703971862793,3.181852102279663,4.125051021575929,16.000000000000000
6.998,to,-0.150222629308701,3.917827367782593,3.829099655151367,15.000000000000000
6.999,the,-0.723418295383453,5.315549373626709,5.432960987091064,17.000000000000000
6.1000,family,-5.943508148193358,5.603080749511719,5.926422595977782,18.000000000000000
6.1001,could,-3.107673406600952,4.288907051086427,4.251346588134767,14.000000000000000
6.1002,have,-3.326874971389771,4.288466930389403,4.221204757690431,16.000000000000000
6.1003,come,-2.817992448806763,4.340841770172118,4.308096885681151,18.000000000000000
6.1004,from .,-0.380088574602269,11.377325534820557,11.447181701660156,25.000000000000000
6.1005,`` I 'm,-11.127701804036406,30.491039752960205,30.180807113647461,17.000000000000000
6.1006,beginning,-5.678553581237793,4.670739173889160,4.485758781433105,9.000000000000000
6.1007,to,-0.004139664582908,5.379099845886231,5.275571823120117,12.000000000000000
6.1008,suspect,-7.132591247558594,3.928285598754883,3.726170778274536,14.000000000000000
6.1009,the,-1.880171298980713,3.475230932235718,3.866166353225708,17.000000000000000
6.1010,pond,-12.048608779907227,6.964142560958862,7.711713314056396,18.000000000000000
6.1011,weed,-14.419276237487793,5.680388212203980,6.454943656921388,19.000000000000000
6.1012,is,-6.360380172729492,4.583137035369873,4.440826416015625,18.000000000000000
6.1013,"guilty ,",-9.433450967073439,7.975875139236450,7.784666299819946,24.000000000000000
6.1014,do n't,-1.998858839262532,15.243577241897585,15.462390184402466,15.000000000000000
6.1015,you,-0.706906020641327,3.675381422042847,3.588868141174316,8.000000000000000
6.1016,think ? '',-19.602116553112864,23.105985879898071,23.856822013854980,16.000000000000000
6.1017,replied,-6.732513904571532,5.100480794906616,5.015576362609863,6.000000000000000
6.1018,Mom .,-11.483022601343691,10.734408855438232,11.381242036819458,14.000000000000000
6.1019,They,-4.215859413146974,5.121073246002197,5.184907436370850,4.000000000000000
6.1020,both,-10.405731201171877,5.394779682159424,5.124038219451903,5.000000000000000
6.1021,laughed,-10.439217567443848,9.381692409515381,9.295274257659912,7.000000000000000
6.1022,and,-0.059684194624424,4.708493709564209,4.166789054870605,7.000000000000000
6.1023,climbed,-9.206345825456085,6.493717432022095,5.960074424743652,9.000000000000000
6.1024,into,-1.715476512908936,3.142721891403198,3.056991815567017,11.000000000000000
6.1025,Abby 's,-14.355038824134683,13.911344766616821,15.664506673812866,29.000000000000000
6.1026,bed,-6.462237834930420,7.747020483016968,8.607621192932129,14.000000000000000
6.1027,together,-5.478119850158691,3.729627132415772,3.900771856307984,12.000000000000000
6.1028,"and ,",-5.214379787445068,8.760702133178711,8.645833969116211,7.000000000000000
6.1029,though,-2.899524688720703,3.792977333068848,3.745558738708496,7.000000000000000
6.1030,it,-2.722404479980469,4.510814666748047,4.619284152984619,10.000000000000000
6.1031,was,-1.146216988563538,3.992340087890625,3.962146759033203,11.000000000000000
6.1032,"cozy ,",-15.890398012474179,8.396234273910522,8.485208988189697,20.000000000000000
6.1033,it,-2.336306571960449,4.443144321441650,4.567302227020264,9.000000000000000
6.1034,was,-0.876330256462097,3.833397626876831,3.851846694946289,10.000000000000000
6.1035,a,-1.123111486434936,4.142494678497314,4.089287757873535,13.000000000000000
6.1036,bit,-4.729519844055176,4.219415664672852,5.029665470123291,14.000000000000000
6.1037,of,-0.029930569231510,4.145464420318604,4.199644088745116,14.000000000000000
6.1038,a,-0.595894217491150,5.073164939880371,5.169724464416504,16.000000000000000
6.1039,squeeze .,-8.353740776306951,11.838629245758057,12.105655908584595,23.000000000000000
6.1040,`` Budge,-17.880106195687404,29.066967725753788,28.488721847534176,7.000000000000000
6.1041,"up , ''",-18.425117015838623,22.028692007064819,21.952289104461670,16.000000000000000
6.1042,Mom,-10.522411346435547,4.014338016510010,4.691499710083008,7.000000000000000
6.1043,"said ,",-3.873239398002625,7.603934526443481,7.331086397171021,17.000000000000000
6.1044,giving,-5.651378154754639,7.912435293197633,7.677814483642577,12.000000000000000
6.1045,Abby,-12.612626075744627,4.044787883758545,4.668669223785400,14.000000000000000
6.1046,a,-0.745590448379517,5.062398910522461,5.106103897094727,16.000000000000000
6.1047,push,-7.554372787475586,3.731403350830078,4.029608726501465,17.000000000000000
6.1048,with,-4.860437870025635,3.467494487762451,3.381806135177612,17.000000000000000
6.1049,her,-1.956567645072937,5.019055366516113,5.101350307464600,19.000000000000000
6.1050,bottom .,-8.843612139346078,11.698604583740234,12.126707315444946,28.000000000000000
6.1051,`` I,-4.972884878396144,20.646022081375126,21.113432407379147,6.000000000000000
6.1052,ca n't,-26.684203490236545,20.825584888458252,22.068727493286133,11.000000000000000
6.1053,because,-0.915037989441771,9.253005027770996,9.252172470092773,8.000000000000000
6.1054,I 'm,-1.880273498594761,14.871282100677490,14.475383996963503,23.000000000000000
6.1055,already,-4.114606857299806,3.910518169403076,4.070657253265382,14.000000000000000
6.1056,on,-1.683359622955322,3.856222391128540,3.834943771362305,15.000000000000000
6.1057,the,-0.694724977016449,4.333691120147705,4.722905635833740,17.000000000000000
6.1058,edge . '',-27.552575023320973,23.586669921875000,23.998225688934326,29.000000000000000
6.1059,`` Good,-8.187169775246730,21.417114734649662,21.855923175811764,6.000000000000000
6.1060,"heavens ,",-11.220174022018909,13.395471334457397,13.246097564697267,9.000000000000000
6.1061,you 've,-5.405348754487932,14.427941083908081,14.488992452621462,13.000000000000000
6.1062,grown,-8.017274856567383,4.238680362701416,4.500425338745117,9.000000000000000
6.1063,then .,-8.868632830679417,12.148815631866455,12.519638776779175,18.000000000000000
6.1064,When,-3.360558032989502,5.548239231109619,6.335029602050781,3.000000000000000
6.1065,did,-2.324726104736328,4.958655357360840,5.425747871398926,4.000000000000000
6.1066,that,-3.997889995574951,3.727823734283447,4.390383243560791,6.000000000000000
6.1067,happen ?,-0.160922492854297,11.117307901382446,11.747474193572996,11.000000000000000
6.1068,You,-6.294693946838379,4.853179931640625,5.210803031921387,3.000000000000000
6.1069,could 've,-11.474704876542091,19.149041175842285,17.756777763366699,10.000000000000000
6.1070,put,-4.883331775665283,4.814856052398682,4.381495952606201,8.000000000000000
6.1071,an,-3.994087219238281,4.038273811340332,4.717234134674072,10.000000000000000
6.1072,elephant,-6.764065265655518,3.787130594253540,4.248628139495850,11.000000000000000
6.1073,in,-0.632043838500977,3.878852605819702,3.930631637573242,11.000000000000000
6.1074,here,-7.703206539154053,5.144986629486084,5.655851840972900,13.000000000000000
6.1075,last,-5.346492767333983,4.671200275421143,4.887248039245605,13.000000000000000
6.1076,time,-2.821346521377563,4.448047637939453,4.760411739349365,14.000000000000000
6.1077,we,-2.765251636505127,3.548304796218872,3.807761192321777,16.000000000000000
6.1078,did,-2.768855094909668,3.816683530807495,3.678294897079468,17.000000000000000
6.1079,this .,-3.538514117826708,11.863384008407593,11.827455520629881,23.000000000000000
6.1080,Before,-4.812559127807617,5.051630020141602,4.351797103881837,3.000000000000000
6.1081,I,-4.057696342468262,3.939980983734131,4.184845924377441,6.000000000000000
6.1082,know,-5.529219627380371,5.310057640075684,4.810347080230713,7.000000000000000
6.1083,"it ,",-1.488608554005623,9.170727252960205,9.481616020202637,12.000000000000000
6.1084,you 'll,-6.206409751437604,14.207298040390015,14.329903125762939,11.000000000000000
6.1085,be,-1.783199787139893,5.777357578277588,5.606664657592773,8.000000000000000
6.1086,all,-5.397116184234619,3.693838357925415,4.246665000915526,11.000000000000000
6.1087,grown,-7.876201629638673,3.852496385574341,4.426685810089111,11.000000000000000
6.1088,up . '',-14.283180055208504,22.743567705154419,22.974274873733521,26.000000000000000
6.1089,On,-3.192491531372070,5.624299049377441,5.596875190734863,3.000000000000000
6.1090,her,-6.017275810241699,4.489490509033203,5.265941619873047,6.000000000000000
6.1091,mom 's,-9.466025852598250,15.120865821838379,17.238101959228516,15.000000000000000
6.1092,chest,-6.644827494572383,10.620939493179320,12.398265123367310,6.000000000000000
6.1093,Abby,-14.446411132812500,3.668083190917969,4.367934703826903,4.000000000000000
6.1094,then,-7.245698451995850,3.943614721298218,4.276411056518556,7.000000000000000
6.1095,put,-5.776302337646483,4.483671188354492,4.332593917846681,7.000000000000000
6.1096,her,-0.957569956779480,3.976752281188965,4.531032562255858,9.000000000000000
6.1097,head,-4.562461853027344,3.724516391754150,4.520956039428711,10.000000000000000
6.1098,and,-0.161994054913521,4.709374427795410,4.540666580200195,6.000000000000000
6.1099,smiled .,-5.424661595840007,12.893780350685120,12.998941183090210,13.000000000000000
7.1,The,-1.674321293830872,6.122092247009277,6.432260990142822,3.000000000000000
7.2,text,-9.901711463928224,5.828109264373778,6.177435398101808,4.000000000000000
7.3,message,-11.048468589782717,5.021688461303711,4.881855487823486,5.000000000000000
7.4,said,-4.406941890716553,4.773326396942139,5.104537487030028,4.000000000000000
7.5,that,-1.513475418090820,4.705861568450928,4.278285026550293,6.000000000000000
7.6,Lucy,-13.143530309200287,11.795056581497192,12.947252273559570,9.000000000000000
7.7,Josephs,-12.840635776519775,9.283071517944336,9.814864158630373,10.000000000000000
7.8,was,-1.729081153869629,4.951657295227051,4.752180576324463,10.000000000000000
7.9,a,-2.271885633468628,4.826694488525392,4.773588180541992,12.000000000000000
7.10,failure .,-7.770294708083384,12.719128131866455,13.026129722595215,17.000000000000000
7.11,It,-3.463986396789551,5.483454227447510,5.923331260681152,3.000000000000000
7.12,said,-2.379661560058594,4.787458896636963,4.810152530670166,4.000000000000000
7.13,she,-8.434602737426758,4.216827869415283,4.656666278839111,8.000000000000000
7.14,was,-1.739627718925476,5.244900226593018,5.062479496002197,10.000000000000000
7.15,"ugly ,",-13.499984145164490,7.997922658920289,8.164057731628418,22.000000000000000
7.16,had,-1.730639457702637,3.461243152618408,3.267300844192505,12.000000000000000
7.17,no,-2.040946960449219,4.738356590270996,4.825723648071289,14.000000000000000
7.18,style,-9.122552990913393,6.583353042602539,6.913846254348755,15.000000000000000
7.19,and,-7.522690773010254,4.032960891723634,3.895295381546021,7.000000000000000
7.20,the,-2.173711776733398,4.109942913055420,4.185402393341064,10.000000000000000
7.21,world,-6.299410343170166,4.558652877807617,4.846823215484619,11.000000000000000
7.22,hated,-10.852684494573625,9.769282341003418,9.520014047622679,11.000000000000000
7.23,her .,-0.660142888838891,11.653101205825806,12.294749736785889,17.000000000000000
7.24,At,-6.291401863098145,5.799417018890381,6.272484779357910,3.000000000000000
7.25,least,-0.414944618940353,5.440638065338135,5.215213775634767,4.000000000000000
7.26,that,-2.030924320220948,4.753177642822267,5.165424346923828,4.000000000000000
7.27,was,-2.471851348876953,4.705662250518799,4.737329483032227,5.000000000000000
7.28,what,-0.010074126534164,4.051676750183105,4.489581584930420,8.000000000000000
7.29,it,-2.879348993301392,4.518180847167969,4.927683353424072,10.000000000000000
7.30,said,-3.978663206100464,4.498130798339844,4.570384025573730,11.000000000000000
7.31,to,-2.590731620788574,4.107104301452637,4.012366294860840,13.000000000000000
7.32,Lucy .,-12.758171212393790,17.155652761459351,19.184942483901978,20.000000000000000
7.33,It,-3.463986396789551,5.483454227447510,5.923331260681152,3.000000000000000
7.34,said,-2.379661560058594,4.787458896636963,4.810152530670166,4.000000000000000
7.35,that,-6.768701553344727,4.861376285552979,5.040912628173828,7.000000000000000
7.36,and,-0.934996306896210,5.475076675415039,5.165919780731201,7.000000000000000
7.37,a,-3.403137683868408,4.769848823547363,4.873728275299072,10.000000000000000
7.38,whole,-6.828582763671875,5.906340122222900,6.256715297698975,11.000000000000000
7.39,lot,-2.853385925292969,4.160702705383302,4.366411685943604,12.000000000000000
7.40,more,-6.867294788360597,5.096869468688965,5.234173297882080,13.000000000000000
7.41,that,-0.018450656905770,3.188714981079102,2.975719928741455,12.000000000000000
7.42,she,-6.499695777893066,4.406986713409424,4.718440532684326,14.000000000000000
7.43,was,-3.746875286102295,4.728888988494873,4.574563503265381,15.000000000000000
7.44,struggling,-7.617025136834854,6.425706386566162,6.333976745605469,17.000000000000000
7.45,to,-0.006790063809603,4.807523250579834,4.760145187377930,20.000000000000000
7.46,understand .,-5.675418115512002,11.627705097198486,11.551932096481323,26.000000000000000
7.47,The,-1.335898160934448,5.764348506927490,6.119246482849121,4.000000000000000
7.48,actual,-7.713121891021728,5.708690643310548,6.067486763000487,5.000000000000000
7.49,text,-7.763150215148926,4.872264862060547,5.104627132415772,6.000000000000000
7.50,of,-0.077948153018951,4.068459033966064,4.379072189331056,5.000000000000000
7.51,the,-0.433266699314117,4.430974006652832,4.546537399291992,7.000000000000000
7.52,note,-9.307519912719727,5.158780097961426,5.488233566284180,8.000000000000000
7.53,said,-5.597694396972656,4.421611309051514,4.470019817352295,4.000000000000000
7.54,that,-1.707209110260010,4.227551937103272,3.975056648254395,6.000000000000000
7.55,Lucy,-13.896194145083427,10.956489562988279,12.262844085693359,9.000000000000000
7.56,better,-7.220768928527832,3.524584293365479,3.860382795333862,11.000000000000000
7.57,not,-12.022953987121582,3.909536838531494,4.141429901123047,12.000000000000000
7.58,show,-7.160690784454347,3.231733560562134,3.095370769500732,11.000000000000000
7.59,up,-0.129970178008080,3.729916334152222,4.083736896514893,13.000000000000000
7.60,at,-1.551287412643433,4.097266197204590,3.955839395523071,14.000000000000000
7.61,the,-1.205716371536255,4.282454967498778,4.159233093261719,16.000000000000000
7.62,party,-5.174267768859863,4.948449134826660,5.259414196014403,17.000000000000000
7.63,"tonight ,",-10.206810690462589,11.329043388366699,11.579646587371826,31.000000000000000
7.64,because,-2.805519580811961,9.140188694000244,9.291391372680664,17.000000000000000
7.65,it,-2.389420032501221,5.000099182128906,5.056541442871094,20.000000000000000
7.66,was,-1.490799665451050,3.819663047790527,3.782893657684326,21.000000000000000
7.67,going,-6.649715423583983,3.912421226501465,3.899742603302002,23.000000000000000
7.68,to,-0.006635062862188,4.203038692474365,4.140884399414063,26.000000000000000
7.69,be,-0.793710649013519,3.917855978012085,3.774896860122681,28.000000000000000
7.70,bad,-6.298209190368652,3.300585746765137,3.305021286010742,30.000000000000000
7.71,enough,-3.053848257288337,7.522024154663086,7.584485054016112,31.000000000000000
7.72,already !,-13.346428153221495,11.808511972427368,11.853795051574707,35.000000000000000
7.73,"Lucy ,",-11.557602897286415,20.815918445587158,21.069142818450928,8.000000000000000
7.74,who,-0.094180002808571,2.796910047531128,2.867648363113404,7.000000000000000
7.75,had,-2.947638273239136,4.696997642517090,4.467742919921875,9.000000000000000
7.76,started,-6.267832223908044,6.935932874679565,6.454537153244019,11.000000000000000
7.77,receiving,-5.946356773376465,5.207771778106689,4.957140445709229,14.000000000000000
7.78,these,-6.332302093505858,4.091944217681885,4.266696929931642,16.000000000000000
7.79,messages,-5.242755095416213,7.788527011871338,8.680446147918701,17.000000000000000
7.80,a,-1.703474879264832,3.338204860687256,3.797913312911987,18.000000000000000
7.81,few,-0.528894066810608,4.452838420867920,4.446693420410156,19.000000000000000
7.82,weeks,-2.354697227478028,3.732747793197632,4.115981101989746,20.000000000000000
7.83,"ago ,",-0.497112732380629,8.252276659011841,8.233584880828857,24.000000000000000
7.84,tapped,-10.638203620910645,8.238142967224121,8.119634628295897,4.000000000000000
7.85,the,-1.519463300704956,3.425921201705933,3.644455671310425,6.000000000000000
7.86,mobile,-9.210541725158693,4.227654933929443,4.900251865386963,7.000000000000000
7.87,screen,-9.167271614074707,3.383539676666260,4.065492630004884,8.000000000000000
7.88,to,-0.028785813599825,4.367866516113281,4.308083534240724,8.000000000000000
7.89,make,-3.495183467864990,4.327138900756837,4.153637886047363,10.000000000000000
7.90,the,-2.269469022750854,3.547112226486206,3.539243936538696,13.000000000000000
7.91,message,-3.332582235336304,4.213534355163573,4.528335571289063,14.000000000000000
7.92,disappear,-7.185350894927979,2.229862213134766,2.184353113174438,14.000000000000000
7.93,from,-0.939857363700867,2.552810192108154,2.456991434097290,16.000000000000000
7.94,view .,-8.710088326886762,11.436070919036867,11.774231672286987,22.000000000000000
7.95,She,-5.382365703582764,5.263646125793457,5.248893737792969,3.000000000000000
7.96,only,-6.252404212951660,4.421284675598145,4.389667034149170,4.000000000000000
7.97,wished,-9.883658409118652,5.170211315155028,5.094155788421631,5.000000000000000
7.98,it,-2.654574632644653,3.359734296798706,4.211904048919679,9.000000000000000
7.99,was,-1.807809948921204,4.362622261047363,4.237950801849365,10.000000000000000
7.100,as,-6.482453346252441,4.975928783416748,5.142735481262207,12.000000000000000
7.101,easy,-3.471683502197266,4.709408760070801,4.680607795715332,13.000000000000000
7.102,to,-0.022043334320188,5.104341030120850,5.107253551483153,16.000000000000000
7.103,tap,-7.548394203186035,4.067676067352295,3.939293146133423,19.000000000000000
7.104,her,-1.912341952323914,3.874184608459473,4.525692939758301,21.000000000000000
7.105,heart,-5.480844974517822,3.742384672164917,4.627043247222900,22.000000000000000
7.106,and,-0.208885759115219,4.858054161071777,4.754082202911377,19.000000000000000
7.107,erase,-9.378145217895508,3.252161741256714,3.149389028549194,21.000000000000000
7.108,the,-0.750449538230896,3.370987415313721,3.495625734329224,24.000000000000000
7.109,trace,-8.481922149658201,2.834151744842529,3.595107793807983,25.000000000000000
7.110,the,-3.608361005783081,4.017040729522705,4.045129299163818,27.000000000000000
7.111,message,-8.465932846069336,3.798378705978394,4.224813938140868,28.000000000000000
7.112,had,-1.400120377540588,3.487415790557861,3.367616176605225,28.000000000000000
7.113,left,-4.665214061737061,4.150401592254639,4.023632526397705,30.000000000000000
7.114,there .,-5.523635183199076,12.320909738540649,12.627827882766724,37.000000000000000
7.115,`` Was,-10.398620902884431,19.621031761169434,18.299120903015137,8.000000000000000
7.116,that,-3.836409091949463,3.699743986129761,4.025134086608887,7.000000000000000
7.117,another,-6.870437145233153,4.450869560241699,4.864735603332520,9.000000000000000
7.118,one,-5.494260311126709,4.831595897674561,5.197996139526367,10.000000000000000
7.119,of,-0.609933018684387,4.451438903808594,4.334006786346436,10.000000000000000
7.120,those,-2.083073599031195,10.531050920486448,11.267763376235962,12.000000000000000
7.121,messages ? '',-29.195002463646230,26.212807178497314,28.511175870895386,24.000000000000000
7.122,her,-8.243088722229004,4.625975608825684,4.829401969909668,4.000000000000000
7.123,mom,-9.005272865295410,3.853357315063477,4.588713169097900,5.000000000000000
7.124,"asked ,",-4.515634417533875,10.316442489624022,10.003233432769775,11.000000000000000
7.125,who,-0.988406717777252,3.005295753479004,2.918450593948364,7.000000000000000
7.126,was,-3.105929851531982,4.080395698547363,3.954455614089966,9.000000000000000
7.127,driving,-4.790395736694336,3.642710447311402,3.556375980377197,11.000000000000000
7.128,the,-1.145901322364807,3.691614627838135,3.945959568023682,13.000000000000000
7.129,car .,-2.488121382892132,11.756861686706543,12.640077114105225,20.000000000000000
7.130,Lucy,-13.377972006797789,15.536886215209961,15.410998821258545,3.000000000000000
7.131,confirmed,-9.528879523277283,8.061348915100098,7.632761001586914,4.000000000000000
7.132,her,-3.638097047805786,4.726034164428711,5.395909309387207,9.000000000000000
7.133,mother 's,-5.826968539840891,15.836843013763426,17.232836246490479,21.000000000000000
7.134,suspicion,-9.314659118652344,4.340752124786377,4.912440299987793,9.000000000000000
7.135,was,-0.755161762237549,4.435580730438232,4.520670413970947,9.000000000000000
7.136,founded,-11.222468852996826,8.500647306442259,8.334905385971071,11.000000000000000
7.137,as,-3.174896001815796,4.570669651031494,4.425017356872559,7.000000000000000
7.138,she,-0.292591780424118,3.495188713073730,3.853631019592285,10.000000000000000
7.139,answered,-6.282957668649032,5.756252050399780,5.592634677886963,11.000000000000000
7.140,"dejectedly ,",-16.064947670092806,18.725428104400631,19.657580852508545,26.000000000000000
7.141,`` I 'm,-4.193115430361104,25.838284730911255,25.413262128829956,49.000000000000000
7.142,sorry,-3.392173375934362,10.982446670532227,10.905781507492065,20.000000000000000
7.143,to,-0.017009330913424,4.384809494018556,4.261973857879639,23.000000000000000
7.144,say,-3.668601989746094,3.967172622680664,3.910528659820557,25.000000000000000
7.145,it,-2.591274261474609,3.548567056655884,3.815150260925293,29.000000000000000
7.146,was . '',-17.127678427612409,23.576960802078247,23.440525293350220,39.000000000000000
7.147,`` Have n't,-18.389949762917240,30.272487163543705,32.618962287902832,15.000000000000000
7.148,you,-3.490082740783691,4.067553520202637,4.413906574249268,8.000000000000000
7.149,reported,-8.368826866149902,4.044278621673584,4.092061042785645,9.000000000000000
7.150,it,-2.184883594512939,3.517950773239136,3.848319768905640,11.000000000000000
7.151,yet ? '',-20.610628321766857,22.415270090103149,25.106436014175415,23.000000000000000
7.152,asked,-2.403187870979309,5.324802041053771,5.444125413894653,4.000000000000000
7.153,"Jill ,",-10.956495970487595,9.251375675201416,9.986653804779053,12.000000000000000
7.154,Lucy 's,-14.555393385729987,19.209961891174313,21.687369108200073,19.000000000000000
7.155,older,-8.317265510559082,4.845148563385010,5.194235801696777,9.000000000000000
7.156,sister,-2.536239624023437,4.228794097900392,4.336230754852295,10.000000000000000
7.157,who,-0.018113436177373,2.910748481750488,2.842560052871704,10.000000000000000
7.158,was,-2.433140516281128,4.543236732482910,4.439813137054443,12.000000000000000
7.159,sitting,-5.663856506347656,4.003368377685547,3.966630935668945,14.000000000000000
7.160,in,-0.918083190917969,3.560400009155273,3.602817058563232,16.000000000000000
7.161,the,-1.714354753494263,4.003592014312743,4.302181243896483,18.000000000000000
7.162,passenger,-10.150095939636230,4.259054660797118,4.854902267456055,19.000000000000000
7.163,seat .,-2.606655978714116,10.692592620849609,11.598428487777710,25.000000000000000
7.164,"`` Yes , ''",-24.186948027341714,38.476777315139771,38.397718191146851,16.000000000000000
7.165,Lucy,-11.935603126883507,11.037085771560669,11.967882394790649,7.000000000000000
7.166,"replied ,",-4.356977671384811,10.916195869445801,10.462170124053955,17.000000000000000
7.167,lying,-7.299700984614901,10.269005298614502,10.164973258972168,12.000000000000000
7.168,through,-4.876620292663574,3.278066873550415,3.184817552566528,14.000000000000000
7.169,her,-2.132789134979248,4.730833530426025,4.910239696502686,16.000000000000000
7.170,teeth .,-6.696539992466569,11.355924844741821,12.051195621490479,25.000000000000000
7.171,That,-4.681449413299561,5.596627712249756,5.575566291809082,4.000000000000000
7.172,Lucy,-13.116568706929685,11.397571086883545,12.958111047744751,7.000000000000000
7.173,should,-3.719582319259644,4.460849285125732,4.270133018493651,8.000000000000000
7.174,not,-2.882253170013428,4.866455554962158,4.879103660583496,9.000000000000000
7.175,let,-5.419845104217528,5.477765560150146,5.469500541687012,11.000000000000000
7.176,the,-2.397081375122070,3.940834522247314,4.119317531585693,15.000000000000000
7.177,messages,-10.461669921875000,7.901021718978883,9.013551235198976,16.000000000000000
7.178,get,-3.043945789337158,4.761878013610840,4.533434391021729,16.000000000000000
7.179,to,-1.979570269584656,3.923295497894287,3.816043376922608,18.000000000000000
7.180,her,-1.423625230789185,4.224958419799806,4.420212745666504,20.000000000000000
7.181,and,-2.084195613861084,4.652660369873047,4.550825595855713,4.000000000000000
7.182,that,-0.182895332574844,4.068875789642334,3.995922088623047,6.000000000000000
7.183,the,-2.679849863052368,3.781843423843384,3.818070411682129,9.000000000000000
7.184,sender,-12.464725613594055,6.403903484344482,7.623622894287108,10.000000000000000
7.185,was,-4.020015239715576,4.344782352447510,4.277509689331056,10.000000000000000
7.186,only,-8.117918968200684,4.844361782073975,4.832529067993164,12.000000000000000
7.187,jealous,-13.631937980651855,3.658847808837890,3.903710365295410,13.000000000000000
7.188,were,-4.902730464935303,3.270993471145630,3.153653860092163,4.000000000000000
7.189,Lucy 's,-12.188753116904991,19.365463972091678,20.988853216171265,17.000000000000000
7.190,mom 's,-13.222889680502703,13.678684711456299,15.445474863052368,17.000000000000000
7.191,"arguments ,",-12.700317680835726,12.036720037460327,12.296348571777342,13.000000000000000
7.192,in,-2.010576248168945,3.644672155380249,3.678156375885010,8.000000000000000
7.193,an,-4.967247962951660,4.100601673126222,4.244989871978760,10.000000000000000
7.194,effort,-2.394378185272217,4.853324890136719,4.927688121795653,11.000000000000000
7.195,to,-0.013525277376175,4.763586521148682,4.740246295928955,14.000000000000000
7.196,comfort,-10.428485870361328,3.131982088088989,3.055885076522827,16.000000000000000
7.197,her,-0.587287962436676,4.448418140411377,4.632829189300537,18.000000000000000
7.198,daughter .,-6.633613154292108,11.744829893112183,12.113247632980347,23.000000000000000
7.199,Lucy 's,-15.093890548305353,28.189517021179199,28.488843917846680,9.000000000000000
7.200,mom,-7.195302486419678,4.901048660278320,5.387647628784180,4.000000000000000
7.201,suddenly,-5.129052638947542,8.113815069198607,8.744734764099121,4.000000000000000
7.202,felt,-5.962301731109619,4.727070808410645,4.938298702239990,5.000000000000000
7.203,"guilty ,",-6.953823804855347,8.285186290740967,7.994885683059692,14.000000000000000
7.204,for,-5.458522796630858,4.958817005157472,4.831417083740233,9.000000000000000
7.205,she,-1.210038065910339,3.859553575515747,4.026738643646240,12.000000000000000
7.206,had,-1.653752565383911,4.603268623352051,4.564282417297363,13.000000000000000
7.207,been,-1.498419880867004,4.755822658538818,4.668101787567139,15.000000000000000
7.208,the,-3.510451555252075,4.604463100433350,4.475586891174316,17.000000000000000
7.209,one,-6.280907154083253,5.345682144165039,5.960996627807617,18.000000000000000
7.210,to,-0.901444911956787,5.287617206573486,5.121014118194580,21.000000000000000
7.211,buy,-5.535817146301270,4.718917369842528,4.588256835937500,23.000000000000000
7.212,the,-2.214831829071045,4.783754348754883,4.837454795837402,26.000000000000000
7.213,phone,-8.209095954895020,4.271756649017334,5.073478221893311,27.000000000000000
7.214,for,-2.102333545684814,3.752735614776611,3.723879814147949,27.000000000000000
7.215,Lucy,-13.024712339043615,9.855781078338623,11.120877742767334,29.000000000000000
7.216,just,-2.362400054931641,4.419474124908447,4.698090553283691,29.000000000000000
7.217,a,-2.538283586502075,4.021541595458983,4.424437999725342,30.000000000000000
7.218,couple,-1.974539637565613,3.723065853118897,4.035531997680663,31.000000000000000
7.219,of,-0.022774446755648,4.148149490356444,4.106025218963623,29.000000000000000
7.220,months,-1.850702762603760,4.011898994445802,4.275073528289795,31.000000000000000
7.221,ago .,-0.313792699933401,12.270096302032471,12.665249347686768,32.000000000000000
7.222,She,-5.382365703582764,5.263646125793457,5.248893737792969,3.000000000000000
7.223,then,-3.232477664947510,4.408758163452148,4.671075344085693,4.000000000000000
7.224,admitted,-7.851969242095947,5.167102336883545,5.278646469116211,5.000000000000000
7.225,her,-1.893912672996521,4.855166435241699,5.474702835083008,10.000000000000000
7.226,regret,-11.115065574645996,3.691361427307129,4.295128345489502,11.000000000000000
7.227,about,-1.662374258041382,4.399680614471436,4.456324577331543,11.000000000000000
7.228,the,-1.041355252265930,3.697345256805420,3.956311941146851,13.000000000000000
7.229,phone,-6.829836845397949,4.009082794189453,4.699709415435791,14.000000000000000
7.230,was,-0.449516832828522,4.523648738861084,4.557501792907715,10.000000000000000
7.231,still,-3.274094581604004,3.547410964965820,3.610411167144776,12.000000000000000
7.232,bugging,-14.554836511611938,5.551404476165772,5.251127719879150,13.000000000000000
7.233,her,-0.230359375476837,3.795100927352905,3.828662872314453,15.000000000000000
7.234,out,-7.272348880767822,3.532086372375488,4.004912853240967,8.000000000000000
7.235,loud,-3.765255451202393,3.372960090637207,3.517029523849488,9.000000000000000
7.236,as,-1.544479966163635,4.380092620849608,4.196359157562257,9.000000000000000
7.237,she,-0.308913767337799,3.126754283905029,3.538844347000122,12.000000000000000
7.238,"sighed ,",-10.990443468093874,10.183297157287598,9.948762297630310,27.000000000000000
7.239,`` I,-1.288652111063129,15.280781269073486,15.249547958374023,33.000000000000000
7.240,never,-1.564653515815735,3.255251407623291,3.234968662261963,19.000000000000000
7.241,should,-7.322082519531250,3.280578613281250,3.163812637329102,20.000000000000000
7.242,have,-1.220550775527954,4.670870780944824,4.562755584716797,22.000000000000000
7.243,given,-6.307140707969666,7.984401464462280,7.782551288604736,24.000000000000000
7.244,you,-1.829207897186280,3.697735548019409,3.743968248367310,26.000000000000000
7.245,that,-4.327226638793944,4.587683677673340,4.526736259460449,27.000000000000000
7.246,phone,-3.892848014831543,4.383173465728760,4.852764606475830,28.000000000000000
7.247,Lucy . '',-31.245613201521337,29.323421001434326,30.458113670349121,32.000000000000000
7.248,"`` No ,",-6.525676446034481,22.608197927474976,23.502025127410889,13.000000000000000
7.249,it 's,-2.934632222168148,14.054997444152832,13.923652172088623,15.000000000000000
7.250,fine .,-10.456399917602539,11.963707208633423,12.118532180786133,18.000000000000000
7.251,I,-1.761069297790527,3.392320871353149,3.596136093139648,11.000000000000000
7.252,love,-4.771733283996582,3.637397289276123,3.597254276275635,12.000000000000000
7.253,"it , ''",-17.798488016007468,19.953641414642334,21.044832706451416,21.000000000000000
7.254,said,-1.161500930786133,3.419255971908569,3.308654308319092,6.000000000000000
7.255,Lucy,-9.077962830662726,11.175183057785034,12.537925958633425,8.000000000000000
7.256,knowing,-7.218194484710692,3.972664117813110,3.899059295654297,10.000000000000000
7.257,that,-1.528270244598389,4.478608131408691,4.397278308868408,12.000000000000000
7.258,affording,-11.607614129781725,6.637672901153564,6.609314918518066,16.000000000000000
7.259,the,-1.720667600631714,3.597028970718384,3.736511707305908,18.000000000000000
7.260,phone,-6.657124042510986,4.427944660186768,4.872193336486816,19.000000000000000
7.261,had,-5.487513065338135,3.852557420730591,3.821884393692017,16.000000000000000
7.262,been,-1.039023637771606,3.644672632217407,3.631522178649902,18.000000000000000
7.263,no,-6.037894725799561,4.801533222198486,5.072021484375000,21.000000000000000
7.264,small,-6.171547889709473,4.146542549133302,4.329665184020996,22.000000000000000
7.265,thing,-2.844207346439362,6.551890373229980,7.222425222396851,23.000000000000000
7.266,for,-2.352864027023315,3.813364982604981,3.771251916885376,22.000000000000000
7.267,her,-2.576399326324463,4.314426898956299,4.365293979644775,24.000000000000000
7.268,mother .,-6.803081863836269,11.337355136871338,11.839663028717041,32.000000000000000
7.269,It,-3.463986396789551,5.483454227447510,5.923331260681152,3.000000000000000
7.270,had,-4.141894340515137,5.268779277801514,5.200643062591553,4.000000000000000
7.271,been,-0.835043966770172,5.846419334411621,5.676288604736327,6.000000000000000
7.272,nothing,-8.819627761840820,4.919955730438232,5.338042736053467,9.000000000000000
7.273,but,-2.038976430892944,4.564952373504639,4.539346218109131,9.000000000000000
7.274,trouble,-7.305191516876222,3.908782958984375,4.364562988281250,11.000000000000000
7.275,though .,-8.797304152685683,11.718727350234985,12.573119163513184,13.000000000000000
7.276,Lucy,-12.862903177738190,14.697275161743164,15.144495010375975,4.000000000000000
7.277,did,-3.880369186401367,4.573164463043213,4.302368164062500,5.000000000000000
7.278,not,-2.841189622879028,4.947986125946045,5.039493083953857,6.000000000000000
7.279,know,-3.772801637649536,5.070326805114746,4.833553791046143,8.000000000000000
7.280,who,-1.666313767433167,3.827857255935669,3.976740598678589,11.000000000000000
7.281,it,-2.850121736526489,3.936016082763672,4.466812133789063,13.000000000000000
7.282,was,-0.117833048105240,4.151493072509767,3.876424551010132,14.000000000000000
7.283,that,-3.471159219741821,3.753983020782471,3.633926153182984,17.000000000000000
7.284,was,-1.083707809448242,4.378763675689696,4.250018596649170,19.000000000000000
7.285,sending,-8.321230888366701,10.662366151809694,10.649183750152588,21.000000000000000
7.286,her,-1.770202517509460,3.578543663024902,3.961904287338257,23.000000000000000
7.287,the,-1.349824547767639,3.393891096115112,3.497487068176269,24.000000000000000
7.288,"messages ,",-8.491635650396345,13.549175262451172,13.949759006500244,28.000000000000000
7.289,and,-1.377044677734375,3.900008440017700,3.890833616256714,4.000000000000000
7.290,she,-0.928898394107819,3.386786699295044,3.709874629974365,7.000000000000000
7.291,did,-1.787752032279968,3.239111661911011,3.128260612487793,8.000000000000000
7.292,not,-0.789243340492249,4.443597793579102,4.468275070190430,9.000000000000000
7.293,know,-2.375019311904907,4.294050693511963,4.242703914642334,11.000000000000000
7.294,how,-0.804912686347961,3.698125600814819,3.749748945236206,14.000000000000000
7.295,they,-2.785313844680786,4.176711559295653,4.404352664947510,16.000000000000000
7.296,had,-2.892296314239502,4.118775367736816,3.960266351699829,17.000000000000000
7.297,got,-5.322297573089600,4.257057189941406,4.151831626892090,19.000000000000000
7.298,her,-1.404924511909485,3.961475372314453,4.010931015014648,21.000000000000000
7.299,"number ,",-15.138207912445068,8.563430547714233,9.034788608551025,28.000000000000000
7.300,but,-2.470239162445068,3.396534442901612,3.316634178161621,7.000000000000000
7.301,whoever,-4.247553825378418,8.265463113784790,8.161879301071169,11.000000000000000
7.302,it,-3.505866289138794,4.437694072723389,4.651789188385010,13.000000000000000
7.303,"was ,",-7.551025927066803,8.160871505737305,8.058171749114990,29.000000000000000
7.304,he,-3.770628452301025,3.836450099945069,3.869446992874146,11.000000000000000
7.305,or,-4.970977306365967,6.210797309875487,6.427068710327148,12.000000000000000
7.306,she,-0.006299282889813,3.307234048843384,3.366091012954712,13.000000000000000
7.307,had,-2.231646776199341,3.664768218994141,3.659947395324707,12.000000000000000
7.308,slowly,-9.923428765687275,6.582626819610597,7.236862897872925,14.000000000000000
7.309,taken,-4.028747320175172,8.083841800689697,8.035041570663452,15.000000000000000
7.310,over,-1.259122014045715,3.710748672485352,3.814272642135620,17.000000000000000
7.311,Lucy 's,-13.544745746272383,20.225262165069580,22.295330286026001,39.000000000000000
7.312,life .,-2.687652724853251,11.197990894317627,11.811991691589355,28.000000000000000
7.313,She,-5.382365703582764,5.263646125793457,5.248893737792969,3.000000000000000
7.314,was,-3.158835887908936,5.061583518981934,4.715915679931642,4.000000000000000
7.315,getting,-6.431540489196777,4.686849594116211,4.865151405334473,6.000000000000000
7.316,several,-6.735009193420410,4.793106079101562,5.340939998626709,10.000000000000000
7.317,texts,-10.177317760884762,8.303391456604004,9.519714355468750,11.000000000000000
7.318,a,-0.240050002932548,3.070650815963745,3.332329511642456,11.000000000000000
7.319,day,-1.313765823841095,7.644276380538940,8.432762622833254,12.000000000000000
7.320,"now ,",-5.217965006828308,9.155822038650513,9.464412689208984,21.000000000000000
7.321,all,-5.146810054779053,3.749512672424317,3.766360282897949,12.000000000000000
7.322,of,-0.009753665886819,4.338871479034424,4.568672657012940,14.000000000000000
7.323,which,-0.007759074680507,3.470838785171509,3.584391117095948,16.000000000000000
7.324,were,-1.613246560096741,5.083851337432861,5.044834136962892,14.000000000000000
7.325,abusive,-10.549440383911133,3.024484395980835,3.052254199981689,16.000000000000000
7.326,and,-1.099645256996155,5.216870307922363,5.182037830352783,17.000000000000000
7.327,hurtful .,-12.673981697982526,13.786023139953613,14.826912164688110,22.000000000000000
7.328,Lucy,-13.377972006797789,15.536886215209961,15.410998821258545,3.000000000000000
7.329,wondered,-9.535999536514284,8.421167850494385,7.797995328903197,4.000000000000000
7.330,what,-0.451474130153656,5.147822856903076,5.469645500183105,7.000000000000000
7.331,the,-1.129740476608276,4.360681056976318,4.545686721801758,10.000000000000000
7.332,person,-6.373637199401856,3.788927316665649,4.034680366516113,11.000000000000000
7.333,who,-0.039244975894690,3.115944623947144,3.173702239990234,12.000000000000000
7.334,was,-2.513466358184814,4.460539340972900,4.330427646636963,14.000000000000000
7.335,messaging,-14.846560835838318,9.478248834609984,9.341701269149778,16.000000000000000
7.336,her,-1.656003594398498,4.445064544677733,4.722095489501953,18.000000000000000
7.337,might,-2.461890697479248,3.975781440734863,3.868709087371826,10.000000000000000
7.338,be,-1.819715380668640,4.797377109527588,4.681545734405518,12.000000000000000
7.339,thinking,-3.060602188110352,4.123340129852295,4.028423309326172,15.000000000000000
7.340,or,-2.791883230209351,4.916392326354980,4.816072463989258,15.000000000000000
7.341,trying,-3.209836244583130,3.920777559280396,3.688218355178833,17.000000000000000
7.342,to,-0.003574294038117,4.621154785156250,4.483088970184326,20.000000000000000
7.343,achieve,-6.943139553070067,3.937991619110107,3.840291976928711,22.000000000000000
7.344,with,-1.619649887084961,3.291499853134156,3.224575042724609,24.000000000000000
7.345,all,-5.189123153686523,5.595173358917236,5.912948608398438,27.000000000000000
7.346,of,-0.097185984253883,4.023887157440186,3.995636701583862,28.000000000000000
7.347,their,-5.270943641662598,4.722349643707275,4.785953998565674,30.000000000000000
7.348,hateful,-12.326100349426270,9.060647487640381,10.136112689971924,31.000000000000000
7.349,messages .,-7.196369624900399,14.871135473251343,16.573626756668091,36.000000000000000
7.350,As,-1.935528874397278,5.991425514221191,5.507517337799072,3.000000000000000
7.351,the,-1.435852289199829,3.882745027542114,4.430196285247803,6.000000000000000
7.352,car,-7.186438560485840,4.757337570190430,5.419785022735597,7.000000000000000
7.353,pulled,-6.295377016067505,6.489441871643066,5.875759601593018,7.000000000000000
7.354,up,-1.624654293060303,3.592591285705566,3.801248788833618,9.000000000000000
7.355,outside,-6.360343456268311,4.125233650207520,4.019325733184815,10.000000000000000
7.356,the,-0.560861229896545,4.744437694549561,4.716739177703857,13.000000000000000
7.357,"school ,",-8.616501808166504,8.398830890655518,8.787427425384521,27.000000000000000
7.358,which,-0.026074346154928,3.223527431488037,3.340908288955688,16.000000000000000
7.359,looked,-7.062700688838959,6.144459962844849,5.975933551788330,18.000000000000000
7.360,like,-0.432635009288788,4.056006431579590,4.161129474639893,20.000000000000000
7.361,a,-0.900596857070923,4.759346485137940,4.638091564178467,22.000000000000000
7.362,large,-6.679708957672119,5.280629158020020,5.468651294708252,23.000000000000000
7.363,shadow,-8.424427032470701,3.750528097152710,4.086476325988770,24.000000000000000
7.364,in,-0.936707258224487,3.317350149154663,3.436904907226562,21.000000000000000
7.365,the,-0.766327619552612,4.519925117492676,4.501565456390381,24.000000000000000
7.366,darkness,-7.097469329833983,8.327582597732544,9.423418045043944,25.000000000000000
7.367,of,-0.010944575071335,3.943125963211060,4.057228565216064,25.000000000000000
7.368,a,-1.821106910705566,4.678776741027832,4.674301147460938,27.000000000000000
7.369,November,-10.007541656494141,5.074602127075195,5.360843181610107,28.000000000000000
7.370,"evening ,",-5.244500095956028,8.871620178222656,9.044335842132568,32.000000000000000
7.371,Lucy,-12.586323648691176,9.582482337951660,11.034675598144533,5.000000000000000
7.372,felt,-5.695434570312500,3.403205633163452,3.378230571746826,6.000000000000000
7.373,a,-5.229654312133789,4.000336647033691,4.059468269348145,9.000000000000000
7.374,shiver,-11.061983939260244,10.434124946594238,11.786444187164307,10.000000000000000
7.375,run,-7.319739341735840,3.200873136520386,3.119907617568970,10.000000000000000
7.376,down,-3.021857261657715,3.295633792877197,3.255640029907227,12.000000000000000
7.377,her,-1.344422101974487,3.737749099731445,4.016498565673828,13.000000000000000
7.378,spine .,-11.251808834640542,16.481475830078121,17.823354721069336,20.000000000000000
7.379,Hastened,-23.370425939559933,14.387217521667480,13.946071147918699,4.000000000000000
7.380,by,-0.513517022132874,3.289697170257568,3.074916124343872,6.000000000000000
7.381,"Jill ,",-16.885181248188019,10.369228363037109,10.717562198638916,18.000000000000000
7.382,who,-0.106669485569000,2.966366052627563,3.018379211425781,12.000000000000000
7.383,did,-5.114267826080322,5.065712451934815,4.871819972991943,14.000000000000000
7.384,not,-2.245706558227539,5.488097667694092,5.319069385528564,15.000000000000000
7.385,want,-2.908681392669678,3.441924571990967,3.335628032684326,17.000000000000000
7.386,to,-0.003470827825367,5.094048023223877,4.924872875213623,20.000000000000000
7.387,be,-1.320775866508484,5.191802501678467,5.100214958190918,22.000000000000000
7.388,late,-7.362248420715332,4.175667762756349,4.321541309356689,24.000000000000000
7.389,to,-2.633917093276977,3.324015617370605,3.211930036544800,26.000000000000000
7.390,her,-2.412137746810913,4.232258796691895,4.479328155517578,28.000000000000000
7.391,own,-4.798895835876465,4.664782524108887,4.964297294616699,29.000000000000000
7.392,"concert ,",-6.735585982212796,7.753842592239380,8.608705520629883,33.000000000000000
7.393,Lucy,-11.424957208335400,9.221122980117796,10.788471221923828,5.000000000000000
7.394,hesitantly,-9.829236950870836,7.605890035629272,8.062301158905031,8.000000000000000
7.395,stepped,-6.510867595672607,4.129299640655518,4.006085395812988,8.000000000000000
7.396,out,-3.864427089691162,4.196001052856444,4.514734268188477,10.000000000000000
7.397,of,-4.918809413909912,3.831369876861572,3.822728872299193,11.000000000000000
7.398,the,-2.054924726486206,4.241304397583009,4.225418567657472,13.000000000000000
7.399,car,-7.832875251770020,3.831492185592651,4.562386035919189,14.000000000000000
7.400,and,-0.228667020797729,4.615302562713623,4.517175197601318,7.000000000000000
7.401,walked,-5.883525455370545,5.583840608596802,5.506336331367493,9.000000000000000
7.402,toward,-6.550447463989258,3.030486583709717,3.056391000747681,11.000000000000000
7.403,the,-1.355147719383240,4.134260177612306,4.091729164123535,13.000000000000000
7.404,school .,-7.137039186200128,11.042223691940308,11.850418329238892,20.000000000000000
7.405,It,-3.578969717025757,5.709035873413086,5.810785770416260,4.000000000000000
7.406,was,-1.976058006286621,5.259968757629395,5.210430145263672,5.000000000000000
7.407,Jill,-16.873466491699222,5.223282814025879,5.896521568298340,8.000000000000000
7.408,who,-0.075024038553238,3.502140998840332,3.320556640625000,10.000000000000000
7.409,in,-1.028500556945801,4.107105255126953,4.325587749481201,12.000000000000000
7.410,her,-2.569096565246582,4.943445205688477,5.330257415771483,15.000000000000000
7.411,final,-4.653097152709961,4.676864624023438,4.976432323455811,16.000000000000000
7.412,year,-3.047093570232392,7.248470783233643,8.422018051147461,17.000000000000000
7.413,of,-1.659513711929321,4.091373443603517,3.973598241806030,16.000000000000000
7.414,high,-4.763936042785645,4.959399223327637,5.321078300476074,18.000000000000000
7.415,school,-0.054359480738640,4.936330795288086,5.345544815063477,19.000000000000000
7.416,had,-2.249162435531616,4.202455043792725,4.149009704589844,13.000000000000000
7.417,become,-3.726855754852295,4.723381996154785,4.536252975463867,15.000000000000000
7.418,involved,-8.243015477899464,8.399291515350344,8.558918952941895,18.000000000000000
7.419,in,-0.176224872469902,3.915508508682251,3.798609018325806,20.000000000000000
7.420,helping,-3.362359046936035,4.880477905273438,4.755784034729004,23.000000000000000
7.421,organize,-4.583243370056152,3.230888366699219,3.113932847976685,26.000000000000000
7.422,this,-5.120646476745605,4.848597526550293,4.975637435913086,29.000000000000000
7.423,year 's,-2.080980690657839,17.704194545745850,19.670581579208374,61.000000000000000
7.424,school,-3.548537015914917,3.970389842987061,4.876466751098633,29.000000000000000
7.425,talent,-10.495507240295410,3.095193862915039,3.731066942214966,30.000000000000000
7.426,"show ,",-5.891274809837341,8.057386636734009,8.636758804321289,34.000000000000000
7.427,and,-0.450106084346771,4.288701057434082,4.276995182037354,4.000000000000000
7.428,she,-1.266370058059692,3.802533864974976,4.083558082580566,7.000000000000000
7.429,took,-4.924020290374756,4.592267990112305,4.627851486206055,8.000000000000000
7.430,her,-3.203118085861206,3.255588531494141,3.342947959899902,10.000000000000000
7.431,position,-5.928785324096680,4.430042266845703,4.564274787902832,11.000000000000000
7.432,very,-4.672643661499023,3.107308387756348,3.480937004089355,11.000000000000000
7.433,seriously .,-0.054304086937918,12.809010505676270,13.568197250366211,18.000000000000000
7.434,Lucy,-11.378267377614975,15.173766613006592,15.409301757812500,4.000000000000000
7.435,hurried,-11.497482776641846,7.119879961013794,6.656215667724608,5.000000000000000
7.436,behind,-8.512140274047853,3.005594491958618,2.790953159332275,7.000000000000000
7.437,"Jill ,",-19.577325820922852,9.249674320220947,9.648593425750732,16.000000000000000
7.438,pulling,-6.029161691665649,8.200825691223145,7.892832517623901,10.000000000000000
7.439,on,-3.171950578689575,3.151987552642822,3.088287591934204,12.000000000000000
7.440,the,-1.007777690887451,4.363183498382568,4.665293216705322,15.000000000000000
7.441,"worn ,",-15.427399754524233,14.251429319381714,15.075641870498659,33.000000000000000
7.442,oversized,-8.411984682083130,9.517755031585693,10.383715152740480,18.000000000000000
7.443,coat,-7.035375475883484,6.867039918899536,7.848641395568848,19.000000000000000
7.444,that,-0.006763778161258,3.691432237625122,3.640921115875244,17.000000000000000
7.445,had,-2.750895023345948,4.407929897308350,4.281740188598634,19.000000000000000
7.446,originally,-4.999341947172070,7.442967653274536,8.192201614379883,21.000000000000000
7.447,belonged,-5.770188926242554,6.171710491180420,6.058825850486755,22.000000000000000
7.448,to,-0.036345437169075,4.187160491943358,4.080862522125243,24.000000000000000
7.449,"Jill ,",-18.558556556701660,8.195154905319214,8.872803211212158,38.000000000000000
7.450,in,-4.521652221679688,3.964337587356568,4.228227138519287,14.000000000000000
7.451,order,-0.222427845001221,3.909413099288941,4.033831119537354,15.000000000000000
7.452,to,-0.002579577732831,4.925467967987061,4.834499835968018,18.000000000000000
7.453,keep,-3.157810211181641,4.113508701324463,3.974438905715942,20.000000000000000
7.454,her,-0.784605383872986,4.153359889984132,4.510842323303223,23.000000000000000
7.455,dry,-4.385608196258545,2.513928413391113,2.418052911758423,24.000000000000000
7.456,as,-2.029352903366089,4.408516407012940,4.403913497924805,25.000000000000000
7.457,the,-2.833033323287964,4.007030487060547,4.331345081329347,28.000000000000000
7.458,raindrops,-20.452717185020450,10.183031082153320,12.401390552520752,29.000000000000000
7.459,fell,-5.034101486206055,2.921910285949707,2.841987371444702,29.000000000000000
7.460,all,-4.759936332702637,4.061559200286865,4.301954746246338,31.000000000000000
7.461,around,-5.308519363403320,3.207378864288330,3.125253915786743,32.000000000000000
7.462,them .,-7.114271193742752,12.082816123962404,12.725509643554686,37.000000000000000
7.463,As,-1.935528874397278,5.991425514221191,5.507517337799072,3.000000000000000
7.464,the,-1.435852289199829,3.882745027542114,4.430196285247803,6.000000000000000
7.465,sisters,-12.349558174610136,9.411727905273438,10.416814804077148,7.000000000000000
7.466,entered,-7.165585279464723,8.950225591659548,8.504058122634888,7.000000000000000
7.467,the,-0.569952785968781,4.486902713775635,4.308808326721191,9.000000000000000
7.468,hall,-6.992168068885803,6.363982439041138,7.011719465255737,10.000000000000000
7.469,where,-3.301753520085185,7.295274972915649,8.235800981521606,11.000000000000000
7.470,the,-1.833183526992798,3.272855758666992,3.706086635589600,13.000000000000000
7.471,show,-5.934990406036378,3.247254610061645,4.066654682159424,14.000000000000000
7.472,was,-0.800402581691742,4.218183517456056,4.183321475982666,14.000000000000000
7.473,to,-0.003122100140899,4.661500453948975,4.516357421875000,17.000000000000000
7.474,take,-3.845188379287720,4.341578483581543,4.161346912384033,19.000000000000000
7.475,"place ,",-0.215665785595775,8.137709617614746,8.326343536376953,24.000000000000000
7.476,Jill,-13.541098594665527,3.755854129791260,4.636573791503906,5.000000000000000
7.477,filled,-7.297151565551758,3.964651107788086,3.905532598495483,6.000000000000000
7.478,with,-0.079413674771786,2.915332555770874,2.909556388854980,8.000000000000000
7.479,excitement,-7.805588722229004,3.354547977447510,3.663330554962158,10.000000000000000
7.480,while,-2.642039660364389,7.742709636688232,7.679191350936890,9.000000000000000
7.481,Lucy,-11.218472220003603,9.283297777175905,10.393146514892578,12.000000000000000
7.482,regretted,-11.194751208415255,4.641492009162904,4.600297451019287,13.000000000000000
7.483,that,-0.545898318290710,4.198520660400392,4.206530094146729,15.000000000000000
7.484,she,-1.455612063407898,3.303577184677124,3.699659585952759,18.000000000000000
7.485,had,-0.991672217845917,4.087260723114014,4.051615715026856,19.000000000000000
7.486,promised,-8.192477341086487,5.436073303222656,5.338654756546021,21.000000000000000
7.487,her,-1.439069628715515,4.487045764923097,4.771226406097412,23.000000000000000
7.488,mother,-5.451304435729980,4.046868324279785,4.638200283050537,24.000000000000000
7.489,she,-0.206853866577148,3.332374572753906,3.668891906738281,26.000000000000000
7.490,would,-0.358461052179336,3.343375682830811,3.301277160644531,27.000000000000000
7.491,participate,-6.842476367950440,3.885827302932739,3.829333305358887,29.000000000000000
7.492,in,-0.056779764592648,3.639964103698730,3.571225643157959,31.000000000000000
7.493,the,-0.925693511962891,4.214639186859132,4.261521339416504,33.000000000000000
7.494,show .,-2.553147140424698,11.471741676330566,12.143851041793823,40.000000000000000
7.495,`` To,-4.125602826356044,21.944302558898929,22.227022647857662,8.000000000000000
7.496,waste,-9.912416458129883,4.685358524322510,4.160405158996582,8.000000000000000
7.497,your,-3.191219329833984,4.391790390014648,4.769941329956055,10.000000000000000
7.498,talent,-7.607317924499513,4.128442764282227,4.660764694213867,11.000000000000000
7.499,would,-2.731388807296753,3.623862028121948,3.612830638885498,6.000000000000000
7.500,be,-0.636980116367340,3.908320188522339,3.822453737258911,8.000000000000000
7.501,a,-0.923067450523376,4.554340839385986,4.599356651306152,10.000000000000000
7.502,real,-4.244197845458983,4.800677299499512,4.980675220489502,11.000000000000000
7.503,"shame ,",-10.185748577117920,9.026914596557617,9.316541671752930,22.000000000000000
7.504,for,-4.778846263885498,4.784309864044189,4.686619281768799,12.000000000000000
7.505,you,-1.393384456634522,3.611699819564819,3.827378749847412,15.000000000000000
7.506,have,-2.515532016754150,3.763893127441406,3.640689849853516,16.000000000000000
7.507,such,-6.158930301666260,4.837737083435059,4.690738201141357,18.000000000000000
7.508,a,-0.634083390235901,4.070513725280762,3.886821985244751,19.000000000000000
7.509,beautiful,-6.985170841217041,4.987792968750000,4.961061477661133,20.000000000000000
7.510,"voice , ''",-25.795301693491634,18.517884492874146,19.337393999099731,30.000000000000000
7.511,her,-8.678497314453125,4.039095878601073,4.110866069793701,7.000000000000000
7.512,mother,-2.414075851440430,4.481876850128174,4.804095268249512,8.000000000000000
7.513,had,-9.062686920166016,4.208525180816650,4.075628280639648,8.000000000000000
7.514,argued,-4.631992895156144,5.938524246215820,5.742208957672119,10.000000000000000
7.515,two,-2.058534860610962,3.912829399108887,3.870905637741089,13.000000000000000
7.516,months,-2.561061143875122,4.337469577789307,4.478532314300537,14.000000000000000
7.517,"back ,",-9.255993127822876,6.778825998306274,7.133009195327759,25.000000000000000
7.518,when,-0.006720914505422,4.094905376434326,4.084914207458496,15.000000000000000
7.519,the,-2.258883953094482,4.343707084655762,4.378648757934569,17.000000000000000
7.520,concert,-7.886273384094237,3.590550661087036,4.363829135894775,18.000000000000000
7.521,was,-0.990274190902710,3.840762138366699,3.862539052963257,18.000000000000000
7.522,first,-2.634950160980225,4.248758316040038,4.442338466644287,20.000000000000000
7.523,announced .,-4.416700549016242,13.982521772384644,13.797250509262085,29.000000000000000
7.524,Lucy,-13.377972006797789,15.536886215209961,15.410998821258545,3.000000000000000
7.525,had,-3.279605388641357,4.818031787872314,4.544839859008789,4.000000000000000
7.526,been,-1.138649463653564,5.642255306243896,5.425581932067871,6.000000000000000
7.527,considering,-6.159576058370477,8.791252613067629,8.200916767120361,8.000000000000000
7.528,"it ,",-8.688875913619995,8.746854782104492,8.975887775421143,20.000000000000000
7.529,for,-6.023884773254395,5.564477443695068,5.342505455017090,12.000000000000000
7.530,she,-2.655445814132690,4.449783802032472,4.489836215972900,15.000000000000000
7.531,did,-3.177550077438354,4.262443065643311,4.085929870605469,16.000000000000000
7.532,love,-10.243698120117188,3.851539373397827,4.415625572204590,18.000000000000000
7.533,to,-0.395126402378082,4.635313034057617,4.378013134002686,20.000000000000000
7.534,sing .,-6.468264074181207,18.054100036621094,18.201832532882690,26.000000000000000
7.535,That,-4.299169063568115,5.808034896850586,5.929095745086670,3.000000000000000
7.536,very,-10.341641426086426,5.336209774017334,4.840874671936035,4.000000000000000
7.537,"night ,",-6.519839555025101,10.219597816467285,10.234753608703613,8.000000000000000
7.538,the,-1.730178594589233,3.463684082031250,3.755156755447388,5.000000000000000
7.539,first,-6.071469783782959,4.535320281982422,5.009022235870361,6.000000000000000
7.540,text,-8.360136032104492,3.979669570922852,4.669199943542480,7.000000000000000
7.541,message,-12.946833610534668,4.299125671386719,4.748776435852051,8.000000000000000
7.542,had,-4.728241443634033,4.710837364196777,4.504120826721191,6.000000000000000
7.543,come,-3.188680648803711,4.560288429260254,4.448470592498778,8.000000000000000
7.544,through .,-4.794171077781357,11.430163383483887,11.670518159866333,16.000000000000000
7.545,`` How,-5.169308624947007,19.815037727355957,20.023043632507324,8.000000000000000
7.546,does,-3.397517204284668,4.804659843444824,5.044415473937988,6.000000000000000
7.547,it,-2.012988328933716,4.032568454742432,4.611337184906006,8.000000000000000
7.548,feel,-4.452839374542236,3.868755578994751,3.731179952621460,9.000000000000000
7.549,to,-0.017722230404615,5.025307655334473,5.039107322692871,12.000000000000000
7.550,be,-0.567911863327026,5.239172935485840,5.053019523620605,14.000000000000000
7.551,tall,-11.836194872856140,8.011136054992676,8.466335296630861,16.000000000000000
7.552,and,-1.530072689056396,5.292059421539307,5.206414222717285,17.000000000000000
7.553,lanky,-8.997915235784602,7.115092515945435,7.811840295791626,18.000000000000000
7.554,like,-4.347211837768556,3.774098396301270,3.716652631759644,17.000000000000000
7.555,a,-1.554975509643555,4.102970600128174,4.233689785003662,19.000000000000000
7.556,giraffe ? '',-31.843590633012354,36.062130451202393,40.331028461456299,33.000000000000000
7.557,it,-4.300179958343507,3.524421215057373,4.085312366485597,4.000000000000000
7.558,had,-7.317753791809082,3.715934514999390,3.671780824661255,5.000000000000000
7.559,"asked ,",-7.484728560782969,9.273427724838257,9.145446777343750,15.000000000000000
7.560,taking,-5.307091951370238,7.461830377578735,7.342218637466432,11.000000000000000
7.561,Lucy,-12.550622999668120,9.990906953811647,11.190968275070190,13.000000000000000
7.562,by,-3.972676515579224,3.351886272430420,3.284865140914917,14.000000000000000
7.563,surprise .,-1.933918553171680,11.520142793655396,11.608039140701294,21.000000000000000
7.564,One,-4.737509727478027,5.864601135253906,5.819781303405763,5.000000000000000
7.565,of,-0.009891069494188,4.869331359863281,4.939662933349608,6.000000000000000
7.566,the,-1.402904272079468,3.993145942687988,4.090476036071776,8.000000000000000
7.567,popular,-9.370585441589355,5.036309242248535,5.183885574340820,9.000000000000000
7.568,"girls ,",-13.593236726708712,13.022556781768799,13.409923076629640,14.000000000000000
7.569,Lucy,-9.878756485879419,9.436933755874632,10.910969734191896,6.000000000000000
7.570,had,-3.267287492752075,3.790175914764404,3.770148754119873,7.000000000000000
7.571,always,-3.054234027862549,3.500871658325196,3.532468080520630,9.000000000000000
7.572,known,-4.436434030532837,8.094177246093750,8.056425571441650,10.000000000000000
7.573,she,-0.205168038606644,3.378157377243042,3.657583236694336,14.000000000000000
7.574,"was n't ,",-4.345725893970894,21.754481554031372,22.038360357284546,34.000000000000000
7.575,but,-0.668940782546997,4.375800132751465,4.342606544494629,4.000000000000000
7.576,before,-4.385846614837647,3.492291450500488,3.463561773300171,7.000000000000000
7.577,the,-2.766562700271606,3.973168134689331,4.270463943481444,10.000000000000000
7.578,messages,-11.675338268280029,7.959665060043335,8.817782878875732,11.000000000000000
7.579,"began ,",-3.721170216798782,11.769858360290527,11.333204030990601,18.000000000000000
7.580,Lucy,-11.628408521413805,9.082453489303587,9.973147630691527,9.000000000000000
7.581,had,-2.245654582977295,3.786304950714111,3.647911787033081,10.000000000000000
7.582,always,-3.028889894485474,3.466882944107056,3.506392478942871,12.000000000000000
7.583,been,-1.254609823226929,4.330904960632323,4.240505218505858,13.000000000000000
7.584,quite,-4.353938102722168,5.002136230468750,5.155313014984131,15.000000000000000
7.585,proud,-5.402466297149658,3.569047451019287,3.577538728713989,16.000000000000000
7.586,of,-0.009135943837464,3.362019538879395,3.336816549301147,18.000000000000000
7.587,being,-0.949698567390442,4.181077480316162,4.032332897186278,21.000000000000000
7.588,a,-1.207720398902893,4.015461921691895,4.284839630126953,24.000000000000000
7.589,little,-0.346115589141846,3.636594295501709,3.743023872375488,25.000000000000000
7.590,different .,-5.041014329879546,11.280901670455934,11.569123983383179,30.000000000000000
7.591,But,-3.782163381576538,6.313409805297852,6.003619670867920,3.000000000000000
7.592,text,-12.444808006286619,5.210364818572998,6.060193061828612,6.000000000000000
7.593,by,-4.166947364807129,3.994621753692627,3.998079061508178,7.000000000000000
7.594,"text ,",-11.707338809967041,9.118058204650879,9.473282814025879,14.000000000000000
7.595,Lucy 's,-14.352272956108211,20.799502849578857,22.782361030578613,17.000000000000000
7.596,self-confidence,-11.457495868206026,18.035169839859012,18.962707757949829,8.000000000000000
7.597,had,-4.596543312072754,4.046871662139893,4.023191928863525,8.000000000000000
7.598,deflated,-11.267521381372713,5.487368464469910,5.194948911666870,10.000000000000000
7.599,"and ,",-7.260800838470459,8.216731309890747,8.043571472167969,7.000000000000000
7.600,in,-1.366199851036072,3.510589122772217,3.418099880218506,7.000000000000000
7.601,the,-1.861361145973206,3.007159948348999,3.159925937652588,9.000000000000000
7.602,"end ,",-0.887795284390450,8.037936687469482,8.395675182342529,17.000000000000000
7.603,it,-2.711263418197632,4.238633155822754,4.580324172973633,9.000000000000000
7.604,had,-2.467999935150146,4.027041912078857,3.930692434310913,10.000000000000000
7.605,taken,-4.449177742004395,7.857938528060912,7.632886409759521,12.000000000000000
7.606,some,-4.521579265594482,4.381883621215819,4.413896083831787,14.000000000000000
7.607,doing,-5.545573234558105,2.866029500961304,2.770960330963135,16.000000000000000
7.608,to,-0.018575871363282,4.809112071990967,4.728995323181152,16.000000000000000
7.609,get,-3.015009880065918,4.135793209075929,3.883012056350708,18.000000000000000
7.610,her,-1.106992244720459,3.804261922836304,4.132843017578125,21.000000000000000
7.611,to,-0.649677395820618,4.902220726013184,4.854989051818848,22.000000000000000
7.612,agree,-5.391533851623535,4.904981613159180,4.773492336273193,24.000000000000000
7.613,to,-0.006403760053217,5.282128810882568,5.224065780639648,27.000000000000000
7.614,perform,-5.182967185974121,3.823228836059569,3.631964921951294,29.000000000000000
7.615,in,-1.318258285522461,3.328734636306763,3.340291261672974,31.000000000000000
7.616,the,-1.812732100486756,4.070610523223877,4.078402519226073,33.000000000000000
7.617,show .,-5.937547782785258,11.212434768676758,11.954415082931519,40.000000000000000
7.618,"Now ,",-3.499290227890015,11.135890007019043,11.100343227386475,6.000000000000000
7.619,"however ,",-0.535677249539958,14.009847164154053,14.510724544525146,10.000000000000000
7.620,Lucy,-14.865271598100662,10.751814842224119,12.228712797164915,7.000000000000000
7.621,had,-6.446801185607910,4.596119403839111,4.449096202850342,8.000000000000000
7.622,no,-2.737077951431274,5.408065795898438,5.935537338256836,11.000000000000000
7.623,choice,-2.428456306457520,4.901266098022461,4.890377998352051,12.000000000000000
7.624,but,-0.092269971966743,4.715019226074219,4.715071201324463,11.000000000000000
7.625,to,-0.018561476841569,5.037909984588623,4.882060050964356,14.000000000000000
7.626,make,-3.933779239654541,5.175384998321533,5.170000076293945,16.000000000000000
7.627,her,-2.953584194183350,4.732206821441650,4.823721408843994,18.000000000000000
7.628,way,-3.944336175918579,4.830375194549561,5.009904384613037,19.000000000000000
7.629,towards,-10.391678333282471,8.088470458984375,8.175493717193604,19.000000000000000
7.630,the,-0.709337055683136,3.998147487640381,4.060936450958252,22.000000000000000
7.631,stage,-6.508697986602782,4.242599010467528,4.908883094787598,23.000000000000000
7.632,where,-0.040839031180440,7.239875793457031,7.839874744415282,24.000000000000000
7.633,Jill,-13.199653625488279,4.106064796447754,4.931020259857178,26.000000000000000
7.634,was,-2.194392919540405,4.257649421691895,4.247215747833252,27.000000000000000
7.635,beckoning,-13.494405716657640,6.128309011459351,6.088574171066284,29.000000000000000
7.636,encouragingly,-12.705883028917015,6.560875654220581,7.075551033020020,31.000000000000000
7.637,to,-3.657659292221069,3.196731567382812,3.064162254333496,32.000000000000000
7.638,her .,-1.826370707334718,12.288094282150269,12.641997098922729,42.000000000000000
7.639,She,-5.382365703582764,5.263646125793457,5.248893737792969,3.000000000000000
7.640,was,-3.158835887908936,5.061583518981934,4.715915679931642,4.000000000000000
7.641,the,-3.761298179626465,4.468629360198975,4.349559783935547,6.000000000000000
7.642,first,-2.322208166122437,5.039093971252441,5.180938243865967,7.000000000000000
7.643,performer .,-9.332038733176889,11.837048292160034,12.054713487625122,12.000000000000000
7.644,"Lucy ,",-11.557602897286415,20.815918445587158,21.069142818450928,8.000000000000000
7.645,announced,-9.798199184238911,8.544470310211183,7.804914474487305,6.000000000000000
7.646,by,-1.719849586486816,4.310278415679932,4.206561565399170,8.000000000000000
7.647,her,-4.831769943237305,4.318672180175781,4.908788204193115,10.000000000000000
7.648,sister,-4.866278648376465,5.211725711822510,5.416239261627197,11.000000000000000
7.649,to,-4.631135463714600,3.781040191650391,3.764439105987549,9.000000000000000
7.650,the,-1.591672420501709,4.327539920806885,4.300965309143066,11.000000000000000
7.651,"audience ,",-5.685037171351723,8.025246858596802,8.401324510574341,18.000000000000000
7.652,was,-2.370974779129028,4.642661094665527,4.476001739501953,4.000000000000000
7.653,all,-6.989359378814697,5.010376453399658,5.272346973419189,6.000000000000000
7.654,nerves,-12.797883510589600,7.966561317443848,8.898222684860231,7.000000000000000
7.655,as,-2.114685535430908,4.918163299560547,4.829592704772949,7.000000000000000
7.656,she,-0.231751739978790,3.171604871749878,3.647856712341309,10.000000000000000
7.657,walked,-3.492010861635208,4.922786235809326,4.707584738731383,11.000000000000000
7.658,out,-1.450459241867065,4.288745403289795,4.575716495513916,13.000000000000000
7.659,onto,-7.301356315612793,3.660008430480957,3.628827333450317,14.000000000000000
7.660,the,-1.246818065643310,4.457001209259033,4.442809104919434,17.000000000000000
7.661,middle,-7.085859298706055,4.513525009155273,5.060615539550781,18.000000000000000
7.662,of,-0.001168402610347,3.830208778381348,3.891229867935181,18.000000000000000
7.663,the,-1.015882968902588,4.449825286865233,4.459560394287108,20.000000000000000
7.664,"stage ,",-9.953758239746094,8.199239015579224,9.021819114685059,39.000000000000000
7.665,where,-0.061186596681182,6.897471189498901,7.594527721405028,21.000000000000000
7.666,there,-5.948076248168945,4.745984554290772,4.951208591461182,23.000000000000000
7.667,was,-0.687619149684906,3.454940795898437,3.450528621673584,24.000000000000000
7.668,nothing,-4.143563270568849,4.593586444854736,4.840487003326416,27.000000000000000
7.669,but,-1.451126813888550,4.295015335083009,4.235802173614502,28.000000000000000
7.670,a,-0.971961975097656,4.486719131469727,4.467184066772461,31.000000000000000
7.671,microphone,-8.739006042480469,4.209840297698975,4.695265769958496,32.000000000000000
7.672,and,-2.274760246276855,5.480551242828369,5.508226871490479,31.000000000000000
7.673,her .,-5.983839382824953,11.237861871719360,12.105159997940062,37.000000000000000
7.674,She,-5.382365703582764,5.263646125793457,5.248893737792969,3.000000000000000
7.675,heard,-7.219898343086243,9.719614028930664,9.637810230255127,5.000000000000000
7.676,the,-1.758009195327759,3.374053716659546,4.120829105377196,9.000000000000000
7.677,audience,-5.554705142974854,4.112028121948241,4.765613555908203,10.000000000000000
7.678,applaud,-7.276798248291017,2.146589756011963,2.050794601440430,10.000000000000000
7.679,and,-0.896904706954956,4.409948825836182,4.191812992095946,5.000000000000000
7.680,could,-6.080060005187987,4.415054321289063,4.194238662719727,7.000000000000000
7.681,feel,-5.172362327575684,3.759157896041870,3.498128890991211,9.000000000000000
7.682,a,-3.836758375167847,4.016416549682616,4.308085918426514,13.000000000000000
7.683,sense,-4.544657707214356,3.225956201553345,3.484847307205200,14.000000000000000
7.684,of,-0.006148234009743,3.671005725860596,3.516857624053955,14.000000000000000
7.685,anticipation,-9.050473213195801,3.626163005828857,3.940375089645386,16.000000000000000
7.686,emanate,-13.622988700866699,5.640795230865479,5.483779191970825,13.000000000000000
7.687,from,-0.013405309990048,3.591487646102905,3.486699581146240,15.000000000000000
7.688,the,-0.972554326057434,4.522111892700195,4.713429450988770,18.000000000000000
7.689,other,-5.555042743682861,4.642215251922607,4.700988292694092,19.000000000000000
7.690,side,-1.747015893459320,6.363054752349854,6.965736627578735,20.000000000000000
7.691,of,-0.004493615590036,4.400351524353027,4.479471206665039,19.000000000000000
7.692,the,-0.358589470386505,4.088471412658691,3.916387796401978,21.000000000000000
7.693,heavy,-11.251455307006836,5.043311119079590,5.675380229949951,22.000000000000000
7.694,curtain .,-8.011830758754511,11.187695741653442,11.958877086639404,27.000000000000000
7.695,As,-1.935528874397278,5.991425514221191,5.507517337799072,3.000000000000000
7.696,the,-1.435852289199829,3.882745027542114,4.430196285247803,6.000000000000000
7.697,curtains,-11.102098226547241,8.847948551177979,10.134049415588381,7.000000000000000
7.698,began,-4.902523525059222,9.662460803985596,8.934000492095947,7.000000000000000
7.699,to,-0.348185658454895,5.084891796112061,5.045892715454102,10.000000000000000
7.700,"part ,",-10.824863404035568,8.257255077362061,7.761875152587891,15.000000000000000
7.701,she,-4.244605541229248,2.604805469512939,3.326055288314820,5.000000000000000
7.702,cast,-8.709516048431396,6.761943817138673,6.597364187240601,6.000000000000000
7.703,a,-1.355502724647522,3.724227190017700,4.041527271270752,8.000000000000000
7.704,worried,-10.985363960266113,4.642514705657959,5.090666770935059,9.000000000000000
7.705,look,-8.655794143676758,3.399273157119751,3.890402317047119,10.000000000000000
7.706,at,-0.625733792781830,3.866816997528076,3.855191469192505,9.000000000000000
7.707,Jill,-14.959718704223633,4.114800453186035,5.081748485565186,12.000000000000000
7.708,in,-0.999414861202240,3.402220249176025,3.309605121612549,13.000000000000000
7.709,the,-2.115154743194580,4.411848068237305,4.802790641784668,15.000000000000000
7.710,"wings ,",-11.718872308731077,11.930119991302490,12.712294101715090,29.000000000000000
7.711,who,-0.184277102351189,2.057879686355591,2.260589599609375,16.000000000000000
7.712,assured,-9.566436767578123,4.089361190795898,4.026933670043944,18.000000000000000
7.713,her,-0.379333406686783,3.772951602935791,4.007882118225099,20.000000000000000
7.714,with,-5.223556995391847,3.515019416809082,3.456120729446411,21.000000000000000
7.715,a,-1.378330945968628,4.828030586242676,4.945116519927979,23.000000000000000
7.716,positive,-7.158791542053223,4.655086517333983,4.980386257171631,24.000000000000000
7.717,thumbs,-12.955584526062012,9.764765977859495,11.425870656967163,25.000000000000000
7.718,up .,-6.968206892081071,11.325813531875610,11.813132762908936,32.000000000000000
7.719,Lucy,-13.377972006797789,15.536886215209961,15.410998821258545,3.000000000000000
7.720,thought,-6.419728279113770,4.669619083404541,4.511021137237549,4.000000000000000
7.721,to,-4.166316032409668,3.710588455200195,3.591718912124634,6.000000000000000
7.722,herself,-4.699117898941040,9.567237854003906,9.710897445678713,8.000000000000000
7.723,that,-0.295139729976654,4.936620235443115,4.684447765350342,8.000000000000000
7.724,she,-1.117848038673401,3.792250156402588,4.203235626220703,11.000000000000000
7.725,could,-2.203996419906616,4.470204353332520,4.293520450592041,12.000000000000000
7.726,not,-3.731887340545654,4.728862285614014,4.606510162353517,13.000000000000000
7.727,go,-4.623079299926758,4.255908966064453,4.108088016510010,15.000000000000000
7.728,through,-5.134324550628662,4.120479583740233,4.280584335327148,17.000000000000000
7.729,with,-0.137929812073708,4.114317417144775,4.328564167022705,18.000000000000000
7.730,this,-3.319808483123780,5.063452720642090,5.159672737121582,20.000000000000000
7.731,and,-1.713216781616211,4.458774566650392,4.337671279907227,8.000000000000000
7.732,that,-0.008487935177982,4.149780750274658,4.064017295837401,10.000000000000000
7.733,"she ,",-6.547956705093384,7.554704427719116,7.844940185546874,26.000000000000000
7.734,unlike,-4.010911464691162,3.923261404037476,3.924888372421265,15.000000000000000
7.735,her,-1.645132422447205,4.910906314849854,5.362301349639893,17.000000000000000
7.736,older,-5.909358024597168,5.485643863677979,5.904482841491699,18.000000000000000
7.737,"sister ,",-1.462578258826397,8.223909378051758,8.539094924926758,34.000000000000000
7.738,was,-1.603381991386414,4.015460491180420,3.873282194137573,17.000000000000000
7.739,not,-2.775084495544434,4.462018966674805,4.358442783355713,18.000000000000000
7.740,confident,-7.824005126953125,3.775806903839111,3.636808633804321,20.000000000000000
7.741,enough,-3.479328164830804,8.149978637695312,8.308933258056639,21.000000000000000
7.742,to,-0.005668043624610,4.606181144714356,4.565137863159180,24.000000000000000
7.743,put,-5.208298683166504,5.020236968994142,4.935246944427490,26.000000000000000
7.744,herself,-2.633028209209442,9.532807826995850,9.897445201873779,28.000000000000000
7.745,before,-5.455610752105713,4.087935924530028,4.059751987457275,29.000000000000000
7.746,the,-1.539792895317078,4.369916915893556,4.437847137451172,31.000000000000000
7.747,judging,-13.373955383431165,6.964389324188232,8.168806552886963,32.000000000000000
7.748,audience .,-7.697149788320530,11.591688156127930,12.230272769927979,37.000000000000000
7.749,The,-1.657068967819214,5.793336868286133,5.808848381042480,4.000000000000000
7.750,crowd,-8.158126831054688,4.942233562469482,5.013391494750977,5.000000000000000
7.751,looked,-5.741126060485840,8.193824529647827,7.931016921997070,5.000000000000000
7.752,up,-1.527526974678040,4.131927013397217,4.256090164184569,7.000000000000000
7.753,at,-1.902298450469971,3.900378465652466,3.724536418914795,8.000000000000000
7.754,her,-3.162435531616211,3.954771518707275,4.361392021179198,10.000000000000000
7.755,and,-1.634060621261597,4.707017421722412,4.496705532073975,3.000000000000000
7.756,Lucy,-13.984387755393982,10.048041582107542,11.548885107040405,6.000000000000000
7.757,was,-2.149786949157715,4.549193859100342,4.446380615234375,7.000000000000000
7.758,ready,-3.204154491424561,4.374702930450440,4.159583568572998,9.000000000000000
7.759,to,-0.002799998037517,5.243313789367676,5.110852241516113,12.000000000000000
7.760,run,-5.234811782836914,4.135684967041017,3.909210205078125,14.000000000000000
7.761,when,-0.513839483261108,3.663820028305054,3.926986932754517,17.000000000000000
7.762,the,-1.095938801765442,4.147871971130371,4.596905231475830,21.000000000000000
7.763,first,-3.859066009521485,4.098985195159912,4.657004833221436,22.000000000000000
7.764,notes,-9.150032043457033,3.916917800903320,4.597999095916748,23.000000000000000
7.765,of,-0.352095127105713,3.840662717819214,3.901072740554810,22.000000000000000
7.766,the,-1.157606005668640,4.778348445892334,4.771460056304932,24.000000000000000
7.767,music,-6.195105552673340,4.373899459838866,4.986717224121094,25.000000000000000
7.768,sounded,-5.245446406304835,5.821420907974242,5.389820098876953,21.000000000000000
7.769,out,-0.034139558672905,4.281946182250977,4.393771648406982,23.000000000000000
7.770,and,-0.581322669982910,4.260942935943604,4.143499851226807,19.000000000000000
7.771,a,-3.693441152572632,3.891874074935913,4.050621986389160,22.000000000000000
7.772,sudden,-9.162909507751463,4.363394260406493,4.828566551208496,23.000000000000000
7.773,calm,-7.975376129150392,3.829967260360718,4.482064723968506,24.000000000000000
7.774,settled,-7.736538410186768,3.952575922012329,3.913591623306274,23.000000000000000
7.775,over,-3.668128728866577,3.395886421203613,3.531807899475098,25.000000000000000
7.776,her .,-1.113824440690223,11.431343793869017,11.899204492568970,31.000000000000000
7.777,She,-5.382365703582764,5.263646125793457,5.248893737792969,3.000000000000000
7.778,closed,-7.394394874572754,4.644248485565186,5.310167789459229,5.000000000000000
7.779,her,-1.968477249145508,3.680191755294800,4.038977146148682,7.000000000000000
7.780,eyes,-2.971749782562256,3.795074939727783,4.648276329040527,8.000000000000000
7.781,and,-0.348027676343918,4.428455829620361,4.140892982482910,5.000000000000000
7.782,shut,-6.306068420410156,3.191125631332397,2.808613777160645,7.000000000000000
7.783,everything,-8.320748090744019,7.263796806335449,8.133864879608153,9.000000000000000
7.784,"out ,",-6.365475654602051,9.006112098693848,9.115005016326904,20.000000000000000
7.785,including,-3.281062245368389,7.807166576385497,8.294052124023438,12.000000000000000
7.786,the,-1.577443957328796,4.189865589141847,4.613763332366943,15.000000000000000
7.787,"audience ,",-10.210660457611084,8.350489139556885,8.766850471496582,31.000000000000000
7.788,the,-0.519028604030609,3.813561916351318,4.388475418090819,18.000000000000000
7.789,nerves,-9.069767832756042,6.316720962524414,7.426241397857666,19.000000000000000
7.790,that,-0.011757010594010,3.619109630584717,3.383163690567017,20.000000000000000
7.791,threatened,-8.082625985145569,5.666035890579224,5.525804877281189,22.000000000000000
7.792,to,-0.006666443776339,4.953458786010742,4.824812889099121,25.000000000000000
7.793,take,-5.003883361816406,3.417315244674683,3.189685821533203,27.000000000000000
7.794,"over ,",-3.593992233276367,7.580112457275392,7.946206569671632,46.000000000000000
7.795,the,-1.145126104354858,3.435832977294922,3.953878402709961,19.000000000000000
7.796,text,-9.950262069702148,2.956911563873291,3.587364912033081,20.000000000000000
7.797,"messages ,",-11.585330247879028,12.260951280593872,13.501015663146973,40.000000000000000
7.798,and,-1.212246775627136,4.775681972503662,4.732713699340820,20.000000000000000
7.799,the,-0.266650676727295,4.010164260864259,4.336163043975830,23.000000000000000
7.800,way,-4.600300788879395,3.883677959442138,4.393861293792725,24.000000000000000
7.801,they,-2.537841320037842,3.953417539596558,4.253983020782472,26.000000000000000
7.802,made,-5.638756752014160,4.475630283355713,4.450608730316162,27.000000000000000
7.803,her,-2.633912086486816,4.592902660369873,4.863386631011963,31.000000000000000
7.804,feel .,-5.543024970349506,9.328380584716797,9.511440277099609,36.000000000000000
7.805,It,-3.578969717025757,5.709035873413086,5.810785770416260,4.000000000000000
7.806,was,-1.976058006286621,5.259968757629395,5.210430145263672,5.000000000000000
7.807,just,-3.494903326034546,3.779366493225098,3.573040246963501,7.000000000000000
7.808,her,-6.034830093383789,3.817637443542481,4.560006618499756,8.000000000000000
7.809,and,-8.131302833557129,5.408999443054199,5.935247421264648,9.000000000000000
7.810,the,-4.506458759307861,3.531289339065552,3.887919425964356,10.000000000000000
7.811,"music ,",-7.533713608980179,8.798314094543457,9.215395927429199,14.000000000000000
7.812,and,-0.970965266227722,4.485083103179932,4.313852787017821,4.000000000000000
7.813,it,-1.961935281753540,3.826001644134521,4.403635025024414,7.000000000000000
7.814,was,-0.931229948997498,3.850255012512207,3.664164066314697,8.000000000000000
7.815,a,-1.656810760498047,4.551799774169922,4.443855285644531,11.000000000000000
7.816,love,-4.323848724365233,3.909046173095703,4.420353412628174,12.000000000000000
7.817,story,-2.676888227462769,3.472975015640259,4.072000026702882,13.000000000000000
7.818,that,-0.011640130542219,2.890959978103638,2.747312545776367,13.000000000000000
7.819,had,-2.891141176223755,4.435450553894043,4.226088523864746,15.000000000000000
7.820,been,-1.215895175933838,4.570341110229492,4.418844699859619,17.000000000000000
7.821,going,-4.285531044006349,3.683244228363037,3.629391908645630,19.000000000000000
7.822,on,-0.057341855019331,4.132143974304198,4.217516899108887,21.000000000000000
7.823,her,-3.860281467437744,4.040229320526123,4.247873306274413,22.000000000000000
7.824,whole,-4.854575157165527,4.878444194793701,5.113616943359375,23.000000000000000
7.825,life .,-0.170608549378812,11.837910652160645,12.491184711456297,30.000000000000000
7.826,She,-5.533744812011719,4.640637397766113,4.651361465454102,4.000000000000000
7.827,began,-6.267959058284760,10.027728080749512,9.586550235748293,5.000000000000000
7.828,to,-1.002657175064087,5.703872680664063,5.298007011413574,8.000000000000000
7.829,"sing ,",-6.056009858846664,15.233525037765503,14.778925657272339,13.000000000000000
7.830,and,-0.744311034679413,4.133559703826903,4.015869140625000,4.000000000000000
7.831,all,-4.915991306304932,4.732216358184815,5.090991020202637,9.000000000000000
7.832,the,-1.919802427291870,4.190513610839844,4.218631744384767,10.000000000000000
7.833,pain,-7.188804149627686,3.041132926940918,3.650539636611938,11.000000000000000
7.834,and,-3.491297960281372,4.909234046936035,5.165529251098633,9.000000000000000
7.835,confusion,-10.994474411010742,2.873152256011963,3.339826822280884,11.000000000000000
7.836,that,-0.001745249843225,3.002280235290528,2.760129451751709,10.000000000000000
7.837,the,-2.729248046875000,3.753227710723877,3.896721601486206,12.000000000000000
7.838,messages,-10.545023202896116,8.431837558746338,9.440911293029783,13.000000000000000
7.839,had,-1.375879764556885,3.813498020172119,3.749185800552368,13.000000000000000
7.840,been,-1.532185912132263,4.421056270599365,4.332621574401856,15.000000000000000
7.841,causing,-4.849347405019216,7.160914897918701,6.885209798812866,17.000000000000000
7.842,inside,-6.188910007476808,3.808977842330933,3.784921169281006,19.000000000000000
7.843,her,-0.453350186347961,3.730622291564941,3.917585372924805,21.000000000000000
7.844,just,-3.577898025512696,3.942174196243286,4.130100727081299,8.000000000000000
7.845,flowed,-8.398147266358137,5.113626480102539,4.969595789909364,9.000000000000000
7.846,out .,-1.210820999869611,10.719716787338257,11.035402536392212,17.000000000000000
7.847,The,-1.674321293830872,6.122092247009277,6.432260990142822,3.000000000000000
7.848,words,-9.922117233276367,5.836556911468506,6.521317958831787,4.000000000000000
7.849,were,-1.633622407913208,5.426658153533936,5.502283096313477,4.000000000000000
7.850,not,-4.384044647216797,5.239387512207031,5.516621589660645,5.000000000000000
7.851,"important ,",-9.130774497985840,9.499139308929443,9.105528354644775,14.000000000000000
7.852,for,-4.678649902343750,4.624074459075928,4.297049045562743,9.000000000000000
7.853,it,-3.972034931182861,4.889013290405273,5.212847709655762,12.000000000000000
7.854,was,-1.171779751777649,4.162365913391113,4.008378505706787,13.000000000000000
7.855,the,-0.910621762275696,4.402229785919189,4.456626892089844,17.000000000000000
7.856,feeling,-7.849321365356445,4.502990722656250,4.784316062927246,18.000000000000000
7.857,behind,-3.334395647048950,3.668829202651978,3.660956621170044,18.000000000000000
7.858,them,-2.539865016937256,3.982147455215454,4.402048110961914,20.000000000000000
7.859,that,-0.015239940024912,3.210835695266724,3.006353139877320,18.000000000000000
7.860,she,-6.357729434967041,3.778226613998413,4.257584571838379,20.000000000000000
7.861,latched,-13.845049393363295,9.353338003158571,9.095839023590088,21.000000000000000
7.862,onto .,-0.151488190575037,11.099045991897583,11.322567701339720,27.000000000000000
7.863,Lucy,-13.377972006797789,15.536886215209961,15.410998821258545,3.000000000000000
7.864,was,-2.699441909790039,5.351260662078857,5.266328811645508,4.000000000000000
7.865,in,-1.118664860725403,3.446203947067261,3.638049840927124,6.000000000000000
7.866,the,-1.059168100357056,4.340103149414063,4.637001514434815,9.000000000000000
7.867,heart,-5.409296512603760,4.657160758972168,5.243055820465088,10.000000000000000
7.868,of,-0.000501626054756,4.102783203125000,4.100725650787354,10.000000000000000
7.869,the,-1.375790357589722,4.318111419677733,4.350208282470703,12.000000000000000
7.870,song,-8.251836776733397,3.729183912277222,4.413366317749023,13.000000000000000
7.871,with,-2.103463172912598,3.684018611907959,3.646072864532471,7.000000000000000
7.872,the,-1.750091910362244,4.289682388305663,4.930297851562500,11.000000000000000
7.873,rest,-4.482553958892822,4.200792312622069,4.864709854125977,12.000000000000000
7.874,of,-0.001342706033029,4.111324310302733,4.075327873229980,12.000000000000000
7.875,the,-0.736661493778229,3.883053064346313,4.482127189636231,14.000000000000000
7.876,world,-2.219667434692383,3.942162275314331,4.193654537200929,15.000000000000000
7.877,slipping,-7.154381662083324,5.631935834884644,5.394874095916748,11.000000000000000
7.878,away .,-2.630731739220209,12.008423566818237,12.439319849014280,17.000000000000000
7.879,When,-0.051483795046806,5.534183502197267,5.524065017700195,4.000000000000000
7.880,the,-1.304027199745178,3.426345348358154,4.001285076141357,7.000000000000000
7.881,song,-9.903964042663574,3.788808345794678,4.538918018341064,8.000000000000000
7.882,finished,-6.087462902069093,4.850014686584473,4.655685901641847,8.000000000000000
7.883,and,-0.473852723836899,5.044566154479980,4.815557003021240,6.000000000000000
7.884,the,-0.668246090412140,3.052754640579224,3.559534549713135,9.000000000000000
7.885,last,-7.149502754211426,3.895488500595093,4.214262008666991,10.000000000000000
7.886,note,-7.795001029968263,3.815032720565796,4.517334938049316,11.000000000000000
7.887,died,-5.644193649291992,4.654770851135254,4.751286029815674,10.000000000000000
7.888,"away ,",-6.906848326325417,9.090855598449707,9.093329429626465,15.000000000000000
7.889,she,-3.414643764495850,2.632042884826660,3.252523183822632,5.000000000000000
7.890,opened,-7.392135783855339,6.706130266189575,6.348301887512207,6.000000000000000
7.891,her,-2.040531873703003,3.675615310668945,4.005948066711427,8.000000000000000
7.892,eyes .,-1.820168470323551,10.980527162551880,12.103927850723267,15.000000000000000
7.893,To,-1.214609980583191,5.794786930084229,5.684151172637940,4.000000000000000
7.894,see,-5.668143272399902,4.527352809906006,4.131506919860840,6.000000000000000
7.895,the,-0.902884721755981,4.078388690948486,4.234033107757568,10.000000000000000
7.896,whole,-8.330737113952638,5.171872615814209,5.421838760375977,11.000000000000000
7.897,audience,-6.974191665649414,3.456947803497314,3.940281152725220,12.000000000000000
7.898,on,-4.512094497680664,3.439990282058716,3.620031833648682,11.000000000000000
7.899,their,-4.904334545135498,4.577642440795898,4.922144412994385,13.000000000000000
7.900,feet,-3.618680000305176,3.707459688186646,4.396846771240233,14.000000000000000
7.901,and,-1.820075631141662,4.912433147430420,4.747714042663574,9.000000000000000
7.902,the,-0.131886184215546,3.693385601043701,3.941606044769287,12.000000000000000
7.903,hall,-8.794790863990784,6.333879232406616,6.984325408935548,13.000000000000000
7.904,filled,-4.289829254150392,4.249862194061278,4.072232723236084,13.000000000000000
7.905,with,-0.038366705179214,3.286266326904297,3.079728126525879,15.000000000000000
7.906,cheers,-7.347875356674193,7.689726829528809,9.154733180999756,17.000000000000000
7.907,and,-1.676674485206604,5.107613086700440,5.617571830749512,18.000000000000000
7.908,applause,-3.165784813914797,6.874138832092285,8.254206418991089,19.000000000000000
7.909,was,-2.806992769241333,3.284615039825439,3.276461839675904,4.000000000000000
7.910,not,-6.107010841369629,4.279380798339844,4.650287628173828,6.000000000000000
7.911,what,-0.060353178530931,3.961488962173462,3.908491849899292,9.000000000000000
7.912,Lucy,-12.431646525859833,10.140706777572634,11.501831293106079,11.000000000000000
7.913,had,-1.841654300689697,3.332317829132080,3.203643560409546,12.000000000000000
7.914,expected .,-4.312542934436351,10.096838235855103,10.153581380844116,18.000000000000000
7.915,Lucy,-13.377972006797789,15.536886215209961,15.410998821258545,3.000000000000000
7.916,allowed,-9.660978317260742,5.340552330017090,5.190958499908447,4.000000000000000
7.917,herself,-4.862345337867738,9.166416168212891,9.555649280548096,7.000000000000000
7.918,to,-0.020855771377683,4.866839885711670,4.607324600219727,8.000000000000000
7.919,enjoy,-5.134788513183594,3.938709259033203,3.749520301818848,10.000000000000000
7.920,the,-1.129400372505188,3.874828100204468,4.556746959686278,13.000000000000000
7.921,sense,-7.568657875061035,3.504667997360229,4.044474601745605,14.000000000000000
7.922,of,-0.015846511349082,4.274670124053955,4.244473457336427,14.000000000000000
7.923,achievement,-10.597212791442873,3.730412006378174,4.244034290313722,17.000000000000000
7.924,and,-1.648970723152161,5.673913002014160,5.665594577789308,17.000000000000000
7.925,belonging,-8.295217514038086,3.714751720428467,3.744618654251098,19.000000000000000
7.926,that,-0.009928957559168,3.551096439361572,3.408801555633545,16.000000000000000
7.927,she,-0.615761280059814,3.743354797363281,4.158253192901611,18.000000000000000
7.928,had,-1.371887803077698,3.749493837356568,3.614707708358765,19.000000000000000
7.929,not,-5.412138938903809,4.905346393585205,4.788464546203613,20.000000000000000
7.930,felt,-6.226974964141847,4.103590488433838,3.985325574874878,22.000000000000000
7.931,in,-1.570309996604919,3.804649591445923,3.810229301452637,24.000000000000000
7.932,a,-3.768430709838867,4.713997364044189,4.827074527740479,26.000000000000000
7.933,very,-1.935318112373352,5.007734775543213,5.337698936462402,28.000000000000000
7.934,long,-2.295042514801025,3.644806861877441,4.005859851837158,29.000000000000000
7.935,time .,-0.179802902799565,12.460083961486816,12.910519361495972,32.000000000000000
7.936,Then,-8.730118751525879,6.997014045715332,6.931038379669189,2.000000000000000
7.937,she,-3.569314241409302,4.295001983642578,4.463819503784180,4.000000000000000
7.938,saw,-6.676582336425781,4.472102642059326,4.484457015991211,5.000000000000000
7.939,her,-3.636757373809815,4.009110450744629,4.709760189056396,9.000000000000000
7.940,"mother ,",-2.929269075393677,9.115904808044434,9.888989448547363,19.000000000000000
7.941,who,-0.130081444978714,2.783905029296875,2.834957361221313,12.000000000000000
7.942,was,-1.548770546913147,5.169136047363281,4.986910820007324,14.000000000000000
7.943,cheering,-10.322451949119568,7.117979288101196,7.174643516540527,16.000000000000000
7.944,the,-1.255751967430115,3.678298950195313,3.677792787551880,19.000000000000000
7.945,loudest,-12.768679007538596,10.434100389480589,12.102238893508911,20.000000000000000
7.946,of,-0.344926714897156,3.937278509140015,3.847786188125609,20.000000000000000
7.947,all,-2.964464664459229,4.803059577941895,5.006742000579834,22.000000000000000
7.948,in,-2.095259666442871,3.658731460571289,3.954810142517090,12.000000000000000
7.949,the,-1.291483879089356,3.913784742355346,4.464577198028564,14.000000000000000
7.950,"crowd ,",-5.239166975021361,7.474710464477538,7.860059261322021,23.000000000000000
7.951,and,-0.830642580986023,4.468913078308105,4.410356998443604,9.000000000000000
7.952,"Jill ,",-14.837095677852631,8.252762317657471,9.104741573333740,24.000000000000000
7.953,who,-0.104013077914715,2.466126918792725,2.452862024307251,15.000000000000000
7.954,was,-2.082595825195312,4.762886524200440,4.701335430145264,17.000000000000000
7.955,beaming,-10.085307047702374,9.359339952468874,9.153294324874876,19.000000000000000
7.956,at,-2.725549221038818,3.350073099136353,3.286786079406738,21.000000000000000
7.957,her,-1.403829216957093,4.073362350463866,4.402021884918213,23.000000000000000
7.958,with,-2.165378570556641,3.538021087646484,3.486528158187866,22.000000000000000
7.959,pride,-7.882528781890869,4.040137767791748,4.353906154632568,24.000000000000000
7.960,from,-4.536838531494142,3.782328367233277,3.716793298721313,23.000000000000000
7.961,the,-1.600698709487915,4.243079662322998,4.399196624755858,25.000000000000000
7.962,wings .,-9.397542364546098,14.762568712234497,15.775021791458130,31.000000000000000
7.963,She,-5.382365703582764,5.263646125793457,5.248893737792969,3.000000000000000
7.964,knew,-7.227096557617188,5.141602039337158,5.164163112640381,4.000000000000000
7.965,she,-1.237946152687073,3.825905323028565,4.123147964477538,8.000000000000000
7.966,owed,-7.432411909103394,8.977653264999391,9.137572765350342,9.000000000000000
7.967,them,-3.274190902709961,3.768595695495605,4.052325248718262,11.000000000000000
7.968,big,-7.299436092376709,5.264600276947021,5.996669769287108,12.000000000000000
7.969,time,-7.987674236297607,4.603440284729004,4.869197368621826,13.000000000000000
7.970,for,-1.451757907867432,4.199235916137694,4.163246154785156,13.000000000000000
7.971,reminding,-9.264948247517168,7.353066444396973,7.023995399475098,16.000000000000000
7.972,her,-1.361467719078064,4.009072303771974,4.456840515136719,18.000000000000000
7.973,what,-0.469371795654297,4.730915069580078,4.774278640747070,21.000000000000000
7.974,she,-0.887130737304688,3.624282836914063,3.885026216506958,23.000000000000000
7.975,was,-0.905964732170105,4.776662826538086,4.641677379608153,24.000000000000000
7.976,capable,-4.599601369001904,6.442620515823363,7.023920059204102,26.000000000000000
7.977,of,-0.002850994467735,3.448526144027710,3.308099746704102,28.000000000000000
7.978,and,-0.762126445770264,4.767313003540039,4.679398059844972,20.000000000000000
7.979,who,-3.837848901748657,3.156123399734497,3.212801933288574,23.000000000000000
7.980,she,-0.569535970687866,3.454147577285767,3.643958091735840,25.000000000000000
7.981,really,-1.510919568907411,7.493241310119629,7.633450746536255,26.000000000000000
7.982,was .,-1.333366610262601,11.155039787292480,11.355208158493042,31.000000000000000
7.983,The,-1.111525416374206,5.131339073181152,5.495558261871338,5.000000000000000
7.984,next,-7.173929691314697,5.475344181060791,6.113397598266602,6.000000000000000
7.985,time,-2.621782779693604,5.024785995483398,5.078547954559326,7.000000000000000
7.986,her,-6.951951026916504,4.594974517822267,5.017715930938722,8.000000000000000
7.987,phone,-7.754904747009277,4.378214836120605,4.859185218811035,9.000000000000000
7.988,bleeped,-13.445241928100586,11.815110445022585,11.129844427108765,9.000000000000000
7.989,she,-0.230401411652565,3.501401185989380,3.701300144195557,4.000000000000000
7.990,would,-4.298928737640382,4.381433486938477,4.286509513854980,5.000000000000000
7.991,tap,-9.464657783508301,3.411647558212280,3.079542160034180,7.000000000000000
7.992,the,-1.547585010528564,3.609352827072144,3.819949626922608,9.000000000000000
7.993,message,-6.263035297393799,4.432075023651123,5.017073631286621,10.000000000000000
7.994,straight,-11.420479774475098,3.771080970764160,4.267578601837158,10.000000000000000
7.995,into,-5.077884197235107,4.141561985015868,4.089606285095215,11.000000000000000
7.996,oblivion,-13.303940585115926,6.658295869827271,7.909594535827638,14.000000000000000
7.997,where,-0.037842359242859,6.962156772613525,7.533533334732057,16.000000000000000
7.998,it,-2.558588981628418,3.839831113815308,4.586463451385498,18.000000000000000
7.999,belonged .,-5.921901577035896,12.770338535308838,12.726034045219421,24.000000000000000
8.1,The,-1.674321293830872,6.122092247009277,6.432260990142822,3.000000000000000
8.2,Roswell,-13.817305207252502,10.832817554473877,11.503878116607664,4.000000000000000
8.3,UFO,-17.931945800781250,10.244657993316650,10.596755027770996,5.000000000000000
8.4,Incident,-19.725762248039246,15.785691261291506,16.719147682189938,6.000000000000000
8.5,was,-2.604569911956787,4.698688983917236,4.530218601226807,4.000000000000000
8.6,the,-0.902076780796051,4.499152660369873,4.553073883056642,7.000000000000000
8.7,alleged,-10.269995689392090,4.982028007507324,4.970111846923828,8.000000000000000
8.8,recovery,-12.277050971984865,3.877373933792114,4.274530887603760,9.000000000000000
8.9,of,-0.336830556392670,4.469688892364502,4.442013263702393,8.000000000000000
8.10,extra-terrestrial,-26.039031129330397,26.725879669189450,29.627959966659546,11.000000000000000
8.11,"debris ,",-15.418685846962035,12.533918142318726,14.269793510437012,23.000000000000000
8.12,including,-0.101988226171443,8.638957977294924,9.128621578216553,13.000000000000000
8.13,alien,-12.670912265777588,6.723553657531737,6.862039089202881,15.000000000000000
8.14,"corpses ,",-9.982591355219483,11.502356529235840,12.516510725021362,29.000000000000000
8.15,from,-0.705056190490723,3.699097871780396,3.564153909683228,15.000000000000000
8.16,an,-3.090343952178955,4.545771121978760,4.508209705352783,18.000000000000000
8.17,object,-8.203245162963867,3.518175601959229,3.874534130096436,19.000000000000000
8.18,that,-0.042579252272844,3.096669912338257,3.013362407684326,20.000000000000000
8.19,crashed,-6.573757965117693,5.274790763854980,5.257786273956299,22.000000000000000
8.20,near,-4.081934928894043,4.321348190307616,4.329352378845215,24.000000000000000
8.21,"Roswell ,",-19.334801912307739,10.595605134963989,12.112875223159792,53.000000000000000
8.22,New,-9.488478660583496,4.506536960601807,4.611819744110107,28.000000000000000
8.23,"Mexico ,",-5.968911647796631,8.995964050292969,9.050808906555176,53.000000000000000
8.24,on,-12.534440040588381,4.216206073760986,4.195754528045653,27.000000000000000
8.25,or,-10.397454261779783,4.560441017150879,4.820640087127686,28.000000000000000
8.26,about,-5.119684219360352,3.345590353012085,3.269331693649292,29.000000000000000
8.27,July,-6.915558815002441,4.670465946197510,4.890099048614502,32.000000000000000
8.28,"eighth ,",-23.164002418518063,11.372061252593994,11.787789106369019,67.000000000000000
8.29,nineteen,-12.277099132537842,9.421192646026613,9.660443782806396,35.000000000000000
8.30,forty-seven .,-24.270242688049620,26.148507118225098,27.823564529418945,40.000000000000000
8.31,Since,-4.172652244567871,5.926736354827881,5.535750865936278,3.000000000000000
8.32,the,-2.330027580261230,3.970146179199218,4.517480850219727,5.000000000000000
8.33,late,-3.647490978240967,5.619991779327393,6.482511520385742,6.000000000000000
8.34,nineteen,-17.355929851531982,7.944162130355835,9.861950397491457,7.000000000000000
8.35,"seventies ,",-20.792605213820934,14.258571147918701,15.400511264801025,11.000000000000000
8.36,the,-1.397174596786499,3.943513393402100,3.995915174484253,5.000000000000000
8.37,incident,-8.282507896423340,4.156630516052246,4.657627582550049,6.000000000000000
8.38,has,-0.050748456269503,4.614368915557861,4.581865787506104,6.000000000000000
8.39,been,-1.329853415489197,4.605581760406494,4.665359497070312,8.000000000000000
8.40,the,-0.675704360008240,4.121958255767821,3.958206653594970,12.000000000000000
8.41,subject,-3.355458021163940,4.275374412536621,4.474032878875732,13.000000000000000
8.42,of,-0.002427728148177,4.467932224273682,4.301425457000732,13.000000000000000
8.43,intense,-2.921440601348877,5.801726818084718,6.029827117919923,15.000000000000000
8.44,controversy,-3.134224414825439,4.431084632873535,5.030753135681152,16.000000000000000
8.45,and,-1.904063582420349,5.114577293395996,5.031372070312500,11.000000000000000
8.46,the,-0.822446584701538,4.095705509185791,4.376787662506104,14.000000000000000
8.47,subject,-2.164284467697144,3.631438732147217,3.988241672515869,15.000000000000000
8.48,of,-0.002914944430813,4.487801074981689,4.375197410583496,15.000000000000000
8.49,conspiracy,-12.855002403259276,4.418672084808350,4.953198432922363,18.000000000000000
8.50,theories,-8.779879629611969,7.921942234039308,9.151399135589600,19.000000000000000
8.51,as,-5.809562683105469,3.988544225692749,4.074130535125732,19.000000000000000
8.52,to,-0.003077415982261,3.999742031097412,3.953648805618286,21.000000000000000
8.53,the,-0.506985902786255,4.845470428466797,4.992265701293945,24.000000000000000
8.54,true,-4.431763172149658,4.754087924957275,5.179210662841797,25.000000000000000
8.55,nature,-0.856728613376617,4.480609893798828,4.819859981536865,26.000000000000000
8.56,of,-0.002606449183077,4.226876258850099,4.198990345001222,25.000000000000000
8.57,the,-0.587024211883545,4.306998252868651,4.391853332519531,28.000000000000000
8.58,object,-9.909585952758787,3.410721302032471,3.899944782257080,29.000000000000000
8.59,that,-0.045223038643599,3.298831701278687,3.128282546997070,30.000000000000000
8.60,crashed .,-8.279795727532473,12.922012686729431,13.191944122314453,38.000000000000000
8.61,The,-1.674321293830872,6.122092247009277,6.432260990142822,3.000000000000000
8.62,United,-7.374405384063722,5.992452144622803,6.664986610412598,4.000000000000000
8.63,States,-2.221624851226806,5.159200668334961,5.328141689300537,5.000000000000000
8.64,military,-6.796866416931152,5.624973773956299,5.513590812683105,6.000000000000000
8.65,maintains,-5.672542788088322,7.602329015731812,7.595060825347900,4.000000000000000
8.66,the,-0.938230037689209,4.673476219177246,4.528217315673828,9.000000000000000
8.67,debris,-11.334520533680914,7.652720212936401,9.205986261367796,10.000000000000000
8.68,recovered,-6.545528411865233,4.140856266021729,3.884643793106079,10.000000000000000
8.69,was,-1.940175533294678,3.989827632904053,3.933203220367432,9.000000000000000
8.70,from,-1.650599241256714,3.530614137649536,3.442781686782837,11.000000000000000
8.71,an,-2.989928960800171,4.879005908966064,5.281951427459717,14.000000000000000
8.72,experimental,-6.865930557250977,5.275027275085449,5.608593463897705,15.000000000000000
8.73,high-altitude,-12.565662369132042,12.838895559310913,14.652019500732422,16.000000000000000
8.74,surveillance,-5.727230548858643,4.263979434967041,5.045845985412598,17.000000000000000
8.75,balloon,-11.213969230651855,3.329527378082275,3.773140907287598,18.000000000000000
8.76,that,-0.006905026268214,2.819185018539429,2.756668806076050,16.000000000000000
8.77,belonged,-10.390384459518829,6.202232122421265,6.117442369461060,18.000000000000000
8.78,to,-0.065506607294083,3.631007671356201,3.515320777893066,20.000000000000000
8.79,a,-1.165499448776245,5.084781169891357,4.958429336547852,23.000000000000000
8.80,classified,-6.949790000915527,5.093776702880858,5.261113166809082,24.000000000000000
8.81,program,-3.675596237182617,3.759465456008911,4.329376697540283,25.000000000000000
8.82,named,-5.892135977745056,7.776207923889160,7.973042488098144,24.000000000000000
8.83,`` Mogul '' .,-40.010279103705216,34.684930086135864,35.480621099472046,83.000000000000000
8.84,"However ,",-2.344413492753119,15.267204761505125,16.311710834503174,6.000000000000000
8.85,many,-4.705911159515381,5.591391563415527,5.861636161804199,5.000000000000000
8.86,UFO,-15.712971687316895,7.952386617660522,8.614513874053955,6.000000000000000
8.87,proponents,-8.089125752227119,9.036812782287598,9.250279426574707,7.000000000000000
8.88,maintain,-4.863098144531250,3.205790758132935,2.894305944442749,6.000000000000000
8.89,"that ,",-11.832236260175705,9.156663894653320,8.882859706878662,20.000000000000000
8.90,in,-1.565186142921448,3.591615676879883,3.474070072174072,13.000000000000000
8.91,"fact ,",-2.696433671750128,8.225140571594238,8.375918865203857,28.000000000000000
8.92,a,-3.150231361389160,4.093075752258302,3.907996654510498,16.000000000000000
8.93,crashed,-16.364326477050778,6.913237094879150,7.516000032424928,17.000000000000000
8.94,alien,-9.354891538619997,5.949007034301758,6.027523517608643,18.000000000000000
8.95,craft,-8.957191228866579,5.799816131591798,6.269324064254762,19.000000000000000
8.96,and,-3.057169198989868,4.948976516723633,4.800134181976318,16.000000000000000
8.97,bodies,-13.450553774833679,9.043165683746338,9.860617637634276,18.000000000000000
8.98,were,-2.694128513336182,3.692286014556885,3.517316818237305,16.000000000000000
8.99,"recovered ,",-9.080260396003725,8.100709915161133,7.878411054611206,27.000000000000000
8.100,and,-0.051840398460627,3.513427734375000,3.273040771484375,10.000000000000000
8.101,that,-0.001249128952622,3.192711114883423,2.994166851043701,12.000000000000000
8.102,the,-1.481314659118652,3.342345952987671,3.293478250503540,15.000000000000000
8.103,military,-4.686989784240723,4.360770702362061,4.636284351348877,16.000000000000000
8.104,then,-4.598654270172119,4.168434143066406,4.201026439666748,16.000000000000000
8.105,engaged,-6.996239614090882,6.285775423049928,6.093985915184021,17.000000000000000
8.106,in,-0.011993910185993,3.982159852981568,3.815269470214844,19.000000000000000
8.107,a,-2.234659433364868,4.553620338439941,4.428393363952637,21.000000000000000
8.108,cover-up .,-8.265532294863078,17.750440716743469,19.045287847518921,28.000000000000000
8.109,The,-1.674321293830872,6.122092247009277,6.432260990142822,3.000000000000000
8.110,incident,-7.652021884918213,5.293594360351562,4.924387454986572,4.000000000000000
8.111,has,-2.980279445648193,5.202451229095459,4.887062072753906,4.000000000000000
8.112,turned,-5.179624557495117,4.868141651153564,5.039563655853272,6.000000000000000
8.113,into,-0.121029257774353,3.958956480026245,3.625062942504883,8.000000000000000
8.114,a,-1.302806138992310,3.910377979278565,3.950495958328247,10.000000000000000
8.115,widely,-4.821788311004639,4.719913005828857,4.905466079711914,12.000000000000000
8.116,known,-3.958078622817993,7.492528438568115,8.364833116531372,13.000000000000000
8.117,pop,-10.054541349411009,7.933806419372559,8.996404170989990,12.000000000000000
8.118,culture,-6.412780761718750,4.710749626159668,5.264497756958008,13.000000000000000
8.119,"phenomenon ,",-6.789269208908082,9.257641792297363,9.591273307800293,22.000000000000000
8.120,making,-3.487827777862549,4.305392265319823,4.096577167510986,11.000000000000000
8.121,the,-2.281492710113525,3.664288282394409,3.674983978271485,14.000000000000000
8.122,name,-7.174179553985597,5.705974578857423,6.137145519256593,15.000000000000000
8.123,Roswell,-15.132663011550903,6.728953838348389,8.459212541580200,16.000000000000000
8.124,synonymous,-5.539900756906718,7.611241102218628,7.813659906387329,15.000000000000000
8.125,with,-0.017563644796610,3.755820989608765,3.657591819763184,17.000000000000000
8.126,UFOs .,-14.578434101989842,20.499679327011108,21.814235448837280,23.000000000000000
8.127,It,-3.463986396789551,5.483454227447510,5.923331260681152,3.000000000000000
8.128,ranks,-8.946630477905273,9.369397640228273,9.159817934036257,4.000000000000000
8.129,as,-0.780045151710510,3.471527814865112,3.341288328170776,6.000000000000000
8.130,one,-2.238480567932129,4.097518920898438,4.322376251220703,9.000000000000000
8.131,of,-0.019401073455811,4.056411743164063,3.884972810745239,10.000000000000000
8.132,the,-3.047921657562256,4.016448020935059,4.173861026763916,12.000000000000000
8.133,most,-0.472949951887131,5.747348785400392,6.075774669647218,14.000000000000000
8.134,publicized,-9.264920887100745,7.566657304763794,8.651658058166504,15.000000000000000
8.135,and,-4.282552242279054,5.892429828643799,5.942366600036621,16.000000000000000
8.136,controversial,-1.665486693382263,4.131286621093750,4.565176010131836,17.000000000000000
8.137,alleged,-8.388073921203612,4.947053432464600,5.570828437805176,14.000000000000000
8.138,UFO,-15.264161109924315,7.872555255889893,9.397517204284668,15.000000000000000
8.139,incidents .,-5.340772710533201,14.870762586593628,16.034748792648315,20.000000000000000
8.140,On,-3.192491531372070,5.624299049377441,5.596875190734863,3.000000000000000
8.141,July,-6.342802047729492,5.773790836334229,5.944738864898683,6.000000000000000
8.142,"ninth ,",-15.957812786102295,9.080440044403076,9.492816448211670,13.000000000000000
8.143,nineteen,-14.029989719390869,8.167661428451536,9.761941909790039,8.000000000000000
8.144,"forty-seven ,",-22.514195363968607,24.700535774230953,26.057582139968872,12.000000000000000
8.145,a,-2.035697460174561,4.329589366912842,4.703951835632324,6.000000000000000
8.146,press,-8.143154144287111,4.180768013000488,4.671268463134767,7.000000000000000
8.147,release,-1.115074515342712,3.319695472717285,3.809511423110962,8.000000000000000
8.148,that,-0.008602821268141,3.351482152938843,3.382949590682983,8.000000000000000
8.149,Roswell,-12.738491058349609,7.836849212646483,9.633873462677002,10.000000000000000
8.150,Army,-13.533246994018555,4.140353202819823,4.669449329376222,11.000000000000000
8.151,Air,-7.803603649139403,4.433671951293945,4.918313026428223,12.000000000000000
8.152,Field,-12.079988479614258,4.347081184387207,4.911440849304199,13.000000000000000
8.153,issued,-3.197751937492285,5.974399805068970,5.751431465148926,11.000000000000000
8.154,stated,-4.830882072448730,3.956193685531616,3.874414205551148,6.000000000000000
8.155,that,-0.165825307369232,4.148603916168213,4.084194660186768,8.000000000000000
8.156,personnel,-10.203313827514648,4.672805786132812,5.300916671752930,12.000000000000000
8.157,from,-2.510126590728760,3.926831007003784,3.887243509292603,13.000000000000000
8.158,the,-0.891396403312683,3.556048393249512,3.452452182769775,16.000000000000000
8.159,field 's,-9.023840427814321,17.441032886505127,18.360920667648315,35.000000000000000
8.160,Bomb,-12.803076744079590,4.037858963012694,4.805433750152588,16.000000000000000
8.161,Group,-14.085905075073242,3.693800449371338,3.584531784057617,17.000000000000000
8.162,had,-1.047117710113525,3.105774402618408,3.040397167205811,12.000000000000000
8.163,recovered,-7.426477432250977,3.464076280593872,3.359637498855591,14.000000000000000
8.164,a,-4.001867771148682,4.429182052612305,4.427697658538818,16.000000000000000
8.165,crashed,-11.842261314392090,8.457699298858643,8.743769407272339,17.000000000000000
8.166,`` flying,-12.179571747779789,18.142760515213013,19.212050199508667,37.000000000000000
8.167,disc '',-34.560534089803703,15.790166854858398,17.856017827987671,41.000000000000000
8.168,from,-0.834978282451630,3.116914987564087,2.984300374984741,17.000000000000000
8.169,a,-1.246518135070801,4.769733428955078,4.841265678405762,20.000000000000000
8.170,ranch,-10.210500001907347,6.052167654037476,6.510896444320679,21.000000000000000
8.171,near,-2.010314941406250,3.981986761093140,3.856834411621094,21.000000000000000
8.172,"Roswell ,",-14.875094950199127,11.307876348495483,12.849586963653564,31.000000000000000
8.173,sparking,-10.278402719646694,6.556793689727782,6.376663923263550,11.000000000000000
8.174,intense,-5.293936729431152,5.740483283996582,5.879775047302246,13.000000000000000
8.175,media,-6.882267475128174,4.692268371582031,5.488231182098389,14.000000000000000
8.176,interest .,-1.625232528924244,11.046663761138916,11.119080305099487,21.000000000000000
8.177,Later,-4.948992252349854,5.643214225769043,5.874688148498535,3.000000000000000
8.178,the,-2.978116273880005,4.046906948089600,4.637352466583252,5.000000000000000
8.179,same,-3.602247714996338,5.275621414184570,5.549935817718506,6.000000000000000
8.180,"day ,",-1.060952931642532,13.305001497268677,13.616297006607056,10.000000000000000
8.181,the,-1.685983419418335,4.717884540557861,5.145813465118408,6.000000000000000
8.182,Commanding,-18.054915904998783,8.234590053558350,9.785978317260742,7.000000000000000
8.183,General,-7.062953948974608,3.789238452911377,4.381694793701172,8.000000000000000
8.184,of,-0.094028748571873,3.673827409744263,3.860470771789551,7.000000000000000
8.185,the,-1.716682434082031,4.457596778869629,5.195760250091553,9.000000000000000
8.186,Eighth,-11.327543258666992,4.090511322021483,5.204392433166504,10.000000000000000
8.187,Air,-7.491650581359862,3.721393346786499,4.561316013336182,11.000000000000000
8.188,Force,-0.244958624243736,3.510924100875854,4.414317131042480,12.000000000000000
8.189,stated,-7.533377170562744,5.056238651275635,4.889840602874756,6.000000000000000
8.190,"that ,",-9.033490031957626,8.309455871582031,8.245024204254150,18.000000000000000
8.191,in,-1.410445094108582,3.473329782485962,3.477098703384399,12.000000000000000
8.192,"fact ,",-3.315689026378095,8.365725040435791,8.394721031188965,26.000000000000000
8.193,a,-2.991562843322754,4.631372451782227,4.506016254425049,16.000000000000000
8.194,weather,-10.125004768371582,3.497772216796875,4.404470443725586,17.000000000000000
8.195,balloon,-6.056179046630858,2.525697946548462,3.070209741592407,18.000000000000000
8.196,had,-1.606287479400635,4.324503421783446,4.257387638092041,16.000000000000000
8.197,been,-0.437788814306259,4.882052898406982,4.873747348785400,18.000000000000000
8.198,recovered,-5.539161205291748,4.525711059570312,4.510699748992920,20.000000000000000
8.199,by,-3.387540340423584,3.714523315429688,3.599341392517090,22.000000000000000
8.200,the,-1.014976024627686,4.180125713348389,4.528997898101807,24.000000000000000
8.201,Roswell,-12.142404198646545,8.194679260253906,9.696446895599363,25.000000000000000
8.202,Army,-4.528202056884767,4.391956806182861,4.771877765655518,26.000000000000000
8.203,Air,-4.419948101043701,3.978372812271118,5.163688182830811,27.000000000000000
8.204,Field,-10.066663742065430,4.030416965484618,4.959262847900392,28.000000000000000
8.205,"personnel ,",-11.417421519756317,8.318519592285156,9.026062965393066,43.000000000000000
8.206,rather,-0.936579942703247,3.879230737686157,4.304836273193358,16.000000000000000
8.207,than,-0.000011801649634,3.563611030578613,3.595814704895020,17.000000000000000
8.208,a,-1.927398800849914,4.888766288757324,4.994572639465332,18.000000000000000
8.209,`` flying,-11.398551702482109,20.603001117706299,21.097568511962891,39.000000000000000
8.210,saucer '' .,-32.156650973483920,27.601894378662109,29.181413650512695,49.000000000000000
8.211,A,-3.903495788574218,6.528120040893555,7.088382244110107,3.000000000000000
8.212,subsequent,-8.055242538452147,6.381478309631348,6.489120483398438,4.000000000000000
8.213,press,-6.392107486724854,4.788177490234375,5.067025661468506,5.000000000000000
8.214,conference,-1.393768668174744,4.582989692687988,4.805166244506836,6.000000000000000
8.215,was,-1.737452983856201,4.548070907592773,4.518363952636719,4.000000000000000
8.216,"called ,",-6.195407032966614,13.291659593582152,12.450571298599243,13.000000000000000
8.217,featuring,-6.268450368079357,8.245271444320679,8.167478799819946,10.000000000000000
8.218,debris,-13.372021555900574,7.467776298522949,9.050470829010010,13.000000000000000
8.219,from,-0.836510300636292,3.541532039642334,3.430345058441162,14.000000000000000
8.220,the,-1.763049483299255,3.798978328704834,4.154439449310304,16.000000000000000
8.221,crashed,-12.221877098083494,8.072618246078491,8.526127576828003,17.000000000000000
8.222,object,-11.310884475708008,3.192270994186401,3.671944856643677,18.000000000000000
8.223,that,-0.023436207324266,2.903141975402832,2.787318468093872,16.000000000000000
8.224,confirmed,-7.097791336476803,5.283334851264955,5.123501062393188,18.000000000000000
8.225,the,-1.892571330070496,3.570896148681641,3.434645652770996,20.000000000000000
8.226,weather,-7.765708923339844,4.722970962524414,5.313331604003906,21.000000000000000
8.227,balloon,-10.101774215698242,3.257342100143433,3.451193809509277,22.000000000000000
8.228,description .,-10.963502711849287,11.994656085968018,12.240950107574463,27.000000000000000
8.229,The,-1.674321293830872,6.122092247009277,6.432260990142822,3.000000000000000
8.230,case,-5.991090297698975,4.806591510772705,4.254411697387694,4.000000000000000
8.231,was,-1.713277816772461,4.604528903961182,4.796571731567383,4.000000000000000
8.232,quickly,-3.585076338960789,6.849189043045044,7.493075370788574,7.000000000000000
8.233,forgotten,-9.365680976712609,10.396255493164062,10.381396770477297,8.000000000000000
8.234,and,-4.236055374145509,5.079294681549072,4.926649570465088,8.000000000000000
8.235,almost,-5.140705108642578,4.536238670349121,4.767207622528076,10.000000000000000
8.236,completely,-3.795291781420247,7.954936981201173,9.158725738525391,11.000000000000000
8.237,"ignored ,",-5.983809468110849,13.513949155807495,13.161955833435059,23.000000000000000
8.238,even,-5.076498031616211,4.566322803497314,4.544491291046143,14.000000000000000
8.239,by,-1.503133654594421,3.460787296295166,3.425887107849121,16.000000000000000
8.240,UFO,-15.848582744598387,7.476632356643678,8.222851991653442,18.000000000000000
8.241,"researchers ,",-8.316473348299041,13.516794443130493,13.933795452117920,33.000000000000000
8.242,for,-3.732393264770508,4.261847019195557,4.210176944732666,16.000000000000000
8.243,more,-0.948093712329864,4.741431236267090,4.887976646423340,19.000000000000000
8.244,than,-0.000982874305919,3.756762981414795,3.931466817855835,20.000000000000000
8.245,thirty,-15.778658606112005,12.369335412979126,13.167713403701782,21.000000000000000
8.246,years .,-0.211107486822584,11.934515953063965,12.653654813766479,23.000000000000000
8.247,"Then ,",-4.561696648597717,10.843476295471191,11.431922435760498,6.000000000000000
8.248,in,-0.777147650718689,4.089733600616455,4.390985012054443,5.000000000000000
8.249,nineteen,-17.789681434631348,8.804882049560547,10.172190189361572,7.000000000000000
8.250,"seventy-eight ,",-28.829420503228903,22.855244636535648,23.745434761047360,13.000000000000000
8.251,nuclear,-10.733627319335938,4.766402244567871,5.412895202636719,9.000000000000000
8.252,physicist,-4.379775524139403,3.673228025436402,3.854390859603882,10.000000000000000
8.253,and,-1.133258342742920,4.598196506500244,4.427435874938965,9.000000000000000
8.254,author,-5.966552257537843,3.485273599624634,3.781310319900513,11.000000000000000
8.255,Stanton,-13.726354598999025,3.430794715881348,4.273940086364746,9.000000000000000
8.256,Friedman,-7.232104301452638,3.987965822219849,4.698712825775146,10.000000000000000
8.257,interviewed,-7.905882254242897,6.388050675392151,6.226008653640747,8.000000000000000
8.258,Jesse,-10.023638725280762,4.332793235778809,4.876851558685303,11.000000000000000
8.259,"Marcel ,",-13.352075397968292,8.724185943603514,9.759677886962891,23.000000000000000
8.260,the,-1.133707046508789,4.417941570281982,4.276309967041017,14.000000000000000
8.261,only,-5.613987922668457,5.272982597351074,5.162817001342773,15.000000000000000
8.262,person,-3.746991157531737,3.214029073715210,3.465905189514160,16.000000000000000
8.263,known,-4.850928544998169,8.806183338165283,8.615355968475344,15.000000000000000
8.264,to,-0.003113187151030,5.186970233917236,5.129758358001709,18.000000000000000
8.265,have,-0.850587606430054,4.423637390136719,4.413621425628662,20.000000000000000
8.266,accompanied,-9.252995729438226,5.596914410591125,5.537058949470520,22.000000000000000
8.267,the,-1.930391192436218,4.230584144592285,4.145628452301025,24.000000000000000
8.268,Roswell,-11.853722363710403,9.544047832489014,10.889545440673828,25.000000000000000
8.269,debris,-13.985403060913086,6.235903978347777,8.079431056976317,26.000000000000000
8.270,from,-4.731644630432129,3.716301441192627,3.672712564468384,25.000000000000000
8.271,where,-0.364034187630750,6.365253925323486,7.291404247283935,28.000000000000000
8.272,it,-2.591816902160645,4.454966545104980,4.692679882049561,30.000000000000000
8.273,was,-0.645057618618011,3.830850124359131,3.817485570907593,31.000000000000000
8.274,recovered,-8.528127670288086,4.143582344055177,4.114500045776366,33.000000000000000
8.275,to,-2.467855453491211,2.957867860794067,2.906604290008545,26.000000000000000
8.276,Fort,-8.880589485168457,4.694851398468018,5.179366588592528,28.000000000000000
8.277,Worth .,-2.087829041352961,12.119635581970215,12.422266960144043,37.000000000000000
8.278,Over,-5.206656455993652,5.420461177825928,5.151273250579834,3.000000000000000
8.279,the,-0.192785292863846,3.566539764404297,3.092747926712036,5.000000000000000
8.280,next,-2.207632541656494,4.539703845977783,4.745794773101807,6.000000000000000
8.281,few,-1.317659974098206,4.882182598114014,4.966241836547852,7.000000000000000
8.282,"years ,",-1.017521306872368,8.757090091705322,8.863977909088135,11.000000000000000
8.283,the,-1.591198205947876,4.217956066131592,4.733623981475830,5.000000000000000
8.284,accounts,-10.244695663452148,5.383619308471680,5.851020812988281,6.000000000000000
8.285,he,-2.288818359375000,4.009055614471436,4.124984741210938,11.000000000000000
8.286,and,-0.076879173517227,5.305242061614990,5.521671772003174,11.000000000000000
8.287,others,-3.560126066207886,4.729116439819336,5.094851016998291,13.000000000000000
8.288,gave,-5.852556228637695,4.568014621734619,4.473687648773193,11.000000000000000
8.289,elevated,-13.294394958516932,4.447319149971007,4.476652622222900,6.000000000000000
8.290,Roswell,-16.301813483238220,7.496929407119751,9.188038349151613,8.000000000000000
8.291,from,-1.921698689460754,3.620351076126098,3.532206296920776,9.000000000000000
8.292,a,-2.847773551940918,4.407934188842773,4.289576530456543,11.000000000000000
8.293,forgotten,-13.054124369518833,8.076926708221437,8.573555469512941,12.000000000000000
8.294,incident,-12.153509140014648,3.192251682281494,3.386473178863525,13.000000000000000
8.295,to,-0.073658168315887,4.145172595977783,4.042338848114014,10.000000000000000
8.296,perhaps,-10.024076461791992,4.695695400238037,4.794365406036377,13.000000000000000
8.297,the,-1.086646556854248,4.060016155242920,4.115556716918944,14.000000000000000
8.298,most,-0.062028564512730,4.958819389343262,4.939246177673340,16.000000000000000
8.299,famous,-5.212832450866699,3.312088251113892,3.409661293029785,17.000000000000000
8.300,UFO,-15.628816604614258,7.704965353012085,7.804579734802246,16.000000000000000
8.301,case,-3.696493148803711,3.471639633178711,3.588462352752685,17.000000000000000
8.302,of,-1.986292004585266,4.297619342803955,4.201614856719972,14.000000000000000
8.303,all,-4.788937568664551,4.760779380798340,4.799676418304443,16.000000000000000
8.304,time .,-4.409658499440411,10.815730810165405,11.407642841339111,23.000000000000000
8.305,By,-3.751270294189453,6.185403823852539,5.817451953887940,3.000000000000000
8.306,the,-2.689462184906006,4.458115100860597,4.353790760040283,5.000000000000000
8.307,early,-2.082866191864014,6.026134490966798,6.383750438690186,6.000000000000000
8.308,nineteen,-16.720808029174805,8.749581813812256,10.552030086517334,7.000000000000000
8.309,"nineties ,",-21.817647859454155,14.480640888214111,15.199495792388920,11.000000000000000
8.310,UFO,-13.007125854492188,8.172074317932129,9.331300735473633,5.000000000000000
8.311,researchers,-8.397298887372019,8.778963088989258,9.524347305297852,6.000000000000000
8.312,had,-0.884163022041321,3.559150934219360,3.464580297470093,6.000000000000000
8.313,interviewed,-7.913544646566153,6.036528944969177,6.122808456420898,8.000000000000000
8.314,several,-4.874125480651856,4.279384136199951,4.698282718658447,12.000000000000000
8.315,hundred,-1.444288492202759,4.451933860778809,4.935665130615233,13.000000000000000
8.316,people,-1.567058205604553,4.359803676605225,4.983670234680176,12.000000000000000
8.317,who,-0.052745483815670,2.366874933242798,2.650606632232666,14.000000000000000
8.318,"had ,",-1.696355223655701,7.826972723007202,7.640559673309326,29.000000000000000
8.319,or,-2.606442451477051,4.388941287994385,4.229021549224854,14.000000000000000
8.320,who,-0.256392657756805,2.740313768386841,2.943042993545532,17.000000000000000
8.321,claimed,-8.107632782543078,5.908468961715697,5.578645467758179,20.000000000000000
8.322,to,-0.004358079750091,4.258042335510254,4.122898578643799,23.000000000000000
8.323,have,-0.352345317602158,3.500885009765625,3.330266952514648,25.000000000000000
8.324,"had ,",-4.191034674644470,8.684326648712158,8.336624145507812,43.000000000000000
8.325,a,-2.084898471832275,4.602762222290039,4.717194557189941,19.000000000000000
8.326,connection,-9.028279304504396,3.211161613464355,3.715156316757202,20.000000000000000
8.327,with,-1.985960721969604,3.450490951538086,3.309214115142822,20.000000000000000
8.328,the,-1.144593477249146,4.497686862945557,4.703562259674072,23.000000000000000
8.329,events,-7.191914081573486,4.660922050476074,5.200088500976562,24.000000000000000
8.330,at,-3.635092258453369,4.273255825042725,4.305643081665038,24.000000000000000
8.331,Roswell,-9.600037157535553,7.362024068832397,8.639542818069456,26.000000000000000
8.332,in,-0.454725205898285,3.505642652511597,3.459184408187866,25.000000000000000
8.333,nineteen,-15.347077846527100,8.981600522994993,9.801897048950195,27.000000000000000
8.334,forty-seven .,-20.214291428259461,23.925941228866577,26.039494991302490,34.000000000000000
8.335,"Additionally ,",-6.216043344014907,14.050820827484131,14.993818283081055,6.000000000000000
8.336,hundreds,-8.345324516296388,4.540020942687988,5.162702083587647,6.000000000000000
8.337,of,-0.022653369233012,4.590337753295898,4.709533691406250,7.000000000000000
8.338,documents,-7.645371913909912,3.729100704193115,3.988440036773682,9.000000000000000
8.339,were,-1.073971033096314,4.538696289062500,4.794875144958496,6.000000000000000
8.340,obtained,-4.510897156702413,8.043823719024656,7.909940719604492,8.000000000000000
8.341,by,-1.524153470993042,4.338952064514160,4.231019020080566,10.000000000000000
8.342,Freedom,-9.635643005371094,4.842439174652100,5.370810508728027,15.000000000000000
8.343,of,-0.098136126995087,3.789512872695923,4.182840347290038,16.000000000000000
8.344,Information,-0.080293819308281,4.894231796264648,5.114648342132568,18.000000000000000
8.345,Act,-7.502908706665039,4.122546672821045,4.689642906188965,15.000000000000000
8.346,"requests ,",-13.056790351867678,10.822073698043823,11.115259885787964,24.000000000000000
8.347,as,-2.280022621154785,4.520663738250732,4.451311588287354,12.000000000000000
8.348,were,-7.474086761474608,4.466509342193604,4.363349437713623,15.000000000000000
8.349,some,-5.847861766815186,4.867652416229248,4.793428897857666,18.000000000000000
8.350,that,-0.041647650301456,3.001313447952271,2.917307853698730,20.000000000000000
8.351,insiders,-8.994539260864258,5.380303859710693,5.433057785034180,22.000000000000000
8.352,apparently,-6.324075818061260,9.033896923065186,8.926141738891602,24.000000000000000
8.353,leaked .,-8.371602974802954,13.394386053085327,13.220790624618530,30.000000000000000
8.354,Their,-6.685097694396973,6.305888175964356,6.443581581115723,3.000000000000000
8.355,conclusions,-7.211813807487488,10.659596443176270,10.354536533355713,4.000000000000000
8.356,were,-1.952217102050781,4.737195014953613,4.805020332336426,4.000000000000000
8.357,that,-0.077755823731422,4.814397811889648,4.478373527526856,7.000000000000000
8.358,at,-2.410030603408813,4.627687931060791,4.908393383026123,11.000000000000000
8.359,least,-0.000267469877144,4.306250572204590,4.505521774291992,12.000000000000000
8.360,one,-1.257741570472717,4.162633895874023,4.419701576232910,13.000000000000000
8.361,alien,-10.159871578216553,6.506433248519897,7.160832166671753,11.000000000000000
8.362,craft,-10.921265602111816,5.892028331756593,6.177553176879883,12.000000000000000
8.363,had,-1.458067893981934,3.645255565643311,3.632873058319092,11.000000000000000
8.364,crashed,-7.829531799769028,5.472858190536499,5.101681590080262,13.000000000000000
8.365,in,-1.489712238311768,3.496725797653198,3.331598520278931,15.000000000000000
8.366,the,-1.164352536201477,3.954715967178345,4.179681301116943,17.000000000000000
8.367,Roswell,-12.517687514424324,8.744029998779299,10.416019916534424,18.000000000000000
8.368,"vicinity ,",-11.204190205084160,15.493858098983765,16.400892019271851,26.000000000000000
8.369,that,-0.018110509961843,3.427217245101929,3.362153291702271,9.000000000000000
8.370,"aliens ,",-10.615831837058067,14.831997632980348,15.239519834518434,26.000000000000000
8.371,some,-5.167209625244142,4.882456302642822,4.723926067352295,15.000000000000000
8.372,possibly,-7.091380119323730,2.861061811447144,3.034312009811401,18.000000000000000
8.373,still,-6.038890838623048,5.489679336547852,5.493418693542480,19.000000000000000
8.374,"alive ,",-4.739694244693965,12.022695064544678,12.278064966201782,35.000000000000000
8.375,were,-1.010552883148193,4.261429309844972,4.106876373291017,13.000000000000000
8.376,"recovered ,",-9.264734506607056,8.117565870285034,8.028792858123779,24.000000000000000
8.377,and,-0.047504100948572,3.577978134155273,3.439357042312622,10.000000000000000
8.378,that,-0.003318044124171,3.966142416000366,3.887071371078491,12.000000000000000
8.379,a,-2.609615802764893,4.685340404510498,4.699804306030273,16.000000000000000
8.380,massive,-7.364088058471680,4.959096431732178,5.180716037750244,17.000000000000000
8.381,cover-up,-10.307654738426207,8.528937339782715,9.959331274032591,18.000000000000000
8.382,of,-1.236441731452942,3.517271041870117,3.443979024887085,17.000000000000000
8.383,any,-5.721345901489258,4.587566852569580,4.716697692871094,20.000000000000000
8.384,knowledge,-9.664058685302734,3.714365959167481,4.306911468505858,21.000000000000000
8.385,of,-0.132505252957344,3.680275917053223,3.614018440246582,21.000000000000000
8.386,the,-1.025658369064331,3.753004312515259,3.784860372543335,23.000000000000000
8.387,incident,-3.685724735260010,3.745754003524780,4.232880115509033,24.000000000000000
8.388,was,-1.006927371025085,3.820030689239502,3.744153499603272,16.000000000000000
8.389,put,-5.545886993408203,4.176842212677002,4.425425052642822,18.000000000000000
8.390,in,-1.519603729248047,3.336264371871948,3.487109899520874,20.000000000000000
8.391,place .,-0.764021989831235,11.502715826034546,11.801983594894409,26.000000000000000
8.392,Numerous,-10.520961635047570,11.336363315582275,11.732924938201904,4.000000000000000
8.393,"books ,",-8.025644421577454,9.293869256973267,9.463621377944946,9.000000000000000
8.394,"articles ,",-6.464173078304156,12.027153015136717,12.867925643920898,12.000000000000000
8.395,television,-5.259460926055908,4.150052547454834,4.448855876922607,8.000000000000000
8.396,specials,-5.753641180694102,7.752594232559204,8.907680273056028,9.000000000000000
8.397,and,-0.520138442516327,5.286557197570801,5.440439224243164,8.000000000000000
8.398,even,-5.835240364074707,5.235210418701172,5.471801280975342,10.000000000000000
8.399,a,-2.536540269851685,4.984564304351807,5.120666980743408,11.000000000000000
8.400,made-for-TV,-12.182131286710501,18.079255104064941,20.831926584243774,13.000000000000000
8.401,movie,-2.912419795989990,3.590870141983032,4.067005157470703,13.000000000000000
8.402,brought,-7.912652492523192,7.304329633712768,7.258926868438722,4.000000000000000
8.403,the,-1.903378725051880,3.650894880294800,4.008449077606201,6.000000000000000
8.404,nineteen,-18.065071105957031,8.307023763656616,9.093812465667725,7.000000000000000
8.405,forty-seven,-22.335404157638550,17.288295745849609,20.002435445785519,8.000000000000000
8.406,incident,-11.540587425231935,3.127367973327637,3.895401000976562,9.000000000000000
8.407,fame,-12.534067153930664,3.262743711471558,3.630359888076782,8.000000000000000
8.408,and,-2.242750644683838,4.292490005493163,4.289206504821776,8.000000000000000
8.409,"notoriety ,",-13.389136176003378,10.503733634948730,11.178708076477051,17.000000000000000
8.410,so,-4.493029594421387,4.033509254455566,3.894438743591309,9.000000000000000
8.411,that,-0.564357280731201,3.771810054779053,3.600058794021606,10.000000000000000
8.412,by,-2.559889554977417,3.843053102493286,3.765615224838257,13.000000000000000
8.413,the,-1.924453735351562,4.398618221282959,4.381828308105469,15.000000000000000
8.414,mid,-3.020756959915161,5.961381912231445,6.533328533172607,16.000000000000000
8.415,nineteen,-15.118786334991455,8.165416002273560,9.298086643218994,17.000000000000000
8.416,"nineties ,",-24.323759198188782,12.618179321289062,13.387724399566650,31.000000000000000
8.417,strong,-10.523684501647949,4.905336380004883,5.070322036743164,16.000000000000000
8.418,majorities,-8.954448431730269,8.255621671676638,8.786834239959719,17.000000000000000
8.419,in,-0.644250690937042,3.732749938964844,3.758420705795288,17.000000000000000
8.420,"polls ,",-13.557610034942627,8.234636306762695,8.638065814971924,40.000000000000000
8.421,such,-1.049111366271973,4.015460491180420,4.477220058441162,22.000000000000000
8.422,as,-0.000025391256713,4.366760253906250,4.366369724273682,23.000000000000000
8.423,a,-6.735980987548827,4.325160980224608,4.640174388885498,25.000000000000000
8.424,nineteen,-16.901704788208008,8.484662055969237,9.732814311981199,26.000000000000000
8.425,ninety-seven,-25.741335093975071,18.056510686874390,20.414383888244629,27.000000000000000
8.426,CNN,-15.415412902832033,4.473782539367676,4.977914810180664,28.000000000000000
8.427,Time,-9.822911262512207,4.088420867919922,4.618777751922607,29.000000000000000
8.428,"poll ,",-5.742130412720144,6.290095090866089,6.768681526184082,52.000000000000000
8.429,believed,-6.514251098036766,5.125900864601134,4.924304604530335,16.000000000000000
8.430,that,-0.205618068575859,4.496129512786865,4.434152126312256,19.000000000000000
8.431,aliens,-12.866857722401619,10.745059728622437,11.279294729232788,22.000000000000000
8.432,had,-1.693723440170288,3.907292127609253,3.892589569091797,23.000000000000000
8.433,visited,-8.669232368469237,7.174812316894531,7.056192398071289,25.000000000000000
8.434,earth,-10.975722312927246,3.764947891235352,4.524262428283691,27.000000000000000
8.435,and,-0.444139957427979,3.916846990585327,3.785603046417236,19.000000000000000
8.436,specifically,-7.128346085543853,6.252382516860963,7.021773338317871,22.000000000000000
8.437,that,-1.635806441307068,3.886160850524902,3.799085140228272,22.000000000000000
8.438,aliens,-6.902678892016411,10.333796501159668,10.737301349639893,25.000000000000000
8.439,had,-1.321685910224915,3.487286806106567,3.434455156326294,26.000000000000000
8.440,landed,-9.012392330798320,8.898156881332399,8.687939405441284,28.000000000000000
8.441,at,-2.009140253067017,3.989856243133545,3.955710649490357,30.000000000000000
8.442,Roswell,-11.968822181224825,7.794217586517334,8.849237918853760,32.000000000000000
8.443,and,-14.860001564025881,3.644040584564209,3.560629606246948,24.000000000000000
8.444,the,-1.991580963134766,3.347921848297119,3.311926603317261,27.000000000000000
8.445,government,-3.405801296234131,3.766345739364624,3.791519165039063,28.000000000000000
8.446,was,-1.057703852653503,3.929776668548584,3.921704053878784,28.000000000000000
8.447,covering,-8.619856834411621,3.883363008499146,3.813713073730469,30.000000000000000
8.448,up,-0.020637776702642,3.691693067550659,4.009504318237306,32.000000000000000
8.449,the,-1.301611185073852,3.389827728271484,3.371312856674194,33.000000000000000
8.450,fact .,-6.525013913669683,12.656453371047974,12.699668884277344,38.000000000000000
8.451,During,-4.545246480549395,10.496430873870850,10.582267761230467,3.000000000000000
8.452,the,-0.934936404228210,4.987448692321777,5.156191825866699,6.000000000000000
8.453,nineteen,-15.242043495178224,9.044085979461670,10.738685607910156,7.000000000000000
8.454,eighties,-22.816326141357425,9.531132698059082,10.951666355133057,8.000000000000000
8.455,and,-5.321667194366455,4.691891670227051,4.809121608734131,6.000000000000000
8.456,nineteen,-11.402769565582275,7.571983337402344,8.491088390350344,8.000000000000000
8.457,"nineties ,",-13.888874277472498,12.909788370132446,13.682566165924072,12.000000000000000
8.458,a,-4.805729866027832,5.046379089355469,5.091648578643799,5.000000000000000
8.459,new,-3.538933515548706,5.113594055175781,5.505245208740233,6.000000000000000
8.460,narrative,-10.837322708219290,8.347619533538817,9.893668651580811,7.000000000000000
8.461,emerged,-7.570118188858032,5.498501420021057,5.542398929595947,6.000000000000000
8.462,which,-3.912755727767944,3.413860082626343,3.130324125289917,8.000000000000000
8.463,was,-1.976971864700317,3.330924510955811,3.142021417617798,10.000000000000000
8.464,at,-2.794395446777344,3.509232997894287,3.683110713958740,12.000000000000000
8.465,strong,-12.281562805175779,4.188870906829834,4.544808387756348,15.000000000000000
8.466,odds,-2.271548271179199,4.130497455596924,4.703468799591064,16.000000000000000
8.467,with,-0.045196376740932,3.655486822128296,3.550288677215576,16.000000000000000
8.468,what,-0.314053088426590,4.461098194122314,4.294537544250488,19.000000000000000
8.469,was,-1.310783386230469,3.744702577590942,3.662719249725342,21.000000000000000
8.470,reported,-7.303369045257567,4.014853477478026,3.967749834060669,23.000000000000000
8.471,in,-0.633116483688354,3.811190843582153,3.766536712646485,25.000000000000000
8.472,nineteen,-17.219562530517578,9.917666435241699,10.083915233612061,27.000000000000000
8.473,forty-seven .,-20.860414339927956,25.927253484725952,28.298202753067017,35.000000000000000
8.474,This,-4.515328407287598,5.768796920776367,6.154551506042480,3.000000000000000
8.475,narrative,-11.481248743832113,10.348556041717529,10.999400138854980,4.000000000000000
8.476,evolved,-8.722921252250671,7.037518978118896,6.561690568923950,4.000000000000000
8.477,over,-4.857336521148682,3.364027976989746,3.277766227722168,6.000000000000000
8.478,the,-0.770779907703400,4.372483253479004,4.539952278137207,8.000000000000000
8.479,years,-3.264377355575561,4.449036598205566,4.820579051971436,9.000000000000000
8.480,from,-6.166773796081543,4.355916023254395,4.332082748413087,9.000000000000000
8.481,the,-0.600980997085571,4.870162487030028,5.271275997161865,12.000000000000000
8.482,time,-2.588091850280762,5.088906288146973,5.666841506958008,13.000000000000000
8.483,the,-1.446665644645691,4.576656818389893,5.040833473205566,16.000000000000000
8.484,first,-4.314646720886231,4.975494384765625,5.596231937408447,17.000000000000000
8.485,book,-4.627426147460938,3.223113536834717,3.713819265365601,18.000000000000000
8.486,on,-1.413420438766479,4.005495071411134,4.192566871643066,17.000000000000000
8.487,Roswell,-11.754266023635864,7.320869207382202,8.879019975662230,19.000000000000000
8.488,was,-0.443271934986115,4.390771389007568,4.430240631103517,16.000000000000000
8.489,published,-0.420267939533915,6.760314464569093,6.521423339843750,18.000000000000000
8.490,in,-0.246826335787773,3.756608009338379,3.656888008117676,20.000000000000000
8.491,nineteen,-15.407305717468262,9.550231933593750,10.789410114288330,22.000000000000000
8.492,"eighty ,",-25.849300861358643,11.850507974624634,13.500689029693604,30.000000000000000
8.493,as,-1.821100234985352,4.961269378662108,4.900691986083983,9.000000000000000
8.494,many,-6.043302536010742,4.717216491699219,4.850515365600586,12.000000000000000
8.495,new,-6.486888885498048,4.544669151306152,4.706048011779785,13.000000000000000
8.496,witnesses,-9.486504554748537,3.871263980865479,4.102791309356689,14.000000000000000
8.497,and,-2.408631086349488,4.836493015289307,5.010515689849854,15.000000000000000
8.498,accounts,-8.518369674682617,3.000101566314697,3.505972385406494,16.000000000000000
8.499,"emerged ,",-14.155017890036106,9.567560672760010,9.291165351867676,26.000000000000000
8.500,drawn,-7.908979892730713,7.527714967727661,7.464816570281982,16.000000000000000
8.501,out,-3.944901227951050,3.813350915908813,3.886231660842896,18.000000000000000
8.502,in,-1.624151229858398,3.224731206893921,3.173238277435303,19.000000000000000
8.503,part,-5.069403648376465,4.069461822509767,4.610770225524902,21.000000000000000
8.504,by,-0.400759100914002,3.277473449707031,3.229291439056396,20.000000000000000
8.505,the,-1.175706267356873,5.110732078552246,5.124307632446289,23.000000000000000
8.506,publicity,-6.920882225036621,3.560607194900513,4.236095905303955,24.000000000000000
8.507,on,-3.940177917480469,3.771915674209594,3.724242687225342,24.000000000000000
8.508,the,-1.803289651870728,3.772476434707642,3.719751834869385,26.000000000000000
8.509,incident .,-5.832067517854739,11.523086547851562,12.092389822006226,31.000000000000000
8.510,Of,-4.297860145568849,5.521028041839600,5.598268985748291,3.000000000000000
8.511,the,-0.379906892776489,5.490958690643311,5.626961708068848,6.000000000000000
8.512,hundreds,-7.113502502441406,5.065027713775635,5.420915126800537,7.000000000000000
8.513,of,-0.046133901923895,4.533217430114746,4.758943080902100,7.000000000000000
8.514,witnesses,-8.047253608703612,4.207803249359132,4.660960197448730,10.000000000000000
8.515,that,-4.745803356170653,3.366056919097900,3.053588151931763,12.000000000000000
8.516,the,-1.083475947380066,3.538979053497314,3.312122821807861,14.000000000000000
8.517,various,-7.569434165954590,4.131562232971191,3.999896764755249,15.000000000000000
8.518,researchers,-8.302832540473899,7.914228677749634,9.122224330902100,16.000000000000000
8.519,"interviewed ,",-8.688665855675936,11.133606433868408,10.519351959228516,22.000000000000000
8.520,a,-5.965209960937500,3.111324310302734,3.081989526748657,9.000000000000000
8.521,seemingly,-5.653061860321031,8.935832023620605,9.753702640533447,11.000000000000000
8.522,impressive,-7.014917373657227,2.656199693679810,2.882581710815430,12.000000000000000
8.523,"figure ,",-4.639186647720635,8.288184881210329,8.576082706451416,14.000000000000000
8.524,a,-5.160727977752686,3.569643974304199,3.429622173309326,5.000000000000000
8.525,comparable,-11.448997497558596,3.971175670623779,4.152957439422607,7.000000000000000
8.526,few,-9.909089088439940,4.167032241821288,4.412330627441406,8.000000000000000
8.527,were,-1.148667812347412,4.721503257751465,4.678649902343750,6.000000000000000
8.528,true,-8.167409896850586,4.417454719543457,4.505165100097656,9.000000000000000
8.529,`` witnesses '',-27.727133437481825,24.217494010925293,25.508553028106689,33.000000000000000
8.530,who,-0.077447623014450,2.924869537353516,3.076325178146362,11.000000000000000
8.531,claimed,-6.404476910829544,5.897851586341858,5.743649840354919,13.000000000000000
8.532,to,-0.007442131172866,4.223849773406982,4.176846981048584,16.000000000000000
8.533,have,-0.494645714759827,3.870317220687866,3.883367538452149,18.000000000000000
8.534,actually,-5.635095210018334,7.059193611145020,7.719029188156128,21.000000000000000
8.535,seen,-4.902041435241699,8.730039358139036,8.618377923965454,21.000000000000000
8.536,debris,-13.406350063160062,6.678230285644531,8.450840473175049,23.000000000000000
8.537,or,-6.012493133544923,4.791501045227051,5.183427810668945,24.000000000000000
8.538,aliens .,-10.728450715425423,16.372876644134521,17.206257104873657,31.000000000000000
8.539,Most,-4.505640029907227,6.448589324951173,6.268755435943604,5.000000000000000
8.540,of,-0.005368815269321,4.364358425140382,4.687853336334229,6.000000000000000
8.541,these,-2.846384525299072,4.363444805145264,4.465378761291504,8.000000000000000
8.542,so-called,-6.369825882349688,13.380761384963989,14.976818561553955,9.000000000000000
8.543,witnesses,-12.148612022399902,4.004043102264403,4.315949916839600,10.000000000000000
8.544,were,-1.746741175651550,5.133702278137207,5.273826599121094,5.000000000000000
8.545,repeating,-10.769870239775626,7.242347002029419,6.889555215835571,7.000000000000000
8.546,the,-1.125147819519043,3.951353073120117,3.558974981307983,10.000000000000000
8.547,claims,-7.699842453002930,4.143236160278319,4.189077854156493,11.000000000000000
8.548,of,-0.249102771282196,3.982746124267578,3.837023735046386,11.000000000000000
8.549,"others ,",-5.088119357824326,9.210954666137695,9.180014610290527,16.000000000000000
8.550,and,-0.955000877380371,4.089698791503906,4.040740966796875,4.000000000000000
8.551,their,-3.765200138092041,4.549611091613770,4.755566596984863,7.000000000000000
8.552,testimony,-1.535711526870728,4.439589023590088,4.788985729217528,8.000000000000000
8.553,would,-5.360138893127441,4.146717548370361,4.012254238128662,8.000000000000000
8.554,be,-1.248576164245606,4.653923511505127,4.545339584350586,10.000000000000000
8.555,inadmissible,-18.487310171127319,10.312469959259033,11.798423767089846,12.000000000000000
8.556,hearsay,-12.414756238460539,7.931635379791260,9.103998422622679,13.000000000000000
8.557,in,-1.356876134872436,3.311015844345093,3.277621269226074,13.000000000000000
8.558,an,-4.159154415130615,5.170582771301270,5.276734828948975,15.000000000000000
8.559,American,-6.353270530700684,4.422852516174316,4.382040023803712,16.000000000000000
8.560,court .,-1.002157255134080,11.256281375885010,11.573126077651978,23.000000000000000
8.561,As,-3.155655860900879,5.312344074249268,5.546581268310547,3.000000000000000
8.562,for,-0.794382274150848,4.439783573150635,4.638858318328857,5.000000000000000
8.563,the,-0.771068871021271,4.778969764709473,5.188040733337402,8.000000000000000
8.564,several,-9.047361373901367,5.320786476135254,5.843516349792480,9.000000000000000
8.565,accounts,-8.015106201171875,4.134850025177002,4.471013069152832,10.000000000000000
8.566,from,-4.335597038269043,4.309699535369873,4.093869686126709,9.000000000000000
8.567,those,-5.001266231396585,12.102269172668455,12.876493930816650,12.000000000000000
8.568,who,-0.480998873710632,2.675440073013306,2.867243766784668,14.000000000000000
8.569,claimed,-6.123236268758774,7.884493589401245,7.525244474411012,16.000000000000000
8.570,to,-0.009415742941201,4.669967174530028,4.626897335052490,19.000000000000000
8.571,have,-0.265367627143860,4.582318782806396,4.476514816284180,21.000000000000000
8.572,seen,-5.760008096694946,8.704912185668945,8.942756891250609,23.000000000000000
8.573,"aliens ,",-12.303301163017750,13.297383785247803,14.542088270187376,28.000000000000000
8.574,critics,-8.968233108520508,4.154525279998778,4.272072315216064,5.000000000000000
8.575,identified,-7.711009186692536,5.614169120788574,5.331290006637573,6.000000000000000
8.576,a,-2.522495031356812,4.585844993591309,4.429719924926758,9.000000000000000
8.577,variety,-4.803321361541748,3.418696403503418,3.606554269790649,10.000000000000000
8.578,of,-0.017674798145890,3.152205467224121,2.991842508316040,10.000000000000000
8.579,problems,-3.847876548767090,3.963730096817017,4.294260501861571,13.000000000000000
8.580,with,-0.545399546623230,3.836485147476196,3.735046148300171,14.000000000000000
8.581,them .,-4.434503221433260,11.598002672195435,11.964600324630737,22.000000000000000
8.582,These,-5.455367088317871,6.322968006134032,6.364833354949951,3.000000000000000
8.583,problems,-5.191916465759277,4.284118652343750,4.427352905273438,4.000000000000000
8.584,ranged,-9.419883966445925,8.198442459106445,7.160904407501222,4.000000000000000
8.585,from,-2.765511512756348,4.381441593170166,4.240714550018311,6.000000000000000
8.586,the,-2.075184106826782,5.149106979370117,5.406227111816406,9.000000000000000
8.587,reliability,-8.368674755096437,12.872328996658325,13.666111946105955,10.000000000000000
8.588,of,-0.007940748706460,4.144356727600099,4.042441368103026,10.000000000000000
8.589,second-hand,-14.601245328783989,12.581674575805664,14.134903907775881,12.000000000000000
8.590,"accounts ,",-10.265572786331177,8.035104036331177,8.223909378051758,19.000000000000000
8.591,to,-0.378267854452133,4.627990722656250,4.455638885498047,8.000000000000000
8.592,serious,-8.084584236145020,4.719732284545898,4.647085189819336,11.000000000000000
8.593,credibility,-9.781695365905762,4.593284130096436,5.096911907196045,12.000000000000000
8.594,problems,-0.280451804399490,3.753282785415649,3.980206489562988,13.000000000000000
8.595,with,-1.235418081283569,4.017113685607910,3.807672977447510,12.000000000000000
8.596,witnesses,-8.570792198181152,3.989905118942261,4.273565769195557,15.000000000000000
8.597,making,-3.943954944610596,4.870576381683350,4.830585479736328,16.000000000000000
8.598,demonstrably,-13.126780897378922,7.889772891998291,8.614025115966799,20.000000000000000
8.599,false,-5.808422088623048,3.352806091308594,3.702803850173950,21.000000000000000
8.600,or,-1.330096721649170,5.141381740570068,5.051134109497070,20.000000000000000
8.601,internally-inconsistent,-34.933087997138500,27.884361028671265,30.861249208450321,22.000000000000000
8.602,"claims ,",-5.405349016189575,8.727521657943726,9.057676792144775,27.000000000000000
8.603,to,-0.163194194436073,4.450534820556642,4.349462032318115,10.000000000000000
8.604,dubious,-9.396384239196776,4.831760406494142,4.862103939056396,13.000000000000000
8.605,death-bed,-23.742612361907959,9.423801898956301,11.981880903244019,14.000000000000000
8.606,`` confessions '',-36.357070177764399,28.054227352142334,29.000149488449097,48.000000000000000
8.607,or,-6.524801254272461,4.841071605682373,4.911098957061768,13.000000000000000
8.608,accounts,-8.519674301147461,3.568233251571656,3.938314437866211,16.000000000000000
8.609,from,-6.313871860504150,3.451488971710205,3.383272886276245,17.000000000000000
8.610,elderly,-8.847213745117188,3.464936017990112,3.758152484893799,21.000000000000000
8.611,or,-0.522839903831482,4.954962253570557,4.879653453826903,21.000000000000000
8.612,easily,-7.328841787151759,9.136406898498537,9.194783210754396,23.000000000000000
8.613,confused,-7.209807395935059,3.491129636764526,3.527464389801025,24.000000000000000
8.614,witnesses .,-4.975202681409428,11.305989980697632,11.464349985122681,24.000000000000000
8.615,A,-2.733998537063598,6.190529346466064,6.575377941131593,4.000000000000000
8.616,basic,-8.291073799133299,6.718337059020996,6.664977550506593,5.000000000000000
8.617,problem,-2.510057449340820,4.865040779113770,4.616209506988525,6.000000000000000
8.618,with,-0.948148369789124,3.577115297317505,3.779387235641480,5.000000000000000
8.619,all,-4.700226783752441,5.269907951354980,5.766908645629883,7.000000000000000
8.620,the,-2.425659179687500,4.814391613006592,5.135869503021240,8.000000000000000
8.621,witness,-11.736375808715820,4.318653106689453,4.952463626861572,9.000000000000000
8.622,"accounts ,",-12.549300670623779,8.970534324645996,9.164749622344971,13.000000000000000
8.623,according,-0.361572116613388,4.579607486724854,4.424820423126222,5.000000000000000
8.624,to,-0.000464808195829,4.168164253234863,4.051390647888184,7.000000000000000
8.625,the,-1.496444344520569,4.466441154479980,4.563652992248535,9.000000000000000
8.626,"critics ,",-7.473396491724997,11.104017257690430,11.129733085632324,15.000000000000000
8.627,is,-0.146290853619576,4.310725212097168,4.269435405731201,7.000000000000000
8.628,that,-0.063746452331543,4.404293060302733,4.295678138732910,9.000000000000000
8.629,they,-2.952169895172119,4.118066310882568,4.328264236450194,12.000000000000000
8.630,all,-7.799207210540771,3.715911388397217,4.364020347595215,13.000000000000000
8.631,came,-6.209648847579956,8.037564516067505,7.896268129348755,15.000000000000000
8.632,a,-1.624944925308228,3.631785154342651,4.042361736297607,20.000000000000000
8.633,minimum,-8.123397827148438,3.417081832885742,3.545501470565796,21.000000000000000
8.634,of,-0.018455922603607,3.793139457702637,3.696671485900879,21.000000000000000
8.635,thirty-one,-21.018989920616146,21.088638067245483,21.829308509826660,23.000000000000000
8.636,years,-6.380539417266847,4.821211814880371,4.926707267761231,19.000000000000000
8.637,after,-0.995578050613403,4.136552333831787,4.193176746368408,18.000000000000000
8.638,the,-0.508555054664612,3.903983592987061,3.705491304397583,21.000000000000000
8.639,events,-5.308084964752197,4.312279224395752,4.818953037261963,22.000000000000000
8.640,in,-2.454600811004639,3.805085659027100,3.905605792999268,22.000000000000000
8.641,"question ,",-3.937566518783569,8.772006988525391,9.341718673706055,39.000000000000000
8.642,and,-0.416880756616592,4.650230407714844,4.576671600341797,16.000000000000000
8.643,in,-2.447759151458740,3.244739294052124,3.182929754257202,18.000000000000000
8.644,many,-3.261985778808594,3.340066909790039,3.241111755371094,20.000000000000000
8.645,cases,-0.111555814573876,7.270545005798340,7.418073415756226,21.000000000000000
8.646,were,-1.607105731964111,4.720554828643799,4.695331573486328,19.000000000000000
8.647,recounted,-9.138257975690069,6.265475988388062,6.170964956283568,21.000000000000000
8.648,more,-1.584977149963379,4.547684669494629,4.573376655578613,25.000000000000000
8.649,than,-0.004029489122331,3.799909114837647,3.735170841217041,26.000000000000000
8.650,forty,-16.460709571838382,8.568241119384767,8.632524967193604,27.000000000000000
8.651,years,-0.927974343299866,4.234540462493896,4.456727504730225,25.000000000000000
8.652,after,-0.486438989639282,4.120255470275879,4.074787139892578,24.000000000000000
8.653,the,-1.096802234649658,3.501653671264648,3.394000530242920,26.000000000000000
8.654,fact .,-3.447261444038304,12.884113550186157,13.173407793045044,34.000000000000000
8.655,Not,-4.033543109893799,5.574271678924561,5.447743415832520,5.000000000000000
8.656,only,-3.652160406112671,4.520397186279297,4.356143951416017,6.000000000000000
8.657,are,-4.815338611602783,4.720336437225342,4.760034561157227,6.000000000000000
8.658,memories,-9.696777790784836,8.279403209686281,9.039592742919922,8.000000000000000
8.659,this,-8.068296432495117,4.215796470642090,4.407812595367432,11.000000000000000
8.660,old,-4.090875625610352,6.893214225769043,7.506424665451050,12.000000000000000
8.661,of,-2.759581804275513,4.147331714630127,3.987610101699829,7.000000000000000
8.662,dubious,-11.634209632873535,4.984716892242432,4.982453346252441,9.000000000000000
8.663,"reliability ,",-9.618827342987061,15.412238836288452,16.322260856628418,13.000000000000000
8.664,they,-2.039304256439209,4.010043144226073,4.197576522827148,6.000000000000000
8.665,were,-4.228363037109375,3.687587738037109,3.813459873199463,7.000000000000000
8.666,also,-1.765210032463074,3.818221092224121,4.133602619171143,9.000000000000000
8.667,subject,-7.544048786163330,2.070444583892822,1.990186810493469,10.000000000000000
8.668,to,-0.013015317730606,3.713181018829346,3.672114372253418,12.000000000000000
8.669,contamination,-10.870525807142258,9.241901874542236,10.567083597183226,15.000000000000000
8.670,from,-2.551682472229004,3.863940477371216,3.851824283599854,16.000000000000000
8.671,other,-4.544519424438477,4.275505065917969,4.413767814636231,19.000000000000000
8.672,accounts,-10.323632240295410,4.430135250091553,4.942777156829834,20.000000000000000
8.673,the,-1.586928606033325,3.634544134140015,3.529922485351562,22.000000000000000
8.674,witnesses,-8.783695220947267,4.971483230590820,5.355162143707275,23.000000000000000
8.675,may,-4.101820945739746,4.593712329864502,4.504114151000977,23.000000000000000
8.676,have,-0.427741259336472,4.047146797180177,3.934030771255493,25.000000000000000
8.677,been,-2.895063400268555,4.487389087677002,4.403063297271729,27.000000000000000
8.678,exposed,-3.602028284221888,5.601167440414429,5.721202850341798,29.000000000000000
8.679,to .,-0.089578632963821,11.156971931457520,11.189975023269653,36.000000000000000
8.680,Though,-3.222758293151855,5.369179248809815,4.809881210327148,3.000000000000000
8.681,there,-4.081180572509767,5.368050575256348,5.263272762298584,6.000000000000000
8.682,had,-4.979848861694336,3.836995601654053,3.677274227142334,7.000000000000000
8.683,always,-2.742542743682861,4.584962844848633,5.123344421386719,9.000000000000000
8.684,been,-0.011370028369129,3.864201068878174,3.420136213302612,10.000000000000000
8.685,skeptics,-10.456068992614746,7.742815256118774,8.565162420272827,13.000000000000000
8.686,who,-0.032343350350857,3.276034355163574,3.370915889739990,15.000000000000000
8.687,had,-2.696694135665894,3.972383260726929,3.967963218688965,17.000000000000000
8.688,many,-6.571658611297607,4.979180335998535,5.360766410827637,20.000000000000000
8.689,objections,-6.145956372318324,6.653264284133911,7.656896829605103,21.000000000000000
8.690,to,-0.052640650421381,3.932711362838745,3.903713941574097,21.000000000000000
8.691,the,-0.652621328830719,4.596174240112305,5.095853805541992,24.000000000000000
8.692,plausibility,-14.352333009243011,17.889652729034427,20.401891946792606,25.000000000000000
8.693,of,-0.018990954384208,3.865515232086182,3.986335754394531,25.000000000000000
8.694,these,-4.665775775909424,4.955514430999756,5.138162612915039,27.000000000000000
8.695,"accounts ,",-8.173791747540236,8.753576755523682,9.173998832702637,31.000000000000000
8.696,it,-4.036034107208252,4.443777561187744,4.716422557830811,5.000000000000000
8.697,was,-0.837014615535736,3.016508817672729,2.948145389556885,6.000000000000000
8.698,not,-3.098020792007446,4.196671962738037,4.215752124786377,7.000000000000000
8.699,until,-2.482104778289795,4.201216697692871,4.082095146179198,9.000000000000000
8.700,the,-1.730515599250794,3.650153636932373,3.685634613037109,11.000000000000000
8.701,mid,-3.755472898483277,6.479583263397218,6.877449035644531,12.000000000000000
8.702,nineteen,-16.403845310211178,7.670466184616089,9.031177043914797,13.000000000000000
8.703,nineties,-19.198223590850827,8.945316314697266,9.604809284210203,14.000000000000000
8.704,that,-2.790344238281250,4.715053081512451,4.676670074462892,10.000000000000000
8.705,a,-3.257966518402100,4.678894996643066,4.592031955718994,14.000000000000000
8.706,strong,-5.788045883178711,5.106752395629883,5.205050468444824,15.000000000000000
8.707,counter-argument,-17.112231969833374,21.800585269927979,24.108019113540649,16.000000000000000
8.708,to,-2.759208202362061,3.754331827163696,3.765144109725952,15.000000000000000
8.709,the,-0.528823733329773,4.870399475097656,4.830497741699219,18.000000000000000
8.710,presence,-7.263972282409668,3.859145641326904,4.332382678985597,19.000000000000000
8.711,of,-0.042668472975492,3.923272132873535,3.894231557846069,19.000000000000000
8.712,aliens,-8.654225915670395,10.675670146942140,11.288537502288818,21.000000000000000
8.713,was,-1.273972034454346,2.929459810256958,2.854836940765381,14.000000000000000
8.714,widely,-6.545626640319824,3.576297521591187,3.894501209259033,16.000000000000000
8.715,publicized .,-7.847425927066070,12.153512954711914,12.167739391326904,24.000000000000000
8.716,The,-1.674321293830872,6.122092247009277,6.432260990142822,3.000000000000000
8.717,General,-7.851555347442628,5.860249996185303,6.473785877227782,4.000000000000000
8.718,Accounting,-0.816781520843506,5.752583026885986,6.275538444519043,5.000000000000000
8.719,Office,-0.000540587177966,5.068159103393555,5.339434623718262,6.000000000000000
8.720,launched,-7.206910080567467,8.810431241989138,9.273702144622805,5.000000000000000
8.721,an,-3.623247146606445,4.795965194702148,4.704164505004883,7.000000000000000
8.722,inquiry,-2.082629882905167,7.702160120010376,8.907313823699951,8.000000000000000
8.723,and,-0.290759205818176,4.875861167907715,4.673309326171875,5.000000000000000
8.724,directed,-5.393197059631348,4.466265201568604,4.409795761108398,7.000000000000000
8.725,the,-0.740729153156281,4.231452465057373,3.967222213745117,11.000000000000000
8.726,Office,-2.408032894134521,4.303193569183350,4.721830844879150,12.000000000000000
8.727,of,-0.003137786407024,4.587026596069336,4.544953346252441,12.000000000000000
8.728,the,-0.643318891525269,3.807047843933105,4.470110416412354,15.000000000000000
8.729,Secretary,-8.116556167602539,3.828607082366944,4.919632911682129,16.000000000000000
8.730,of,-0.001837709685788,4.310539722442627,4.277101516723634,16.000000000000000
8.731,the,-4.439534187316895,4.670970916748047,5.214818000793457,18.000000000000000
8.732,Air,-4.451239109039307,4.854039192199707,5.614209175109863,19.000000000000000
8.733,Force,-0.326542079448700,5.210791110992432,5.668065547943115,20.000000000000000
8.734,to,-0.015297937206924,5.272441864013672,5.160623550415039,11.000000000000000
8.735,conduct,-3.312644958496094,4.284279346466064,4.190585136413573,13.000000000000000
8.736,an,-2.506104469299316,5.198562622070312,5.123661041259767,15.000000000000000
8.737,internal,-1.232610225677490,5.587430953979492,5.493659019470215,16.000000000000000
8.738,investigation .,-0.683465420412176,10.751948833465576,11.543091773986816,21.000000000000000
8.739,The,-1.674321293830872,6.122092247009277,6.432260990142822,3.000000000000000
8.740,result,-5.767891883850098,5.968881130218506,5.860152244567871,4.000000000000000
8.741,was,-1.364504694938660,4.088876724243163,3.956030607223511,4.000000000000000
8.742,summarized,-9.066802935936721,7.853128433227539,7.003990411758423,6.000000000000000
8.743,in,-0.555878281593323,3.837568283081055,3.715146064758301,8.000000000000000
8.744,two,-6.690786838531494,5.213176727294922,5.477106094360352,10.000000000000000
8.745,reports .,-4.409818128187908,11.260912179946899,12.186550617218018,15.000000000000000
8.746,The,-1.335898160934448,5.764348506927490,6.119246482849121,4.000000000000000
8.747,"first ,",-6.232413411140442,10.854034423828125,11.244788169860840,9.000000000000000
8.748,released,-4.766584277099356,7.932727336883545,7.245168447494508,6.000000000000000
8.749,in,-1.153948426246643,4.007032871246338,3.923413276672363,8.000000000000000
8.750,nineteen,-19.853851318359371,8.950574398040771,10.091044902801514,10.000000000000000
8.751,"ninety-five ,",-25.837020966922868,21.752862930297855,23.430844783782963,17.000000000000000
8.752,concluded,-8.971706873737276,6.233520746231079,6.002949476242065,4.000000000000000
8.753,that,-0.157915100455284,4.542742729187012,4.447071075439453,6.000000000000000
8.754,the,-0.909292340278626,4.394564628601073,4.791470050811768,10.000000000000000
8.755,reported,-9.388648986816406,5.002043724060059,5.413031578063965,11.000000000000000
8.756,recovered,-11.316206932067873,4.013487339019775,4.742170810699463,12.000000000000000
8.757,material,-7.134430885314941,3.039990186691284,3.539133071899414,13.000000000000000
8.758,in,-1.697807312011719,3.354445219039917,3.706881284713745,11.000000000000000
8.759,nineteen,-17.559711456298828,8.906432628631592,8.942306995391846,13.000000000000000
8.760,forty-seven,-21.022890150547028,17.182823657989502,19.458155393600464,14.000000000000000
8.761,was,-0.907288670539856,4.678294181823730,4.775953769683838,10.000000000000000
8.762,likely,-7.408052563667297,8.728053569793701,9.316899299621582,12.000000000000000
8.763,debris,-12.942031741142273,6.825004577636719,8.497376441955566,14.000000000000000
8.764,from,-1.327600717544556,3.794581174850464,3.764516592025757,15.000000000000000
8.765,a,-1.454454183578491,4.994768619537354,5.092581748962402,18.000000000000000
8.766,secret,-7.413350105285645,5.157335758209229,5.430886745452881,19.000000000000000
8.767,government,-6.696243286132812,3.730464220046997,3.881204128265381,20.000000000000000
8.768,program,-4.938728809356689,4.235403537750243,4.743188858032227,21.000000000000000
8.769,called,-3.468982338905334,9.041402339935305,8.970220804214476,19.000000000000000
8.770,Project,-7.110623359680176,4.077919483184815,4.722365856170653,21.000000000000000
8.771,"Mogul ,",-15.791724205017090,9.460957050323486,10.083334207534790,41.000000000000000
8.772,which,-0.023252084851265,3.239309310913086,3.137016296386719,22.000000000000000
8.773,involved,-5.911351577669849,7.773051500320435,7.718406200408935,24.000000000000000
8.774,high,-6.492408752441406,5.152178764343262,5.354605674743652,27.000000000000000
8.775,altitude,-6.782155752182008,7.816472530364990,8.568814039230348,28.000000000000000
8.776,balloons,-9.656305849552156,6.087748050689697,7.277263402938843,29.000000000000000
8.777,meant,-5.297687530517578,4.358198165893556,4.468186378479004,28.000000000000000
8.778,to,-0.011307677254081,4.679498195648193,4.555997371673584,31.000000000000000
8.779,detect,-4.283099651336670,2.336981773376465,2.198210716247559,33.000000000000000
8.780,sound,-8.080128669738770,4.031094551086427,4.703065872192383,36.000000000000000
8.781,waves,-2.425998480990530,5.659808635711670,7.030065536499023,37.000000000000000
8.782,generated,-6.319064081064425,5.485587835311890,5.638494491577148,37.000000000000000
8.783,by,-0.118553198873997,3.200796127319336,3.135757684707642,39.000000000000000
8.784,Soviet,-7.048298358917236,4.571925163269043,4.867968559265137,42.000000000000000
8.785,atomic,-7.200481653213501,6.851814031600952,7.722769498825072,43.000000000000000
8.786,bomb,-2.721357107162476,3.669539213180542,4.501318454742432,44.000000000000000
8.787,tests,-6.286650575697423,6.844756603240968,8.377693176269531,45.000000000000000
8.788,and,-1.732522964477539,4.462522029876709,4.345883846282959,42.000000000000000
8.789,ballistic,-7.139169692993164,6.394485473632812,6.775789976119995,44.000000000000000
8.790,missiles .,-0.294128596178780,10.800086736679077,11.282947540283203,49.000000000000000
8.791,The,-1.335898160934448,5.764348506927490,6.119246482849121,4.000000000000000
8.792,second,-5.882627487182617,5.367628574371338,5.491357326507568,5.000000000000000
8.793,"report ,",-6.547825276851654,9.553375244140625,9.987719535827635,10.000000000000000
8.794,released,-1.571499466891283,8.128491878509521,7.716878175735474,6.000000000000000
8.795,two,-1.511172652244568,4.141883850097656,4.289140701293944,9.000000000000000
8.796,years,-3.818870544433594,4.155594825744629,4.347009658813477,10.000000000000000
8.797,"later ,",-9.663877248764038,8.606150388717651,8.597110986709595,17.000000000000000
8.798,in,-2.149624347686768,3.839719295501709,4.101687431335448,10.000000000000000
8.799,nineteen,-19.838968276977539,7.694513797760010,8.498375892639160,12.000000000000000
8.800,"ninety-seven ,",-24.223776310915131,22.962334156036377,25.396364927291870,19.000000000000000
8.801,concluded,-4.940827331505716,5.798518896102905,5.513402938842773,4.000000000000000
8.802,that,-0.095774464309216,4.147639751434326,4.130674839019775,6.000000000000000
8.803,reports,-9.599801063537598,3.827046394348145,4.364984035491943,10.000000000000000
8.804,of,-0.156893163919449,3.481029510498047,3.391889810562134,11.000000000000000
8.805,recovered,-12.563752174377440,3.958471059799193,4.522273540496826,13.000000000000000
8.806,alien,-8.491184234619139,5.880903720855713,6.519192934036255,14.000000000000000
8.807,bodies,-8.833059409764246,9.906368494033812,11.370202541351318,15.000000000000000
8.808,were,-1.298140764236450,4.524795055389403,4.611544132232666,10.000000000000000
8.809,likely,-6.957871139049530,8.794093608856201,9.400002956390381,12.000000000000000
8.810,a,-1.479625105857849,4.024595260620116,4.242718219757080,14.000000000000000
8.811,combination,-7.538577556610107,4.358026981353760,4.250166893005371,15.000000000000000
8.812,of,-0.013118977658451,3.986048460006714,3.964425563812256,15.000000000000000
8.813,innocently,-10.370586156845091,9.393557310104368,9.596569776535032,20.000000000000000
8.814,transformed,-12.105104497051796,6.380943775177003,6.885716676712036,21.000000000000000
8.815,memories,-7.113411740865557,6.549084424972534,7.655693054199219,20.000000000000000
8.816,of,-0.104326196014881,3.474611759185791,3.423231840133667,20.000000000000000
8.817,military,-7.480382442474365,4.217337131500243,4.879907131195068,23.000000000000000
8.818,accidents,-7.513074786169454,6.722385644912720,7.972268581390381,24.000000000000000
8.819,involving,-1.549063562473748,8.425073146820067,8.404168844223022,24.000000000000000
8.820,injured,-8.604290306568148,6.128523111343384,7.019539117813110,27.000000000000000
8.821,or,-0.394786357879639,5.619048118591309,5.874181270599365,28.000000000000000
8.822,killed,-5.021179199218750,3.907588481903076,4.517539501190186,29.000000000000000
8.823,"personnel ,",-7.275987803936004,8.592920303344727,9.127280712127686,45.000000000000000
8.824,innocently,-10.568363189697266,8.636019229888916,8.695882797241211,22.000000000000000
8.825,transformed,-11.574311398901045,5.581517934799193,5.958492994308473,23.000000000000000
8.826,memories,-4.504149248125032,6.113554716110229,7.196497917175293,22.000000000000000
8.827,of,-0.044795565307140,3.530069589614868,3.466694116592407,22.000000000000000
8.828,the,-1.471335649490356,4.110433101654054,4.256875991821288,25.000000000000000
8.829,recovery,-9.972991943359377,3.510039329528809,4.125765323638916,26.000000000000000
8.830,of,-0.206405937671661,3.476059675216675,3.471992015838623,26.000000000000000
8.831,anthropomorphic,-19.770060062408451,19.508202075958248,22.510154247283936,29.000000000000000
8.832,dummies,-16.496323585510257,7.298159599304199,8.115135192871094,30.000000000000000
8.833,in,-0.610511600971222,3.301402091979980,3.376909017562866,30.000000000000000
8.834,military,-7.693550586700439,4.052272796630858,4.521314620971680,33.000000000000000
8.835,programs,-7.603653907775879,3.481567859649658,4.056290149688722,34.000000000000000
8.836,US,-13.481021881103516,5.087016105651856,5.606598377227783,36.000000000000000
8.837,conducted,-5.800511555746198,4.297991991043092,4.220963001251222,37.000000000000000
8.838,in,-1.233379721641540,3.036772727966309,2.954798460006714,39.000000000000000
8.839,the,-1.277738332748413,3.740449666976929,3.612019300460816,41.000000000000000
8.840,nineteen,-16.517733573913574,9.298844337463381,9.885501384735107,42.000000000000000
8.841,"fifties ,",-19.816208034753803,20.555191755294800,22.028938770294186,63.000000000000000
8.842,and,-0.076655395328999,4.274278163909912,4.230699539184569,21.000000000000000
8.843,hoaxes,-11.864924546331167,6.220500230789185,7.136569738388062,24.000000000000000
8.844,that,-0.006475418806076,2.764492511749268,2.655153036117554,26.000000000000000
8.845,various,-7.897789478302003,4.973117828369142,4.978905200958252,29.000000000000000
8.846,witnesses,-5.360113143920898,4.152798175811768,4.404526710510254,30.000000000000000
8.847,and,-1.865001678466797,4.471223831176758,4.375460624694823,29.000000000000000
8.848,UFO,-14.947620391845705,8.354427814483643,8.922320842742920,31.000000000000000
8.849,proponents,-8.647754662641091,7.527318954467773,7.710804939270020,32.000000000000000
8.850,perpetrated .,-12.219487128468241,12.760346293449402,12.567459106445312,33.000000000000000
8.851,The,-1.111525416374206,5.131339073181152,5.495558261871338,5.000000000000000
8.852,psychological,-11.517363548278807,5.186890602111816,5.523383140563965,6.000000000000000
8.853,effects,-3.713181495666504,4.467402935028076,4.900557041168213,7.000000000000000
8.854,of,-0.041908439248800,3.642159223556519,3.714704275131226,6.000000000000000
8.855,time,-9.530583381652832,5.047240257263184,5.267084598541260,8.000000000000000
8.856,compression,-13.120910704135895,6.870993375778197,8.049587488174437,9.000000000000000
8.857,and,-1.120954990386963,5.158933162689209,5.197118759155273,4.000000000000000
8.858,confusion,-9.024507522583008,3.017445564270020,3.583110809326172,7.000000000000000
8.859,about,-0.972310423851013,3.484499692916870,3.304072141647339,8.000000000000000
8.860,when,-1.649995923042297,3.579948186874390,4.073410511016847,11.000000000000000
8.861,events,-9.875285148620604,4.439402103424072,4.803226470947267,13.000000000000000
8.862,occurred,-5.693596005439758,6.239573717117310,6.095307588577271,14.000000000000000
8.863,explained,-8.436215400695799,5.562947154045105,5.150886416435243,4.000000000000000
8.864,the,-0.385617136955261,4.299657821655273,4.305546760559082,7.000000000000000
8.865,discrepancy,-7.426637917757034,6.469048023223878,7.648566007614137,8.000000000000000
8.866,with,-5.252862453460693,3.651435852050781,3.695844411849976,8.000000000000000
8.867,the,-0.438542038202286,4.241261482238770,4.131000518798828,11.000000000000000
8.868,years,-7.893697738647461,4.938122749328613,5.032310485839844,12.000000000000000
8.869,in,-3.464782238006592,3.952392339706421,4.076178073883057,12.000000000000000
8.870,question .,-2.886014133087883,11.705682039260864,12.242010831832886,18.000000000000000
8.871,In,-0.829961776733398,5.871973991394043,5.794948101043701,3.000000000000000
8.872,January,-5.519799709320068,5.448565483093262,5.243415355682373,5.000000000000000
8.873,nineteen,-17.652549743652344,9.371648788452148,10.320499420166016,6.000000000000000
8.874,"ninety-seven ,",-28.270584046840668,28.303149223327637,28.960566520690918,10.000000000000000
8.875,Karl,-8.894322395324707,4.527938842773438,5.355458259582520,6.000000000000000
8.876,"Pflock ,",-17.935360699892044,18.149426221847534,19.559072494506836,13.000000000000000
8.877,one,-4.081351757049561,4.866061687469482,5.060379028320312,9.000000000000000
8.878,of,-0.000690936692990,4.681840896606445,4.635684013366699,10.000000000000000
8.879,the,-1.872912168502808,4.229682445526123,4.116302013397217,12.000000000000000
8.880,more,-2.979820728302002,6.313092231750487,6.174716472625732,14.000000000000000
8.881,prominent,-2.939669370651245,4.207042694091797,4.242831230163573,15.000000000000000
8.882,pro-UFO,-23.347540229558945,16.971071720123287,18.729371547698971,14.000000000000000
8.883,"researchers ,",-7.226597962435336,12.480628967285158,12.289686203002931,23.000000000000000
8.884,"said ,",-7.292356014251709,8.481215000152588,8.307023525238037,13.000000000000000
8.885,`` Based,-5.293065645804745,18.912187099456787,19.313243865966797,20.000000000000000
8.886,on,-0.044752478599548,3.225721359252930,3.168999433517456,14.000000000000000
8.887,my,-3.055681943893433,5.172776222229004,5.159652233123778,17.000000000000000
8.888,research,-4.380429267883302,4.688250064849854,5.072143077850342,18.000000000000000
8.889,and,-1.756143569946289,4.831224918365479,4.772324085235597,17.000000000000000
8.890,that,-5.024213790893555,4.832404613494873,4.771527767181396,20.000000000000000
8.891,of,-0.077399298548698,3.557848453521729,3.487504959106445,21.000000000000000
8.892,"others ,",-3.367209650576115,8.831933498382568,8.858515739440918,35.000000000000000
8.893,I 'm,-4.228715345263481,14.155035257339478,13.854554414749146,29.000000000000000
8.894,as,-7.103548049926758,5.285748481750488,5.507361412048340,17.000000000000000
8.895,certain,-4.940164566040039,3.755480289459229,3.684895038604736,18.000000000000000
8.896,as,-4.072105407714844,3.934654951095581,3.880728483200073,20.000000000000000
8.897,it 's,-4.049742479808629,14.194281339645384,13.962503433227539,47.000000000000000
8.898,possible,-1.643708348274231,3.939638376235962,3.959325075149536,26.000000000000000
8.899,to,-0.003494111588225,4.695096015930176,4.627243518829347,29.000000000000000
8.900,be,-1.189888715744019,4.295446395874023,4.265565872192384,31.000000000000000
8.901,without,-4.483537673950195,7.238593101501465,7.179718971252441,33.000000000000000
8.902,absolute,-9.918792724609377,5.006249904632568,4.985299587249756,35.000000000000000
8.903,"proof ,",-13.782373428344727,12.739156007766724,12.704648256301880,56.000000000000000
8.904,that,-0.634819507598877,3.572923660278320,3.474537372589112,22.000000000000000
8.905,no,-5.125001907348633,4.726021766662598,4.705018997192383,26.000000000000000
8.906,flying,-13.538160800933838,6.494081974029541,6.993471860885620,27.000000000000000
8.907,saucer,-13.754170656204224,8.252495765686035,9.345678806304932,28.000000000000000
8.908,or,-2.850483655929565,3.974464416503906,3.910163164138794,26.000000000000000
8.909,saucers,-15.223741054534912,8.521576166152954,9.279938697814940,28.000000000000000
8.910,crashed,-10.605920106172563,4.344092130661012,4.307269692420960,26.000000000000000
8.911,in,-1.431407570838928,2.589569091796875,2.577837944030762,29.000000000000000
8.912,the,-0.911923706531525,4.017439365386963,3.945634841918945,32.000000000000000
8.913,general,-8.718966484069824,4.018886566162108,4.181471824645996,33.000000000000000
8.914,vicinity,-10.409844992645958,9.316002607345579,10.359782934188845,34.000000000000000
8.915,of,-0.006468785926700,3.325182199478149,3.308983325958252,33.000000000000000
8.916,Roswell,-11.891807079315186,7.822225570678711,8.662801027297974,35.000000000000000
8.917,or,-0.677986681461334,4.700663089752197,4.685129165649414,29.000000000000000
8.918,on,-2.493714332580566,3.276445627212524,3.211369752883911,31.000000000000000
8.919,the,-0.244882121682167,3.673865556716919,3.646033048629761,34.000000000000000
8.920,Plains,-10.447420120239258,4.225518226623535,4.706792831420898,35.000000000000000
8.921,of,-0.489500880241394,3.027742862701416,2.984656333923340,35.000000000000000
8.922,San,-6.333456516265869,4.483964920043945,4.790530204772949,37.000000000000000
8.923,Agustin,-17.331429481506348,7.123060703277588,8.271948575973509,38.000000000000000
8.924,in,-0.928197145462036,3.454736948013306,3.532009601593018,29.000000000000000
8.925,nineteen,-14.495299339294435,9.387946128845217,9.580480098724363,31.000000000000000
8.926,forty-seven . '',-41.530117986025289,36.846144676208496,37.961331844329834,45.000000000000000
8.927,He,-3.187836170196533,5.476806640625000,5.781899452209473,3.000000000000000
8.928,then,-8.085629463195799,4.552570343017578,4.530939102172852,5.000000000000000
8.929,"added ,",-8.589050769805908,9.518943786621094,8.998232841491699,11.000000000000000
8.930,`` The,-1.484922458874735,16.969846487045288,16.194056272506714,18.000000000000000
8.931,debris,-13.350477084517481,8.080597162246704,9.058991432189940,12.000000000000000
8.932,found,-4.417879581451416,4.374687671661377,4.213497638702393,12.000000000000000
8.933,was,-0.936114847660065,4.072191238403319,4.023702144622804,11.000000000000000
8.934,the,-0.920512974262238,4.567881107330322,4.625521183013916,14.000000000000000
8.935,remains,-11.934829711914062,7.342748880386352,8.108150005340576,15.000000000000000
8.936,of,-0.066680811345577,3.760506153106689,3.655635118484497,15.000000000000000
8.937,something,-5.681775569915772,4.638919353485107,5.034078121185303,19.000000000000000
8.938,very,-2.948960304260254,5.715981960296631,5.769393444061278,20.000000000000000
8.939,"earthly ,",-11.971559584140778,12.341614007949829,12.877653837203978,39.000000000000000
8.940,all,-5.547460556030273,3.818862915039063,4.291856765747069,20.000000000000000
8.941,but,-5.709572792053223,4.044926643371582,4.204901218414307,21.000000000000000
8.942,certainly,-5.873993161367252,7.788655996322633,8.119895935058594,22.000000000000000
8.943,something,-2.258057594299316,4.568613052368164,4.832189083099365,22.000000000000000
8.944,from,-4.111738204956056,4.170367240905762,4.146788120269775,23.000000000000000
8.945,the,-1.510909676551819,4.367311477661134,4.333559989929198,25.000000000000000
8.946,Top,-12.169065475463867,4.303555011749268,4.924685001373291,27.000000000000000
8.947,Secret,-10.128490447998047,4.409307003021240,4.620520591735840,28.000000000000000
8.948,Project,-7.940504074096680,3.977375507354736,4.365186691284181,27.000000000000000
8.949,Mogul . '',-35.114776395392248,26.342127323150635,26.631650924682617,37.000000000000000
8.950,Although,-2.293670534925695,11.368106842041016,11.575750827789307,3.000000000000000
8.951,most,-4.466272354125977,4.733559131622314,5.082831382751465,6.000000000000000
8.952,now,-2.389964103698730,4.699324131011963,5.146942138671875,7.000000000000000
8.953,agree,-2.795683622360229,4.769763946533203,4.130454063415526,8.000000000000000
8.954,with,-0.318201571702957,3.479912281036377,3.339615345001221,10.000000000000000
8.955,this,-4.368500232696533,4.465721607208252,4.852194786071777,12.000000000000000
8.956,"conclusion ,",-4.284858341328800,8.565574645996094,8.660387039184570,16.000000000000000
8.957,each,-8.132167577743530,7.041742324829102,7.465873479843140,5.000000000000000
8.958,"year ,",-8.129212021827698,10.766989707946777,11.165185928344727,11.000000000000000
8.959,during,-4.406977653503418,6.132310628890991,6.412898540496826,7.000000000000000
8.960,July,-7.822914123535156,3.818039178848267,4.048851490020752,9.000000000000000
8.961,Fourth,-12.274896621704102,3.886366605758667,4.772652149200440,10.000000000000000
8.962,"weekend ,",-24.076764762401584,8.511801242828369,8.330966949462891,16.000000000000000
8.963,the,-0.829411387443542,4.421841621398926,4.705440998077393,10.000000000000000
8.964,City,-8.939473152160645,4.838781833648682,5.512508392333983,11.000000000000000
8.965,of,-0.026206737384200,3.441056728363037,3.192991495132446,11.000000000000000
8.966,Roswell,-12.391322553157805,6.736249685287476,8.386752128601074,13.000000000000000
8.967,hosts,-7.435607671737671,6.594329953193665,6.615151882171631,10.000000000000000
8.968,the,-2.055259466171265,3.034301042556763,2.767868518829346,13.000000000000000
8.969,Roswell,-11.477663278579712,8.065063714981079,9.755531311035156,14.000000000000000
8.970,UFO,-17.829307556152344,8.639538288116455,9.632919788360596,15.000000000000000
8.971,Festival,-7.999126911163330,4.505392074584961,4.932870388031006,16.000000000000000
8.972,celebrating,-3.020088117104024,5.923671722412108,5.896819114685059,14.000000000000000
8.973,all,-5.707623004913330,3.572424173355103,3.417860031127930,17.000000000000000
8.974,things,-6.404305458068848,5.847814798355103,6.383462667465210,18.000000000000000
8.975,"UFO ,",-21.631793498992920,10.987214088439941,11.615608215332031,32.000000000000000
8.976,featuring,-5.205619447689969,7.374008893966675,7.273855447769165,17.000000000000000
8.977,prominent,-8.807888984680176,4.800053596496582,4.931992530822754,20.000000000000000
8.978,UFOlogists,-24.498992681503296,12.720735788345337,15.055103302001953,21.000000000000000
8.979,and,-1.142869830131531,5.101314544677733,5.055943965911865,20.000000000000000
8.980,discussions .,-13.456117478461238,14.625081777572632,15.750665426254272,32.000000000000000
9.1,Tulip,-14.562849625945091,10.954123020172119,11.715698242187500,3.000000000000000
9.2,mania,-12.090548515319824,8.723198413848879,9.293231964111328,4.000000000000000
9.3,was,-3.328053951263428,5.109700202941895,5.109278202056885,4.000000000000000
9.4,a,-1.555718064308167,5.264313697814941,5.550899982452393,7.000000000000000
9.5,period,-7.732491493225098,4.651531219482422,5.143078804016113,8.000000000000000
9.6,in,-3.952872514724731,3.640082359313965,3.973348617553711,8.000000000000000
9.7,the,-1.357487201690674,3.726841211318970,3.962548732757568,10.000000000000000
9.8,Dutch,-10.033395767211914,4.939095020294189,5.221373558044434,11.000000000000000
9.9,Golden,-12.167815208435060,4.186373710632323,5.510879039764403,12.000000000000000
9.10,Age,-3.168960224837065,9.099568367004396,10.228767871856689,13.000000000000000
9.11,during,-2.262368218041956,7.848919868469237,7.978827714920044,10.000000000000000
9.12,which,-0.002475057262927,4.192810535430908,4.315855503082275,12.000000000000000
9.13,contract,-10.017423629760742,4.276176452636719,4.716491222381592,13.000000000000000
9.14,prices,-5.580286979675293,4.096061706542969,4.390325546264648,14.000000000000000
9.15,for,-0.296248763799667,3.940449953079224,3.862519264221192,14.000000000000000
9.16,bulbs,-9.772882912307976,9.728184223175047,10.762229442596436,17.000000000000000
9.17,of,-1.170595169067383,4.073126792907715,4.081797599792480,18.000000000000000
9.18,the,-2.795233726501465,5.457761764526367,5.338120460510254,20.000000000000000
9.19,recently,-4.587546825408936,5.149405002593994,5.262462139129639,22.000000000000000
9.20,introduced,-2.859490870567242,6.869486808776856,7.065171957015991,23.000000000000000
9.21,tulip,-10.857755661010742,3.846651077270508,4.145693302154541,22.000000000000000
9.22,reached,-4.380132807884365,7.262718200683594,7.281328916549683,14.000000000000000
9.23,extraordinarily,-6.876986740389840,7.858374595642090,8.488122463226317,17.000000000000000
9.24,high,-0.318778872489929,3.623542308807373,3.802859783172608,18.000000000000000
9.25,levels,-0.146661628037691,8.584599256515503,8.990888118743896,17.000000000000000
9.26,and,-0.428797155618668,5.195715427398682,5.044074058532715,14.000000000000000
9.27,then,-0.581875205039978,4.360002517700194,4.539756298065186,16.000000000000000
9.28,suddenly,-1.250660657877916,6.527920007705688,7.051288366317749,17.000000000000000
9.29,collapsed .,-3.742654600348033,13.209964752197266,13.196201682090759,22.000000000000000
9.30,At,-2.811328887939453,5.747324943542480,5.551322460174561,3.000000000000000
9.31,the,-0.808589816093445,4.825142860412598,4.821164131164551,6.000000000000000
9.32,peak,-5.525069713592528,5.600189208984375,5.476983547210693,7.000000000000000
9.33,of,-0.035551823675632,4.137281894683838,4.421973705291748,7.000000000000000
9.34,tulip,-15.970293045043945,4.072546005249023,4.701068401336670,9.000000000000000
9.35,mania,-9.275135993957520,7.115434169769287,7.919224023818970,10.000000000000000
9.36,in,-0.118090704083443,3.544292688369751,3.887939691543579,8.000000000000000
9.37,February,-5.711768627166747,5.237807273864746,5.298369884490967,10.000000000000000
9.38,sixteen,-17.387176513671875,7.913819789886475,10.048997402191162,11.000000000000000
9.39,"thirty-seven ,",-26.493542358279228,27.750007390975949,30.691647768020630,15.000000000000000
9.40,tulip,-12.121464729309082,3.873624324798584,4.314376831054688,5.000000000000000
9.41,contracts,-9.734398113563657,7.192230224609375,8.009693145751951,6.000000000000000
9.42,sold,-5.442679405212402,4.090302467346191,4.247008800506592,6.000000000000000
9.43,for,-0.506290316581726,3.395079851150513,3.430666685104370,8.000000000000000
9.44,more,-2.511544704437256,4.487761974334717,4.721296787261963,12.000000000000000
9.45,than,-0.000136127739097,3.651959419250488,3.681806087493897,13.000000000000000
9.46,ten,-10.891405612230301,8.744970321655272,8.692530632019043,14.000000000000000
9.47,times,-0.134293958544731,4.576660156250000,4.843269348144531,15.000000000000000
9.48,the,-0.782772183418274,3.296293735504150,3.193347930908203,13.000000000000000
9.49,annual,-7.966441631317139,4.538911342620850,4.468626022338867,14.000000000000000
9.50,income,-5.976390838623048,3.989764451980591,4.251809120178224,15.000000000000000
9.51,of,-0.204650372266769,3.523492813110352,3.336623668670654,17.000000000000000
9.52,a,-4.472822666168213,3.940120220184326,3.826495647430420,19.000000000000000
9.53,skilled,-9.908612251281738,7.080955266952515,6.943614244461060,20.000000000000000
9.54,craftsman .,-11.869125254685059,10.357802152633667,11.098970890045166,27.000000000000000
9.55,It,-3.463986396789551,5.483454227447510,5.923331260681152,3.000000000000000
9.56,is,-1.861014366149902,5.339915752410889,4.722030639648438,4.000000000000000
9.57,generally,-4.457736968992323,8.231637001037598,7.982310771942139,6.000000000000000
9.58,considered,-2.359725713729858,5.075502872467041,4.698914051055908,7.000000000000000
9.59,the,-3.330883264541626,3.096025228500366,3.766613245010376,9.000000000000000
9.60,first,-5.124824047088623,4.324180126190186,4.653243541717528,10.000000000000000
9.61,recorded,-13.041007995605467,4.149310111999512,4.724805831909180,11.000000000000000
9.62,economic,-8.817611694335938,3.673023462295532,3.789015054702759,12.000000000000000
9.63,bubble .,-11.067436322671711,11.504805803298950,12.228784084320068,17.000000000000000
9.64,The,-1.335898160934448,5.764348506927490,6.119246482849121,4.000000000000000
9.65,"tulip ,",-14.509614169597626,11.092067241668701,11.656516075134277,9.000000000000000
9.66,introduced,-4.235699075303273,8.860638141632080,8.301345825195312,6.000000000000000
9.67,to,-3.525018930435181,3.624544143676758,3.430921077728271,8.000000000000000
9.68,Europe,-6.520961761474608,3.655962705612183,4.002212524414063,10.000000000000000
9.69,in,-0.547345101833344,3.580520153045654,3.693736314773560,9.000000000000000
9.70,the,-2.596493482589722,4.012061119079590,4.233356952667236,11.000000000000000
9.71,mid,-2.482445955276489,6.248171806335449,6.790094375610352,12.000000000000000
9.72,sixteenth,-19.677378654479980,13.250090122222900,15.244124412536619,13.000000000000000
9.73,century,-0.047077134717256,7.380804061889648,8.326916933059692,14.000000000000000
9.74,from,-3.887243509292603,4.127537727355957,3.997703075408936,10.000000000000000
9.75,the,-1.503989219665527,3.954822778701782,3.776780843734741,12.000000000000000
9.76,Ottoman,-7.465636630542576,11.879119157791138,13.744727611541748,13.000000000000000
9.77,"Empire ,",-0.610343691660091,8.011930704116821,8.523747920989990,20.000000000000000
9.78,became,-5.669560670852661,8.330597400665281,8.611541748046875,4.000000000000000
9.79,very,-4.556008338928223,4.595255851745605,4.587639331817627,6.000000000000000
9.80,popular,-1.443715453147888,2.715589761734009,2.779171705245972,7.000000000000000
9.81,in,-0.526563823223114,3.525404214859009,3.595263481140137,7.000000000000000
9.82,the,-0.840332686901093,4.185948371887207,4.172489166259767,10.000000000000000
9.83,United,-6.554333686828612,4.843106269836426,5.376548290252686,11.000000000000000
9.84,"Provinces ,",-17.596045732498169,12.029657363891602,12.822928905487061,22.000000000000000
9.85,which,-0.045360896736383,2.911907434463501,3.090536832809448,13.000000000000000
9.86,we,-4.725357532501222,3.938833951950073,3.862995624542236,15.000000000000000
9.87,now,-1.182528257369995,4.448804855346680,4.387372493743896,16.000000000000000
9.88,know,-1.872819423675537,4.293714046478272,4.168542385101318,17.000000000000000
9.89,as,-1.496857762336731,3.591719865798950,3.500124931335449,19.000000000000000
9.90,the,-3.231463670730591,4.113170623779297,3.953359127044678,21.000000000000000
9.91,Netherlands .,-6.056156835722505,11.603671789169313,12.090894937515259,26.000000000000000
9.92,Tulip,-14.219131318852305,10.389324665069580,11.489653110504150,4.000000000000000
9.93,cultivation,-13.777126638218760,13.139835834503176,14.428190708160400,5.000000000000000
9.94,in,-3.422103643417358,3.351914644241333,3.848150968551636,5.000000000000000
9.95,the,-0.966596007347107,4.253517150878906,4.462648868560791,7.000000000000000
9.96,United,-5.603971958160400,5.365761756896973,6.046459197998048,8.000000000000000
9.97,Provinces,-18.890006065368649,8.991153717041016,9.913912296295166,9.000000000000000
9.98,is,-1.209417223930359,3.588924169540405,3.382775545120240,4.000000000000000
9.99,generally,-4.598192334033229,7.765220165252685,7.945706129074098,6.000000000000000
9.100,thought,-2.923880100250244,4.687813282012940,4.541127204895020,7.000000000000000
9.101,to,-0.003080268390477,4.419702529907227,4.491138458251953,10.000000000000000
9.102,have,-1.928957700729370,3.959917068481445,3.950533866882324,12.000000000000000
9.103,started,-6.336158649995923,6.000224351882935,5.953024506568909,14.000000000000000
9.104,in,-0.739454686641693,3.306593179702759,3.289186000823975,16.000000000000000
9.105,earnest,-4.827786922454834,4.348718166351318,4.552101612091064,18.000000000000000
9.106,around,-5.608603954315186,3.722651004791260,3.674525499343872,17.000000000000000
9.107,fifteen,-16.927182525396347,15.214577913284302,15.749943494796753,19.000000000000000
9.108,"ninety-three ,",-31.845770597457886,21.166877746582031,21.597406864166256,37.000000000000000
9.109,after,-3.682605266571045,4.362282276153564,4.302266120910645,19.000000000000000
9.110,the,-1.263214945793152,3.985574483871460,4.035274028778076,23.000000000000000
9.111,Flemish,-13.673898458480835,6.999264955520630,7.296873092651367,24.000000000000000
9.112,botanist,-10.468076407909392,14.277759552001953,15.893850326538086,25.000000000000000
9.113,Charles,-7.434399604797362,4.394430160522462,4.900258541107178,24.000000000000000
9.114,de,-3.480874180793762,8.019596099853517,8.293358564376831,25.000000000000000
9.115,l'Ecluse,-56.138301372528076,25.609691619873050,28.170355081558231,26.000000000000000
9.116,had,-2.972097635269165,4.069112777709962,3.995272636413574,23.000000000000000
9.117,taken,-3.337663769721985,8.204094648361206,8.097798585891724,26.000000000000000
9.118,up,-1.656398773193359,3.587341070175171,3.682261228561402,28.000000000000000
9.119,a,-2.367503404617310,4.179686069488525,4.027685642242432,29.000000000000000
9.120,post,-6.518493652343750,4.074971675872804,4.588481903076172,30.000000000000000
9.121,at,-1.881745100021362,3.878747224807739,3.886144638061523,30.000000000000000
9.122,the,-0.456389248371124,4.686450004577637,4.613736152648926,33.000000000000000
9.123,University,-2.356621265411377,4.494168281555176,4.939023017883301,34.000000000000000
9.124,of,-0.002523573115468,4.181113243103026,4.133307933807373,34.000000000000000
9.125,Leiden,-16.339910030364990,7.546782016754150,8.848186254501341,36.000000000000000
9.126,and,-0.286607205867767,4.966629028320312,4.889474391937256,26.000000000000000
9.127,established,-5.477172851562500,4.070589542388916,4.035799980163573,28.000000000000000
9.128,a,-0.729298651218414,4.693108558654785,4.672879695892334,31.000000000000000
9.129,botanical,-11.083100751042366,15.398630142211914,16.665711879730225,32.000000000000000
9.130,"garden ,",-9.186961174011230,8.641460180282593,9.080964088439941,64.000000000000000
9.131,which,-0.067139163613319,2.778556346893311,2.802071094512939,34.000000000000000
9.132,is,-2.170301914215088,3.345129728317261,3.328404188156128,36.000000000000000
9.133,famous,-6.881513595581055,2.899769544601440,2.846448421478271,38.000000000000000
9.134,as,-3.478125333786011,3.789838552474976,3.785830259323120,40.000000000000000
9.135,one,-3.396493911743164,4.432886600494385,4.335742950439453,43.000000000000000
9.136,of,-0.018281182274222,3.787266254425049,3.725558757781982,44.000000000000000
9.137,the,-0.363478541374207,4.020587444305420,3.943009376525879,47.000000000000000
9.138,oldest,-5.199476726353168,13.479776620864868,13.794566869735718,48.000000000000000
9.139,in,-0.382744014263153,3.697952985763550,3.866540431976318,48.000000000000000
9.140,the,-0.492524027824402,4.503969192504883,4.434384346008301,50.000000000000000
9.141,world .,-0.267972945774090,12.134487867355347,12.146114826202393,55.000000000000000
9.142,"There ,",-5.876513391733170,11.715273857116699,11.349284172058105,6.000000000000000
9.143,he,-2.209990024566650,4.556274414062500,4.688714027404785,5.000000000000000
9.144,planted,-9.066405296325684,5.149902820587158,5.002074718475342,6.000000000000000
9.145,his,-3.471787691116333,4.447008132934570,5.213575363159180,9.000000000000000
9.146,collection,-6.668741226196289,3.091512203216553,3.751291751861572,10.000000000000000
9.147,of,-0.023129668086767,4.177873134613037,4.452278137207031,10.000000000000000
9.148,tulip,-11.206597328186037,4.159149169921875,4.762271404266357,13.000000000000000
9.149,bulbs,-8.836598714813590,10.282394170761107,12.330222129821776,14.000000000000000
9.150,that,-0.018837248906493,2.838305473327637,2.882306098937988,15.000000000000000
9.151,the,-2.043072462081909,4.591758728027344,4.833662033081055,18.000000000000000
9.152,Emperor 's,-13.073241289072028,13.148499250411986,15.167284727096556,39.000000000000000
9.153,ambassador,-11.510561943054199,3.505165100097656,4.081082344055177,18.000000000000000
9.154,sent,-4.872607231140137,4.686705112457275,4.593805313110352,18.000000000000000
9.155,to,-0.208426743745804,3.206914663314820,3.094186305999756,20.000000000000000
9.156,him,-3.865170001983643,3.953115701675415,4.124376773834229,22.000000000000000
9.157,from,-3.125041246414185,4.303077220916748,4.175435543060304,21.000000000000000
9.158,"Turkey ,",-11.412467479705811,7.638370752334595,8.014273166656494,37.000000000000000
9.159,which,-0.104108795523643,3.365301609039306,3.265309333801269,17.000000000000000
9.160,were,-1.995217800140381,4.181691169738770,4.158509731292725,19.000000000000000
9.161,able,-4.617017269134521,7.542151212692262,7.512828350067139,21.000000000000000
9.162,to,-0.005772230681032,4.905576705932617,4.890768527984619,24.000000000000000
9.163,tolerate,-10.405323028564453,2.987031936645508,2.882530450820923,26.000000000000000
9.164,the,-0.854461550712585,4.168091773986816,4.379850387573241,29.000000000000000
9.165,harsher,-12.192571640014648,8.815677642822266,9.588353157043457,30.000000000000000
9.166,conditions,-2.801295511424541,6.433168411254883,7.555932283401488,31.000000000000000
9.167,of,-0.398976773023605,3.446614027023315,3.451259613037109,30.000000000000000
9.168,the,-1.256180644035339,3.863716125488281,3.846381187438965,32.000000000000000
9.169,northern,-7.273893356323242,3.626854896545410,4.254388809204102,33.000000000000000
9.170,climate .,-8.871206379320938,11.242176294326784,11.948334455490112,40.000000000000000
9.171,It,-3.463986396789551,5.483454227447510,5.923331260681152,3.000000000000000
9.172,was,-2.173409461975098,5.336749553680420,5.024829864501953,4.000000000000000
9.173,shortly,-8.711796224117277,7.560184001922607,8.546824693679810,7.000000000000000
9.174,thereafter,-2.032662980491295,9.960849285125732,10.565375804901123,8.000000000000000
9.175,that,-3.591120243072510,4.606691837310791,4.546766757965088,8.000000000000000
9.176,the,-1.592750191688538,4.203001499176025,4.677550315856934,11.000000000000000
9.177,tulips,-14.349268913269045,7.184176921844482,8.379049777984621,12.000000000000000
9.178,began,-2.457325607538224,8.453797817230225,8.189606189727781,12.000000000000000
9.179,to,-0.476751685142517,5.548155784606934,5.381169319152832,15.000000000000000
9.180,grow,-4.039720535278319,4.377583980560304,4.335758686065674,17.000000000000000
9.181,in,-0.880611062049866,3.319160938262939,3.376440763473511,19.000000000000000
9.182,popularity .,-5.032634539587888,16.501087427139282,17.654937744140625,25.000000000000000
9.183,The,-1.657068967819214,5.793336868286133,5.808848381042480,4.000000000000000
9.184,flower,-12.008431434631348,8.538112401962280,8.580458402633669,5.000000000000000
9.185,rapidly,-7.560408592224121,3.593635082244873,3.590945959091187,5.000000000000000
9.186,became,-3.638361811637878,9.243229389190674,9.478986263275146,6.000000000000000
9.187,a,-0.929108142852783,4.637784957885742,4.763305664062500,9.000000000000000
9.188,coveted,-8.663950033485889,15.700239896774292,16.982033014297485,10.000000000000000
9.189,luxury,-7.592604160308838,3.378735303878784,3.688836812973023,11.000000000000000
9.190,item,-3.154456615447998,6.481213569641112,6.944346189498901,12.000000000000000
9.191,and,-4.594432830810547,5.439573287963867,5.465132713317871,9.000000000000000
9.192,a,-1.196971297264099,4.412353038787842,4.085660457611084,11.000000000000000
9.193,status,-11.636052131652832,3.753708362579346,4.387551307678224,12.000000000000000
9.194,"symbol ,",-0.454722583293915,7.895250320434570,8.091345071792603,16.000000000000000
9.195,and,-0.632063627243042,4.262191772460938,4.160238742828368,4.000000000000000
9.196,a,-2.518229484558105,4.744988918304443,4.637454509735107,8.000000000000000
9.197,profusion,-10.864242315292358,8.861495494842529,9.110240936279297,9.000000000000000
9.198,of,-0.013706142082810,3.482623338699341,3.409182548522949,9.000000000000000
9.199,varieties,-8.953468978404997,7.032737255096436,8.049077749252321,11.000000000000000
9.200,followed .,-6.119745496485849,12.267583489418030,12.605462074279785,14.000000000000000
9.201,They,-4.215859413146974,5.121073246002197,5.184907436370850,4.000000000000000
9.202,were,-2.879721164703369,5.221267223358153,5.203892230987549,5.000000000000000
9.203,classified,-8.283078193664549,4.862941265106201,4.726294517517090,7.000000000000000
9.204,in,-2.864404439926147,3.848324537277222,3.894063711166382,9.000000000000000
9.205,groups :,-13.080340862274170,8.909965515136719,9.039978981018066,14.000000000000000
9.206,one-colored,-22.589955687522892,13.800319671630859,14.948929309844971,8.000000000000000
9.207,tulips,-13.048082530498506,7.604852437973022,8.738552093505861,9.000000000000000
9.208,of,-1.996516227722168,3.718570709228516,3.651903629302979,9.000000000000000
9.209,"red ,",-4.135507762432098,11.301797389984131,11.380927324295044,24.000000000000000
9.210,"yellow ,",-3.451112866401672,7.940999031066895,7.896848201751709,28.000000000000000
9.211,or,-3.139688968658448,5.086034297943115,4.979187965393066,15.000000000000000
9.212,white,-1.957995176315308,4.017298221588135,4.153955459594727,17.000000000000000
9.213,were,-0.727062642574310,4.892241954803467,4.835558891296387,8.000000000000000
9.214,known,-7.266408085823059,7.899155139923097,7.882964372634888,10.000000000000000
9.215,as,-0.390411138534546,4.260806560516357,4.246623516082764,12.000000000000000
9.216,"Couleren ,",-24.862619876861572,11.331673741340637,12.495088100433350,20.000000000000000
9.217,but,-1.750808477401733,3.727256298065186,3.711844205856323,7.000000000000000
9.218,it,-4.017777442932129,4.039181232452393,4.376917362213135,10.000000000000000
9.219,was,-0.634451210498810,3.909704208374024,3.881334066390991,11.000000000000000
9.220,the,-1.647068619728088,4.174036979675293,4.084971427917480,14.000000000000000
9.221,multicolored,-10.568072676658630,8.605494499206543,9.522521972656250,15.000000000000000
9.222,Rosen,-12.063572883605955,3.229758501052856,3.966131448745728,18.000000000000000
9.223,-LRB- red,-2.630312304586369,24.525033235549923,24.433970451354980,42.000000000000000
9.224,or,-3.666605949401856,4.687341213226318,4.974623203277588,24.000000000000000
9.225,pink,-7.334811791777611,11.901418209075928,12.331345796585085,25.000000000000000
9.226,on,-1.961101293563843,3.842703342437744,3.750940322875977,23.000000000000000
9.227,white,-4.901955604553223,5.255722999572754,5.650742530822754,25.000000000000000
9.228,"background -RRB- ,",-8.570626798543799,30.298124551773071,30.951438665390015,64.000000000000000
9.229,Violetten,-24.732002019882199,12.709149837493895,14.409164428710938,20.000000000000000
9.230,-LRB- purple,-9.675231410378730,20.850641489028931,20.827426433563232,46.000000000000000
9.231,or,-2.984876632690430,5.178898811340332,5.207811355590820,26.000000000000000
9.232,lilac,-12.926603913307190,10.833529233932495,11.740083456039429,27.000000000000000
9.233,on,-1.308088302612305,3.593978404998780,3.561107635498047,25.000000000000000
9.234,white,-2.528938531875610,5.085376262664795,5.575684070587158,27.000000000000000
9.235,"background -RRB- ,",-5.723306789675916,29.469520568847653,30.651401758193970,70.000000000000000
9.236,"and ,",-13.662416696548462,9.030853271484375,9.043578624725342,42.000000000000000
9.237,to,-3.996237277984619,3.316183328628540,3.328469753265381,24.000000000000000
9.238,a,-1.581509232521057,3.165184974670410,3.145796060562134,26.000000000000000
9.239,lesser,-0.334667384624481,4.110558509826660,4.346919059753418,27.000000000000000
9.240,"extent ,",-0.991967428475618,7.565022230148315,7.489824533462524,52.000000000000000
9.241,the,-1.208594918251038,4.282737731933594,4.313667774200440,27.000000000000000
9.242,Bizarden,-27.860204696655273,13.106039524078369,13.965370655059814,28.000000000000000
9.243,"-LRB- red ,",-3.313015970765264,28.080677032470703,28.071359157562259,93.000000000000000
9.244,brown,-5.617768764495850,7.898828983306885,7.825109243392943,34.000000000000000
9.245,or,-3.494680404663086,5.162637710571289,5.219929218292236,35.000000000000000
9.246,purple,-7.636555671691895,3.982003450393677,4.119336128234863,36.000000000000000
9.247,on,-1.460979342460632,3.568071126937866,3.535731315612793,32.000000000000000
9.248,yellow,-7.447505950927733,4.814651489257812,5.338768482208252,34.000000000000000
9.249,background -RRB-,-5.027358493557812,24.974571228027344,25.883108139038086,65.000000000000000
9.250,that,-0.042422503232956,3.269390821456909,3.137219905853271,16.000000000000000
9.251,were,-2.105063438415528,3.313618421554565,3.249539852142334,18.000000000000000
9.252,the,-2.296581745147705,4.541043758392334,4.481328964233398,20.000000000000000
9.253,most,-0.197100684046745,5.846818447113037,5.772389411926270,22.000000000000000
9.254,popular .,-2.687757608524407,11.149631977081299,11.322813510894775,28.000000000000000
9.255,These,-5.455367088317871,6.322968006134032,6.364833354949951,3.000000000000000
9.256,spectacular,-8.746104240417480,3.346895217895508,3.301082849502563,6.000000000000000
9.257,and,-0.716794610023499,5.450461864471436,5.471421241760254,6.000000000000000
9.258,highly,-3.728330612182617,5.598396301269531,5.787676334381104,8.000000000000000
9.259,sought-after,-8.840050828643141,12.381933927536011,13.755715608596802,9.000000000000000
9.260,tulip,-12.204673767089846,3.325367927551269,3.846190452575684,5.000000000000000
9.261,bulbs,-10.190860573202373,10.285594463348387,11.531228303909302,6.000000000000000
9.262,would,-4.573253631591797,4.241867065429688,4.155248165130615,4.000000000000000
9.263,grow,-7.023950576782227,3.715284585952759,3.678717374801636,6.000000000000000
9.264,flowers,-11.021046638488770,3.962500572204590,4.583635807037354,9.000000000000000
9.265,with,-1.968585610389709,3.688318252563477,3.886948585510254,10.000000000000000
9.266,vivid,-8.916045188903809,4.792643547058105,5.373266696929932,14.000000000000000
9.267,"colors ,",-5.558952927589417,10.551533222198486,11.825683355331421,29.000000000000000
9.268,"lines ,",-9.624942779541016,8.495304107666016,8.919407606124878,32.000000000000000
9.269,and,-2.859664678573608,4.984629631042480,5.001963138580322,17.000000000000000
9.270,flames,-8.585121512413025,13.749503612518311,15.383667707443236,19.000000000000000
9.271,on,-2.037190914154053,3.923262596130371,3.940807580947876,14.000000000000000
9.272,the,-0.950415194034576,4.864214897155762,5.052124500274658,16.000000000000000
9.273,"petals ,",-15.264461040496826,12.332489490509033,13.501844882965088,25.000000000000000
9.274,as,-3.807455062866211,3.908378601074218,3.921246051788330,10.000000000000000
9.275,a,-0.953588962554932,4.355698585510254,4.447566032409668,13.000000000000000
9.276,"result ,",-10.686793923377992,8.464955568313599,8.663577556610107,27.000000000000000
9.277,it,-3.640118598937988,3.548759698867798,3.851086378097534,17.000000000000000
9.278,is,-1.698220014572144,2.853127956390381,2.729656696319580,18.000000000000000
9.279,now,-1.412054419517517,4.261513233184815,4.219272613525392,20.000000000000000
9.280,"understood ,",-4.988497564918362,15.607977390289307,15.524341344833374,36.000000000000000
9.281,of,-0.080995559692383,3.457343339920044,3.390735387802124,17.000000000000000
9.282,being,-1.924086213111877,3.673548460006714,3.623775482177734,20.000000000000000
9.283,infected,-6.237516522407532,7.590259790420532,7.556991100311278,22.000000000000000
9.284,with,-0.187923714518547,2.812278747558594,2.778966188430786,24.000000000000000
9.285,tulip-specific,-26.092495441436768,10.535701751708984,12.102656841278074,27.000000000000000
9.286,virus,-5.538861751556396,3.151551008224488,3.840007781982422,28.000000000000000
9.287,known,-1.383707404136657,7.884783029556274,7.789045095443726,28.000000000000000
9.288,as,-0.021490216255188,3.950996637344360,3.901852369308472,30.000000000000000
9.289,the,-3.335621118545532,4.813930034637451,5.045337677001953,32.000000000000000
9.290,`` Tulip,-14.987388757963343,20.376550674438477,21.757945537567139,67.000000000000000
9.291,breaking,-14.931517601013185,7.837343454360963,8.107815265655518,35.000000000000000
9.292,virus '' .,-30.123598937207138,22.396857738494873,23.281256198883057,77.000000000000000
9.293,The,-1.674321293830872,6.122092247009277,6.432260990142822,3.000000000000000
9.294,Dutch,-8.235061645507812,5.133012294769287,5.543346881866455,4.000000000000000
9.295,Golden,-13.613901138305664,5.043091297149658,5.936334609985352,5.000000000000000
9.296,Age,-3.619430124759674,10.090730190277100,10.526639938354492,6.000000000000000
9.297,growers,-12.279857978224756,8.501959800720215,9.008749961853027,7.000000000000000
9.298,named,-7.658069133758545,10.044527530670166,9.749751567840576,4.000000000000000
9.299,their,-3.824456453323364,4.516271591186523,4.536499023437500,6.000000000000000
9.300,new,-3.364279508590698,4.392783641815186,4.362780570983887,7.000000000000000
9.301,varieties,-8.793386381119490,7.039120197296143,8.414983749389647,8.000000000000000
9.302,with,-4.073792934417725,3.615491390228272,3.481420040130615,7.000000000000000
9.303,exalted,-14.349806785583494,7.965734958648683,8.564140796661379,9.000000000000000
9.304,titles .,-8.601488369458821,14.070070505142212,15.358416795730591,14.000000000000000
9.305,Many,-5.633313179016112,6.451156616210938,6.558835983276367,3.000000000000000
9.306,early,-8.484535217285156,6.053014278411865,6.243841648101808,4.000000000000000
9.307,forms,-9.248231887817383,4.416370868682861,4.319713115692139,5.000000000000000
9.308,were,-2.146384716033936,4.595993518829347,4.711925506591797,4.000000000000000
9.309,prefixed,-12.863980307127347,11.045457124710083,11.291690587997437,6.000000000000000
9.310,with,-2.591666698455811,3.256242275238037,3.039603471755981,8.000000000000000
9.311,"`` admiral '' ,",-43.381281866690642,31.367684364318848,33.048097610473633,39.000000000000000
9.312,often,-4.567529678344727,5.152248382568358,5.066628456115723,10.000000000000000
9.313,combined,-13.783446311950685,4.309350967407227,4.262516975402832,11.000000000000000
9.314,with,-0.014871333725750,2.919976234436035,2.773656129837036,13.000000000000000
9.315,the,-1.591886281967163,4.039977073669434,3.886024475097656,16.000000000000000
9.316,growers ',-13.906211763322062,15.897490501403807,16.361698389053345,35.000000000000000
9.317,names .,-7.423508920706808,11.628504991531372,11.585834026336670,20.000000000000000
9.318,`` General '',-32.408799871682277,37.218394041061401,37.933941364288323,10.000000000000000
9.319,was,-2.666987657546997,4.412525653839111,4.128260135650635,6.000000000000000
9.320,another,-5.885479450225830,5.029595851898193,5.093634605407715,9.000000000000000
9.321,prefix,-15.985941410064695,8.925729036331179,9.796178817749023,10.000000000000000
9.322,that,-0.120795495808125,3.135246515274048,3.094502925872803,11.000000000000000
9.323,found,-6.977296352386475,4.012466907501222,3.840275764465332,13.000000000000000
9.324,its,-3.333997249603271,3.880022048950195,4.003011703491212,15.000000000000000
9.325,way,-0.310574710369110,4.175686359405518,4.411517143249512,16.000000000000000
9.326,into,-0.868032157421112,2.539554357528687,2.386790275573730,16.000000000000000
9.327,the,-0.693593144416809,4.258316516876222,4.192389488220215,19.000000000000000
9.328,names,-8.656670570373535,5.373564243316650,5.504995346069336,20.000000000000000
9.329,of,-0.011032061651349,3.798449754714966,3.616847753524780,20.000000000000000
9.330,around,-12.865651130676270,4.203824043273927,4.985225677490233,22.000000000000000
9.331,thirty,-15.782411634922028,11.808496713638306,12.539424657821655,23.000000000000000
9.332,varieties .,-12.300232178997250,15.935048580169678,17.129180431365967,30.000000000000000
9.333,Later,-7.586539745330810,5.262688636779785,5.564829349517822,3.000000000000000
9.334,came,-0.305052833631635,7.701663494110107,8.104303836822510,4.000000000000000
9.335,varieties,-14.909529417753220,7.924026012420653,9.458945274353027,6.000000000000000
9.336,with,-5.145128726959229,3.789436817169189,3.857574939727783,7.000000000000000
9.337,even,-4.732057571411133,5.189814090728760,5.167333602905273,11.000000000000000
9.338,more,-1.113960862159729,5.312290668487549,5.214052200317383,12.000000000000000
9.339,superb,-11.474493980407715,3.043540000915528,3.250734567642212,13.000000000000000
9.340,"names ,",-6.409738659858705,8.831381559371948,9.380066871643068,21.000000000000000
9.341,such,-0.465319395065308,3.544647693634033,4.436555385589600,12.000000000000000
9.342,as,-0.000077125434473,4.980256080627441,4.999257564544678,13.000000000000000
9.343,even,-5.778795719146729,3.237565755844116,3.477967977523804,16.000000000000000
9.344,`` Admiral,-17.096010208108964,17.691097497940063,19.767571449279785,36.000000000000000
9.345,of,-2.338314533233643,3.194047689437866,3.130463600158691,20.000000000000000
9.346,Admirals '',-35.490389794111252,22.665472745895386,23.490592241287231,42.000000000000000
9.347,and,-1.584547638893127,4.945112228393555,4.869706630706787,17.000000000000000
9.348,`` General,-10.084078758937267,16.144590616226196,16.562289714813232,40.000000000000000
9.349,of,-0.266330689191818,3.469006061553955,3.463235139846802,22.000000000000000
9.350,Generals '' .,-33.707984145730741,27.620248317718506,28.156613588333130,51.000000000000000
9.351,Most,-5.199092864990233,6.333196640014648,6.232582092285156,4.000000000000000
9.352,of,-0.006592193618417,4.386494159698486,4.622886657714844,5.000000000000000
9.353,these,-2.824912071228028,4.015840053558350,4.242304801940918,7.000000000000000
9.354,varieties,-10.351459693163633,7.846056699752808,8.695386409759521,8.000000000000000
9.355,have,-2.388958930969238,3.091370105743408,2.987719535827637,4.000000000000000
9.356,now,-3.823793411254883,4.726733684539795,5.049045562744142,6.000000000000000
9.357,died,-5.323735713958740,5.146944522857666,5.128276824951172,7.000000000000000
9.358,"out ,",-5.397383689880371,9.208522796630859,9.400200843811035,18.000000000000000
9.359,though,-1.937398195266724,4.332838058471681,4.177948951721191,11.000000000000000
9.360,similar,-8.500137329101562,4.546308517456055,4.568829059600830,14.000000000000000
9.361,`` broken '',-37.599325209623203,25.884518146514893,26.988368272781372,48.000000000000000
9.362,tulips,-12.870821341872215,7.647392749786378,8.083070993423464,18.000000000000000
9.363,continue,-5.626841545104980,3.634924888610840,3.530620574951172,15.000000000000000
9.364,in,-1.231485009193420,2.937482118606567,2.912560701370240,17.000000000000000
9.365,the,-1.195693373680115,3.962360620498657,3.852039813995361,19.000000000000000
9.366,trade .,-8.914511888229754,12.045706272125244,12.312265396118164,24.000000000000000
9.367,Tulips,-20.962728977203373,10.978821754455566,11.682721138000488,3.000000000000000
9.368,grow,-8.395412445068361,4.960439682006836,4.768137454986572,5.000000000000000
9.369,from,-2.723523139953613,3.721498966217041,3.632496118545532,7.000000000000000
9.370,"bulbs ,",-12.683798432350159,14.520725250244142,15.461990833282471,14.000000000000000
9.371,and,-2.662172079086304,4.757912635803223,4.523257255554199,6.000000000000000
9.372,can,-3.474797725677490,4.614356517791748,4.552416801452637,8.000000000000000
9.373,be,-0.969489812850952,5.483207225799561,5.529576778411865,10.000000000000000
9.374,propagated,-13.649951916013382,6.211474180221558,5.888928771018982,12.000000000000000
9.375,through,-3.675731182098389,3.560184717178345,3.482084035873413,14.000000000000000
9.376,both,-7.879920005798340,4.513000965118408,4.413656711578369,16.000000000000000
9.377,seeds,-10.561296463012695,3.688280344009400,4.151865005493163,17.000000000000000
9.378,and,-0.378583818674088,4.350007534027100,4.698746681213379,18.000000000000000
9.379,buds .,-8.368673132441472,17.373155355453491,18.647575139999390,23.000000000000000
9.380,Seeds,-13.667504787445068,16.108432769775391,16.329937934875492,4.000000000000000
9.381,from,-2.658189535140991,4.213834285736084,4.343533992767334,5.000000000000000
9.382,a,-4.933739662170410,5.496036052703857,4.993411540985107,7.000000000000000
9.383,tulip,-12.109186172485352,4.926345348358153,4.998348236083983,8.000000000000000
9.384,will,-3.887202262878418,4.353154659271240,4.052982330322267,4.000000000000000
9.385,form,-6.554391384124756,5.082370281219482,4.892634391784668,6.000000000000000
9.386,a,-1.958036780357361,3.643980741500855,3.346189737319946,8.000000000000000
9.387,flowering,-9.942430734634401,10.842771768569946,11.567599534988403,9.000000000000000
9.388,bulb,-9.914596796035768,6.475057601928711,6.888453006744385,10.000000000000000
9.389,after,-4.376696586608887,4.022343635559082,3.859695911407471,9.000000000000000
9.390,seven-twelve,-28.401596136391163,19.994841098785397,20.721752166748047,11.000000000000000
9.391,years .,-0.996651741770620,12.014658927917480,12.481823444366455,16.000000000000000
9.392,When,-0.045606028288603,5.388640880584717,5.387931346893311,5.000000000000000
9.393,a,-3.093575954437256,3.580576658248901,3.891815185546875,7.000000000000000
9.394,bulb,-11.337728500366213,5.918108463287354,6.349317550659180,8.000000000000000
9.395,grows,-6.067431444593240,6.322470426559447,5.979618310928345,8.000000000000000
9.396,into,-3.311832427978516,3.711864233016968,3.497469663619995,10.000000000000000
9.397,the,-2.206971168518066,4.551279067993164,5.026487827301025,12.000000000000000
9.398,"flower ,",-8.393760621547699,11.265377998352051,11.865809202194214,17.000000000000000
9.399,the,-1.709071516990662,3.391777753829956,3.566978931427002,6.000000000000000
9.400,original,-8.170128822326660,4.264997959136963,4.392642974853517,7.000000000000000
9.401,bulb,-6.575412988662720,6.171921253204347,6.410652875900269,8.000000000000000
9.402,will,-3.790912628173828,3.987466096878052,3.863311529159546,7.000000000000000
9.403,"disappear ,",-5.550190389156342,8.301946163177490,7.853744029998779,12.000000000000000
9.404,but,-1.826006889343261,4.397523403167725,4.342207908630371,4.000000000000000
9.405,a,-3.392678499221802,4.170718193054198,4.185983657836913,7.000000000000000
9.406,clone,-9.795973777770996,3.154012918472290,3.599627494812012,8.000000000000000
9.407,bulb,-12.476974010467529,5.613825559616089,6.264924526214600,9.000000000000000
9.408,forms,-7.714152336120605,4.040162086486816,4.038900375366212,8.000000000000000
9.409,in,-1.400181651115418,3.110859632492065,3.147382736206055,10.000000000000000
9.410,its,-3.266090393066406,4.257078647613525,4.376864910125732,12.000000000000000
9.411,"place ,",-7.206030130386353,7.802051305770874,8.333595752716064,23.000000000000000
9.412,as,-1.221051216125489,4.694149971008301,4.668561458587647,12.000000000000000
9.413,do,-1.728619813919067,3.407642602920532,3.296190738677979,15.000000000000000
9.414,several,-4.568569183349608,4.419584274291992,4.443523406982422,16.000000000000000
9.415,buds .,-13.347279585985236,16.670191287994385,17.737626075744632,23.000000000000000
9.416,Properly,-12.227491021156313,9.463123798370360,9.122739553451536,4.000000000000000
9.417,"cultivated ,",-8.700664603617042,17.766345024108887,18.512226581573486,8.000000000000000
9.418,these,-4.065769672393799,4.270340919494629,4.735639572143555,5.000000000000000
9.419,buds,-12.760398551821707,9.988623619079590,11.610673189163208,6.000000000000000
9.420,will,-4.147808551788330,4.032738208770752,3.806373596191406,6.000000000000000
9.421,become,-4.202383041381837,5.322834014892578,5.310639381408691,8.000000000000000
9.422,bulbs,-13.606773436069489,9.860422372817991,10.627334117889404,11.000000000000000
9.423,of,-1.154741287231445,3.821837663650513,3.790540218353272,12.000000000000000
9.424,their,-5.457019329071045,4.910101413726807,5.377622127532959,14.000000000000000
9.425,own .,-0.101690065639559,12.951731443405151,13.517364501953125,21.000000000000000
9.426,The,-1.283485174179077,5.935763835906982,5.820782184600830,5.000000000000000
9.427,`` tulip,-17.736856579780238,18.251420021057129,17.898987293243408,13.000000000000000
9.428,breaking '',-35.756571277976036,19.985783576965332,20.972688913345337,17.000000000000000
9.429,"virus ,",-8.282038033008575,8.505868196487427,8.956489801406860,15.000000000000000
9.430,which,-0.014975740574300,3.221515655517578,3.014152288436890,8.000000000000000
9.431,many,-3.654649734497070,5.446200847625732,5.445655822753906,10.000000000000000
9.432,botanists,-12.985326975584030,14.528218030929565,15.937567949295044,11.000000000000000
9.433,have,-3.058800697326660,3.516238689422607,3.341333866119385,11.000000000000000
9.434,"studied ,",-5.796215241309255,7.567466735839844,7.172721385955811,20.000000000000000
9.435,spreads,-9.648612976074221,2.687659263610840,2.587806463241577,5.000000000000000
9.436,only,-5.167592048645020,2.824878454208374,3.009651184082031,7.000000000000000
9.437,through,-2.008796453475952,3.040977716445923,2.904537916183472,8.000000000000000
9.438,"buds ,",-15.433203662745655,15.440852880477905,16.550232410430908,22.000000000000000
9.439,not,-3.166034936904907,4.303866386413573,4.277704715728760,12.000000000000000
9.440,"seeds ,",-7.948946073651314,7.470885515213014,8.050823926925659,17.000000000000000
9.441,and,-1.887459993362427,4.211295127868651,4.123511791229248,4.000000000000000
9.442,so,-6.055006980895996,3.991840362548828,3.959128379821777,5.000000000000000
9.443,cultivating,-10.217764988541603,9.472475051879883,9.261517882347107,9.000000000000000
9.444,the,-1.919758915901184,4.327496528625488,4.410174846649170,11.000000000000000
9.445,most,-1.465347290039062,5.428659439086914,5.477194309234619,13.000000000000000
9.446,appealing,-9.088716506958008,3.451935291290283,3.449937820434570,14.000000000000000
9.447,varieties,-6.653228826820849,6.628181695938110,7.880533695220947,13.000000000000000
9.448,takes,-4.687746857351159,5.480355024337769,5.330298185348512,9.000000000000000
9.449,years .,-2.061435906944098,11.255463600158691,11.606634140014648,18.000000000000000
9.450,Propagation,-21.532382011413574,16.253642559051517,17.868834495544434,3.000000000000000
9.451,is,-0.896920919418335,4.873125553131104,4.752748012542725,4.000000000000000
9.452,greatly,-9.540930070448669,7.961172819137572,8.540015220642090,6.000000000000000
9.453,slowed,-6.619552612304688,4.297430992126465,4.139140129089356,7.000000000000000
9.454,down,-0.037732891738415,4.548392772674561,4.832828998565674,9.000000000000000
9.455,by,-0.243416905403137,3.720713853836060,3.549397706985474,10.000000000000000
9.456,the,-2.489213943481445,4.221647262573241,4.516946315765381,12.000000000000000
9.457,virus .,-8.159527089068433,12.063961267471313,12.969398498535156,17.000000000000000
9.458,Tulips,-20.627852439880371,10.656239986419678,11.350421428680420,4.000000000000000
9.459,bloom,-13.414870262145994,8.089350223541260,7.492106914520264,5.000000000000000
9.460,in,-1.711067438125610,2.882499456405640,2.822939634323120,7.000000000000000
9.461,April,-6.157574176788330,4.039484500885010,4.101888179779054,9.000000000000000
9.462,and,-3.542048931121826,4.377506256103517,4.740030765533447,10.000000000000000
9.463,May,-0.410415112972260,4.177398681640625,4.163257122039795,11.000000000000000
9.464,for,-3.653269529342651,3.448481321334839,3.466394901275635,8.000000000000000
9.465,about,-6.485089302062987,4.463578701019287,4.357134342193604,10.000000000000000
9.466,a,-0.506420433521271,4.169824600219727,4.405619144439697,11.000000000000000
9.467,"week ,",-2.507789149880409,7.656585693359375,8.035512208938599,15.000000000000000
9.468,and,-0.904888868331909,4.058045387268066,3.939251661300659,4.000000000000000
9.469,the,-1.853026270866394,4.055439949035645,3.951002120971680,7.000000000000000
9.470,secondary,-11.176538467407227,4.821109771728517,4.943815708160400,8.000000000000000
9.471,buds,-13.528367996215820,10.628057718276976,11.744966030120850,9.000000000000000
9.472,appear,-5.197852134704590,2.773858308792114,2.752902984619141,8.000000000000000
9.473,shortly,-7.241744644939899,6.589411020278932,7.009644508361816,10.000000000000000
9.474,thereafter .,-1.155797417712165,16.493518590927124,16.980651378631592,17.000000000000000
9.475,Bulbs,-17.694148212671283,24.245488166809078,24.310208320617679,4.000000000000000
9.476,can,-3.983982563018799,5.021159648895264,4.690386772155762,7.000000000000000
9.477,be,-1.121283769607544,5.504211902618408,5.642885684967041,9.000000000000000
9.478,uprooted,-12.563588008284569,5.835564851760863,6.166975736618043,11.000000000000000
9.479,and,-0.804353713989258,4.661700725555420,4.544664382934570,7.000000000000000
9.480,moved,-12.136243820190430,5.647309780120850,5.291080951690674,9.000000000000000
9.481,about,-7.156631946563722,3.846889257431030,4.014425754547118,11.000000000000000
9.482,from,-4.358553886413573,3.781939983367920,3.715666770935059,7.000000000000000
9.483,June,-10.004373550415039,4.038823127746582,4.326227188110352,9.000000000000000
9.484,to,-0.127001866698265,4.109486103057861,3.810883522033691,8.000000000000000
9.485,"September ,",-3.539668336510659,7.606861591339111,7.497977972030640,13.000000000000000
9.486,and,-1.960338830947876,4.293007373809815,4.229266643524170,4.000000000000000
9.487,thus,-3.603534698486328,3.148474216461182,3.361244916915894,7.000000000000000
9.488,actual,-9.911872863769533,4.300777435302733,4.555509090423584,8.000000000000000
9.489,purchases,-8.232500635087490,7.192295551300049,7.513370275497437,9.000000000000000
9.490,occurred,-7.782044014311397,5.579676866531372,5.378561735153198,9.000000000000000
9.491,during,-2.978684514760971,7.209381818771362,7.231595277786255,11.000000000000000
9.492,these,-7.922348499298097,3.514575004577637,3.378197193145752,13.000000000000000
9.493,months .,-3.065630588775093,11.263560771942139,11.651942491531372,20.000000000000000
9.494,As,-1.935528874397278,5.991425514221191,5.507517337799072,3.000000000000000
9.495,the,-1.435852289199829,3.882745027542114,4.430196285247803,6.000000000000000
9.496,flowers,-10.921010971069336,4.869028091430664,5.377207756042480,7.000000000000000
9.497,grew,-5.402542591094972,4.844675064086914,4.978057861328125,7.000000000000000
9.498,in,-1.437803626060486,3.312566280364990,3.509177207946777,9.000000000000000
9.499,"popularity ,",-6.050395477563143,13.872259616851807,14.727503299713135,14.000000000000000
9.500,professional,-8.683561325073242,4.032605648040772,4.082135200500488,5.000000000000000
9.501,growers,-9.635449403896928,6.790305137634277,7.696489572525024,6.000000000000000
9.502,paid,-5.701701164245605,4.831322193145752,4.588230133056642,6.000000000000000
9.503,higher,-5.483755111694336,5.421964168548584,5.453265190124512,9.000000000000000
9.504,and,-0.674340844154358,4.460940361022949,4.711107730865479,10.000000000000000
9.505,higher,-1.268984079360962,4.424912452697754,4.641127586364746,11.000000000000000
9.506,prices,-0.242309421300888,4.769938468933105,5.178112506866455,9.000000000000000
9.507,for,-0.063570275902748,3.779274225234986,3.718840599060059,9.000000000000000
9.508,bulbs,-9.906860928982496,9.202786684036257,10.286947011947634,12.000000000000000
9.509,with,-1.073253631591797,4.074788570404054,4.072974205017090,13.000000000000000
9.510,the,-3.370054483413696,4.112824916839600,4.046570777893066,15.000000000000000
9.511,virus .,-9.017178301903188,11.066893339157104,11.770294189453125,22.000000000000000
9.512,By,-3.751270294189453,6.185403823852539,5.817451953887940,3.000000000000000
9.513,sixteen,-14.700909614562988,9.009699344635010,10.770287513732910,5.000000000000000
9.514,"thirty-four ,",-20.511842757463455,27.066311359405518,27.908783197402954,9.000000000000000
9.515,in,-1.381332993507385,3.684689760208130,3.881040096282959,5.000000000000000
9.516,part,-7.936882019042969,3.981104135513306,4.448914051055908,7.000000000000000
9.517,as,-4.117822170257568,4.032878398895264,4.118396282196045,6.000000000000000
9.518,a,-0.418064981698990,4.532958984375000,4.784476280212402,9.000000000000000
9.519,result,-0.504887580871582,3.999331474304199,4.333385467529297,10.000000000000000
9.520,of,-0.001280798460357,4.300790786743163,4.290672779083252,10.000000000000000
9.521,demand,-9.697802543640137,4.397941589355469,4.940964221954347,13.000000000000000
9.522,from,-1.632318496704102,4.165622711181642,4.116105079650879,14.000000000000000
9.523,the,-2.334980487823486,4.332314968109132,4.550810337066650,16.000000000000000
9.524,"French ,",-6.149303614161909,9.400565147399902,9.584209442138672,23.000000000000000
9.525,speculators,-10.801248550415039,4.756514072418213,4.809000015258789,8.000000000000000
9.526,began,-5.121238008141519,8.210561752319336,7.884207725524902,9.000000000000000
9.527,to,-0.554016828536987,4.860959053039551,4.678161144256592,12.000000000000000
9.528,enter,-8.476808547973633,3.132507562637329,3.008294105529785,14.000000000000000
9.529,the,-0.278465628623962,3.457096815109253,3.264595031738281,16.000000000000000
9.530,market .,-0.223689046601066,11.481975793838501,12.215028762817383,26.000000000000000
9.531,In,-0.829961776733398,5.871973991394043,5.794948101043701,3.000000000000000
9.532,sixteen,-17.994049072265625,9.673530578613279,10.388934135437012,5.000000000000000
9.533,"thirty-six ,",-20.449916839599609,30.569743156433105,32.905671596527100,9.000000000000000
9.534,the,-1.761440277099609,3.947397232055664,4.413547992706299,5.000000000000000
9.535,Dutch,-8.107928276062013,4.313663005828857,5.005578517913818,6.000000000000000
9.536,created,-8.927352588390931,6.756005048751831,6.444463253021240,6.000000000000000
9.537,a,-0.809580385684967,5.167656421661377,5.021881103515625,9.000000000000000
9.538,type,-8.608242154121399,7.042572498321532,7.800988912582397,10.000000000000000
9.539,of,-0.034037020057440,3.833451986312866,3.827790260314941,10.000000000000000
9.540,formal,-8.071134567260742,5.219369411468506,5.200984001159668,13.000000000000000
9.541,futures,-9.224061965942383,4.521104335784912,5.227334499359131,14.000000000000000
9.542,"markets ,",-5.608589649200439,8.556515216827393,9.375050067901611,28.000000000000000
9.543,which,-0.090617313981056,3.060204267501831,3.063784599304199,16.000000000000000
9.544,merchants,-9.220306474715473,7.597653388977051,8.176151275634767,18.000000000000000
9.545,used,-4.184133529663087,4.177542209625243,3.953271389007568,19.000000000000000
9.546,to,-0.006394402589649,4.082154273986816,3.898851394653320,22.000000000000000
9.547,sell,-3.587386369705200,4.013542652130127,3.838635444641113,25.000000000000000
9.548,and,-5.249516963958740,3.850353002548218,3.781666040420532,26.000000000000000
9.549,buy,-1.729602098464966,3.365685462951660,3.257177352905273,27.000000000000000
9.550,contracts,-3.083678397699259,7.832525730133058,8.969259738922119,26.000000000000000
9.551,to,-0.006703862920403,4.456187248229980,4.304785728454590,29.000000000000000
9.552,buy,-1.582957029342651,4.108983039855957,4.121841907501222,31.000000000000000
9.553,bulbs,-12.421110173687339,10.483734130859377,11.715700387954712,33.000000000000000
9.554,at,-1.368082165718079,3.661299705505371,3.543785333633423,34.000000000000000
9.555,the,-2.683059215545654,4.201354026794434,4.093889713287354,37.000000000000000
9.556,end,-2.752123117446899,4.293674468994142,4.596817493438722,38.000000000000000
9.557,of,-0.002129312604666,3.948559284210205,3.876952171325684,38.000000000000000
9.558,the,-0.949139475822449,3.944471359252930,3.904272794723511,40.000000000000000
9.559,season .,-5.158387378025509,11.615187168121338,11.900758266448975,47.000000000000000
9.560,Traders,-6.931354492087848,11.233379364013672,11.236210823059082,4.000000000000000
9.561,met,-9.418251037597656,5.040413856506348,4.725500583648682,5.000000000000000
9.562,at,-4.211025714874268,3.397871017456055,3.348496437072754,7.000000000000000
9.563,taverns,-16.500845454633232,8.978250026702881,9.841203689575195,9.000000000000000
9.564,and,-1.905357360839844,4.829030513763428,4.541895389556885,3.000000000000000
9.565,buyers,-5.790189743041992,4.426343917846680,4.687028884887695,6.000000000000000
9.566,were,-1.401902198791504,4.402123451232910,4.388410091400146,7.000000000000000
9.567,required,-6.746298313140869,4.937807083129883,4.859381675720215,9.000000000000000
9.568,to,-0.006977832876146,5.241323471069336,5.121051311492920,12.000000000000000
9.569,pay,-2.301031112670898,4.724875450134277,4.526526927947998,14.000000000000000
9.570,a,-1.729128122329712,5.216899871826172,5.254270553588867,17.000000000000000
9.571,fee,-2.932140111923218,3.772919178009033,4.036576747894287,18.000000000000000
9.572,per,-7.006945610046388,3.714328050613403,4.148125648498535,18.000000000000000
9.573,trade .,-7.170912644010969,11.785141468048094,12.104378700256348,25.000000000000000
9.574,People,-7.744511604309082,6.004967212677003,6.093154430389403,3.000000000000000
9.575,were,-3.378609895706177,5.140477180480957,5.473972320556642,4.000000000000000
9.576,purchasing,-7.901187896728517,5.329440593719482,5.391795635223389,7.000000000000000
9.577,bulbs,-9.399920774623752,10.151049375534056,11.281793594360352,9.000000000000000
9.578,at,-1.846916198730469,4.212615489959717,4.285559654235840,10.000000000000000
9.579,higher,-5.280260086059570,5.611203670501709,5.938220500946045,13.000000000000000
9.580,and,-1.798136711120606,4.402108669281006,4.456488132476807,14.000000000000000
9.581,higher,-1.196003317832947,4.458880424499512,4.739051342010498,15.000000000000000
9.582,"prices ,",-0.807472057640553,9.197756290435791,9.622107505798340,20.000000000000000
9.583,intending,-11.621556054800749,6.145579099655151,5.803409576416017,9.000000000000000
9.584,to,-0.001105174422264,4.928029060363770,4.826245784759521,12.000000000000000
9.585,re-sell,-14.074512004852295,17.214788675308228,17.532425403594971,14.000000000000000
9.586,them,-0.406242221593857,3.750753641128540,4.094471931457520,16.000000000000000
9.587,for,-2.461889028549194,3.463387966156006,3.369684696197510,17.000000000000000
9.588,a,-3.455767631530762,4.220390319824219,4.171738147735597,19.000000000000000
9.589,profit .,-3.832871079415781,11.184592247009277,11.853164911270142,24.000000000000000
9.590,"However ,",-2.344413492753119,15.267204761505125,16.311710834503174,6.000000000000000
9.591,such,-6.256739139556885,4.799423694610597,5.249189376831055,5.000000000000000
9.592,a,-1.435428142547607,4.754338741302490,4.890730381011963,6.000000000000000
9.593,scheme,-7.343473434448242,3.697457790374756,3.704929351806641,7.000000000000000
9.594,could,-1.732740640640259,4.977707862854004,4.689833164215088,6.000000000000000
9.595,not,-5.199450492858887,5.247518539428711,5.447504043579102,7.000000000000000
9.596,last,-4.967959403991699,4.474852561950684,4.160371303558350,9.000000000000000
9.597,unless,-1.926922904473031,9.073161125183104,9.215707302093506,11.000000000000000
9.598,someone,-5.093495219945908,9.369910240173340,9.586194515228273,14.000000000000000
9.599,was,-4.230393409729004,4.527655601501465,4.389801502227783,15.000000000000000
9.600,ultimately,-4.722436547279352,7.046957254409790,7.656597852706909,17.000000000000000
9.601,willing,-1.834816455841064,4.606190681457520,4.866627693176270,18.000000000000000
9.602,to,-0.004328050650656,5.291768550872803,5.225501537322998,21.000000000000000
9.603,pay,-2.056828498840332,5.232819557189941,5.000107288360597,24.000000000000000
9.604,such,-6.661502361297607,4.564695358276367,4.835996627807617,26.000000000000000
9.605,high,-3.800595283508301,6.008787155151367,6.260065078735352,27.000000000000000
9.606,prices,-0.282693922519684,4.537420749664307,4.876381874084473,28.000000000000000
9.607,and,-0.490506559610367,4.675183773040772,4.573473930358887,24.000000000000000
9.608,take,-3.205482721328736,4.243703365325929,4.109646320343018,26.000000000000000
9.609,possession,-5.563951492309570,4.294919967651366,4.858471870422363,29.000000000000000
9.610,of,-0.003200292121619,3.306816339492798,3.140573501586914,30.000000000000000
9.611,the,-1.286464571952820,3.661686658859253,3.740568399429321,32.000000000000000
9.612,bulbs .,-11.534348404675256,17.955492734909058,19.670072793960571,39.000000000000000
9.613,In,-0.829961776733398,5.871973991394043,5.794948101043701,3.000000000000000
9.614,February,-5.746564388275146,5.410595417022705,5.254343986511231,5.000000000000000
9.615,sixteen,-18.225263595581051,9.558343410491943,10.900854110717773,6.000000000000000
9.616,"thirty-seven ,",-27.982083484530449,31.036937236785889,33.187514543533325,10.000000000000000
9.617,tulip,-13.175888061523438,3.665854930877686,4.370510101318358,5.000000000000000
9.618,traders,-7.005301535129548,8.524573564529419,9.438011169433594,6.000000000000000
9.619,could,-5.816496849060059,4.552128791809082,4.290098667144775,6.000000000000000
9.620,no,-3.172538280487061,3.850257635116577,4.181489467620850,8.000000000000000
9.621,longer,-0.031391873955727,3.492593765258789,3.649530649185181,9.000000000000000
9.622,find,-3.348222732543945,4.691832065582275,4.516134262084961,9.000000000000000
9.623,new,-6.197003841400146,4.488765716552733,4.285286903381349,11.000000000000000
9.624,buyers,-3.259886741638184,4.158805847167969,4.300869941711427,12.000000000000000
9.625,willing,-12.948970794677734,2.410886526107788,2.410739183425904,13.000000000000000
9.626,to,-0.003312222193927,4.945235729217528,4.816745281219482,16.000000000000000
9.627,pay,-1.731952548027039,4.672608375549316,4.530966758728027,18.000000000000000
9.628,increasingly,-7.628732545505044,8.866138458251953,9.963274002075195,21.000000000000000
9.629,inflated,-5.220620155334473,3.396374940872192,3.561632156372070,22.000000000000000
9.630,prices,-0.029866356402636,4.931560039520264,5.220994949340820,21.000000000000000
9.631,for,-0.114397063851357,3.876136064529419,3.969787120819092,21.000000000000000
9.632,their,-1.922937870025635,3.894421577453613,3.891407966613770,23.000000000000000
9.633,bulbs .,-8.251430858392267,17.594676256179810,18.876977324485779,30.000000000000000
9.634,As,-1.935528874397278,5.991425514221191,5.507517337799072,3.000000000000000
9.635,this,-5.369303226470947,5.124973773956299,5.343844413757324,6.000000000000000
9.636,realization,-9.586583137512207,4.010340690612793,4.370791435241698,7.000000000000000
9.637,set,-8.559110641479492,4.555765151977539,4.166563987731934,7.000000000000000
9.638,"in ,",-0.757405240088701,8.534948587417603,8.601934432983398,12.000000000000000
9.639,the,-0.887553811073303,4.167512893676759,4.870348930358887,7.000000000000000
9.640,demand,-6.213516235351562,3.999395132064819,4.692228317260742,8.000000000000000
9.641,for,-0.020802181214094,3.680394172668457,3.775765419006348,8.000000000000000
9.642,tulips,-14.206685297191145,8.707991600036621,10.099454879760742,10.000000000000000
9.643,"collapsed ,",-6.631293514627032,9.846683740615845,9.402832508087158,12.000000000000000
9.644,and,-0.547432541847229,3.784392356872559,3.674832820892334,6.000000000000000
9.645,prices,-3.570529937744141,4.678974151611328,5.135652065277100,9.000000000000000
9.646,plummeted .,-3.454203809611499,12.070973992347717,12.012570381164551,18.000000000000000
9.647,The,-1.674321293830872,6.122092247009277,6.432260990142822,3.000000000000000
9.648,speculative,-11.450559616088867,6.208632946014403,6.558983802795410,4.000000000000000
9.649,bubble,-5.700631141662598,4.126371383666991,4.497355461120605,5.000000000000000
9.650,burst .,-5.999986384354997,11.550942182540894,11.050644636154175,8.000000000000000
9.651,Some,-4.728560924530028,6.532970428466798,6.640956878662108,3.000000000000000
9.652,were,-3.602385044097900,5.291740417480469,5.061460018157959,4.000000000000000
9.653,left,-4.314535617828368,4.544238090515137,4.330428123474121,6.000000000000000
9.654,holding,-2.718793392181396,4.494077682495117,4.606912612915039,9.000000000000000
9.655,contracts,-6.131356244906782,7.920053243637085,8.515793323516847,11.000000000000000
9.656,to,-0.028249509632587,4.061508178710938,3.836531400680542,13.000000000000000
9.657,purchase,-4.489222526550293,5.055244445800781,4.768907070159912,15.000000000000000
9.658,tulips,-15.076048091053964,8.852318763732910,9.677267551422119,17.000000000000000
9.659,at,-1.965461373329162,4.333199977874757,4.180017948150635,18.000000000000000
9.660,prices,-1.333080291748047,3.940117597579956,4.474043846130371,21.000000000000000
9.661,now,-7.719826221466064,4.379260063171387,4.597182273864746,22.000000000000000
9.662,ten,-12.587785005569458,7.186077594757080,7.860847711563110,24.000000000000000
9.663,times,-2.452580928802490,4.333449363708496,4.524026393890381,25.000000000000000
9.664,greater,-3.722740411758423,4.544718742370605,4.791885852813722,24.000000000000000
9.665,than,-0.008279878646135,4.582456588745117,4.553678512573242,26.000000000000000
9.666,those,-0.907593142299447,10.262171745300293,10.308785200119020,29.000000000000000
9.667,on,-1.478769540786743,4.252112865447998,4.364263534545898,30.000000000000000
9.668,the,-0.761073231697083,4.400661945343018,4.265877723693849,32.000000000000000
9.669,open,-3.603174686431885,4.595967292785645,5.108057022094727,33.000000000000000
9.670,"market ,",-9.800088459625840,7.563027858734131,7.431938648223877,38.000000000000000
9.671,while,-2.065860152244568,6.935045957565308,6.846103668212892,6.000000000000000
9.672,others,-0.045899603515863,3.815344572067261,3.798972606658936,9.000000000000000
9.673,found,-5.665588378906250,3.110675096511841,2.961759805679321,10.000000000000000
9.674,themselves,-2.949895381927490,4.184688568115233,4.122036933898927,12.000000000000000
9.675,in,-0.793308675289154,3.138392686843872,3.038856267929077,13.000000000000000
9.676,possession,-8.575550079345701,4.068957328796387,4.531646251678467,16.000000000000000
9.677,of,-0.002592894714326,3.359603166580200,3.281703472137451,17.000000000000000
9.678,bulbs,-9.032216396182775,9.635823726654053,10.814865589141846,20.000000000000000
9.679,now,-6.184711456298827,3.636894226074218,3.774086236953736,22.000000000000000
9.680,worth,-8.133936166763307,7.271171808242798,7.563038825988770,22.000000000000000
9.681,a,-3.593655109405518,4.850930690765381,4.844165802001953,25.000000000000000
9.682,fraction,-2.114225387573242,3.549412965774536,3.754196643829346,26.000000000000000
9.683,of,-0.005325180012733,4.119976997375488,4.087264060974121,26.000000000000000
9.684,the,-0.334400594234466,3.569437265396118,3.509567975997925,29.000000000000000
9.685,price,-1.918701171875000,4.023928165435791,4.429934024810791,30.000000000000000
9.686,they,-0.133262082934380,4.541039943695068,4.668632030487061,32.000000000000000
9.687,had,-2.901210784912109,3.198947906494141,3.083237409591675,33.000000000000000
9.688,paid .,-2.160123087174725,11.752865076065063,11.664214849472046,41.000000000000000
9.689,The,-1.674321293830872,6.122092247009277,6.432260990142822,3.000000000000000
9.690,event,-9.256912231445312,5.590818881988525,5.507354736328125,4.000000000000000
9.691,was,-1.700725674629211,4.865725994110107,4.759058952331543,4.000000000000000
9.692,popularized,-10.007468707277440,8.378229618072510,7.831188917160034,6.000000000000000
9.693,in,-1.588357448577881,3.865287542343140,3.553938627243042,8.000000000000000
9.694,eighteen,-23.666793823242191,9.435215950012207,10.385231971740724,10.000000000000000
9.695,forty-one,-24.672661781311035,16.905779123306274,17.665452480316166,11.000000000000000
9.696,by,-0.861108422279358,3.902002334594727,3.627205610275269,9.000000000000000
9.697,the,-1.444116234779358,4.306371212005615,4.174892425537108,13.000000000000000
9.698,book,-8.016017913818361,4.168018341064453,4.818701267242432,14.000000000000000
9.699,`` Extraordinary,-21.758970137569126,19.888254165649411,21.073161602020264,31.000000000000000
9.700,Popular,-7.161877155303955,4.976753711700440,5.286957263946533,17.000000000000000
9.701,Delusions,-11.581031858921053,11.647447347640991,13.125791311264038,18.000000000000000
9.702,and,-8.043547630310059,4.890613555908203,4.623373508453369,15.000000000000000
9.703,the,-1.584198713302612,4.791435718536377,4.713714599609375,17.000000000000000
9.704,Madness,-8.992592334747314,7.601161956787108,8.774787187576294,18.000000000000000
9.705,of,-10.544929504394533,3.295511722564697,3.764674901962280,19.000000000000000
9.706,"Crowds '' ,",-33.250659555196762,28.007113456726074,28.795428514480591,53.000000000000000
9.707,that,-6.217041015625000,3.122030735015869,3.067893266677856,15.000000000000000
9.708,a,-3.133308410644531,4.979959011077881,4.904967784881592,18.000000000000000
9.709,British,-5.464178562164307,3.870070695877075,4.165395259857179,19.000000000000000
9.710,journalist,-2.950854539871216,3.227264404296875,3.692309141159058,20.000000000000000
9.711,Charles,-8.355293273925781,4.638010025024414,5.282979965209961,19.000000000000000
9.712,Mackay,-10.373941421508787,4.017447471618651,4.587005138397217,20.000000000000000
9.713,wrote .,-1.825363183568697,19.230057477951050,19.116127967834473,22.000000000000000
9.714,That,-5.844448089599608,5.474254131317139,4.909283161163330,4.000000000000000
9.715,crowds,-10.678505092859266,8.870108604431152,9.931361198425293,8.000000000000000
9.716,of,-0.775753080844879,3.582635879516602,3.605994224548340,9.000000000000000
9.717,people,-3.804675102233887,5.073916912078857,5.181551456451416,11.000000000000000
9.718,often,-2.125595331192017,4.076340198516847,4.388265609741212,8.000000000000000
9.719,behave,-6.168390035629272,6.161607980728149,5.912565708160400,9.000000000000000
9.720,irrationally,-6.483077906887047,5.833080530166626,6.265012979507446,11.000000000000000
9.721,was,-4.559396743774414,3.415992259979248,3.161899328231812,5.000000000000000
9.722,the,-1.427469015121460,3.590751409530640,3.890866041183472,8.000000000000000
9.723,main,-2.428769350051880,4.848875999450684,5.149763107299805,9.000000000000000
9.724,thesis,-12.435421705245972,7.266882419586183,7.755103349685669,10.000000000000000
9.725,of,-0.220063015818596,3.114410161972046,3.003415822982788,9.000000000000000
9.726,the,-1.633510589599609,3.868525743484497,3.934495687484741,11.000000000000000
9.727,"book ,",-5.571972489356995,8.134687423706055,8.837894916534424,15.000000000000000
9.728,and,-1.018321156501770,3.811755180358887,3.690937042236328,4.000000000000000
9.729,tulip,-14.744503021240234,3.828044652938842,4.029073715209962,7.000000000000000
9.730,mania,-8.218078136444094,6.521063327789308,7.437471628189088,8.000000000000000
9.731,was,-2.033465862274170,4.061671257019043,3.973319053649902,8.000000000000000
9.732,one,-2.016062021255493,4.801263332366943,4.750069618225098,11.000000000000000
9.733,of,-0.007372908294201,3.914659500122070,3.855994701385498,12.000000000000000
9.734,the,-2.549836874008179,4.011541366577148,4.086188316345215,14.000000000000000
9.735,primary,-5.538222789764403,4.583577156066895,4.698696136474608,15.000000000000000
9.736,examples .,-6.537102239759406,11.105948686599731,11.419472694396973,22.000000000000000
9.737,According,-3.573888778686523,5.527082443237305,5.952823638916017,3.000000000000000
9.738,to,-0.001390086603351,4.978935241699219,5.145438671112061,5.000000000000000
9.739,"Mackay ,",-16.180586408823729,9.123795509338379,9.854202747344971,10.000000000000000
9.740,at,-2.785306453704834,3.930576086044312,4.072593688964844,5.000000000000000
9.741,one,-3.726601362228394,4.669940948486328,4.437381744384767,7.000000000000000
9.742,point,-0.203800261020660,4.468365669250488,4.698958873748778,8.000000000000000
9.743,twelve,-15.834676869213581,14.298883676528931,14.546234130859375,7.000000000000000
9.744,acres,-5.815094232559204,6.360430717468263,6.787229061126709,8.000000000000000
9.745,of,-0.221879988908768,3.836345195770264,4.044006824493408,8.000000000000000
9.746,land,-2.014313817024231,6.462075233459473,6.984489440917969,10.000000000000000
9.747,were,-0.479670703411102,5.051605701446533,5.198904037475586,7.000000000000000
9.748,offered,-8.128550052560058,5.996489763259888,6.181059598922729,9.000000000000000
9.749,for,-1.243526220321655,3.213480472564697,3.255194187164306,11.000000000000000
9.750,a,-4.110282421112061,4.075118541717528,3.949374437332153,13.000000000000000
9.751,Semper,-17.338134288787842,7.434413909912108,8.800900936126709,14.000000000000000
9.752,Augustus,-11.867809414863586,8.662692070007324,9.057674407958984,15.000000000000000
9.753,bulb .,-10.300570532679558,13.528861522674561,14.073973417282104,23.000000000000000
9.754,He,-3.726649999618529,5.136103630065918,5.189894676208496,4.000000000000000
9.755,claims,-6.749017238616942,5.088028430938722,5.326005458831787,5.000000000000000
9.756,that,-1.281012535095215,5.127545833587647,4.797564983367920,7.000000000000000
9.757,many,-3.954574108123779,4.852542877197267,5.018033027648926,11.000000000000000
9.758,such,-7.926156520843506,4.225002288818358,4.528206825256348,12.000000000000000
9.759,investors,-5.119206763803959,8.264418840408325,9.135361671447754,13.000000000000000
9.760,ruined,-12.149740695953369,7.539308786392213,7.196214199066162,12.000000000000000
9.761,by,-0.135553702712059,3.822183370590210,3.767414331436157,14.000000000000000
9.762,the,-0.745029091835022,4.263290405273438,4.676809787750244,17.000000000000000
9.763,fall,-6.212697029113770,4.754956245422363,4.992137908935547,18.000000000000000
9.764,in,-0.526464104652405,3.919700145721436,4.216816425323486,18.000000000000000
9.765,prices,-2.030059099197388,5.468721389770508,5.817599296569824,20.000000000000000
9.766,were,-2.636568069458008,4.697684288024902,4.526278018951416,11.000000000000000
9.767,"desperate ,",-18.964255332946777,7.464525699615478,7.197517871856689,22.000000000000000
9.768,and,-0.242354989051819,3.054397106170654,2.892183065414429,10.000000000000000
9.769,Dutch,-13.679843902587891,4.584659576416017,4.726519107818604,13.000000000000000
9.770,commerce,-12.012579917907715,4.636773109436035,5.193509578704834,14.000000000000000
9.771,suffered,-5.053449185099454,4.961386680603027,4.783259034156798,14.000000000000000
9.772,a,-1.406355619430542,4.511211395263672,4.546206951141357,16.000000000000000
9.773,severe,-2.563856124877930,5.162495613098145,5.148259639739990,17.000000000000000
9.774,shock .,-9.642360091209412,11.446513891220093,11.793786764144897,21.000000000000000
9.775,In,-0.829961776733398,5.871973991394043,5.794948101043701,3.000000000000000
9.776,Mackay 's,-15.686096595694835,16.040617465972900,17.471926927566532,13.000000000000000
9.777,"account ,",-7.007865607738495,8.966990470886230,9.482060432434082,9.000000000000000
9.778,the,-1.688779711723328,3.788568735122681,3.614657402038574,5.000000000000000
9.779,panicked,-13.558457374572756,7.369895458221436,8.090847730636598,6.000000000000000
9.780,tulip,-12.045708656311035,3.528370618820190,4.147914409637451,7.000000000000000
9.781,speculators,-10.459769248962402,4.125212192535400,4.557447433471680,8.000000000000000
9.782,sought,-7.448348522186278,4.834014415740967,4.711590290069580,6.000000000000000
9.783,help,-3.035490274429321,3.897584438323975,4.294504642486571,9.000000000000000
9.784,from,-0.408010721206665,3.967020273208618,3.857744216918945,10.000000000000000
9.785,the,-1.433092713356018,4.349109649658203,4.171801090240479,13.000000000000000
9.786,government,-4.029686927795410,4.589632034301758,4.998370170593262,14.000000000000000
9.787,of,-0.160340890288353,4.520176410675049,4.435616016387940,14.000000000000000
9.788,the,-3.253965854644775,4.598665237426758,4.502701282501222,16.000000000000000
9.789,"Netherlands ,",-7.337388277053833,8.960060119628908,9.375488758087158,31.000000000000000
9.790,which,-0.035276941955090,3.729063034057617,3.532564640045166,17.000000000000000
9.791,responded,-8.322928594425321,6.225513696670532,6.148628950119019,19.000000000000000
9.792,by,-1.565908908843994,4.358350753784181,4.193541526794434,21.000000000000000
9.793,declaring,-5.156617045240637,7.289380073547362,6.884587526321411,24.000000000000000
9.794,that,-0.237076774239540,4.416095256805420,4.332490444183350,26.000000000000000
9.795,anyone,-5.882538199424744,8.089223623275759,8.223185539245605,30.000000000000000
9.796,who,-0.015957269817591,2.470986843109131,2.624751806259156,32.000000000000000
9.797,had,-2.380102157592773,3.924276351928711,3.844916105270386,34.000000000000000
9.798,bought,-2.625456571578979,4.524646759033203,4.394133567810059,36.000000000000000
9.799,contracts,-8.292267434298992,7.860445499420166,8.792481422424316,38.000000000000000
9.800,to,-0.080868795514107,4.770990848541260,4.656004428863525,40.000000000000000
9.801,purchase,-4.160584449768066,4.463570594787598,4.441586494445801,42.000000000000000
9.802,bulbs,-10.825969647616148,9.850471973419189,10.904054880142212,44.000000000000000
9.803,in,-2.409152746200561,3.263141632080078,3.366552114486694,45.000000000000000
9.804,the,-1.277442932128906,3.621900320053101,3.521724700927734,47.000000000000000
9.805,future,-4.768542766571045,4.442706108093262,4.372050762176514,48.000000000000000
9.806,could,-2.187952995300293,3.899422168731689,3.843719005584717,30.000000000000000
9.807,void,-14.204118251800535,7.798340082168579,7.552641153335571,32.000000000000000
9.808,their,-2.714143276214600,3.346375703811645,3.350579977035522,34.000000000000000
9.809,contract,-0.319552958011627,3.203056812286377,3.764997243881226,35.000000000000000
9.810,by,-1.369465589523315,3.639551162719727,3.574973106384277,35.000000000000000
9.811,payment,-7.991082191467285,3.919979572296143,4.583655834197998,38.000000000000000
9.812,of,-0.401282548904419,3.977039098739624,3.940593242645264,39.000000000000000
9.813,a,-2.245955467224121,4.679376602172852,4.600609779357910,41.000000000000000
9.814,ten,-10.301055908203123,7.040662050247192,7.481198310852051,42.000000000000000
9.815,percent,-12.629312515258787,4.493852615356445,4.708727359771729,43.000000000000000
9.816,fee .,-8.109434836311268,11.038154125213623,11.363739013671875,50.000000000000000
9.817,Attempts,-10.943609508714873,10.862627029418944,10.589889049530029,4.000000000000000
9.818,that,-0.017599485814571,3.118299484252930,3.157655000686645,6.000000000000000
9.819,were,-2.460137605667114,3.949496746063232,3.695464134216309,8.000000000000000
9.820,made,-1.718938708305359,4.283849239349365,4.227934837341309,10.000000000000000
9.821,to,-0.007161897141486,4.890916347503662,4.805273056030273,13.000000000000000
9.822,resolve,-4.453440189361572,4.318498134613037,4.000787258148193,15.000000000000000
9.823,the,-0.635337233543396,3.554624319076538,4.294772624969482,17.000000000000000
9.824,situation,-4.379698276519775,4.708538055419922,4.964802742004395,18.000000000000000
9.825,to,-4.720475196838379,3.426697254180908,3.290641546249390,18.000000000000000
9.826,the,-0.649665951728821,3.612591743469238,3.927439451217651,21.000000000000000
9.827,satisfaction,-4.278023242950440,4.540523529052733,4.896952629089356,22.000000000000000
9.828,of,-0.004137408919632,4.082820892333983,3.930462598800659,22.000000000000000
9.829,all,-3.981174468994141,5.644707679748535,5.753167152404785,24.000000000000000
9.830,parties,-1.533290624491201,7.432583570480348,7.983194828033447,25.000000000000000
9.831,were,-1.101632356643677,3.462940454483032,3.351738691329956,4.000000000000000
9.832,unsuccessful .,-0.339484622672899,10.010401010513306,10.224804162979126,10.000000000000000
9.833,The,-1.657068967819214,5.793336868286133,5.808848381042480,4.000000000000000
9.834,mania,-13.034918785095215,9.364351987838743,9.327758550643919,5.000000000000000
9.835,finally,-2.674094438409156,8.244092941284180,8.645640373229980,5.000000000000000
9.836,"ended ,",-3.586920231580734,12.031109094619751,11.451023817062378,9.000000000000000
9.837,Mackay,-17.396873474121097,3.785685777664185,4.462299823760986,7.000000000000000
9.838,"says ,",-7.221287369728088,8.266695022583008,7.784373044967653,17.000000000000000
9.839,with,-2.042395591735840,3.626321792602539,3.473689317703247,6.000000000000000
9.840,individuals,-13.088220775127413,7.490331649780273,7.608797073364258,9.000000000000000
9.841,stuck,-6.954815387725830,5.098552703857422,4.978667259216309,10.000000000000000
9.842,with,-1.061608552932739,4.001863956451416,3.918420076370239,12.000000000000000
9.843,the,-2.150228261947632,4.181026935577393,4.030781745910645,15.000000000000000
9.844,bulbs,-10.598807275295258,9.459180116653444,10.661714792251589,16.000000000000000
9.845,they,-2.194791078567505,4.508838176727295,4.556391239166260,18.000000000000000
9.846,held,-5.618559360504150,4.174469947814941,4.003668308258057,19.000000000000000
9.847,at,-2.193064689636230,4.134379863739014,4.101462364196776,21.000000000000000
9.848,the,-0.607872784137726,4.615976333618164,4.507409572601318,24.000000000000000
9.849,end,-2.466342926025390,4.214691638946533,4.553891658782959,25.000000000000000
9.850,of,-0.000817322405055,4.008428096771240,3.989646196365357,25.000000000000000
9.851,the,-0.719086110591888,4.092783451080321,3.997946739196777,27.000000000000000
9.852,crash .,-7.332770590903237,12.425680875778198,12.782512426376343,34.000000000000000
9.853,No,-6.513579368591309,6.965919017791747,7.316874027252197,3.000000000000000
9.854,court,-6.633596420288086,4.982995033264160,4.390359878540038,4.000000000000000
9.855,would,-2.898855209350586,4.806377410888672,4.458535671234131,4.000000000000000
9.856,enforce,-6.222461700439452,4.499508857727051,3.952599287033081,6.000000000000000
9.857,payment,-10.326241493225098,4.884255409240723,5.348805427551270,9.000000000000000
9.858,of,-0.370334237813950,4.445399761199951,4.370035648345946,10.000000000000000
9.859,a,-3.694458961486816,4.556778430938722,4.386001110076903,12.000000000000000
9.860,"contract ,",-9.282005310058594,9.357646465301514,9.726340770721436,21.000000000000000
9.861,since,-2.016402244567871,4.365558624267578,4.239476680755615,10.000000000000000
9.862,judges,-8.814837455749512,4.191501140594482,4.726920604705811,13.000000000000000
9.863,regarded,-10.667179107666016,6.198821783065796,5.948912739753723,14.000000000000000
9.864,the,-1.848338246345520,2.661765098571777,2.521711111068726,16.000000000000000
9.865,debts,-10.098240852355957,4.620717048645020,5.110148429870605,17.000000000000000
9.866,as,-0.035829387605190,4.114534378051759,4.122267246246338,17.000000000000000
9.867,contracted,-9.398071289062500,3.042828559875488,2.829138755798340,20.000000000000000
9.868,through,-3.882185459136963,3.324037075042725,3.237503528594971,22.000000000000000
9.869,"gambling ,",-11.066722512245178,9.454244613647461,10.109168052673340,44.000000000000000
9.870,and,-2.888342618942261,5.283843994140625,5.203738689422607,21.000000000000000
9.871,thus,-7.030719757080077,4.940891742706299,4.810011863708496,22.000000000000000
9.872,not,-4.514269351959229,5.294702053070068,5.503865718841553,25.000000000000000
9.873,enforceable,-7.559176679700612,7.030768394470215,7.601785659790039,26.000000000000000
9.874,by,-2.020714759826660,4.525237560272217,4.438983440399170,26.000000000000000
9.875,law .,-2.519584771982409,11.750661134719849,12.540130615234375,32.000000000000000
9.876,Although,-2.293670534925695,11.368106842041016,11.575750827789307,3.000000000000000
9.877,Mackay 's,-15.030230368720368,15.286219120025637,17.029357433319092,15.000000000000000
9.878,book,-4.728102684020996,4.356142520904541,5.074782371520996,7.000000000000000
9.879,is,-0.894931018352509,4.684883117675781,4.568826675415039,7.000000000000000
9.880,a,-1.402150869369507,5.221411228179932,4.946870803833008,9.000000000000000
9.881,classic,-4.641401290893555,5.192757129669189,5.367457866668701,10.000000000000000
9.882,that,-0.044922083616257,3.125669479370117,2.887622356414795,11.000000000000000
9.883,many,-3.838607788085938,4.507789611816406,4.490693092346191,13.000000000000000
9.884,publishing,-7.587842941284180,3.891607761383057,4.490231037139893,14.000000000000000
9.885,houses,-2.558704447932541,11.013713598251343,11.540606021881105,15.000000000000000
9.886,continue,-6.441393375396729,4.216642379760741,4.010800361633302,14.000000000000000
9.887,reprinting,-14.840143457055092,5.769393205642700,5.462570190429688,17.000000000000000
9.888,"today ,",-7.053982403129339,8.890129566192627,9.149299144744873,20.000000000000000
9.889,his,-4.791072845458983,4.943920135498047,5.175223827362061,5.000000000000000
9.890,account,-6.615357398986816,4.185649871826172,4.796445846557617,6.000000000000000
9.891,is,-0.823898375034332,4.193210601806642,4.160807609558105,6.000000000000000
9.892,contested .,-14.272173695586389,13.844549655914307,14.927494287490845,14.000000000000000
9.893,Many,-5.633313179016112,6.451156616210938,6.558835983276367,3.000000000000000
9.894,modern,-9.663923263549805,5.221762180328369,5.515697002410889,4.000000000000000
9.895,scholars,-6.740297317504883,4.112937927246094,3.995003938674927,5.000000000000000
9.896,believe,-2.627305269241333,3.861846923828125,3.527397394180298,4.000000000000000
9.897,the,-1.659622311592102,3.522360563278198,3.464203119277954,8.000000000000000
9.898,mania,-12.203701496124268,7.946074962615968,8.530428647994995,9.000000000000000
9.899,was,-3.204421520233154,4.147983551025392,4.037281990051270,9.000000000000000
9.900,not,-4.405111312866211,5.013205051422119,4.980154037475586,10.000000000000000
9.901,as,-4.763391017913818,5.324693679809570,5.085116386413574,12.000000000000000
9.902,extraordinary,-5.813264131546021,7.697302103042602,8.060816526412964,13.000000000000000
9.903,as,-0.378106623888016,4.510184288024902,4.363191127777100,13.000000000000000
9.904,Mackay,-16.904743194580078,3.926219940185547,4.744871139526367,16.000000000000000
9.905,"described ,",-11.647429633361753,11.212583303451538,10.943006038665771,23.000000000000000
9.906,with,-1.643255352973938,3.845803022384644,3.693684577941895,8.000000000000000
9.907,some,-3.621309280395508,3.772979259490967,3.754959106445313,11.000000000000000
9.908,arguing,-3.674369096559531,6.953763484954834,6.772638320922852,12.000000000000000
9.909,that,-0.086157605051994,4.319684505462647,4.202635765075684,14.000000000000000
9.910,the,-2.067829608917236,3.817311286926270,3.757717609405518,17.000000000000000
9.911,price,-8.919986724853516,4.490952014923097,5.089851379394531,18.000000000000000
9.912,changes,-7.551709890365601,7.148172378540039,8.010016679763794,19.000000000000000
9.913,may,-4.542415618896483,4.607917785644531,4.512997627258301,18.000000000000000
9.914,not,-3.286272764205933,4.558240413665772,4.484688282012940,19.000000000000000
9.915,have,-1.576308131217956,4.650604724884033,4.648268222808838,21.000000000000000
9.916,constituted,-10.224306562799027,6.103203415870667,5.850463271141052,23.000000000000000
9.917,a,-1.519952535629272,3.607479095458984,3.519148349761963,25.000000000000000
9.918,bubble .,-9.186603052643477,10.438555479049683,11.267019748687744,30.000000000000000
9.919,Research,-9.454372406005859,5.906024932861327,6.050782680511475,4.000000000000000
9.920,on,-0.766533851623535,3.544610023498535,3.774319410324097,5.000000000000000
9.921,the,-1.475775480270386,4.503568172454834,4.835640430450440,7.000000000000000
9.922,tulip,-12.022507667541506,5.109625816345215,5.642319202423097,8.000000000000000
9.923,mania,-10.253221988677980,8.208143234252930,8.437618732452393,9.000000000000000
9.924,is,-1.358879566192627,4.913312435150146,4.702975749969482,4.000000000000000
9.925,difficult,-4.985862731933594,4.042520046234132,4.114092826843262,6.000000000000000
9.926,because,-7.921933240257204,6.563765287399293,7.562983274459839,8.000000000000000
9.927,of,-0.000760385300964,3.531348943710327,3.322732210159302,9.000000000000000
9.928,the,-0.720912635326385,4.236443519592285,4.191028594970703,12.000000000000000
9.929,limited,-6.521182060241699,4.743521213531494,4.747301578521729,13.000000000000000
9.930,data,-8.035630226135254,3.739160537719727,4.496973037719727,14.000000000000000
9.931,from,-1.977652072906494,4.577574729919434,4.491306781768799,13.000000000000000
9.932,the,-1.460560083389282,3.427398681640625,3.318983316421509,15.000000000000000
9.933,sixteen,-16.066163063049313,8.411146879196169,8.312657356262207,16.000000000000000
9.934,thirties .,-14.284409984778904,19.664514303207397,20.698952913284302,21.000000000000000
9.935,"However ,",-2.344413492753119,15.267204761505125,16.311710834503174,6.000000000000000
9.936,some,-3.754503250122070,5.827373981475830,6.151551246643066,5.000000000000000
9.937,modern,-11.097141265869141,4.497399330139160,4.653326511383057,6.000000000000000
9.938,economists,-4.577122083690484,8.668822765350344,9.253382205963137,7.000000000000000
9.939,have,-2.658075332641602,4.064126968383788,3.847424268722534,6.000000000000000
9.940,proposed,-6.630822062330481,6.835680246353149,6.355705738067628,8.000000000000000
9.941,rational,-11.339356422424315,4.439593791961670,4.931204319000244,12.000000000000000
9.942,"explanations ,",-10.620205990970135,12.854363203048706,13.377305507659912,25.000000000000000
9.943,rather,-2.766834974288940,3.903922080993652,4.598520278930664,14.000000000000000
9.944,than,-0.000143279306940,3.796874046325684,4.016827106475830,15.000000000000000
9.945,a,-4.257937431335448,4.640861511230469,4.452958106994629,15.000000000000000
9.946,speculative,-8.735561370849611,5.335733413696289,5.454465866088867,16.000000000000000
9.947,"mania ,",-10.973303794860838,12.271737813949585,13.388640880584717,32.000000000000000
9.948,for,-0.266714066267014,4.248038768768311,4.186979770660400,12.000000000000000
9.949,the,-0.385471940040588,4.991216659545898,5.121916770935059,15.000000000000000
9.950,rise,-5.051332473754883,3.811057806015015,4.680676460266113,16.000000000000000
9.951,and,-3.260631799697876,4.006361007690431,4.635566234588623,17.000000000000000
9.952,fall,-0.096866838634014,3.066782712936401,3.547201871871948,18.000000000000000
9.953,in,-2.126012563705444,3.747258424758911,3.846398830413817,16.000000000000000
9.954,prices .,-2.678182684714557,13.022041559219360,13.581237316131594,24.000000000000000
9.955,For,-2.378260612487793,5.284862041473389,5.310392856597900,3.000000000000000
9.956,"example ,",-2.065710231661796,9.508684158325195,9.353666782379150,8.000000000000000
9.957,other,-7.136526107788086,5.205102920532227,5.485778808593750,6.000000000000000
9.958,"flowers ,",-13.619053125381468,9.391847133636475,9.882004261016846,13.000000000000000
9.959,such,-0.508013725280762,3.799125432968140,4.419944286346436,8.000000000000000
9.960,as,-0.000040530336264,4.775797367095947,5.277815341949463,9.000000000000000
9.961,the,-3.504869699478149,4.737115383148193,5.031060218811035,11.000000000000000
9.962,"hyacinth ,",-30.125321736093611,20.662895679473881,22.962913990020752,20.000000000000000
9.963,also,-1.295781970024109,3.820733070373535,4.304341793060304,6.000000000000000
9.964,had,-4.391347408294679,4.017976284027100,3.834328413009644,7.000000000000000
9.965,high,-3.945181846618652,4.862394809722900,5.052425384521483,10.000000000000000
9.966,prices,-4.167459011077882,3.836328268051148,4.201600074768066,11.000000000000000
9.967,on,-3.271435499191284,3.903234004974365,4.001967430114746,11.000000000000000
9.968,the,-1.699938297271728,3.905864953994751,3.736160516738892,14.000000000000000
9.969,flower 's,-12.845454039983451,14.699163675308228,16.870381832122803,31.000000000000000
9.970,"introduction ,",-14.907901763916016,7.840701580047607,8.776329040527344,25.000000000000000
9.971,which,-0.010078846476972,2.792532444000244,2.749112129211426,14.000000000000000
9.972,then,-3.905791521072388,4.283931732177733,4.421528816223145,16.000000000000000
9.973,fell,-4.181368827819823,3.542221069335937,3.396508932113647,17.000000000000000
9.974,dramatically .,-5.874177819102101,13.419171571731566,14.633400917053223,26.000000000000000
9.975,The,-1.674321293830872,6.122092247009277,6.432260990142822,3.000000000000000
9.976,high,-6.267243385314941,5.224939823150635,4.898169040679932,4.000000000000000
9.977,prices,-7.468113422393799,5.268506526947021,5.318917751312256,5.000000000000000
9.978,may,-3.983582258224487,5.318594455718994,4.874974727630615,4.000000000000000
9.979,also,-1.035790801048279,4.448776721954347,4.742497920989990,6.000000000000000
9.980,have,-2.453755855560303,4.243413448333740,3.920776367187500,7.000000000000000
9.981,been,-2.967277050018311,4.558972358703613,4.533425807952881,9.000000000000000
9.982,driven,-4.896428465843202,8.540611267089844,8.482539653778076,11.000000000000000
9.983,by,-0.160244822502136,3.928867816925049,3.994776248931885,13.000000000000000
9.984,expectations,-6.307452396489680,7.473549604415893,8.487231254577638,16.000000000000000
9.985,of,-0.115892335772514,4.149561405181885,4.116008281707764,17.000000000000000
9.986,a,-1.534187078475952,5.326887130737305,5.498960494995117,20.000000000000000
9.987,parliamentary,-10.196011303683918,8.533137798309326,9.790047168731689,21.000000000000000
9.988,decree,-7.463685035705566,3.254593372344971,3.822956800460816,22.000000000000000
9.989,that,-6.743623256683350,4.049835681915283,4.052072525024413,21.000000000000000
9.990,contracts,-9.942799896001818,7.719576358795166,8.829991340637207,24.000000000000000
9.991,could,-2.206856012344360,4.337539672851562,4.215628147125243,25.000000000000000
9.992,be,-0.114632435142994,4.607123374938965,4.516357421875000,27.000000000000000
9.993,voided,-7.250266178249148,10.319778919219971,10.179991722106934,29.000000000000000
9.994,for,-2.011701583862305,3.516458034515381,3.456636190414429,31.000000000000000
9.995,a,-3.524448871612549,5.092671871185303,5.101370811462402,33.000000000000000
9.996,small,-7.062168598175049,5.076933383941650,5.039741516113281,34.000000000000000
9.997,"cost ,",-10.341618537902832,8.072749853134155,8.225461244583130,66.000000000000000
9.998,thus,-0.939975261688232,2.856311559677124,3.312475919723511,34.000000000000000
9.999,lowering,-5.232954025268555,4.279611587524413,4.134128093719482,35.000000000000000
9.1000,the,-0.405022591352463,3.589227676391602,3.573300123214722,38.000000000000000
9.1001,risk,-4.587996959686278,3.760982513427734,4.170444965362549,39.000000000000000
9.1002,to,-3.913562297821045,4.072591304779054,4.018396377563477,39.000000000000000
9.1003,buyers .,-5.131747100371284,13.047014474868773,13.351585865020752,45.000000000000000
9.1004,Despite,-4.136632084486337,10.689259052276613,10.842431068420410,3.000000000000000
9.1005,these,-6.111391544342041,5.064850330352783,5.713743686676025,6.000000000000000
9.1006,disagreements,-7.288045763096306,7.356648683547974,8.713074207305906,7.000000000000000
9.1007,about,-2.012548208236694,4.326194286346436,4.259098052978517,7.000000000000000
9.1008,whether,-1.984053611564377,8.207028627395630,8.721972942352295,9.000000000000000
9.1009,the,-1.108781218528748,3.535985469818115,3.885843038558960,12.000000000000000
9.1010,phenomenon,-10.937655448913574,4.457456588745117,5.016045093536377,13.000000000000000
9.1011,technically,-8.922387123107910,3.407066822052002,3.786561727523804,13.000000000000000
9.1012,constituted,-9.566515684127806,7.253594636917113,7.067648649215697,14.000000000000000
9.1013,an,-2.624477148056030,4.999372005462647,4.999700546264648,16.000000000000000
9.1014,economic,-2.329695224761963,4.253429412841797,4.951448440551758,17.000000000000000
9.1015,"bubble ,",-8.071555092930794,7.279135465621948,7.811658859252930,21.000000000000000
9.1016,the,-1.238726615905761,4.479684352874756,4.485028743743896,6.000000000000000
9.1017,term,-8.241358995437622,7.104277372360229,7.426105022430420,7.000000000000000
9.1018,`` tulip,-13.286557998741038,15.250463724136353,15.872803211212158,14.000000000000000
9.1019,mania '',-30.601343836635351,17.639386653900146,18.553883552551270,17.000000000000000
9.1020,is,-1.051769256591797,3.163815259933472,3.079748153686523,6.000000000000000
9.1021,still,-1.471437811851502,3.265435218811035,3.501518011093140,8.000000000000000
9.1022,often,-7.500102043151855,3.646054029464722,3.839373111724854,10.000000000000000
9.1023,used,-1.064512968063354,4.075031757354736,4.060069084167480,10.000000000000000
9.1024,metaphorically,-10.872506592422724,6.292308092117310,7.498430490493774,12.000000000000000
9.1025,to,-0.015479772351682,4.933260917663574,4.876344203948975,14.000000000000000
9.1026,refer,-7.706583023071289,4.087636947631837,3.937513589859009,16.000000000000000
9.1027,to,-0.013613479211926,2.756993770599365,2.706186056137085,18.000000000000000
9.1028,any,-4.577978134155273,4.461917877197267,4.407752037048340,21.000000000000000
9.1029,large,-7.599404335021973,4.371461868286134,4.359972953796387,22.000000000000000
9.1030,economic,-5.686635017395020,2.910248756408691,3.434601306915283,23.000000000000000
9.1031,"bubble ,",-9.006258010864258,8.154771327972412,8.590905904769897,45.000000000000000
9.1032,when,-2.387395620346069,3.282347679138184,3.586578845977783,24.000000000000000
9.1033,asset,-9.884971618652344,4.491852283477783,4.870489597320557,26.000000000000000
9.1034,prices,-2.581448078155518,4.351259708404541,4.757850170135498,27.000000000000000
9.1035,deviate,-14.975106239318848,2.159943103790283,1.994334459304810,27.000000000000000
9.1036,from,-0.132362917065620,2.105875492095948,1.990213632583618,29.000000000000000
9.1037,intrinsic,-12.067875862121582,4.553001880645752,4.518381595611572,31.000000000000000
9.1038,values .,-0.538343466352671,11.019764184951782,11.393684387207031,38.000000000000000
10.1,Tourette 's,-21.235082536713890,20.991694927215576,22.949351310729980,11.000000000000000
10.2,"syndrome ,",-9.320984780788422,10.105475425720215,10.321192264556885,9.000000000000000
10.3,a,-1.041667699813843,5.453791618347168,5.517918586730957,7.000000000000000
10.4,neurological,-10.226802352117378,8.498242616653442,9.962707996368408,8.000000000000000
10.5,disorder,-1.004195213317871,4.029645919799806,4.431810855865479,9.000000000000000
10.6,characterized,-6.944606112316251,6.826320886611938,6.621385097503662,8.000000000000000
10.7,by,-0.107472769916058,3.184943675994873,2.986422538757324,10.000000000000000
10.8,"repetitive ,",-14.789213657379150,10.764383792877197,11.025611877441406,25.000000000000000
10.9,involuntary,-8.437757492065430,5.191224098205566,5.547879695892334,14.000000000000000
10.10,"movements ,",-10.438208702020347,10.850985527038574,12.116403102874758,21.000000000000000
10.11,was,-2.678100109100342,4.360750198364259,4.309897422790526,4.000000000000000
10.12,named,-7.685652256011963,8.057181596755981,7.745760917663574,6.000000000000000
10.13,for,-2.008526325225830,3.197888851165771,3.180364847183228,8.000000000000000
10.14,Dr.,-4.919752238783985,8.083507776260376,9.196891784667967,11.000000000000000
10.15,Georges,-10.232732772827148,8.280367374420166,9.373167037963867,12.000000000000000
10.16,Gilles,-14.449819564819336,6.686699390411378,7.648808479309082,13.000000000000000
10.17,de,-9.704338073730467,9.044750690460203,9.181255817413330,14.000000000000000
10.18,la,-4.131016254425049,8.141414165496826,8.772780895233153,15.000000000000000
10.19,"Tourette ,",-15.767217241227627,11.167431592941284,11.781754970550537,27.000000000000000
10.20,the,-1.764801502227783,4.147437572479248,4.003238201141357,14.000000000000000
10.21,pioneering,-9.425421237945557,8.661494255065918,8.457970142364504,15.000000000000000
10.22,French,-6.037518978118896,3.702947139739990,3.876945972442627,16.000000000000000
10.23,neurologist,-14.313990044407547,6.688262939453125,7.639650106430054,17.000000000000000
10.24,who,-0.069723784923553,2.987018108367920,3.073835849761963,16.000000000000000
10.25,first,-2.980668544769287,5.038682937622070,5.260931491851807,18.000000000000000
10.26,described,-6.802449345277637,7.124537706375122,7.043716907501222,19.000000000000000
10.27,the,-1.590670824050903,3.965707302093506,3.923931121826172,21.000000000000000
10.28,condition,-7.600007534027100,3.725668430328369,4.362810611724854,22.000000000000000
10.29,in,-0.971625030040741,3.693793535232544,3.748844623565674,22.000000000000000
10.30,an,-4.544443130493164,4.790352344512940,4.729627609252930,24.000000000000000
10.31,eighty-six-year-old,-24.657524363603443,34.203089952468872,37.995269298553467,25.000000000000000
10.32,French,-4.150686740875243,3.843685626983643,4.120823383331299,26.000000000000000
10.33,noblewoman .,-14.428967823023413,15.184508562088013,16.262761592864990,31.000000000000000
10.34,It,-3.463986396789551,5.483454227447510,5.923331260681152,3.000000000000000
10.35,is,-1.861014366149902,5.339915752410889,4.722030639648438,4.000000000000000
10.36,almost,-5.899801254272461,4.524374961853027,4.596480369567871,6.000000000000000
10.37,always,-2.216090202331543,4.445968151092528,4.487589836120605,7.000000000000000
10.38,in,-1.053718686103821,3.980744600296021,3.754617214202881,7.000000000000000
10.39,childhood,-11.141039609909058,8.067292690277100,9.405900478363037,9.000000000000000
10.40,that,-2.547522068023682,5.045832633972168,4.967957973480225,8.000000000000000
10.41,the,-0.966875433921814,4.455389499664307,4.510496139526367,12.000000000000000
10.42,early,-7.939459800720215,4.661023616790772,5.429121494293213,13.000000000000000
10.43,symptoms,-8.592698097229004,3.153254985809326,3.520396471023560,14.000000000000000
10.44,of,-0.008465358987451,3.870787620544434,3.896678686141968,13.000000000000000
10.45,Tourette 's,-29.969230110291392,16.095698356628418,19.596232652664185,31.000000000000000
10.46,are,-0.904679656028748,3.842370033264160,3.847818374633789,12.000000000000000
10.47,first,-5.470048427581787,4.261424064636231,4.448894977569580,14.000000000000000
10.48,"noticed ,",-8.550451712537324,11.695695638656616,11.357820987701416,31.000000000000000
10.49,with,-2.143263339996338,3.842945337295532,3.752446651458740,18.000000000000000
10.50,the,-1.214210629463196,3.965845584869385,3.901574850082397,21.000000000000000
10.51,average,-8.904492378234863,4.560743808746338,4.528161048889160,22.000000000000000
10.52,onset,-9.380312681198118,7.926506996154785,8.661681652069094,23.000000000000000
10.53,between,-6.549688816070558,3.855549097061157,3.825344562530518,22.000000000000000
10.54,the,-1.537702798843384,4.351279735565186,4.487855434417725,25.000000000000000
10.55,ages,-4.296852350234984,7.270126104354858,7.845713138580322,26.000000000000000
10.56,of,-0.018880298361182,4.034900665283203,4.108561515808105,26.000000000000000
10.57,seven,-4.819885253906250,4.907742500305176,5.189320087432861,28.000000000000000
10.58,and,-0.028177887201309,3.370336532592773,4.008252143859863,29.000000000000000
10.59,ten,-5.362699866294862,7.217436790466309,7.394578218460082,30.000000000000000
10.60,years .,-3.601846189107164,13.011016130447388,13.679249525070190,35.000000000000000
10.61,It,-3.578969717025757,5.709035873413086,5.810785770416260,4.000000000000000
10.62,is,-1.818252563476562,5.325695037841797,5.030864238739014,5.000000000000000
10.63,estimated,-4.032502174377441,4.937299728393555,5.207436084747314,7.000000000000000
10.64,that,-0.200429841876030,5.576207160949707,5.354108333587647,9.000000000000000
10.65,two,-4.559816837310791,4.281890869140625,4.419777870178223,13.000000000000000
10.66,hundred,-7.437593936920166,4.705097675323486,5.150696754455566,14.000000000000000
10.67,thousand,-3.034235715866089,4.590126991271973,4.968688488006592,15.000000000000000
10.68,Americans,-2.433153010904789,9.341198921203613,10.334610939025881,13.000000000000000
10.69,have,-1.470239281654358,3.314158439636230,3.230530261993408,13.000000000000000
10.70,the,-3.201180219650269,4.621013641357422,5.023803710937500,16.000000000000000
10.71,most,-0.236587330698967,5.944766044616699,5.903627872467041,18.000000000000000
10.72,severe,-3.578695058822632,3.924443006515503,3.884980916976929,19.000000000000000
10.73,form,-5.366960525512695,4.488607883453369,4.768016338348389,18.000000000000000
10.74,of,-0.008722892962396,4.287771224975587,4.300555706024170,17.000000000000000
10.75,"Tourette 's ,",-31.738459534943107,22.338903903961182,24.985781431198120,42.000000000000000
10.76,and,-0.528378844261169,3.766377449035645,3.702712297439575,4.000000000000000
10.77,as,-3.090214252471924,4.354673862457275,4.363740921020509,8.000000000000000
10.78,many,-0.018111679702997,3.623934268951416,3.645250797271729,9.000000000000000
10.79,as,-0.000381635327358,5.662414550781250,5.640821933746338,10.000000000000000
10.80,one,-1.809775829315185,3.992478370666504,3.945478677749634,12.000000000000000
10.81,in,-2.445151090621948,3.356919765472412,3.464690208435059,14.000000000000000
10.82,a,-3.925469398498535,3.249352693557740,3.487457990646362,16.000000000000000
10.83,hundred,-4.180594921112061,4.291734695434569,4.110033035278319,17.000000000000000
10.84,people,-5.309873580932617,4.623765945434570,4.783114433288574,8.000000000000000
10.85,exhibit,-9.321098327636721,1.623298048973083,1.526088237762451,8.000000000000000
10.86,milder,-9.183978080749512,3.714219570159912,4.005426406860352,13.000000000000000
10.87,and,-0.615197181701660,5.068747043609619,5.019561767578125,13.000000000000000
10.88,less,-2.156366216018796,8.479037523269652,8.527723789215088,15.000000000000000
10.89,complex,-4.122154235839844,2.969272136688232,3.169691324234009,16.000000000000000
10.90,symptoms,-4.431936264038086,3.349420785903931,3.875633716583252,12.000000000000000
10.91,that,-0.013188038952649,2.644829988479614,2.527571439743042,13.000000000000000
10.92,include,-4.724653244018555,2.721815586090088,2.485086917877197,15.000000000000000
10.93,chronic,-5.588316917419434,3.446988821029663,3.671921253204346,20.000000000000000
10.94,motor,-19.210809707641602,3.238955259323120,3.897757530212401,21.000000000000000
10.95,and,-1.033043265342712,4.287056446075440,4.450550079345703,20.000000000000000
10.96,vocal,-8.948175430297852,3.519148349761963,3.742426156997681,22.000000000000000
10.97,tics,-13.383458971977234,6.991957426071168,7.505820274353027,19.000000000000000
10.98,or,-4.009939193725587,5.114372253417969,5.069054603576660,18.000000000000000
10.99,transient,-13.755071640014648,4.414351940155028,4.857327461242676,21.000000000000000
10.100,tics,-12.676095962524414,6.492424488067628,7.020574331283568,22.000000000000000
10.101,of,-1.220711112022400,3.469371318817139,3.463667631149292,22.000000000000000
10.102,childhood .,-6.216872643468378,14.951688766479492,16.907848119735718,30.000000000000000
10.103,For,-2.378260612487793,5.284862041473389,5.310392856597900,3.000000000000000
10.104,the,-0.654268145561218,4.325413227081299,4.323131084442139,6.000000000000000
10.105,majority,-8.137939453125000,5.574031829833983,5.550815582275392,7.000000000000000
10.106,of,-0.012149378657341,4.467278480529785,4.712603569030762,7.000000000000000
10.107,people,-3.607688903808594,3.887393236160278,4.266573429107666,10.000000000000000
10.108,diagnosed,-6.723827112931758,11.706516981124878,11.586509466171265,11.000000000000000
10.109,with,-0.380980312824249,3.912208557128906,4.142116069793701,13.000000000000000
10.110,the,-1.528609275817871,3.795044898986816,4.754498481750488,15.000000000000000
10.111,"disorder ,",-4.661521144211292,7.307613372802734,8.067949533462524,19.000000000000000
10.112,Tourette 's,-27.592685505631383,16.093490839004517,19.087809562683105,11.000000000000000
10.113,is,-1.029421448707581,3.734401464462280,3.749627113342285,6.000000000000000
10.114,not,-3.816276311874390,4.191585540771483,4.209171772003174,7.000000000000000
10.115,a,-0.836492121219635,4.478689193725586,4.368301391601562,10.000000000000000
10.116,chronic,-8.040516853332520,4.910665512084961,5.700714111328125,11.000000000000000
10.117,condition,-2.926347255706787,3.125050306320190,3.691293478012085,12.000000000000000
10.118,with,-5.763566493988037,3.291082382202148,3.234373092651367,11.000000000000000
10.119,symptoms,-5.378823757171631,3.333081007003784,3.754900932312012,14.000000000000000
10.120,lasting,-7.546570301055907,7.126628875732423,7.050153255462647,15.000000000000000
10.121,a,-3.339111089706421,3.215195894241333,3.695183992385864,17.000000000000000
10.122,lifetime .,-3.701216684770771,14.909469604492186,15.921759843826294,24.000000000000000
10.123,Rather,-5.242155551910400,5.634347915649414,6.107430934906006,3.000000000000000
10.124,it,-0.832441389560699,5.097165584564209,5.263962745666504,4.000000000000000
10.125,is,-1.715097546577454,4.277717590332031,3.926446676254273,5.000000000000000
10.126,a,-1.141201376914978,4.724811553955078,4.916400432586670,8.000000000000000
10.127,condition,-6.696407318115233,3.874800920486450,4.317290306091309,9.000000000000000
10.128,whose,-6.181725978851317,4.275930881500243,4.327208518981934,10.000000000000000
10.129,severity,-6.964406013488770,3.401774644851685,3.796161413192749,11.000000000000000
10.130,peaks,-10.552237955853345,5.916694283485413,5.716552734375000,12.000000000000000
10.131,in,-0.672546148300171,3.559108495712280,3.411971807479858,14.000000000000000
10.132,the,-1.614673614501953,3.971373081207275,4.456726074218750,16.000000000000000
10.133,early,-3.226555585861206,5.103554725646973,5.554752349853517,17.000000000000000
10.134,"teens ,",-9.580713707953691,12.269696474075317,13.757602691650391,32.000000000000000
10.135,with,-1.565083503723144,3.807379722595215,3.698112726211548,16.000000000000000
10.136,improvement,-8.771719932556152,3.769426345825195,3.970425605773926,19.000000000000000
10.137,occurring,-3.633792881853879,6.806955575942992,6.776281833648683,21.000000000000000
10.138,in,-0.741689741611481,2.962319850921631,2.884707450866699,23.000000000000000
10.139,the,-1.054334402084351,3.157678604125977,3.314854621887207,25.000000000000000
10.140,late,-3.470232009887696,5.096111297607422,5.282112598419189,26.000000000000000
10.141,teens,-4.130210217088462,7.271059274673463,8.671107769012451,27.000000000000000
10.142,and,-0.711193561553955,5.138443470001222,5.048997402191162,21.000000000000000
10.143,continuing,-3.761600732803345,3.119631052017212,2.977346181869507,23.000000000000000
10.144,into,-1.898487806320190,2.893690109252930,2.792734622955322,25.000000000000000
10.145,adulthood .,-13.767812168473029,11.065428972244261,11.829743623733521,32.000000000000000
10.146,"However ,",-2.344413492753119,15.267204761505125,16.311710834503174,6.000000000000000
10.147,approximately,-6.713128328315178,9.037472248077393,9.147812366485596,7.000000000000000
10.148,ten,-9.567080616950989,7.827874660491942,8.244167327880861,8.000000000000000
10.149,percent,-5.707376003265381,4.499692440032959,4.585368633270264,7.000000000000000
10.150,of,-0.009590622037649,4.241330146789552,4.547129631042480,7.000000000000000
10.151,those,-2.567356072526309,10.802485466003418,11.808890819549561,10.000000000000000
10.152,affected,-5.447245121002197,3.619626283645630,4.435465335845947,11.000000000000000
10.153,have,-3.646697282791138,2.807312250137329,2.619511604309082,6.000000000000000
10.154,a,-3.951807975769043,4.570327758789063,4.904058456420898,8.000000000000000
10.155,progressive,-9.245048522949221,3.703121662139893,3.991259574890137,10.000000000000000
10.156,or,-1.986100316047668,5.241658687591553,5.339902400970459,11.000000000000000
10.157,disabling,-14.662201881408693,2.770862579345703,2.912810564041138,12.000000000000000
10.158,course,-7.467215538024902,4.140451431274413,4.663512229919434,10.000000000000000
10.159,that,-0.043570250272751,3.357036113739014,3.167784929275513,13.000000000000000
10.160,lasts,-8.721469819545746,6.039602041244508,5.984598159790039,15.000000000000000
10.161,into,-4.800743579864502,3.513619422912598,3.539223194122314,17.000000000000000
10.162,adulthood .,-13.660424037167104,11.309871912002563,11.963348865509033,25.000000000000000
10.163,It,-3.463986396789551,5.483454227447510,5.923331260681152,3.000000000000000
10.164,is,-1.861014366149902,5.339915752410889,4.722030639648438,4.000000000000000
10.165,not,-3.703573703765869,5.353490829467773,5.545236110687256,5.000000000000000
10.166,uncommon,-5.249763488769531,4.160706043243408,4.179053306579590,7.000000000000000
10.167,for,-2.407358646392822,3.969243764877319,3.848731994628906,9.000000000000000
10.168,symptoms,-13.851248741149902,3.981089115142822,4.261184215545653,11.000000000000000
10.169,to,-0.400600761175156,4.610074996948242,4.308878421783446,9.000000000000000
10.170,be,-2.409498214721680,4.666503429412842,4.501106739044189,11.000000000000000
10.171,present,-4.896347999572754,4.296204566955566,4.376018524169922,13.000000000000000
10.172,for,-6.066680908203125,3.538791656494141,3.455450296401977,15.000000000000000
10.173,an,-4.183761119842528,4.533949851989746,5.179274082183838,18.000000000000000
10.174,extended,-3.955294847488403,4.600080490112305,5.348939895629883,19.000000000000000
10.175,period,-0.104669280350208,2.907340049743652,3.472975969314575,20.000000000000000
10.176,of,-0.020722784101963,4.453667163848877,4.342648983001709,19.000000000000000
10.177,time,-0.824562788009644,4.411406040191650,4.927650451660156,21.000000000000000
10.178,before,-2.118478298187256,5.037702560424805,4.961844444274902,14.000000000000000
10.179,a,-1.918511867523193,4.235266208648682,4.201996803283691,18.000000000000000
10.180,formal,-7.476101875305176,4.922003746032715,5.123286247253418,19.000000000000000
10.181,diagnosis,-4.320395946502686,3.209450006484985,3.800090551376343,20.000000000000000
10.182,of,-0.195570573210716,3.589698076248169,3.573885917663574,19.000000000000000
10.183,Tourette 's,-28.860142124118283,15.122111320495607,18.496570825576782,43.000000000000000
10.184,is,-0.599999010562897,4.037664413452148,4.170224666595459,18.000000000000000
10.185,obtained .,-4.015720597624750,14.174399852752686,14.552754878997803,24.000000000000000
10.186,The,-1.335898160934448,5.764348506927490,6.119246482849121,4.000000000000000
10.187,reasons,-8.203924417495728,10.376965045928957,10.230544090270996,5.000000000000000
10.188,for,-0.067882269620895,4.104540348052979,4.221405982971191,5.000000000000000
10.189,this,-1.750855922698975,5.027429580688477,4.942621231079102,7.000000000000000
10.190,are,-0.440643012523651,4.915900230407715,4.955109119415283,5.000000000000000
10.191,many,-6.402141571044923,3.572933435440063,3.894458770751953,7.000000000000000
10.192,and,-1.935313701629639,5.345910549163818,5.107748508453369,5.000000000000000
10.193,may,-4.105923652648927,4.790831565856934,4.677378177642822,7.000000000000000
10.194,include,-3.772135496139526,4.114215850830078,3.995043992996216,9.000000000000000
10.195,the,-1.688256025314331,4.171019554138184,4.558978080749512,12.000000000000000
10.196,fact,-6.315985679626465,4.177248954772948,4.735342025756836,13.000000000000000
10.197,that,-0.452034562826157,4.755448818206787,4.610877513885498,13.000000000000000
10.198,for,-2.646409749984741,3.798257350921631,3.750288009643554,16.000000000000000
10.199,families,-7.168100357055664,3.926978349685669,4.405758857727051,19.000000000000000
10.200,and,-4.978854179382324,2.982023954391479,3.308561086654663,20.000000000000000
10.201,physicians,-7.609138855565106,7.182991743087769,8.166027307510376,21.000000000000000
10.202,unfamiliar,-7.415482521057129,3.744543313980103,3.779980421066284,21.000000000000000
10.203,with,-0.048949506133795,3.346395730972290,3.339746713638306,23.000000000000000
10.204,"Tourette 's ,",-30.694529291446088,20.168663501739502,23.253109693527222,67.000000000000000
10.205,mild,-7.976490974426269,3.071689367294312,3.263091802597046,20.000000000000000
10.206,and,-0.902351617813110,3.684768676757813,3.639012336730957,20.000000000000000
10.207,even,-2.567120790481567,4.624506950378418,4.516020774841309,22.000000000000000
10.208,moderate,-5.942189216613770,2.772551298141479,2.880223989486694,23.000000000000000
10.209,tic,-12.320107936859131,6.665773868560791,7.318307161331178,19.000000000000000
10.210,symptoms,-11.304719924926758,3.323571443557740,3.760921716690064,20.000000000000000
10.211,may,-3.306661367416382,4.621647357940674,4.538053035736084,19.000000000000000
10.212,be,-1.022398233413696,3.921044349670410,3.945867538452149,21.000000000000000
10.213,considered,-3.556788444519043,4.259842872619629,4.226964950561523,23.000000000000000
10.214,"inconsequential ,",-10.941238284111023,16.139472484588623,16.718242883682251,52.000000000000000
10.215,part,-5.459069252014160,4.353589057922363,4.852462291717528,29.000000000000000
10.216,of,-0.010180451907218,3.743309736251831,3.681280612945557,30.000000000000000
10.217,a,-2.070727348327637,4.257535934448241,4.139962673187257,32.000000000000000
10.218,developmental,-10.212777137756348,4.609906673431396,5.167485237121582,33.000000000000000
10.219,"phase ,",-9.582485437393188,8.942263841629028,9.362878799438477,62.000000000000000
10.220,or,-1.034508347511292,5.300853252410889,5.274505138397217,29.000000000000000
10.221,the,-2.807421445846558,4.184113502502441,4.130553245544434,32.000000000000000
10.222,result,-2.401126861572266,3.911657810211182,4.163949012756349,33.000000000000000
10.223,of,-0.010376669466496,3.629434347152710,3.624408245086670,33.000000000000000
10.224,another,-6.968102931976317,4.856487751007080,4.841663837432861,35.000000000000000
10.225,condition .,-5.250147556740558,10.597036361694334,11.376953125000000,40.000000000000000
10.226,For,-2.378260612487793,5.284862041473389,5.310392856597900,3.000000000000000
10.227,"example ,",-2.065710231661796,9.508684158325195,9.353666782379150,8.000000000000000
10.228,parents,-9.220754623413086,4.654273986816406,5.166130542755127,5.000000000000000
10.229,may,-1.898239970207214,4.981512069702148,4.711157798767090,6.000000000000000
10.230,think,-5.771156311035156,3.922589778900146,3.480343341827393,8.000000000000000
10.231,that,-0.166603356599808,5.343474388122559,5.223076820373535,11.000000000000000
10.232,eye,-11.429368019104006,3.853214979171753,4.839474201202393,14.000000000000000
10.233,blinking,-13.716531723737715,6.409578084945679,6.910706758499146,15.000000000000000
10.234,is,-0.653263330459595,4.397111415863037,4.316098213195802,15.000000000000000
10.235,related,-7.269478797912598,7.657945871353149,7.813177347183228,17.000000000000000
10.236,to,-0.012992725707591,3.703843593597412,3.575314044952393,19.000000000000000
10.237,vision,-8.031167268753054,6.377690792083740,6.763413190841675,21.000000000000000
10.238,problems,-3.562870025634766,3.587404012680054,4.060723781585693,22.000000000000000
10.239,or,-3.644458293914795,4.424461841583252,4.323952674865724,11.000000000000000
10.240,that,-0.002307135611773,4.700669765472412,4.593173027038574,13.000000000000000
10.241,sniffing,-13.279364854097366,9.500282526016237,10.427447795867920,16.000000000000000
10.242,is,-0.530734241008759,4.095888137817384,3.988241910934448,17.000000000000000
10.243,related,-5.288300275802612,7.689373016357423,7.803518533706665,19.000000000000000
10.244,to,-0.018330458551645,3.670814275741577,3.612644910812378,21.000000000000000
10.245,seasonal,-10.519139289855957,4.913466453552246,5.526222229003906,23.000000000000000
10.246,allergies .,-13.977605824504280,12.795926809310913,14.559617757797241,30.000000000000000
10.247,There,-4.926050186157227,6.385621547698975,6.530163288116455,3.000000000000000
10.248,are,-1.327996850013733,4.082392215728760,3.834755420684815,4.000000000000000
10.249,many,-3.140492916107178,5.799726009368896,6.253004550933838,7.000000000000000
10.250,patients,-8.761054039001465,4.734615325927733,5.027887821197510,8.000000000000000
10.251,who,-0.092597767710686,2.873777389526367,2.847540616989136,9.000000000000000
10.252,are,-1.792430520057678,4.721818923950195,4.438291549682617,11.000000000000000
10.253,self-diagnosed,-14.848603661637751,22.088382005691532,23.047003507614136,13.000000000000000
10.254,after,-6.765944004058838,4.170175552368163,4.284019947052002,15.000000000000000
10.255,"they ,",-7.805396795272828,7.894698619842529,8.882080078125000,38.000000000000000
10.256,their,-2.365456104278564,3.947108268737793,4.204215526580811,21.000000000000000
10.257,"parents ,",-3.451455116271973,8.799881935119629,9.195607185363770,43.000000000000000
10.258,other,-4.996361732482910,4.673806190490723,4.850532531738281,23.000000000000000
10.259,"relatives ,",-5.456469609285705,12.527048587799072,13.561156272888182,47.000000000000000
10.260,or,-1.923207640647888,5.298772811889648,5.488968849182129,24.000000000000000
10.261,friends,-7.460484027862549,3.426602125167847,3.847185611724854,26.000000000000000
10.262,read,-7.094331264495850,2.892601490020752,2.649611711502075,19.000000000000000
10.263,or,-4.744037151336670,4.043225765228272,3.901774406433105,20.000000000000000
10.264,hear,-3.869773626327514,2.531072616577148,2.386609554290771,21.000000000000000
10.265,about,-0.473021864891052,3.182621002197266,3.059752941131592,23.000000000000000
10.266,Tourette 's,-31.080616684397686,16.275872468948364,19.631105422973633,51.000000000000000
10.267,from,-2.846112489700317,3.529991626739502,3.437142848968506,24.000000000000000
10.268,others .,-5.748966441286029,12.444753646850586,12.987703323364258,30.000000000000000
10.269,Tics,-19.776633262634281,11.916090488433838,12.589865207672119,3.000000000000000
10.270,are,-1.252653956413269,5.560764789581299,5.418849468231201,4.000000000000000
10.271,classified,-6.825228691101074,4.451521396636963,4.151509761810304,6.000000000000000
10.272,as,-0.141814157366753,4.567166805267334,4.407667160034180,8.000000000000000
10.273,either,-8.428420782089232,8.275372743606567,8.002522230148315,10.000000000000000
10.274,simple,-7.995105743408202,4.933534622192383,5.096086978912354,12.000000000000000
10.275,or,-0.182371065020561,5.202361106872559,5.060482501983643,12.000000000000000
10.276,complex .,-7.608227156597422,12.585054874420164,12.867328882217407,18.000000000000000
10.277,Simple,-14.368158340454102,6.679986476898192,6.790581703186035,3.000000000000000
10.278,motor,-10.220396041870117,5.047211170196533,4.802313804626465,4.000000000000000
10.279,tics,-14.181766510009766,9.310277462005617,8.688264369964600,5.000000000000000
10.280,are,-1.200381278991699,4.680827140808105,4.495821475982666,4.000000000000000
10.281,"sudden ,",-11.782101988792419,8.182878971099854,8.594508647918701,18.000000000000000
10.282,"brief ,",-9.493056893348694,8.201519250869751,8.568941354751587,22.000000000000000
10.283,repetitive,-10.964567184448242,3.087783098220825,3.340117454528809,13.000000000000000
10.284,movements,-7.463722286745906,7.046893596649170,7.529153108596803,8.000000000000000
10.285,that,-0.016596589237452,2.696185827255249,2.521661996841431,9.000000000000000
10.286,involve,-6.169434070587157,2.671042919158936,2.342275381088257,11.000000000000000
10.287,a,-2.374204874038696,4.704685211181642,4.672919750213623,14.000000000000000
10.288,limited,-7.066920757293701,4.854092121124268,5.275937557220459,15.000000000000000
10.289,number,-0.509189724922180,3.320869922637939,3.532213926315308,16.000000000000000
10.290,of,-0.014767737127841,3.730244398117065,3.678015470504761,15.000000000000000
10.291,muscle,-8.048400878906250,4.254641532897948,4.526498794555664,17.000000000000000
10.292,groups .,-6.018313941356610,11.559953689575195,12.135799646377563,22.000000000000000
10.293,Some,-4.772027015686035,6.186649322509767,6.246092796325684,4.000000000000000
10.294,of,-0.077009424567223,4.053169250488281,4.239344120025635,5.000000000000000
10.295,the,-1.140579462051392,3.602764606475830,3.949487209320069,7.000000000000000
10.296,more,-0.911846160888672,5.904775142669678,6.098462581634521,9.000000000000000
10.297,common,-4.901949405670166,3.047783851623535,3.440945863723755,10.000000000000000
10.298,simple,-9.798304557800293,4.446734428405762,4.847585201263428,9.000000000000000
10.299,tics,-15.541888236999512,6.801701307296753,7.561259984970093,10.000000000000000
10.300,include,-4.549497127532959,3.848065853118897,3.828153133392334,4.000000000000000
10.301,eye,-8.438552856445312,3.358847379684448,4.190229415893556,7.000000000000000
10.302,"blinking ,",-14.920057713985443,11.072342395782471,11.702274560928345,15.000000000000000
10.303,facial,-9.093207359313963,3.847522258758545,4.328866004943849,9.000000000000000
10.304,"grimacing ,",-17.745354294776917,13.698126554489136,15.764039039611816,19.000000000000000
10.305,shoulder,-9.735529899597168,4.236240863800049,4.721336364746094,11.000000000000000
10.306,"shrugging ,",-12.506314400583506,10.990485668182373,12.296410560607910,23.000000000000000
10.307,and,-3.321688413619995,4.731336593627930,4.667413711547852,12.000000000000000
10.308,head,-7.909718513488770,3.436712026596069,3.954969882965088,14.000000000000000
10.309,or,-8.885296821594238,3.165603637695312,3.824365139007568,15.000000000000000
10.310,shoulder,-2.578964233398437,3.164184808731079,3.677473068237305,16.000000000000000
10.311,jerking .,-13.692398401923128,17.577771902084351,19.427330017089844,21.000000000000000
10.312,Simple,-13.386620521545410,6.507781028747559,6.597184658050537,4.000000000000000
10.313,"vocalizations ,",-23.872156620025635,19.266974925994873,20.152301788330078,9.000000000000000
10.314,which,-0.103473402559757,2.911017894744873,2.980074167251587,7.000000000000000
10.315,motor,-13.020431518554688,4.627115249633789,4.997503280639648,9.000000000000000
10.316,tics,-13.361706733703613,8.223458766937256,8.263599395751951,10.000000000000000
10.317,typically,-3.852049231407364,8.523828983306885,8.847354888916016,10.000000000000000
10.318,"precede ,",-8.129765201592816,4.751524567604065,4.290905237197876,17.000000000000000
10.319,might,-5.229915142059326,4.089031696319580,4.055507659912108,4.000000000000000
10.320,include,-5.477427482604980,3.684370040893554,3.418883085250854,6.000000000000000
10.321,repetitive,-13.207038879394533,4.182879447937012,4.572052955627441,8.000000000000000
10.322,"throat-clearing ,",-26.503964662551880,17.284557819366455,18.337237596511841,22.000000000000000
10.323,"sniffing ,",-11.238896608352659,12.820921182632445,13.258001565933229,26.000000000000000
10.324,or,-2.744842290878296,5.010677814483643,4.921480655670166,14.000000000000000
10.325,grunting,-12.838221967220305,5.896963596343994,6.623593568801880,16.000000000000000
10.326,sounds .,-5.934817868517712,11.247632265090942,11.761032581329346,14.000000000000000
10.327,Complex,-13.715890884399414,7.140176296234131,7.420311450958253,3.000000000000000
10.328,tics,-14.721088647842407,7.291252136230469,7.408725976943970,4.000000000000000
10.329,are,-1.649921178817749,4.967059135437012,5.363101482391357,5.000000000000000
10.330,"distinct ,",-15.316238403320312,11.170080661773682,10.571220397949219,19.000000000000000
10.331,coordinated,-9.945617415010927,7.862056016921997,8.070882081985474,11.000000000000000
10.332,patterns,-7.914866169914602,7.941108703613281,8.384237527847290,12.000000000000000
10.333,of,-0.102026715874672,4.400147914886475,4.425954818725586,10.000000000000000
10.334,movement,-5.752287864685059,3.609235763549805,4.126717567443849,12.000000000000000
10.335,that,-0.057843208312988,2.630357742309570,2.557245254516602,10.000000000000000
10.336,involve,-5.593738555908203,2.766943454742432,2.465704679489136,12.000000000000000
10.337,several,-6.623784065246582,4.221330642700194,4.100341320037842,14.000000000000000
10.338,muscle,-10.778388023376463,4.320269584655762,4.806942939758301,15.000000000000000
10.339,groups .,-5.212054688483477,12.353262424468992,12.756718635559084,20.000000000000000
10.340,Complex,-13.715890884399414,7.140176296234131,7.420311450958253,3.000000000000000
10.341,motor,-10.485563278198242,5.431056976318358,5.221979618072510,4.000000000000000
10.342,tics,-14.734675884246824,9.426459312438963,8.777688026428223,5.000000000000000
10.343,might,-4.877028942108153,4.882101058959961,4.662737846374512,4.000000000000000
10.344,include,-5.001967906951903,4.577143192291260,4.504020690917969,6.000000000000000
10.345,facial,-12.246935844421387,4.596499443054199,4.884875297546387,9.000000000000000
10.346,grimacing,-19.644732475280762,10.437201738357542,11.816857337951660,10.000000000000000
10.347,combined,-15.488451957702635,4.985239982604980,5.457163333892822,10.000000000000000
10.348,with,-0.009575981646776,3.531742572784424,3.545498609542847,12.000000000000000
10.349,a,-2.172297954559326,5.047370910644531,5.158565044403076,15.000000000000000
10.350,head,-8.397447586059570,3.751126766204834,4.468400001525879,16.000000000000000
10.351,twist,-8.168448448181152,6.605510473251343,7.236808776855469,17.000000000000000
10.352,and,-1.678494572639465,5.695984363555907,5.674627780914308,15.000000000000000
10.353,a,-0.817106902599335,4.476196289062500,4.762713909149170,17.000000000000000
10.354,shoulder,-6.805068969726562,3.991663932800293,4.666179656982422,18.000000000000000
10.355,shrug .,-11.218241591093829,11.431004047393799,12.217252016067505,23.000000000000000
10.356,Other,-5.653573513031006,6.183182239532472,5.606369018554688,3.000000000000000
10.357,complex,-10.639369964599609,5.622500419616699,5.515122413635254,4.000000000000000
10.358,motor,-11.046514511108398,5.386491298675537,5.329072952270508,5.000000000000000
10.359,tics,-14.662167072296144,9.636024475097656,9.313817024230957,6.000000000000000
10.360,may,-4.058954238891602,5.098810672760010,4.681478500366211,4.000000000000000
10.361,actually,-4.397833466355223,6.922895669937134,8.076827049255371,6.000000000000000
10.362,appear,-7.353138446807861,4.931080818176270,4.740721225738525,7.000000000000000
10.363,"purposeful ,",-26.190577983856201,7.453590869903564,7.028624773025513,13.000000000000000
10.364,including,-2.797969222015126,7.607743501663207,7.828868389129639,6.000000000000000
10.365,sniffing,-7.265225471928716,10.452472448349001,10.078956604003906,10.000000000000000
10.366,or,-6.432695865631104,5.822941780090332,5.712641716003418,11.000000000000000
10.367,touching,-7.989669322967528,3.791520833969116,3.603237867355346,12.000000000000000
10.368,"objects ,",-8.147117434069514,10.756615638732910,11.816864728927612,24.000000000000000
10.369,"hopping ,",-10.356096982955933,12.170411586761475,11.825116634368896,24.000000000000000
10.370,"jumping ,",-6.912610948085785,8.196413040161133,7.982165575027466,28.000000000000000
10.371,"bending ,",-8.415837647859007,12.980205535888672,12.824794054031372,32.000000000000000
10.372,or,-4.452271938323975,5.526060581207275,5.432050228118896,17.000000000000000
10.373,twisting .,-7.116594522842206,16.240375041961666,16.214291095733643,25.000000000000000
10.374,Complex,-13.715890884399414,7.140176296234131,7.420311450958253,3.000000000000000
10.375,vocal,-12.805442810058596,5.411305427551270,5.475307941436768,4.000000000000000
10.376,tics,-14.487204074859619,8.698853015899656,9.247692108154297,5.000000000000000
10.377,include,-3.149907350540161,4.565907001495361,4.470456123352051,4.000000000000000
10.378,words,-11.555541038513185,4.003384590148927,4.414578437805176,6.000000000000000
10.379,or,-5.289388656616211,4.956539154052733,5.229083538055420,7.000000000000000
10.380,phrases .,-2.089556611841545,13.269580125808716,14.298204183578491,12.000000000000000
10.381,Perhaps,-4.771160861477256,16.061842918395993,15.711400508880615,3.000000000000000
10.382,the,-1.699552178382874,3.599485158920288,4.030100345611571,4.000000000000000
10.383,most,-0.064326100051403,6.061972618103027,6.276312828063965,6.000000000000000
10.384,dramatic,-4.885762214660645,3.072436094284058,3.377991676330566,7.000000000000000
10.385,and,-5.533308982849121,6.230346679687500,6.347495079040527,8.000000000000000
10.386,disabling,-12.699111938476562,3.927565097808838,4.305563926696776,9.000000000000000
10.387,tics,-15.175698757171631,5.743878602981567,6.816481113433838,6.000000000000000
10.388,include,-6.141599655151367,3.887971639633178,4.090235233306885,5.000000000000000
10.389,motor,-12.300602912902832,3.932126522064209,4.534684181213379,10.000000000000000
10.390,movements,-9.896968424320221,6.534499406814575,7.549923896789551,11.000000000000000
10.391,that,-0.020962473005056,2.856047868728638,2.791400194168091,12.000000000000000
10.392,result,-6.489289283752441,1.986473560333252,1.932948231697082,14.000000000000000
10.393,in,-0.554190039634705,2.867153406143188,2.776543855667114,16.000000000000000
10.394,self-harm,-22.453456625342369,19.013717889785767,21.012758016586304,18.000000000000000
10.395,such,-3.795215368270874,4.884222984313965,5.194060325622559,10.000000000000000
10.396,as,-0.000044583281124,4.503838062286377,4.357058048248291,11.000000000000000
10.397,punching,-8.539528595283628,5.289713263511659,4.979780673980713,15.000000000000000
10.398,oneself,-13.005242347717285,9.025130271911619,9.034712314605713,17.000000000000000
10.399,in,-0.911003351211548,2.705203533172607,2.676804304122925,18.000000000000000
10.400,the,-1.644460201263428,4.162112236022948,4.712970733642578,20.000000000000000
10.401,"face ,",-3.840728580951691,6.959996461868286,7.494317054748535,29.000000000000000
10.402,or,-2.757717847824097,4.095538616180420,4.122870445251465,9.000000000000000
10.403,vocal,-9.934086799621582,5.356866359710693,5.629515171051025,12.000000000000000
10.404,tics,-13.267604112625122,6.064072608947754,6.810862541198730,13.000000000000000
10.405,including,-6.698406219473328,8.823900699615479,8.907589912414551,13.000000000000000
10.406,"coprolalia ,",-34.165924310684211,20.918827533721924,22.866803884506226,32.000000000000000
10.407,which,-0.387025415897369,2.891431093215942,2.727403163909912,19.000000000000000
10.408,involves,-7.214749619364738,6.281137824058533,6.220183968544006,21.000000000000000
10.409,uttering,-10.210037746815944,9.290984630584717,9.074325561523438,24.000000000000000
10.410,swear,-13.896886348724365,6.177388668060303,6.631363868713379,26.000000000000000
10.411,"words ,",-14.266314506530762,7.265950202941894,7.940382242202760,42.000000000000000
10.412,or,-1.569176435470581,4.531556606292725,4.436002254486084,16.000000000000000
10.413,"echolalia ,",-34.065313905477531,13.619035959243776,15.261665344238283,38.000000000000000
10.414,which,-0.046144716441631,3.428169012069702,3.273360013961792,22.000000000000000
10.415,involves,-6.945273295044899,6.229038000106812,6.133101940155028,24.000000000000000
10.416,repeating,-8.178916947974358,5.677654027938843,5.513415098190309,27.000000000000000
10.417,the,-1.122552871704102,4.919229507446289,4.892802238464356,30.000000000000000
10.418,words,-3.566592693328857,3.984628200531006,4.377989768981934,31.000000000000000
10.419,or,-5.680065631866455,5.196526527404785,5.451942443847656,32.000000000000000
10.420,phrases,-2.391673767939210,5.085209846496582,6.190223693847656,33.000000000000000
10.421,of,-0.189575925469398,3.623130321502686,3.606108903884888,31.000000000000000
10.422,others .,-6.429795337870019,12.315929412841797,12.410475015640259,38.000000000000000
10.423,Tics,-19.776633262634281,11.916090488433838,12.589865207672119,3.000000000000000
10.424,are,-1.252653956413269,5.560764789581299,5.418849468231201,4.000000000000000
10.425,often,-3.590210437774658,4.021008968353272,4.408382415771483,6.000000000000000
10.426,worse,-4.445144653320312,5.454023361206055,5.697879314422607,8.000000000000000
10.427,with,-3.848005294799805,4.026499271392821,4.010542392730713,10.000000000000000
10.428,excitement,-10.530040740966797,4.059992313385010,4.444723129272461,12.000000000000000
10.429,or,-5.457965373992920,4.859160423278809,5.187065601348877,13.000000000000000
10.430,anxiety,-4.686827659606934,3.085809946060181,3.789879322052002,14.000000000000000
10.431,and,-4.760620594024658,5.456692695617676,5.410891532897949,8.000000000000000
10.432,better,-3.276870250701904,4.929450988769531,4.962914466857910,10.000000000000000
10.433,during,-9.825157642364502,8.213666915893555,8.062453269958496,12.000000000000000
10.434,"calm ,",-12.161637783050537,8.987312316894531,8.888567924499512,31.000000000000000
10.435,focused,-8.477563858032228,4.518451690673828,4.578635692596436,17.000000000000000
10.436,activities .,-5.439472813886823,10.878517627716064,11.774141788482666,19.000000000000000
10.437,Certain,-9.773025512695312,7.219402790069580,6.950821876525879,3.000000000000000
10.438,physical,-9.664811134338381,5.443441867828369,5.590141773223877,4.000000000000000
10.439,experiences,-8.092399299144745,8.539365291595459,8.894296646118164,5.000000000000000
10.440,can,-2.455380678176880,4.714203834533691,4.202940464019775,4.000000000000000
10.441,trigger,-8.435326576232910,3.391582489013672,3.109459161758423,6.000000000000000
10.442,or,-6.275483608245850,5.686769008636475,5.185771465301514,7.000000000000000
10.443,worsen,-6.577160835266112,3.118805885314941,2.897584915161133,8.000000000000000
10.444,tics .,-14.208630247041583,13.740301847457886,14.835711240768433,14.000000000000000
10.445,For,-2.378260612487793,5.284862041473389,5.310392856597900,3.000000000000000
10.446,"example ,",-2.065710231661796,9.508684158325195,9.353666782379150,8.000000000000000
10.447,tight,-11.752102851867676,4.880842208862305,5.595994472503662,6.000000000000000
10.448,collars,-9.989808320999147,11.455927848815918,12.744461297988892,7.000000000000000
10.449,may,-3.142128467559814,4.583217620849608,4.301080226898193,7.000000000000000
10.450,trigger,-6.338346481323242,3.251744270324707,2.990074634552002,9.000000000000000
10.451,neck,-9.564920902252195,7.214015245437622,7.670261383056642,11.000000000000000
10.452,"tics ,",-16.754506513476372,10.238254547119141,10.924478292465210,17.000000000000000
10.453,or,-3.581961154937744,3.617530345916748,3.566634178161621,6.000000000000000
10.454,hearing,-7.665686130523683,4.544055938720703,4.471603870391847,10.000000000000000
10.455,another,-5.980990409851074,4.040526866912842,3.974551677703857,13.000000000000000
10.456,person,-2.001963138580322,4.054951190948486,4.349453449249268,14.000000000000000
10.457,sniff,-7.257857799530028,5.711733341217041,5.554391860961914,14.000000000000000
10.458,or,-4.765512943267822,5.142829418182373,4.993834495544434,15.000000000000000
10.459,throat-clear,-27.480982661247250,16.179746150970463,16.653300046920776,16.000000000000000
10.460,may,-1.173661351203918,4.628675937652588,4.540880680084229,10.000000000000000
10.461,trigger,-5.104068756103517,2.363897800445557,2.193274021148682,12.000000000000000
10.462,the,-2.496941089630127,4.276181697845459,4.351956844329834,15.000000000000000
10.463,production,-7.236938476562500,3.541157484054565,4.406044006347656,16.000000000000000
10.464,of,-0.031287088990211,3.873286962509155,3.772287607192993,16.000000000000000
10.465,similar,-9.081868171691896,4.551047801971436,4.897842884063722,18.000000000000000
10.466,sounds .,-7.553628474008292,10.574478387832642,11.518974781036377,27.000000000000000
10.467,Tics,-19.776633262634281,11.916090488433838,12.589865207672119,3.000000000000000
10.468,come,-7.236355781555176,6.001320362091064,5.622119426727295,4.000000000000000
10.469,and,-4.192464828491212,5.759943008422852,5.744081974029541,5.000000000000000
10.470,go,-0.141754671931267,4.824952125549316,4.419352531433105,6.000000000000000
10.471,over,-4.803577423095703,3.784561634063721,3.632685899734497,8.000000000000000
10.472,"time ,",-6.546350479125977,10.647380352020264,10.866586208343506,18.000000000000000
10.473,varying,-8.666845063984510,8.101722955703735,7.604845285415649,11.000000000000000
10.474,in,-2.433495998382568,3.853108644485474,3.767360448837280,13.000000000000000
10.475,"type ,",-8.675681352615356,12.198381423950195,12.967207193374634,32.000000000000000
10.476,"frequency ,",-8.285446703433990,12.412286758422852,12.630151510238647,36.000000000000000
10.477,"location ,",-4.705789446830750,9.037198781967163,9.564360141754150,40.000000000000000
10.478,and,-2.512469768524170,5.441246986389160,5.409078598022461,21.000000000000000
10.479,severity .,-8.483563979389146,12.227267980575562,12.781644105911255,27.000000000000000
10.480,The,-1.335898160934448,5.764348506927490,6.119246482849121,4.000000000000000
10.481,first,-4.837876319885254,5.310441017150879,5.486714839935303,5.000000000000000
10.482,symptoms,-10.425140380859377,4.358179569244385,4.241011142730713,6.000000000000000
10.483,Tourette 's,-23.500696503364455,18.074754476547241,20.675386428833008,17.000000000000000
10.484,patients,-7.553357601165771,4.996811389923097,5.439053535461426,8.000000000000000
10.485,experience,-3.249277114868164,2.089490890502930,1.716759681701660,8.000000000000000
10.486,usually,-2.581388235092163,4.008911609649658,4.532877922058105,4.000000000000000
10.487,occur,-2.649229526519775,3.614021301269531,3.501215696334839,5.000000000000000
10.488,in,-0.718822836875916,3.306256294250488,3.246007442474365,7.000000000000000
10.489,the,-2.496866226196289,4.078358650207520,4.369844913482666,9.000000000000000
10.490,head,-8.587064743041992,3.351947784423828,4.310069084167480,10.000000000000000
10.491,and,-3.567586898803711,3.196140766143799,3.960428714752197,11.000000000000000
10.492,neck,-4.218536674976349,6.395388126373291,7.069641590118407,12.000000000000000
10.493,"area ,",-8.093738555908203,8.504055976867676,8.675709247589111,20.000000000000000
10.494,though,-3.447385311126709,4.160236835479736,4.080279827117920,9.000000000000000
10.495,they,-2.394919872283936,3.782215118408203,4.345656394958496,12.000000000000000
10.496,may,-2.118481636047364,4.909283638000488,4.869784355163574,13.000000000000000
10.497,progress,-9.363555908203123,3.185872554779053,2.994158744812012,15.000000000000000
10.498,to,-0.033505715429783,4.290688991546632,4.230074882507323,18.000000000000000
10.499,include,-4.793997764587402,3.934744358062744,3.810046195983887,20.000000000000000
10.500,muscles,-9.794643759727476,8.440841436386107,9.218473434448242,23.000000000000000
10.501,of,-2.288615226745605,3.776065587997437,3.691525936126709,24.000000000000000
10.502,the,-1.630226373672485,5.277472972869873,5.254464626312256,27.000000000000000
10.503,trunk,-8.823117136955261,7.263692617416383,7.686175823211670,28.000000000000000
10.504,and,-1.283329486846924,5.603616714477539,5.660764217376709,27.000000000000000
10.505,extremities .,-15.344635935827680,27.970187902450562,31.497205972671509,34.000000000000000
10.506,The,-1.283485174179077,5.935763835906982,5.820782184600830,5.000000000000000
10.507,symptoms,-10.360449790954590,4.270824909210205,4.431625843048097,6.000000000000000
10.508,of,-0.024967139586806,4.207407951354980,4.307887077331543,6.000000000000000
10.509,Tourette 's,-29.717096785781909,18.897565364837646,21.887352466583248,17.000000000000000
10.510,are,-0.802857398986816,4.607413291931152,4.887242794036865,5.000000000000000
10.511,"involuntary ,",-13.432252407073975,8.013262033462524,7.821906805038453,10.000000000000000
10.512,but,-0.991940259933472,4.172471523284912,4.045772075653076,4.000000000000000
10.513,there,-3.558170318603516,4.903846263885498,4.874055862426758,7.000000000000000
10.514,are,-1.044772744178772,3.097762107849121,2.962759971618652,8.000000000000000
10.515,some,-3.127235412597656,5.434824943542480,5.349380970001222,11.000000000000000
10.516,people,-4.648748397827148,3.843973636627197,4.285738468170166,12.000000000000000
10.517,who,-0.023422699421644,2.898267030715942,3.020975589752197,13.000000000000000
10.518,can,-3.141357421875000,4.211125373840332,4.037706851959229,15.000000000000000
10.519,sometimes,-4.917861938476562,4.440961360931396,4.676306724548340,17.000000000000000
10.520,"suppress ,",-10.489793777465820,11.401811838150024,11.122950315475464,40.000000000000000
10.521,"camouflage ,",-11.997506380081177,6.708186864852904,6.509619951248169,44.000000000000000
10.522,or,-1.442973613739014,4.153808593750000,4.031805992126465,23.000000000000000
10.523,otherwise,-3.200636148452759,4.000857353210448,4.440495014190674,25.000000000000000
10.524,manage,-7.168134689331055,2.286607742309570,2.127776622772217,26.000000000000000
10.525,their,-1.836939811706543,4.028620243072510,4.246589660644531,20.000000000000000
10.526,tics,-14.150382041931152,6.745404720306396,7.239267826080322,21.000000000000000
10.527,in,-1.709689378738403,3.179145574569702,3.051527023315430,21.000000000000000
10.528,an,-3.605223178863525,4.481716156005858,4.518754482269287,23.000000000000000
10.529,effort,-2.309139490127563,4.835797309875488,5.123465538024902,24.000000000000000
10.530,to,-0.008472687564790,5.435501098632812,5.373306751251222,27.000000000000000
10.531,minimize,-5.454532623291017,3.109240055084229,2.968022823333740,29.000000000000000
10.532,their,-1.964889168739319,3.899055242538452,3.915879487991333,31.000000000000000
10.533,impact,-4.738018989562988,3.716308355331421,4.131608963012694,32.000000000000000
10.534,on,-4.703296661376953,3.332583665847778,3.258625984191895,32.000000000000000
10.535,functioning .,-7.203435255854856,13.002357959747314,13.207929134368896,41.000000000000000
10.536,"However ,",-2.344413492753119,15.267204761505125,16.311710834503174,6.000000000000000
10.537,people,-5.426740646362305,4.406910896301270,4.591515064239502,6.000000000000000
10.538,affected,-4.922067165374756,4.740306854248047,5.000524044036865,7.000000000000000
10.539,by,-0.013760935515165,3.645227193832397,3.954917907714844,9.000000000000000
10.540,Tourette 's,-33.546354942343896,19.014325141906738,22.358958482742310,23.000000000000000
10.541,often,-2.233495235443115,4.206487655639648,4.424024105072021,6.000000000000000
10.542,report,-6.496861457824707,3.147397756576538,2.914607286453247,7.000000000000000
10.543,a,-2.154194355010986,4.590255260467528,4.423487186431885,10.000000000000000
10.544,substantial,-4.751986503601074,5.119397163391113,5.109735965728760,11.000000000000000
10.545,buildup,-7.393960952758789,3.135154008865356,3.476663351058960,12.000000000000000
10.546,in,-0.715011894702911,3.954008340835571,3.912371635437012,11.000000000000000
10.547,tension,-7.202735900878906,3.818446159362793,4.335186004638672,13.000000000000000
10.548,when,-0.156894072890282,3.435060739517212,3.801290512084961,13.000000000000000
10.549,suppressing,-9.985023975372314,8.351219534873962,8.102534174919128,15.000000000000000
10.550,their,-3.438142776489258,3.680863857269287,3.816382884979248,17.000000000000000
10.551,tics,-13.671787500381470,7.416090250015259,7.955217123031616,18.000000000000000
10.552,to,-5.020734786987305,3.743714332580566,3.590254545211792,13.000000000000000
10.553,the,-1.059664130210876,3.612554073333740,3.487781524658203,16.000000000000000
10.554,point,-3.263063430786133,4.231021881103517,4.507003784179688,17.000000000000000
10.555,where,-0.071700587552186,7.179899930953980,7.674325466156006,18.000000000000000
10.556,they,-0.803308188915253,3.915170192718506,4.059921741485597,20.000000000000000
10.557,often,-2.424819707870483,3.985943078994751,4.220809936523438,21.000000000000000
10.558,feel,-4.071846961975099,3.139389038085937,3.144060373306274,22.000000000000000
10.559,that,-1.456766963005066,4.478399753570557,4.450396060943604,24.000000000000000
10.560,the,-1.985581755638122,3.060327529907227,2.966994047164917,27.000000000000000
10.561,tic,-13.641468524932860,6.671792268753053,6.907039642333983,28.000000000000000
10.562,must,-4.782222747802733,4.395671844482422,4.404080390930176,28.000000000000000
10.563,be,-0.595095634460449,4.451130867004395,4.473926544189453,30.000000000000000
10.564,expressed .,-8.140579633458401,12.251822471618652,12.382326483726501,39.000000000000000
10.565,Tics,-18.768647193908691,11.609347343444824,12.004158973693848,4.000000000000000
10.566,in,-2.628085136413574,3.424088716506958,3.657407999038696,5.000000000000000
10.567,response,-17.405927658081055,4.667882442474365,4.532273769378662,6.000000000000000
10.568,to,-6.852629661560059,4.389741897583009,4.378272056579590,7.000000000000000
10.569,an,-5.517834663391113,5.359477996826172,5.351561069488525,9.000000000000000
10.570,environmental,-6.560624122619629,4.890871047973633,5.447086334228517,10.000000000000000
10.571,trigger,-10.225190162658693,3.198982238769531,4.076053619384767,11.000000000000000
10.572,can,-3.477459669113159,4.479111194610597,4.150431632995605,5.000000000000000
10.573,appear,-6.383243560791017,4.252350807189941,4.100407600402832,7.000000000000000
10.574,to,-0.033624563366175,4.424821376800537,4.264905452728272,10.000000000000000
10.575,be,-0.749983251094818,4.747583866119385,4.595408439636231,12.000000000000000
10.576,voluntary,-7.642194747924805,4.044521331787108,4.085148334503174,14.000000000000000
10.577,or,-6.048662662506104,4.767604351043701,4.509330749511719,15.000000000000000
10.578,"purposeful ,",-15.152056515216826,7.776745796203613,7.759154081344604,21.000000000000000
10.579,but,-1.281676054000854,4.325151920318604,4.216546058654785,6.000000000000000
10.580,are,-1.660090684890747,3.780901908874512,3.613597869873047,8.000000000000000
10.581,not .,-2.052806804189458,11.307677030563354,11.677173376083374,13.000000000000000
10.582,Many,-5.361140251159668,6.179912090301514,6.190629959106445,4.000000000000000
10.583,people,-3.727806091308594,4.124804973602295,4.134259223937988,5.000000000000000
10.584,with,-2.045372009277344,3.732975006103516,3.751186847686768,5.000000000000000
10.585,Tourette 's,-31.137298559304327,17.703112840652466,20.640994787216187,15.000000000000000
10.586,experience,-7.602674484252930,2.972677707672119,2.846765995025635,4.000000000000000
10.587,additional,-7.391004085540771,4.507429122924805,4.581915855407715,7.000000000000000
10.588,neurobehavioral,-47.654768466949463,18.435581207275391,21.587139368057251,8.000000000000000
10.589,problems,-2.501834630966187,3.572142124176025,4.073530197143556,9.000000000000000
10.590,that,-0.008871898986399,2.558982133865356,2.615682601928711,9.000000000000000
10.591,include,-4.684082508087158,2.657930135726929,2.322120189666748,11.000000000000000
10.592,"inattention ,",-16.586526989936829,16.407313346862793,17.307455778121948,27.000000000000000
10.593,hyperactivity,-10.564649425446989,7.225306272506714,7.646576642990112,15.000000000000000
10.594,and,-0.289253175258636,5.454895019531250,5.586021423339844,16.000000000000000
10.595,impulsivity .,-20.101479048891633,24.403108835220337,27.064770936965942,21.000000000000000
10.596,People,-6.433057785034180,5.639923572540282,5.584109783172607,4.000000000000000
10.597,with,-1.389801144599915,4.347291946411134,4.397281169891357,5.000000000000000
10.598,Tourette 's,-30.948698200983927,18.440414428710938,21.361642837524414,15.000000000000000
10.599,have,-2.296878337860107,3.534720420837402,3.404895544052124,4.000000000000000
10.600,also,-2.070568323135376,4.304296970367432,4.918534278869629,6.000000000000000
10.601,reported,-6.226471900939941,5.072384357452393,4.891071319580078,7.000000000000000
10.602,problems,-5.116283416748047,3.677899599075317,4.093376159667969,10.000000000000000
10.603,with,-0.279297798871994,3.745105743408203,3.719038248062134,11.000000000000000
10.604,depression,-12.546879470348358,7.004965066909790,7.927243232727051,14.000000000000000
10.605,or,-4.077065944671632,5.266789436340332,5.161694049835205,14.000000000000000
10.606,anxiety,-8.934193611145020,3.713473796844482,4.513957977294922,16.000000000000000
10.607,"disorders ,",-7.724358797073364,10.406697273254395,11.503190279006958,26.000000000000000
10.608,as,-0.320542603731155,4.433464527130127,4.614858627319336,11.000000000000000
10.609,well,-0.000042318402848,3.558659315109253,3.907453060150146,12.000000000000000
10.610,as,-0.000268304109341,3.833323478698730,3.992050170898438,13.000000000000000
10.611,other,-3.949940681457520,5.143116950988770,5.087928771972656,13.000000000000000
10.612,difficulties,-4.418941713869573,8.192816019058228,8.696642875671388,14.000000000000000
10.613,Tourette 's,-19.085901535907396,16.848551034927368,19.294494867324829,35.000000000000000
10.614,syndrome,-7.150218963623048,4.639439582824707,4.845082283020020,17.000000000000000
10.615,may,-2.350389242172241,4.543929576873778,4.479611396789551,17.000000000000000
10.616,or,-13.123500823974609,5.152161598205566,5.105665683746338,18.000000000000000
10.617,may,-1.177363753318787,4.203867912292480,4.125421047210693,19.000000000000000
10.618,not,-1.254387974739075,3.966930866241455,3.897916793823242,20.000000000000000
10.619,directly,-3.265078544533935,6.534455060958862,7.133628606796265,23.000000000000000
10.620,cause .,-3.783778110671846,13.159128189086914,13.500098466873169,27.000000000000000
10.621,Tourette 's,-29.755463753943328,23.544860601425171,25.463081359863281,7.000000000000000
10.622,is,-1.178761959075928,4.969609737396240,4.607257843017578,4.000000000000000
10.623,a,-0.816971063613892,4.595098972320557,4.660339355468750,7.000000000000000
10.624,diagnosis,-10.802850723266602,4.537750244140625,4.741332054138184,8.000000000000000
10.625,doctors,-4.500960221630521,7.413242816925049,8.384443759918213,10.000000000000000
10.626,make,-5.447802066802979,4.278473854064941,3.899974346160889,11.000000000000000
10.627,after,-6.396996974945067,3.538698673248291,3.430652856826782,13.000000000000000
10.628,verifying,-9.732591200241586,6.633504629135133,6.333721637725830,16.000000000000000
10.629,that,-0.349210172891617,4.934062004089356,4.862000465393066,18.000000000000000
10.630,the,-1.912847042083740,3.353359937667847,3.547715425491333,21.000000000000000
10.631,patient,-3.475494861602783,4.191554069519043,4.692550659179688,22.000000000000000
10.632,has,-1.620962262153626,3.703756809234619,3.735503673553467,22.000000000000000
10.633,had,-2.872197389602661,4.616835117340088,4.533505916595459,24.000000000000000
10.634,both,-6.929571151733398,5.174002170562744,5.199296474456787,26.000000000000000
10.635,motor,-12.071697235107422,4.153152942657472,5.012688636779785,27.000000000000000
10.636,and,-2.361879348754883,4.122966766357422,4.411620616912842,28.000000000000000
10.637,vocal,-11.461791992187500,4.496031761169434,5.173720836639403,29.000000000000000
10.638,tics,-12.882211685180664,7.319934129714966,7.957868814468384,30.000000000000000
10.639,for,-1.014949798583984,3.730894327163696,3.687833786010742,27.000000000000000
10.640,at,-1.297651529312134,4.434605598449707,4.768506526947021,30.000000000000000
10.641,least,-0.000656389282085,4.292289733886719,4.469212532043457,31.000000000000000
10.642,one,-3.708150863647461,3.989961624145508,4.342083930969238,32.000000000000000
10.643,year .,-0.349615018774784,14.694236516952515,15.384521245956421,34.000000000000000
10.644,The,-1.335898160934448,5.764348506927490,6.119246482849121,4.000000000000000
10.645,existence,-8.652030944824219,4.859511375427246,5.241132736206055,5.000000000000000
10.646,of,-0.003755541983992,4.258114814758302,4.626059532165527,5.000000000000000
10.647,other,-7.724050521850586,5.167926311492920,5.201465606689453,7.000000000000000
10.648,neurological,-13.272364737000315,9.186660289764404,9.998263835906982,8.000000000000000
10.649,or,-7.962103843688965,5.596601009368896,5.797834396362305,9.000000000000000
10.650,psychiatric,-4.835581302642822,5.341397762298584,5.610313415527344,10.000000000000000
10.651,conditions,-3.497068868484348,7.719879388809204,8.907041549682617,11.000000000000000
10.652,can,-2.878420829772949,4.741466045379639,4.691394805908203,4.000000000000000
10.653,also,-0.873420238494873,4.111457824707031,4.512526988983153,6.000000000000000
10.654,help,-3.486249923706055,2.949838876724243,2.738685846328736,7.000000000000000
10.655,doctors,-2.661359704477945,7.329592227935791,8.536237716674805,10.000000000000000
10.656,establish,-5.555398941040039,3.287730932235718,3.131021738052368,11.000000000000000
10.657,the,-1.040411472320557,4.404176712036133,4.548919200897217,16.000000000000000
10.658,diagnosis,-7.477846145629883,3.875098705291748,4.607094287872314,17.000000000000000
10.659,of,-0.095592685043812,3.388197660446167,3.618836641311646,17.000000000000000
10.660,Tourette 's,-29.978436952747870,15.326101779937744,18.808620929718018,39.000000000000000
10.661,is,-0.703975021839142,3.935032129287720,3.817643404006958,16.000000000000000
10.662,the,-3.619978189468384,3.837550878524780,4.223670482635498,18.000000000000000
10.663,correct,-6.363275051116942,4.815875530242920,5.308263778686523,19.000000000000000
10.664,one .,-2.191680066553090,11.274083614349365,11.992675542831421,24.000000000000000
10.665,Knowledgeable,-16.721077442169189,11.267938613891602,11.223449230194092,4.000000000000000
10.666,clinicians,-13.462813138961792,8.419785499572754,8.984085083007812,5.000000000000000
10.667,consulted,-8.253969684243202,7.857667207717895,7.582773923873901,5.000000000000000
10.668,by,-0.864382266998291,3.818148851394653,3.812141895294189,7.000000000000000
10.669,patients,-5.680929660797119,4.288075923919679,4.480062484741211,9.000000000000000
10.670,do,-3.687375545501709,3.522161483764648,3.447236776351929,4.000000000000000
10.671,not,-1.804462790489197,5.055632114410400,5.097537517547607,5.000000000000000
10.672,often,-3.673593521118164,3.866672277450562,4.081501960754395,7.000000000000000
10.673,misdiagnose,-14.165798902511597,7.451444864273071,7.512778282165527,8.000000000000000
10.674,common,-8.695175170898438,4.261668205261231,4.470511436462402,10.000000000000000
10.675,tics .,-14.230983073241077,13.418532609939575,14.638793468475342,15.000000000000000
10.676,"However ,",-2.344413492753119,15.267204761505125,16.311710834503174,6.000000000000000
10.677,atypical,-15.198449134826660,5.440398693084717,5.762302875518799,6.000000000000000
10.678,symptoms,-9.572629928588867,3.316457509994507,3.823282957077025,7.000000000000000
10.679,or,-6.682483673095702,5.483221530914307,5.833981990814209,6.000000000000000
10.680,atypical,-12.549875259399414,4.546581745147705,4.888411998748778,9.000000000000000
10.681,presentation,-9.944354057312012,2.844652414321899,3.646528959274292,10.000000000000000
10.682,such,-7.039741992950440,4.376911640167236,5.002463340759277,10.000000000000000
10.683,as,-0.000083085426013,4.634351730346680,4.703101158142090,11.000000000000000
10.684,onset,-12.725152969360352,8.475512742996216,9.602182865142822,14.000000000000000
10.685,of,-0.076994411647320,4.125964164733887,4.058461666107179,15.000000000000000
10.686,symptoms,-5.924103736877441,3.310772418975830,3.949837207794189,17.000000000000000
10.687,in,-0.708180963993073,3.762741327285767,4.036075115203857,16.000000000000000
10.688,adulthood,-13.291084289550779,4.077795982360840,4.654149055480957,18.000000000000000
10.689,may,-2.817782402038574,4.214285373687743,4.145772933959962,6.000000000000000
10.690,require,-5.250426292419434,3.677100896835327,3.404058933258057,8.000000000000000
10.691,specialty,-11.797549247741699,3.807686328887940,4.384869575500488,10.000000000000000
10.692,expertise,-9.094879403710364,6.713703870773315,7.775993108749390,11.000000000000000
10.693,for,-1.701326370239258,3.233161211013794,3.206050157546997,11.000000000000000
10.694,diagnosis .,-7.277400505612605,11.090090513229370,12.127574682235718,19.000000000000000
10.695,There,-4.926050186157227,6.385621547698975,6.530163288116455,3.000000000000000
10.696,are,-1.327996850013733,4.082392215728760,3.834755420684815,4.000000000000000
10.697,no,-2.945018768310547,5.959218502044678,6.357091426849365,7.000000000000000
10.698,blood,-8.689630508422853,4.919875144958496,5.147734165191650,8.000000000000000
10.699,or,-5.195841789245605,4.632942199707031,4.638181209564209,9.000000000000000
10.700,laboratory,-9.071360588073730,4.336387634277344,4.013733863830566,10.000000000000000
10.701,tests,-2.021351324394345,8.439877510070799,8.886644363403320,11.000000000000000
10.702,needed,-2.842182636260986,4.533552646636963,4.432199001312256,8.000000000000000
10.703,for,-0.230148866772652,3.502170324325561,3.377605915069580,10.000000000000000
10.704,diagnosis .,-7.338260203498066,11.428065061569214,12.439764261245728,16.000000000000000
10.705,"However ,",-2.344413492753119,15.267204761505125,16.311710834503174,6.000000000000000
10.706,neuroimaging,-24.662683486938480,9.232652902603151,10.600030422210693,7.000000000000000
10.707,"studies ,",-10.244047284053522,12.639077901840210,14.196036815643311,15.000000000000000
10.708,which,-0.016172884032130,2.832579135894775,3.048881769180298,10.000000000000000
10.709,include,-5.188718795776367,2.834512948989868,2.524481058120728,12.000000000000000
10.710,magnetic,-9.019012257456779,6.509098768234253,7.940404415130615,15.000000000000000
10.711,resonance,-1.923503465019166,12.903663396835327,14.899124145507812,16.000000000000000
10.712,"imaging ,",-5.278067231178284,11.669574737548828,12.800357818603512,32.000000000000000
10.713,computerized,-7.071107387542725,5.361666679382324,5.736407756805420,17.000000000000000
10.714,"tomography ,",-11.303882658481596,16.185233592987061,18.036483287811279,35.000000000000000
10.715,and,-0.772993981838226,4.849253177642822,4.712617874145508,18.000000000000000
10.716,"electroencephalograms ,",-27.900631166994572,17.520597457885742,19.995041131973267,26.000000000000000
10.717,as,-0.005524012725800,4.126828670501709,4.541919231414795,8.000000000000000
10.718,well,-0.000110500906885,3.339388370513916,3.739896535873413,9.000000000000000
10.719,as,-0.000192623658222,3.954544067382813,4.330927371978760,10.000000000000000
10.720,certain,-6.171237945556642,4.928937911987305,5.383840084075928,9.000000000000000
10.721,lab,-6.373822689056396,7.104144096374513,7.873032093048097,10.000000000000000
10.722,tests,-0.800671759992838,6.642762899398804,7.695887327194214,11.000000000000000
10.723,may,-4.254050731658936,4.567662239074707,4.497573375701903,6.000000000000000
10.724,be,-1.213745832443237,4.058922767639160,3.944190979003906,8.000000000000000
10.725,used,-1.909166455268860,4.063695430755615,4.024790763854980,10.000000000000000
10.726,to,-0.029971756041050,4.662341594696045,4.624839782714844,13.000000000000000
10.727,rule,-10.206991195678713,3.641618013381958,3.538441419601440,15.000000000000000
10.728,out,-0.003793426323682,4.758773803710938,4.791803359985352,17.000000000000000
10.729,other,-6.042624473571777,4.284859657287599,4.538015365600586,18.000000000000000
10.730,conditions,-6.134241533378372,5.613013267517090,7.018807411193848,19.000000000000000
10.731,that,-0.221071749925613,3.418853998184204,3.413372278213501,20.000000000000000
10.732,Tourette 's,-30.694782966442293,16.693906784057617,19.112365007400513,45.000000000000000
10.733,might,-1.414667844772339,4.169023513793944,4.093180179595946,23.000000000000000
10.734,be,-1.812573194503784,4.382318496704102,4.311174392700194,25.000000000000000
10.735,confused,-8.979510307312012,3.513517618179321,3.434359073638916,27.000000000000000
10.736,with .,-0.094795179251378,10.738111495971680,10.824019432067871,35.000000000000000
10.737,In,-0.829961776733398,5.871973991394043,5.794948101043701,3.000000000000000
10.738,terms,-5.500152587890625,4.978760719299316,5.331398010253906,6.000000000000000
10.739,of,-0.000794452673290,4.387939929962158,4.536382198333740,7.000000000000000
10.740,the,-1.323224306106567,4.576542854309082,4.947433471679688,10.000000000000000
10.741,role,-6.191257476806642,4.289813041687012,4.695809364318848,11.000000000000000
10.742,of,-0.022133003920317,4.037976741790772,4.297510147094727,11.000000000000000
10.743,genes,-11.763947486877440,4.850428581237793,5.550627708435059,13.000000000000000
10.744,in,-0.050766583532095,3.479932785034180,3.942309617996216,12.000000000000000
10.745,the,-1.484792590141296,3.627606868743897,3.929057359695435,14.000000000000000
10.746,"disorder ,",-7.495947867631912,7.509003162384033,8.090311765670776,18.000000000000000
10.747,evidence,-7.391628265380858,4.252922058105469,4.490324020385742,6.000000000000000
10.748,from,-3.245599746704102,3.163707256317139,3.062628030776977,7.000000000000000
10.749,twin,-13.451304435729980,4.668650150299072,5.194500923156738,9.000000000000000
10.750,and,-6.116588592529298,5.211117267608643,5.898344993591309,10.000000000000000
10.751,family,-7.720675945281982,4.419510841369629,4.741261005401611,11.000000000000000
10.752,studies,-5.554842948811711,7.326792001724242,8.608995914459229,12.000000000000000
10.753,suggests,-1.759018076583743,6.161099672317505,6.034272670745850,6.000000000000000
10.754,that,-0.249228864908218,4.677017211914063,4.648979663848877,8.000000000000000
10.755,Tourette 's,-30.813459638331551,16.824435234069824,19.485122680664062,23.000000000000000
10.756,is,-1.137325286865234,3.752448558807373,3.802233219146729,12.000000000000000
10.757,an,-3.184708356857300,5.246774673461914,5.163312911987305,14.000000000000000
10.758,inherited,-7.422374173183925,14.987984657287598,16.686410665512085,15.000000000000000
10.759,disorder .,-5.057361031678738,10.803401231765745,11.505227327346800,22.000000000000000
10.760,Although,-2.293670534925695,11.368106842041016,11.575750827789307,3.000000000000000
10.761,early,-8.322917938232424,4.885334968566895,5.479497909545898,6.000000000000000
10.762,family,-9.539083480834961,4.323580265045166,5.307861328125000,7.000000000000000
10.763,studies,-8.523829460107663,8.099672317504883,9.230592727661133,8.000000000000000
10.764,suggested,-4.743041515350342,5.893617868423463,5.000804662704468,7.000000000000000
10.765,an,-4.912933349609375,4.984479904174805,5.177055358886719,12.000000000000000
10.766,autosomal,-29.883009910583496,12.032791137695312,14.193931102752686,13.000000000000000
10.767,dominant,-13.344827651977539,4.097716808319092,4.981953620910645,14.000000000000000
10.768,mode,-11.346755266189575,6.411050558090210,6.875375509262085,15.000000000000000
10.769,of,-0.024292664602399,3.431677103042603,3.673987150192261,13.000000000000000
10.770,inheritance,-11.622932434082033,4.086809158325194,4.831274986267090,15.000000000000000
10.771,characterized,-11.079937245376641,5.706880092620850,5.828001737594604,12.000000000000000
10.772,the,-1.403868556022644,2.992468118667603,2.985492229461670,14.000000000000000
10.773,"condition ,",-6.234134243801236,7.172603368759155,7.759257316589357,18.000000000000000
10.774,more,-6.968038558959961,4.006794452667236,3.975481033325195,5.000000000000000
10.775,recent,-8.022004127502441,4.376843929290772,4.343317985534668,6.000000000000000
10.776,studies,-0.906425235778443,6.858683347702026,8.349950313568115,7.000000000000000
10.777,discovered,-8.776921093463898,4.729621410369873,4.459863185882568,6.000000000000000
10.778,the,-0.850731909275055,3.975257396697998,3.893301963806152,11.000000000000000
10.779,pattern,-6.470322608947754,4.309614181518556,4.414402008056642,12.000000000000000
10.780,of,-0.075807064771652,3.732073307037354,3.688418149948120,12.000000000000000
10.781,inheritance,-9.875930786132812,3.857064723968506,4.511900424957275,14.000000000000000
10.782,was,-1.490181922912598,3.488082408905029,3.447484016418457,11.000000000000000
10.783,much,-5.570489406585693,4.353613376617432,4.584683418273926,13.000000000000000
10.784,more,-2.657145023345948,4.663782596588135,4.754948139190674,14.000000000000000
10.785,complex .,-4.004074643475177,10.798886537551880,10.991288661956787,21.000000000000000
10.786,Although,-2.293670534925695,11.368106842041016,11.575750827789307,3.000000000000000
10.787,there,-4.063525199890137,5.391448497772217,5.514218330383301,6.000000000000000
10.788,may,-3.716906070709229,5.009084701538086,4.678556919097900,7.000000000000000
10.789,be,-0.129591271281242,4.211937427520752,3.760587453842163,9.000000000000000
10.790,a,-2.046447277069092,4.868818283081055,5.308403491973877,12.000000000000000
10.791,few,-3.030964374542236,5.003616333007812,5.248531341552733,13.000000000000000
10.792,genes,-9.819917678833008,3.802948951721192,4.077056884765625,14.000000000000000
10.793,that,-0.037563096731901,3.122478961944580,3.118723154067993,14.000000000000000
10.794,have,-3.127104997634888,3.597147226333618,3.483980417251587,16.000000000000000
10.795,substantial,-7.749839305877685,5.498505115509033,5.911623001098633,18.000000000000000
10.796,"effects ,",-4.003817118704319,8.118205547332764,8.639508724212646,22.000000000000000
10.797,it 's,-6.150687709334306,15.124321699142456,15.627033233642578,11.000000000000000
10.798,also,-1.126385569572449,3.957041740417481,4.322912693023682,8.000000000000000
10.799,possible,-4.037183761596681,3.997320413589478,4.092869281768799,9.000000000000000
10.800,that,-0.489926755428314,4.299970149993896,4.255107402801514,10.000000000000000
10.801,many,-4.096344947814941,4.537599086761475,4.707518577575684,15.000000000000000
10.802,genes,-6.042911529541017,2.963887214660645,3.503031015396118,16.000000000000000
10.803,with,-2.812237262725830,3.414301395416260,3.505394697189331,16.000000000000000
10.804,smaller,-6.324945926666260,4.071235179901123,4.952348709106445,18.000000000000000
10.805,effects,-4.381156444549561,2.996844768524170,3.766041755676270,19.000000000000000
10.806,and,-2.970503568649292,4.848785400390625,4.794586181640625,14.000000000000000
10.807,environmental,-12.414031982421875,3.977273225784302,4.863087177276611,16.000000000000000
10.808,factors,-4.692819595336914,3.384321451187134,3.955219268798828,17.000000000000000
10.809,may,-1.561154842376709,4.760074138641357,4.705974578857422,14.000000000000000
10.810,play,-6.344068527221680,4.391001224517821,4.456665992736816,16.000000000000000
10.811,a,-0.576808333396912,2.875463247299194,3.414429426193237,18.000000000000000
10.812,role,-1.152537584304810,4.182392597198486,4.614863395690918,19.000000000000000
10.813,in,-0.010287472978234,3.508339166641236,3.510820865631104,19.000000000000000
10.814,the,-0.589853882789612,4.202004432678224,4.139235973358153,22.000000000000000
10.815,development,-2.617135286331177,3.878546476364136,4.526483535766602,23.000000000000000
10.816,of,-0.006023468449712,4.089354038238525,4.078687667846681,23.000000000000000
10.817,Tourette 's .,-32.655906044219591,24.383742570877075,27.410229682922363,57.000000000000000
10.818,Genetic,-10.410514831542967,5.856524944305420,6.262454509735107,4.000000000000000
10.819,studies,-6.386652468077955,9.264129638671877,9.728232383728027,5.000000000000000
10.820,also,-1.193890571594239,4.052063941955566,4.186437606811523,5.000000000000000
10.821,suggest,-2.897057056427002,3.705118656158447,3.252171516418457,6.000000000000000
10.822,that,-0.288053601980209,4.924915313720703,4.853713989257812,8.000000000000000
10.823,some,-3.504303455352783,4.284658432006837,4.078289508819580,12.000000000000000
10.824,forms,-5.908591270446777,4.367965698242188,4.952390193939209,13.000000000000000
10.825,of,-0.008638868108392,3.940003633499146,4.032303810119629,13.000000000000000
10.826,Attention,-16.116406440734867,8.025786399841309,9.701131343841553,16.000000000000000
10.827,Deficit,-14.455905914306641,4.220870971679688,4.714509010314941,17.000000000000000
10.828,Hyperactivity,-28.341430187225342,11.954540252685547,13.485351562500000,18.000000000000000
10.829,Disorder,-11.956039905548096,8.746753692626951,9.648496150970461,19.000000000000000
10.830,and,-4.048690319061278,5.929801464080811,5.780792713165282,16.000000000000000
10.831,Obsessive,-22.378561139106750,27.012076139450073,28.090605735778809,18.000000000000000
10.832,Compulsive,-23.949263691902161,14.918638944625854,16.998315572738647,19.000000000000000
10.833,Disorder,-5.862409830093384,8.367079734802246,9.333968162536619,20.000000000000000
10.834,are,-1.666977405548096,4.156554698944092,4.090432643890382,12.000000000000000
10.835,genetically,-7.139993667602539,4.939926624298097,5.447496414184570,14.000000000000000
10.836,related,-4.291410326957704,7.640106201171875,8.146786689758299,15.000000000000000
10.837,to,-0.012348743155599,3.033256530761719,2.982923984527588,17.000000000000000
10.838,"Tourette 's ,",-29.479392066015865,21.021716117858887,23.161390781402588,42.000000000000000
10.839,but,-1.537691354751587,3.675628900527954,3.604314804077149,4.000000000000000
10.840,there,-4.224957466125488,4.061840057373047,4.139185428619385,7.000000000000000
10.841,is,-0.793093740940094,2.852479696273804,2.781295061111450,8.000000000000000
10.842,less,-5.227554798126222,7.886774778366089,8.130145072937013,11.000000000000000
10.843,evidence,-3.058511257171631,4.078946113586427,4.174109458923340,12.000000000000000
10.844,for,-3.715546369552612,3.429610490798950,3.420200824737549,12.000000000000000
10.845,a,-2.481499671936035,5.308235168457031,5.249649047851562,15.000000000000000
10.846,genetic,-5.640159606933594,4.854588031768799,5.669542312622070,16.000000000000000
10.847,relationship,-7.980881214141847,3.489911556243896,3.882664203643799,17.000000000000000
10.848,between,-0.332806199789047,3.906561851501465,3.848588466644287,16.000000000000000
10.849,Tourette 's,-27.298614535931847,17.531220912933350,19.420753955841064,39.000000000000000
10.850,and,-1.418633341789246,5.302248001098633,5.201853275299072,19.000000000000000
10.851,other,-4.099308490753174,4.917063236236572,4.887856483459473,22.000000000000000
10.852,neurobehavioral,-41.788750648498528,19.347462892532352,22.269334077835087,23.000000000000000
10.853,problems,-5.482775211334229,3.491825819015503,3.809032201766968,24.000000000000000
10.854,that,-0.020708188414574,2.577024459838867,2.492731094360352,24.000000000000000
10.855,Tourette 's,-26.662297775241314,17.810650110244751,19.779028654098511,53.000000000000000
10.856,commonly,-15.376791954040527,7.162711143493652,7.004304647445679,27.000000000000000
10.857,co-occurs,-25.574970424175266,21.871351957321167,22.438269138336182,28.000000000000000
10.858,with .,-0.111003459640415,9.932591199874878,10.046106100082397,36.000000000000000
10.859,An,-4.596039772033691,6.390196800231934,7.055294036865233,4.000000000000000
10.860,important,-4.564202308654785,6.391024589538574,6.048640251159668,5.000000000000000
10.861,role,-4.993352890014648,4.419269561767578,4.510407447814941,6.000000000000000
10.862,in,-1.211815714836121,4.203119754791260,4.396471023559569,5.000000000000000
10.863,Tourette 's,-26.002183977863751,18.863186836242676,21.542952060699463,17.000000000000000
10.864,gene,-12.805389881134033,7.091260910034180,8.253582000732424,8.000000000000000
10.865,expression,-12.325040817260742,3.577767372131348,4.185220718383788,9.000000000000000
10.866,is,-0.523696422576904,4.665649890899658,4.732900619506836,4.000000000000000
10.867,played,-2.040611028671265,4.096155166625977,4.010196208953857,6.000000000000000
10.868,by,-0.140429899096489,3.363276958465576,3.212088346481323,8.000000000000000
10.869,the,-2.131206750869751,4.706396102905273,4.619551658630371,11.000000000000000
10.870,sex,-6.936069488525392,4.033728599548340,4.471895217895508,12.000000000000000
10.871,of,-0.067114531993866,3.737998008728027,3.654239416122437,12.000000000000000
10.872,the,-3.015348672866821,4.761683940887451,4.669974327087402,14.000000000000000
10.873,person .,-6.014722872889252,12.062447786331177,12.660385847091675,19.000000000000000
10.874,In,-1.015095233917236,5.459375381469727,5.453380107879639,4.000000000000000
10.875,"particular ,",-3.574499979615212,9.751446723937988,9.605470657348633,10.000000000000000
10.876,males,-13.437930822372437,7.655349016189575,8.107190132141112,7.000000000000000
10.877,affected,-5.138558387756348,4.361053943634033,4.612900257110597,8.000000000000000
10.878,by,-0.018469614908099,3.735955476760864,4.056922435760498,10.000000000000000
10.879,the,-0.723110020160675,4.095800399780273,4.346330165863037,12.000000000000000
10.880,gene,-9.840532302856444,6.636860132217407,7.151986598968506,13.000000000000000
10.881,are,-1.440421462059021,3.972497224807739,3.707179069519043,7.000000000000000
10.882,more,-2.567945003509521,5.059501171112061,5.067403316497803,9.000000000000000
10.883,likely,-0.097948766793706,8.693977832794191,9.500010967254640,10.000000000000000
10.884,to,-0.008648913353682,4.366822719573975,4.156452178955078,13.000000000000000
10.885,have,-2.586204528808594,4.826376438140869,4.827865600585938,15.000000000000000
10.886,tics,-14.743538379669189,6.761631488800049,7.428577899932861,17.000000000000000
10.887,and,-6.006348133087157,4.470102787017822,4.296763896942139,3.000000000000000
10.888,females,-7.129559040069580,7.391510963439941,7.784231901168822,7.000000000000000
10.889,who,-0.032858315855265,2.614991664886475,2.807271957397461,9.000000000000000
10.890,have,-1.961514592170716,3.747271060943604,3.610883474349976,11.000000000000000
10.891,a,-2.859822273254395,5.081863403320312,5.010526180267334,13.000000000000000
10.892,genetic,-5.899095535278320,4.164064884185791,5.158610820770264,14.000000000000000
10.893,predisposition,-10.275824546813963,3.579824686050415,4.019177913665772,15.000000000000000
10.894,are,-0.956067144870758,3.720149040222168,3.649334192276001,7.000000000000000
10.895,more,-1.138714790344239,5.203090667724608,5.211850643157959,9.000000000000000
10.896,likely,-0.093435247894377,8.213120937347412,8.920870780944824,10.000000000000000
10.897,to,-0.005923692137003,4.575244903564453,4.588955402374268,13.000000000000000
10.898,have,-2.813981294631958,4.516661167144775,4.516154766082764,15.000000000000000
10.899,obsessive-compulsive,-11.736100137233734,10.887778997421265,12.695119619369507,17.000000000000000
10.900,symptoms .,-6.031767175189088,9.457563996315002,10.540863990783691,23.000000000000000
10.901,Much,-9.615646362304688,6.319851398468018,6.765278339385986,3.000000000000000
10.902,current,-8.241851806640625,5.172932624816895,4.889300346374512,4.000000000000000
10.903,research,-3.524937152862549,5.162303924560547,5.255275249481201,5.000000000000000
10.904,is,-1.117982387542725,5.118469715118408,4.934880733489990,4.000000000000000
10.905,aimed,-4.911375112831593,8.984092473983766,8.746282815933228,6.000000000000000
10.906,at,-0.010597854852676,4.417219161987305,4.149651050567627,8.000000000000000
10.907,better,-2.307036399841309,3.977382659912109,4.395600795745850,12.000000000000000
10.908,understanding,-2.022956848144531,3.975582838058472,3.687109947204590,12.000000000000000
10.909,the,-0.387150555849075,4.099961280822754,4.584682941436768,16.000000000000000
10.910,genetic,-5.525406837463379,4.179480075836182,4.974536895751953,17.000000000000000
10.911,basis,-6.836896896362305,4.187898635864259,4.755420207977295,18.000000000000000
10.912,and,-4.940652847290039,4.787302970886231,5.193281173706055,19.000000000000000
10.913,symptomology,-25.289060592651371,10.065580844879150,10.569450855255127,20.000000000000000
10.914,of,-0.018178407102823,3.476366043090820,3.820869445800781,17.000000000000000
10.915,"Tourette 's ,",-31.518304685363546,20.997274875640869,23.998647928237915,54.000000000000000
10.916,as,-0.059517074376345,3.655571222305298,4.126776695251465,17.000000000000000
10.917,well,-0.000045060096454,3.520772218704224,3.966620445251465,18.000000000000000
10.918,as,-0.000208594501601,3.712268590927124,4.062386035919189,19.000000000000000
10.919,its,-3.161382675170898,4.884618759155273,5.060024261474608,19.000000000000000
10.920,relationship,-6.431911945343018,2.935908555984497,3.548419713973999,20.000000000000000
10.921,to,-1.425867557525635,4.056028842926025,4.011631488800049,20.000000000000000
10.922,related,-9.623826026916504,7.881413698196411,7.965715169906616,22.000000000000000
10.923,disorders .,-5.110077325323800,13.679719209671021,15.113687038421631,27.000000000000000
10.924,The,-1.657068967819214,5.793336868286133,5.808848381042480,4.000000000000000
10.925,hope,-9.430177688598633,5.182826042175293,5.348677635192871,5.000000000000000
10.926,is,-0.365297019481659,4.382501125335693,4.670165538787842,5.000000000000000
10.927,that,-0.126452505588531,5.255023002624512,4.917763233184815,7.000000000000000
10.928,this,-3.722542762756348,4.820063114166260,5.096400260925293,10.000000000000000
10.929,research,-8.552473068237305,4.090393066406250,4.410386562347412,11.000000000000000
10.930,leads,-8.504676818847656,4.725022792816162,4.622736930847168,11.000000000000000
10.931,to,-0.024666536599398,3.466733455657959,3.433610916137696,13.000000000000000
10.932,better,-4.037703514099121,4.747443199157715,4.714041709899902,17.000000000000000
10.933,diagnostic,-7.967183709144592,7.238695859909058,8.069245815277100,18.000000000000000
10.934,tools,-5.239970207214356,3.090219497680664,3.739269733428955,19.000000000000000
10.935,and,-0.790340423583984,5.205178737640381,4.876126766204834,17.000000000000000
10.936,better,-2.206235408782959,4.873748302459717,5.089149475097656,19.000000000000000
10.937,treatments,-3.401365876197815,7.131498098373412,8.590758800506594,20.000000000000000
10.938,for,-0.663401365280151,3.711117506027222,4.054118156433105,17.000000000000000
10.939,Tourette 's .,-36.541465047863312,25.159026622772217,28.149502754211426,42.000000000000000
