id,word,sum_log_prob,sum_original_metrics_nae,sum_projected_metrics_nae,sum_stack_count
1.1,If,-1.671004295349121,6.356613074729201,6.210714957431320,3.119436650155399
1.2,you,-2.709590911865234,5.300615604250138,5.139568522592032,6.087783354315502
1.3,were,-3.601009130477905,4.768520513116392,4.154573672156358,8.098842903084540
1.4,to,-0.004784326534718,4.976471799161594,4.384897751639985,11.054095294434516
1.5,journey,-13.464029312133787,4.368093726661211,4.960524043204568,13.206356504463244
1.6,to,-9.143484115600586,4.274666734196458,3.750046039023199,14.130638095759027
1.7,the,-8.571264266967772,4.621995221180748,4.463769571925837,15.128195329308205
1.8,North,-5.831646919250487,5.311029697202757,5.674432972412668,17.441244772425758
1.9,of,-9.551966667175293,4.508404558090335,4.490962334570359,19.303375506102249
1.10,"England ,",-24.190003395080566,9.358041123314436,9.592561237762933,42.216620760203313
1.11,you,-13.237068176269533,5.351920114961317,5.233260834697249,16.647453223319893
1.12,would,-10.600336074829102,6.372280372528973,6.805895514635433,6.008065065308227
1.13,come,-5.677051544189452,5.179369307464109,4.952710011628144,8.043534232572782
1.14,to,-3.740844964981079,5.470078871176765,5.698923519208515,10.063788723743842
1.15,a,-4.964516162872314,4.610652398990609,5.366976136334023,12.724949061941452
1.16,valley,-11.368343353271484,4.336871153755556,4.422624715862192,14.606022673863942
1.17,that,-11.227273941040039,4.485233228065884,4.195650424772852,15.089088853742766
1.18,is,-10.345541000366213,3.968759015419702,3.726766243590882,16.079787724765080
1.19,surrounded,-16.824631929397587,10.021269791617481,10.125040421103595,14.582400162669876
1.20,by,-9.311319351196287,5.103435778180045,5.405145104810432,18.509521794746558
1.21,moors,-15.206239700317385,10.838648154467514,11.064814193819556,22.720957407828976
1.22,as,-6.476668834686278,4.904626966809870,4.996385496308249,24.975794320584281
1.23,high,-8.226300239562987,4.587051598730189,5.163319019666877,27.367580229947123
1.24,as,-9.458993911743164,4.542787810014994,4.789625153254232,27.656506979668013
1.25,mountains .,-30.447736263275146,13.063615038320339,13.726733272914302,55.200828236040891
1.26,It,-3.523702144622803,5.975466083379700,6.746003274069055,3.255935461031633
1.27,is,-1.846124768257141,5.356195530113091,5.435642911642519,5.133538266149774
1.28,in,-1.134425759315491,3.782236178899681,3.668853391025138,7.135867915001180
1.29,this,-2.675802230834961,3.929363393193653,4.071071580016370,9.246119594107286
1.30,valley,-7.665875911712646,4.116925539466730,4.355903943101766,10.324159686705164
1.31,where,-17.918044567108158,7.819947102314074,7.992060665047079,11.529756981827544
1.32,you,-16.057655334472653,4.833610416526371,5.745372463789786,10.192451375929622
1.33,would,-10.238965988159180,4.952933868249628,6.235729315250576,13.236588708167961
1.34,find,-6.542919635772705,3.750771590097818,3.835200852713872,15.542258913383336
1.35,the,-8.772833824157715,4.109498393900669,4.248384464858972,17.362322996800348
1.36,city,-9.327588081359863,3.705843652813073,3.836065145132638,19.782201072223888
1.37,of,-9.268939971923828,4.995258028585938,5.070755437325057,20.733567625298370
1.38,"Bradford ,",-25.855910301208493,8.268853334629606,8.955823852549759,45.014120645658139
1.39,where,-11.733512163162231,6.512564232430327,6.821604564265481,24.000557992834910
1.40,once,-10.310865402221680,3.301574283279392,3.152576084819768,25.756163248244953
1.41,a,-8.317293167114258,3.686653920222865,4.388719662168660,28.370963172085514
1.42,thousand,-13.331923484802244,5.448695279518679,6.103763445209162,32.669587217638870
1.43,spinning,-15.820967674255373,4.553913032994103,4.844736064074368,34.232604894571274
1.44,jennies,-23.870354592800140,13.627444023169296,15.543407116449234,35.206668711038283
1.45,that,-12.361875534057615,4.283012998731670,4.391090241145545,35.093106891591106
1.46,hummed,-24.310834884643555,6.022202966900557,6.214817181864940,34.102958031175120
1.47,and,-6.582555294036865,5.691655626383501,5.835370804313729,35.062320105286233
1.48,clattered,-18.283922016620640,14.189403444410130,15.182344579372462,36.064483885797060
1.49,spun,-15.418473720550535,8.328081263518154,8.999988936236356,38.840742780840905
1.50,wool,-12.317929744720461,7.250257950786980,7.622270666899986,35.316134210642048
1.51,into,-11.046270370483398,4.216823794747260,4.704589550569764,36.368218258917530
1.52,money,-12.247491836547852,3.578897176519139,3.482864825566886,36.994158236700933
1.53,for,-9.508095741271973,4.791707862325349,4.931880189586990,38.000158654382055
1.54,the,-7.488226413726808,4.722539023326126,4.756720440368737,39.000369591615865
1.55,long-bearded,-28.669408679008484,19.215535841538447,19.351257094608524,42.995933843042145
1.56,mill,-13.323278427124025,3.891288593168863,4.239456483789244,36.131685313315394
1.57,owners .,-17.858311653137207,10.679025316801983,10.494489820737481,76.651249678221035
1.58,That,-4.288662433624268,5.846706585606485,6.101714405391387,3.184729691369745
1.59,all,-5.345597267150879,5.403307789294121,5.461904483908323,5.797570713967736
1.60,mill,-14.476227760314940,5.072320532584592,5.287373589495791,5.042139101892111
1.61,owners,-1.821212053298950,4.796774409168972,4.495780305397575,10.564735059592092
1.62,were,-2.919292926788330,3.651324934623872,3.497916059652200,8.835256983809971
1.63,generally,-5.091233968591041,10.083618692636373,10.241520826951492,7.451659867205014
1.64,busy,-6.976066112518311,4.842849586110434,5.189161748663194,9.479592251011004
1.65,as,-3.943763256072998,5.991359045154764,5.997314615823194,11.420504621936555
1.66,beavers,-16.197787284851074,10.421250865103943,10.992982124913018,13.362856228646693
1.67,and,-4.618083953857422,6.376017339124560,6.596631425968334,14.222006050486536
1.68,quite,-12.558422088623047,5.735986763991648,6.121016632428153,15.179107531930070
1.69,pleased,-16.435163021087643,10.854478023691035,11.712119136854293,16.141520233652205
1.70,with,-11.298941612243652,5.112031405297508,5.420982030899820,16.001264970071293
1.71,themselves,-10.600635528564453,4.921532921360172,4.940414430972672,18.394509311310760
1.72,for,-3.795888423919678,4.454016111800132,4.394453574810623,18.637315680286864
1.73,being,-11.491817474365234,5.200675929156104,5.354056031274372,21.491883278939266
1.74,so,-11.043184280395508,5.037520463803878,5.085820401468549,16.292507056011239
1.75,successful,-13.427709579467773,4.850235268556242,5.074697733463601,22.993378936811013
1.76,and,-8.767717361450195,4.761159316484128,4.915969133426709,25.913976911471103
1.77,well,-5.609950065612793,3.639547733534648,3.908812164566192,26.549675455120887
1.78,off,-7.178834438323975,4.640370126712456,4.454609710058731,27.337123844664355
1.79,was,-11.128988265991213,4.917397443015618,4.787022867209296,29.594769740777174
1.80,known,-10.815252304077148,8.502943433595844,8.444395519547884,29.778101853845921
1.81,to,-4.157796859741212,5.201849386786616,5.237138226779033,31.950761638746386
1.82,the,-9.656211853027344,4.139406168563300,4.299334068924355,33.000600130911216
1.83,residents,-12.512604236602785,8.141587950062227,8.565551869645468,35.894039924396779
1.84,of,-9.539549827575684,4.476364120947522,4.466518629779368,37.663265439898474
1.85,"Bradford ,",-25.891280174255371,8.496247813561450,8.492746464273747,78.539914540876737
1.86,and,-9.104896545410156,3.905334477608230,4.090265730710888,42.291822804675149
1.87,if,-7.093300342559815,2.913784715289420,2.954815522507548,43.318798565979080
1.88,you,-11.803070068359375,4.220715920833086,4.113009722837258,45.005723738791183
1.89,were,-8.156373977661133,3.683077271090530,3.565690939016150,45.853508138099308
1.90,to,-10.239448547363279,5.106083189956131,5.226534872887298,24.003292656003328
1.91,go,-10.433487892150881,4.237483755500587,4.768311798786206,27.001962515394386
1.92,into,-11.448326110839846,3.988657779170394,4.301453276778227,30.054324086147304
1.93,the,-8.066652297973633,4.601395787302334,4.881998161356216,32.053018361272528
1.94,city,-11.044486045837402,4.473327754369123,4.800802393595069,34.149458487072849
1.95,to,-2.109890937805176,4.498704143894690,4.632243049501968,36.054744413304896
1.96,visit,-12.552961349487305,4.637448898334597,4.955274884573154,38.056899228380580
1.97,the,-13.096703529357910,4.773392117520252,4.819687731666479,39.056781383368225
1.98,stately,-18.666658878326412,8.786376703284798,8.706355188826823,39.053169806277779
1.99,City,-14.532577514648438,5.032200112563858,5.336006957864764,41.062072177048002
1.100,"Hall ,",-17.491021156311035,8.917003048159495,9.493235632357013,87.138500064431184
1.101,you,-9.418283462524414,3.764440945327312,3.805630131773300,45.068768431110783
1.102,would,-11.582037925720215,4.745680154774393,5.118482271019588,47.246874308629252
1.103,see,-11.000448226928713,4.697302155586939,4.733186337454144,48.251688496283599
1.104,there,-13.142057418823242,4.617760536846881,4.649949737809187,45.106113043673496
1.105,the,-2.464744091033936,4.210444230251332,4.258589791052367,29.664297433301936
1.106,Crest,-14.521414697170258,6.130222855932837,6.675171124466145,31.794772211227727
1.107,of,-10.528986930847168,4.424348794050772,4.336108385907178,33.472987671614170
1.108,the,-2.330732583999634,4.594741806429369,4.753187927402843,35.069343346011422
1.109,City,-11.366108894348145,3.943534895081393,3.912942371438462,20.109781931675855
1.110,of,-9.134384155273438,5.257664256820176,5.244357525561311,21.815478342690970
1.111,"Bradford ,",-20.617694854736328,9.013138508550156,8.820982409498743,44.718448484906588
1.112,which,-9.218399047851562,4.138335672784663,4.304109991605665,25.737605062249070
1.113,those,-14.085725188255310,10.177733514243908,9.710075752032287,26.866122754962301
1.114,same,-13.184553146362305,4.506809005005213,4.542206562260692,28.346652707368140
1.115,mill,-13.704295158386230,4.897680852244890,5.351296504961662,29.154637128856674
1.116,owners,-2.923721790313721,3.772034113852493,3.555386078083880,31.533528033668791
1.117,created,-16.841650605201721,8.333082020794501,8.790423512709129,28.983852831219160
1.118,to,-12.732520103454590,5.395927927470769,5.604948472549412,29.604007018348192
1.119,celebrate,-19.523100376129147,7.193051491666952,7.183730721089288,29.544034375142378
1.120,their,-6.460867404937744,4.869485303830784,4.707953852109172,31.299390636013531
1.121,achievements .,-22.539801776409149,15.129238837866389,14.711346618026699,65.632529653876077
1.122,It,-3.523702144622803,5.975466083379700,6.746003274069055,3.255935461031633
1.123,shows,-6.373902320861816,5.841060775343696,5.974897893914035,5.100917951482440
1.124,a,-1.409163594245911,5.323126786606071,5.350741674249678,8.139101338791612
1.125,sinister,-10.917891502380373,5.306191985675992,4.850999914329097,8.990878079890265
1.126,looking,-10.685593605041504,5.171451644056002,5.210904350085783,9.842432829346556
1.127,boar 's,-25.555915486067533,24.991474753254135,24.967546825037250,22.655016724064254
1.128,head,-7.324820041656494,5.448928881126514,5.189659634219964,12.706117852758755
1.129,sitting,-11.973606109619141,4.847239207183650,4.966490369786404,10.084309659638324
1.130,on,-8.290373802185059,4.707907267558949,4.509372899002842,11.068396322028386
1.131,top,-14.502490043640135,5.349180362247268,5.152698194669734,13.790553865321780
1.132,of,-10.956807136535645,5.338334133899764,5.452606700548931,10.011917102455461
1.133,a,-7.717394828796388,4.967788091216208,5.486120186636348,9.038108408408579
1.134,well,-8.615534782409668,5.027855462103723,4.739184063663842,12.001396643327633
1.135,which,-15.106254577636721,4.512515069876891,4.273413091582110,14.598465700290545
1.136,seems,-12.390653610229492,4.799393850139440,4.798266383372032,18.172236491964885
1.137,puzzling,-16.033544540405273,3.749416947487048,3.571438873853256,20.095387494679304
1.138,at,-14.367757797241213,5.653921735731879,6.020334757994907,13.962739006373621
1.139,"first ,",-20.627036094665527,9.245106724556354,9.604355968148953,43.272738722919250
1.140,but,-2.883556842803955,4.624792340276755,4.486539865332900,27.000049932858968
1.141,the,-10.174289703369141,3.955843604216351,3.990440406084693,29.991110832840292
1.142,reason,-8.883192062377930,4.536101648948201,4.389469042871231,28.533987724663447
1.143,for,-15.070240020751953,3.728593816715921,3.802079503082791,30.980503385689254
1.144,this,-11.000208854675293,4.400427124212330,4.300358062838050,31.986094604607874
1.145,symbol,-11.484612464904785,5.038076900085917,5.589419797814538,33.970392582991444
1.146,is,-13.885910987854006,4.151230986301267,4.942550147078057,34.669999824634694
1.147,a,-9.978677749633787,4.422520985730258,5.128667974177653,35.886463933219616
1.148,matter,-10.055066108703613,3.575712648154976,3.858386579935748,38.287223935013252
1.149,of,-7.157147884368896,3.771151083989157,3.614120690669528,37.499681236236015
1.150,legend .,-25.456676721572876,14.353838981228717,14.425553906063056,48.449403201481886
1.151,There,-4.944071292877197,6.153958711681597,7.040097406716630,3.211298521122148
1.152,was,-2.213672161102295,5.980860000358915,5.701011182616135,5.247901538637015
1.153,"once ,",-10.368537902832031,10.087166774308798,10.645865758788768,15.612306707322032
1.154,legend,-9.146835327148438,4.613411056186171,5.583342042202818,11.061457620529517
1.155,has,-14.243089675903320,4.251677515953414,4.994152904812401,12.182185641915016
1.156,"it ,",-20.452461242675781,10.125651619561086,10.556117709180452,28.346954268536159
1.157,a,-9.407291412353516,5.685836299012935,5.483878261921554,14.528644877991766
1.158,fearsome,-15.318838119506836,9.365666076386306,8.955882805783556,13.583697760502460
1.159,"boar ,",-17.098121643066406,16.479636447332709,17.168720389689820,29.825188862542255
1.160,which,-11.295887947082520,4.644618663585863,4.365359270920584,16.397813957216037
1.161,lived,-14.472013950347900,9.586930676809320,9.880339105744998,17.342303670930573
1.162,in,-8.485143661499022,5.377827844802392,5.300569578903354,17.697671294839235
1.163,a,-10.278559684753418,5.159188877416741,5.210227012260072,17.304436043967062
1.164,wood,-14.766687870025635,7.162149721388388,8.056072761704122,20.689433567136199
1.165,located,-17.506571769714355,9.387094653843556,9.412519406679973,22.604983872569857
1.166,just,-8.885937690734863,5.012262785679099,5.227615702996999,25.164091381399459
1.167,outside,-8.389575958251951,5.001630209725544,4.927509970766816,25.747185424102675
1.168,the,-9.545372009277344,5.194868423469122,5.007546395996004,26.999987972728572
1.169,manor,-17.133077621459961,10.985234551103725,11.461650224662435,30.007500814620428
1.170,of,-4.520763874053955,4.527139204675678,4.367692686321623,31.924280909137501
1.171,Bradford .,-21.749129772186279,12.158753806646374,13.308036398389017,70.265057194952277
1.172,A,-3.886285305023194,6.184910758476195,6.239092981792173,3.626192312481451
1.173,source,-4.609120368957520,5.613775845567736,5.812973716476772,4.953035641594791
1.174,of,-1.992495298385620,5.017911424061407,4.311536033221322,6.224563089213929
1.175,great,-6.337033271789551,4.523348748735269,5.436156354795001,8.198923832441091
1.176,trouble,-8.054678916931152,3.998460795499878,4.686765351146793,9.159742804352444
1.177,to,-1.749063849449157,4.495937522365151,3.726693484943613,6.671124621216159
1.178,the,-1.319710969924927,4.934703395706538,4.748500966624285,8.435417507054106
1.179,local,-7.108040809631348,5.679790381399540,5.936353839163179,9.362945394954847
1.180,folk,-9.163497686386107,8.649815882699658,8.943316185435126,10.217513791878259
1.181,the,-1.284618377685547,5.226515697390319,4.574780464614489,7.806800712876190
1.182,boar,-14.267576694488525,14.129257319928362,13.746067654576786,8.531764057063183
1.183,"was ,",-18.571532249450684,10.871920746197489,11.806330725420246,14.082390835991895
1.184,bringing,-15.568931102752686,8.496241270669787,8.325120485452162,8.933876603450230
1.185,terror,-13.112092971801758,4.204500017049912,4.543112301502231,10.645647141287164
1.186,to,-8.688896179199219,5.007081452692030,5.170299928159500,12.207431900152526
1.187,the,-11.115023612976074,4.482060223507138,4.737374676039496,15.195394509664840
1.188,peaceful,-10.849510192871094,4.128637386157873,4.624886071297202,17.348924545364909
1.189,flocks,-12.634287357330322,7.266782949939837,7.260311055312204,18.428769435386421
1.190,and,-4.417156696319580,5.387109768345488,5.333093987926040,19.315288938413765
1.191,ravaging,-16.739434480667114,11.305531517934975,11.493960339899999,20.432884809080697
1.192,the,-10.326703071594238,5.016752719839363,5.494390024880507,20.849355620935906
1.193,countryside,-9.239522218704225,9.593628397905693,9.273641496029320,22.085034299023608
1.194,around .,-33.426927566528320,14.983008694705447,15.296045982800820,48.023370091331998
1.195,Even,-0.535973846912384,5.942466151778501,6.522768553001812,3.546737224286004
1.196,"worse ,",-5.095728456974030,11.499935150512506,10.686335710001009,8.115230032124234
1.197,"however ,",-1.267150207726445,16.670200840444885,16.357992053529578,13.002402456544464
1.198,the,-1.619464278221130,5.947129840005553,5.541033264050750,9.401038486979076
1.199,boar,-16.733868122100830,12.964614562902105,13.129535654112168,10.427373491796526
1.200,most,-12.062643051147461,6.125800715985411,6.301667602090182,11.370431730192420
1.201,liked,-16.092386245727539,8.145341461029457,8.422478399613777,11.953530112703975
1.202,to,-8.675563812255861,4.762938049054156,4.861437783644870,13.000719789635374
1.203,go,-6.568840026855469,4.582715770597746,4.802858655038492,15.999859959475259
1.204,to,-2.590420484542847,4.619737015170593,4.857454845581440,18.000000651584358
1.205,the,-9.281545639038086,4.291223794988603,4.845606621756503,20.000000937915239
1.206,well,-9.112078666687012,4.185161942300551,3.986657273022785,22.000000232380842
1.207,that,-8.162075042724611,3.803263868266398,3.812880482162050,23.000000157062374
1.208,was,-14.572816848754885,5.797667130867772,5.576522138513616,18.613064135412248
1.209,in,-8.420103073120117,4.495103910728816,4.574528027004292,26.255522671284481
1.210,the,-8.248729705810549,4.729168223043682,4.889120960002804,29.438759559145637
1.211,wood,-8.859991073608398,6.635730606735130,6.658581846759264,33.120557874781696
1.212,and,-4.520160675048828,4.732515679220752,4.979391450664371,34.055152567419057
1.213,drink,-16.288120269775391,6.302235807050092,6.838192089168838,35.040468141241234
1.214,its,-11.519448280334473,4.631730594142846,4.584877817914749,36.043907091058472
1.215,fresh,-10.563849449157717,4.959683916233889,5.463297180944974,35.415633091265647
1.216,"water ,",-12.441724300384521,12.570112482378198,12.620129649145888,74.465334807499815
1.217,so,-9.190241813659668,4.745725466092000,4.759912783591409,31.167854207221691
1.218,that,-0.747014284133911,4.796609332499359,4.709613288966279,21.472092254254765
1.219,the,-14.372796058654785,4.580630460720951,4.564187717177389,24.179754127682266
1.220,people,-5.954196929931642,4.176760483658982,4.556758665462845,25.871217129387468
1.221,of,-13.863051414489744,5.020969329961019,5.209257129162706,26.952889253284159
1.222,Bradford,-17.919380187988281,4.517655510472016,4.574145608369898,29.307127239711072
1.223,had,-11.763665199279785,4.012502630740083,4.298753719278087,27.022039912903089
1.224,second,-12.078661918640135,4.524703069467178,4.285872759089093,28.063953190198678
1.225,thoughts,-17.022820472717285,7.414320799469412,7.053524436638073,28.608525819308014
1.226,about,-6.452621936798097,4.596182077490059,4.609732811450943,25.284406625244198
1.227,visiting,-16.070873260498047,4.801538795097280,4.722738939537686,27.535302156361041
1.228,the,-9.911691665649414,4.519949089680128,4.712233202804836,28.567609888304077
1.229,well .,-17.514139652252197,12.161941234693451,11.564178540031650,62.000874082875818
1.230,That,-4.288662433624268,5.846706585606485,6.101714405391387,3.184729691369745
1.231,the,-1.609976053237915,5.156457852263082,5.287943975289640,6.134905439507379
1.232,people,-7.050261020660400,4.746835220405782,4.926165536546616,7.418172653985293
1.233,of,-0.401880115270615,3.425779440407207,3.133150137153200,8.760582410344597
1.234,Bradford,-12.479940414428713,4.505305210668721,5.560345408942593,10.805266636345113
1.235,bore,-15.587897300720215,4.294419116832271,4.469396333857858,11.758665965710563
1.236,the,-10.723236083984377,4.680868954708125,5.366496467619060,12.415682651956422
1.237,brunt,-10.799512038473038,9.743326953558784,9.939933736789447,12.863871015175722
1.238,of,-10.532545089721680,5.357501310625982,5.399838211758932,10.966057041015899
1.239,the,-6.522600173950195,3.463930159277539,3.136860072459703,12.098507176979375
1.240,beast 's,-25.943676352500916,17.058707100180030,16.537232491437329,27.238743201855016
1.241,ferocity,-14.551098665862810,8.586956760145100,10.099044370344867,16.240386091228107
1.242,was,-13.176772117614744,3.689785160497797,4.493000610882543,17.217151717899338
1.243,unfair,-11.457531929016113,5.250674584074488,5.340975512128051,18.252855471791673
1.244,in,-10.969330787658693,4.465128554732154,4.873181901545197,14.116433250085453
1.245,the,-8.998695373535156,4.536794346827770,4.526393471265610,18.487785492451348
1.246,eyes,-17.012451171875000,4.235111336057169,3.998069971923260,21.998902603012844
1.247,of,-9.899268150329590,4.917981532023927,4.855192600471953,22.998712726367049
1.248,the,-7.763738155364990,4.271351699231515,4.403918798112820,23.999798636820234
1.249,people,-11.610735893249512,5.656755815039491,5.384684617615156,7.032642730950498
1.250,of,-8.669650077819824,5.206701921197068,4.490825962727024,6.002361901064305
1.251,the,-9.793849945068359,4.565593928658993,4.384186479801284,8.049495520847900
1.252,region .,-23.151519775390625,12.587180096675961,12.285912134776659,23.403496910513837
1.253,"Eventually ,",-5.903258681297302,19.063569948632157,19.157751637858837,7.484117125293277
1.254,the,-1.268863916397095,5.780278184671358,5.289895199215302,6.471512758366603
1.255,issue,-6.133608818054199,5.490541718779094,5.817453935940032,7.351150061050313
1.256,reached,-6.601982019958086,9.041382635342124,9.028554258906457,8.199363762494631
1.257,the,-1.227420330047607,4.925474982336910,4.832942654338258,10.639148224410491
1.258,ears,-9.449740171432497,8.931152427572727,8.797752842836582,11.794791142656560
1.259,of,-0.002234939718619,4.675009079753663,4.203373705258291,13.089812128157165
1.260,the,-1.689520478248596,5.327837996324783,5.175811014057938,15.889257761711178
1.261,kindly,-14.209462165832520,9.057566751306247,9.817820640891661,16.672618222368833
1.262,Lord,-9.790569305419922,4.223155929874787,4.520656634968853,17.247210479147054
1.263,of,-10.984371185302734,5.220829523069937,5.544962610392222,18.299062666431180
1.264,the,-12.749692916870115,4.814200400913994,4.938401297541502,19.990641838888713
1.265,Manor,-11.455411911010742,4.164573929814993,4.605298207444616,22.184541772167464
1.266,who,-12.720270156860352,4.587704926797471,5.016483656126200,23.145133992052713
1.267,the,-12.454902648925779,3.480932114257328,3.298638128493560,24.177935142701525
1.268,people,-15.708303451538086,4.736205342676620,4.985874568507323,19.584852456158444
1.269,had,-12.154704093933105,3.845113753274034,4.031298462139207,23.952573329165428
1.270,often,-11.094367980957033,3.984594996586358,3.834902375008920,23.656782333037363
1.271,asked,-6.515775606036186,5.698987583121744,5.443167779599278,24.695016394376545
1.272,for,-7.364068031311035,4.810990365347418,5.293545608040034,26.470580010971680
1.273,help .,-26.381511211395267,12.361341512690718,12.405309736058395,60.058118138440975
1.274,The,-1.652928352355957,6.216193485653642,6.231108800665612,3.459354033097218
1.275,Lord,-11.511948585510256,5.436869595098472,5.351657268658363,4.658318303846420
1.276,saw,-8.001330375671388,6.026886351406533,6.332036888394650,5.389409597464395
1.277,the,-1.843164563179016,4.959960307935446,4.922502482759437,7.888687377425898
1.278,severity,-9.618828773498537,4.978537067491591,5.244359842922719,9.209966632348989
1.279,of,-14.064434051513672,5.041723311383888,5.166006856685477,10.026861553296085
1.280,the,-15.384980201721193,5.386069694827590,4.679253103783756,9.267579776070717
1.281,problem,-10.650848388671877,3.423227794513070,3.746635438089089,12.377925876269824
1.282,the,-6.774554252624513,5.207870145213537,5.116195731204336,13.320693243519855
1.283,people,-5.633815765380858,4.327467567135540,4.261889298313873,16.865101002267178
1.284,faced,-19.457653045654297,4.751523902240387,4.950975610114750,14.414497927320975
1.285,and,-10.822038650512695,5.072854312154621,4.909920586048212,19.005067111184982
1.286,suggested,-16.031206369400024,5.439302513294630,5.310177007761443,19.989285787313253
1.287,a,-6.551306724548340,5.089781143581456,5.006916554924810,20.999930918236238
1.288,contest,-11.978466033935547,4.572110430826164,5.309952626792930,24.000063813117485
1.289,could,-13.786037445068359,4.373663243581866,4.625513027758191,25.993243519743828
1.290,solve,-7.593044281005858,3.970829777915176,4.377486918833021,10.113833485468547
1.291,the,-8.951717376708984,4.893418438248077,4.977312539675313,11.000009151786273
1.292,problem .,-16.144406080245972,11.048697991588751,10.618607394921270,27.521509415581811
1.293,He,-3.091049671173096,6.821128250995057,7.122151286628733,3.089313103261496
1.294,said,-1.484106540679932,6.262433343568487,6.506376604209028,5.050010320904398
1.295,that,-2.387220144271851,5.180135261016377,5.483282512801851,7.250091061333151
1.296,whoever,-15.485766872763634,9.483668341044428,9.600424209194728,10.997173220452012
1.297,could,-16.692907333374027,4.677064029959129,4.267413066157257,11.899508460846892
1.298,kill,-12.037213325500488,3.342723316074484,3.325263990791590,13.996087877009089
1.299,the,-7.169696807861327,4.401489736253484,4.490933614562733,15.000699776919218
1.300,boar,-16.416489839553833,10.685206746522617,11.352823097838964,18.121549266316677
1.301,and,-5.806714534759521,5.379459401445278,5.172561111682706,19.129046170357785
1.302,bring,-11.039938926696776,4.115565131882654,4.624422060973680,20.125096463981357
1.303,as,-9.550676345825195,4.412587871286417,4.793343602601852,21.060204577715194
1.304,proof,-13.541684627532961,7.522541553181977,8.056086295340140,12.903974462517381
1.305,its,-6.494384765625000,3.920370190560035,4.018521974159471,22.179219840307368
1.306,head,-10.236995697021484,4.761620468163573,4.781640034221711,23.000000092391318
1.307,to,-5.852176666259767,4.766370576378510,4.847448798060954,23.553949994993967
1.308,the,-11.473227500915527,4.074448583758296,3.855035002924380,24.095753276277229
1.309,Manor,-22.369380950927734,4.322454462974935,4.226537441060937,26.000188756239233
1.310,House,-11.482279777526855,5.341658236353352,5.148333051306559,28.000002213871550
1.311,would,-12.737159729003904,5.012064554199540,5.680764583902466,30.206219342617100
1.312,be,-10.368273735046387,4.400699043720127,4.703960912017848,31.544307740993986
1.313,rewarded,-19.251004219055176,7.951954494908013,7.983344612164732,32.614394454785810
1.314,with,-12.282463073730467,4.268983248918491,4.491416992033010,11.557100145491896
1.315,land,-8.423378944396973,7.372816546457940,7.537812842246879,13.405859666925929
1.316,and,-8.542105674743652,5.094652307478636,5.472797162354765,15.004400846324325
1.317,fame .,-27.110550403594971,12.820671109413594,12.308176455122366,34.067087956271337
1.318,It,-3.523702144622803,5.975466083379700,6.746003274069055,3.255935461031633
1.319,was,-2.202806472778320,5.612470929407762,6.038403578106284,5.170998584181224
1.320,the,-0.658436298370361,4.654374689687168,5.139628252350222,8.036003707131753
1.321,people,-10.115198135375977,4.500245400904434,4.209148963565466,9.168434858658598
1.322,of,-0.385302633047104,3.614391836244892,3.207959023044915,10.514954579077770
1.323,Bradford,-11.722469329833984,4.418139518544538,5.392015631875450,12.559492478847682
1.324,and,-4.510840415954590,5.075373609117263,5.575831564593440,13.209646672549093
1.325,the,-10.662562370300293,4.766517279720790,5.035317310793338,14.161940268278940
1.326,people,-6.631978034973145,4.206131162283083,4.028570117459076,16.677827872597643
1.327,who,-16.383483886718750,5.282697131600259,4.995696017095732,16.097978444208010
1.328,knew,-14.809705734252930,5.738287402450442,6.201181980717500,15.543516625842214
1.329,them,-13.263305664062500,4.332395305041146,5.288431001603314,13.655807461256902
1.330,who,-11.767682075500488,4.358554654249648,4.055255560247097,16.203269075188764
1.331,rejoiced,-22.852251529693604,9.434505163051707,10.037047543176689,12.051313122209685
1.332,at,-10.003804206848145,5.004662046882995,5.347534143502399,13.412134314472326
1.333,this,-13.025697708129885,4.365084504422587,4.111115423286794,14.425070693905720
1.334,proclamation,-12.886144638061525,4.080538481489294,3.822526309916459,15.524258599876768
1.335,but,-10.600358963012695,5.133470557042709,5.168890789028028,17.063505397048012
1.336,one,-3.758401870727539,4.206977724714223,4.260932501713577,19.555929558549604
1.337,question,-7.490030288696289,4.639929806434192,5.419991933984464,20.481360580474984
1.338,remained :,-26.394527435302734,9.175355081467176,9.033509382750092,43.569999881508174
1.339,who,-14.899204254150391,3.788866429566864,3.462479071918059,23.350506271925386
1.340,would,-11.032040596008301,4.836484838061109,4.661542246767537,23.996548920650433
1.341,kill,-12.745167732238770,3.922143160389319,3.748091268741106,24.999992079153024
1.342,the,-10.797977447509766,4.836560790973823,4.645174959143278,18.988893002452713
1.343,boar ?,-36.479998111724854,18.650196135495761,20.217303900383648,43.056764628418605
1.344,By,-3.594417810440063,5.932683325115732,5.122307136910932,3.100630863735790
1.345,the,-0.278761893510818,4.608085599986106,4.621106858310551,5.832273644017012
1.346,handsome,-15.263820648193359,4.659177433786589,4.320460884133011,6.810127002060358
1.347,reward,-8.371939659118652,5.290756046804164,5.003588582108606,7.893046329631399
1.348,many,-5.190063953399658,5.770247071219764,5.561217663009182,9.385348450364990
1.349,felt,-4.154426574707031,4.923842259779117,4.408697645459968,12.004508501120320
1.350,"tempted ,",-14.153815031051636,13.899158996706404,13.349754179333331,27.783705107724458
1.351,but,-9.570802688598633,5.456715605596894,5.322229658009602,14.963195793962546
1.352,the,-9.941550254821776,4.810247492592469,4.976306892969546,16.919625358658369
1.353,thought,-12.152272224426270,6.069651065318160,6.711298174800924,7.744255973597133
1.354,of,-12.129147529602051,5.195224991617827,5.099201477904961,9.008564502519377
1.355,the,-12.086220741271973,5.096275067146697,5.276756227486130,10.138485209489428
1.356,boar,-13.066349983215332,10.902937020228189,11.297216814107951,12.139579661513176
1.357,with,-10.059093475341797,4.690780585750258,5.297588249882357,13.124686814604544
1.358,its,-8.649715423583983,4.496490698112066,4.181677193999295,14.117760642910069
1.359,deadly,-21.653337478637692,10.048150523616350,9.806921874706337,12.218247528277633
1.360,tusks,-12.608709692955015,19.536164136441624,19.855096486854428,15.911820581887788
1.361,and,-3.791467189788817,5.949386520518097,6.115617468339055,18.997161131910481
1.362,face,-7.280762672424316,4.316606708403123,4.306769912247482,20.001647807904650
1.363,like,-16.766645431518555,4.999098532294974,5.390259282755713,21.075132837650951
1.364,thunder,-14.916256904602051,4.718049347986748,5.211572019686360,22.026717852419111
1.365,soon,-15.554937362670898,4.561492690788059,4.597301910609470,22.987373971769792
1.366,put,-10.600140571594238,5.348372979225787,5.522037081258190,24.000010718658643
1.367,an,-11.981857299804688,4.118703358908012,5.216180764094640,15.859527661962071
1.368,end,-8.639893531799316,4.413308106234613,4.538722501553726,26.065545213945562
1.369,to,-6.628949165344237,4.861765022256922,4.972685755121503,27.017403439814206
1.370,their,-12.781458854675293,5.271502196175451,5.097284819068637,14.878935060117250
1.371,ambitions .,-24.291171934455633,17.224080818672956,17.755962325273821,24.214028902221401
1.372,"However ,",-2.401920590532427,17.711650165061833,16.213913459901974,7.179569697075139
1.373,there,-4.187366008758545,5.697842959115221,6.337726353862720,6.160537408523219
1.374,was,-2.288824081420898,6.021353793752192,5.452774895620353,8.212286559090144
1.375,one,-4.254920005798340,5.376806616142341,5.332934133068830,10.896421728549678
1.376,"huntsman ,",-33.088715791702263,18.283946255619647,18.887993333829581,25.271862954991370
1.377,who,-9.279073715209961,4.285086475641978,4.362146002020799,14.073968506758947
1.378,was,-11.098177909851074,4.239371439849339,4.461572652336473,14.892815083041015
1.379,still,-17.298007965087891,5.398100808790836,5.857019590288110,14.040305495787045
1.380,wet,-14.840594291687012,3.652067813967960,4.355607490972593,18.376246459521038
1.381,behind,-6.373101234436035,5.071179779547898,5.086731640140010,20.431257810321469
1.382,the,-5.445889949798584,5.006317386322013,4.874028720076006,21.100913788754848
1.383,"ears ,",-31.804702758789062,13.602236280694765,14.623164924958171,48.870167984007438
1.384,who,-9.806200027465820,3.423503128536149,3.946820562328373,27.085190837839829
1.385,decided,-16.646854400634766,3.671295253180312,3.391478104678438,28.779233642304774
1.386,the,-11.014798164367676,4.851642592742043,4.918162944146712,30.678574827380718
1.387,prize,-12.018389701843262,2.695574780171047,3.103808843818023,30.396055575643320
1.388,was,-13.178316116333008,4.013011329398412,4.969332963539541,23.435058535558486
1.389,worth,-18.095594406127930,7.202914795303053,7.367760398010717,24.303706939583350
1.390,a,-8.938884735107422,3.374768106787577,3.839745661204281,27.069655273218512
1.391,"shot ,",-22.323136329650879,8.896583851505447,8.946223392014517,59.070818451329615
1.392,in,-7.312454700469972,3.934111909919379,4.508868832448902,32.049508999305054
1.393,spite,-20.087502717971802,7.535782583560678,7.456538885150890,30.357618001162390
1.394,of,-4.497284889221191,4.461265203614563,4.437396349717251,32.045981136716065
1.395,the,-1.241186618804932,5.104456680812635,5.217564031151821,35.007507781762058
1.396,boar 's,-27.376849293708801,20.808501629109475,21.862411602844411,76.036788019591341
1.397,reputation .,-31.357164382934570,10.706013117740795,10.595488985967144,81.003807639148960
1.398,The,-1.652928352355957,6.216193485653642,6.231108800665612,3.459354033097218
1.399,huntsman,-24.392467975616452,16.605091062953083,16.667584013159995,4.436283738129275
1.400,discovered,-19.863248348236088,10.506163003288501,10.180384010727083,5.954285368234738
1.401,the,-6.056331634521483,5.585503469308144,6.180395420524325,6.303320018265906
1.402,boar,-18.410962820053101,12.556715031610524,12.867896088874138,7.999978577127501
1.403,preferred,-13.033041954040527,5.423985817432685,5.666198242074041,7.582034293152264
1.404,to,-6.757804870605469,4.500462071538744,4.904058377356317,8.523146960173667
1.405,come,-8.948053359985352,4.898199006261215,4.863761269681196,9.438857359969818
1.406,out,-8.756023406982424,5.155192509702970,4.939319455683213,10.993826406175076
1.407,in,-8.644869804382324,4.868538714600038,4.650567688252313,12.233949956953106
1.408,the,-7.179487228393555,4.016403044810962,4.252043070855007,14.000006963485362
1.409,middle,-12.313065528869627,4.540664202588304,5.012185917941999,16.998800169842802
1.410,of,-0.304999530315399,4.896113415749092,4.639303814900869,18.003826027630232
1.411,the,-1.547957658767700,4.581069666519261,4.848284436200164,22.198664453757125
1.412,day .,-20.220365643501282,16.405144892303717,16.341518097131733,47.065739463609944
1.413,So,-6.500539779663086,6.761755190327981,6.650670454335916,2.513984844673757
1.414,he,-2.590492725372314,6.770607728181372,6.556481582196906,4.157179477449477
1.415,went,-4.947516798973084,8.763378935138832,9.554528232414473,6.435536484962165
1.416,to,-0.441538840532303,4.853704973185226,4.687686266480805,8.494798370514399
1.417,the,-1.765634536743164,4.546380671946653,4.458919545056738,10.759749085055290
1.418,wood,-10.091360092163086,7.992020442699268,8.825941355263899,11.862766037030401
1.419,by,-4.392684936523438,4.162979615149770,3.934406372487270,10.313275162353207
1.420,the,-0.965490460395813,4.551898322549953,4.795988776561206,12.742686618846754
1.421,well,-9.330643653869627,4.778214864644248,4.687565579126693,14.125077929889645
1.422,with,-1.628130435943604,3.608913546483209,3.918498978786654,11.404238516689167
1.423,his,-2.100046157836914,5.318381751281969,5.800358953440251,13.850601196011588
1.424,good,-6.801098346710205,5.053081322501973,5.593280270949267,14.720953902484142
1.425,"bow ,",-9.902205467224123,12.713085072955979,13.071517919904661,28.248214536577475
1.426,to,-2.928627729415894,5.194362630999457,5.452340222761023,15.494970978380596
1.427,bide,-16.550508499145508,7.929049582921106,9.061285362006297,17.624583844967699
1.428,his,-11.689322471618652,4.271454484680653,4.531018136435726,18.506639629918350
1.429,time .,-20.681571006774902,12.238545826813104,12.033032372909133,42.167026106560343
1.430,Around,-15.116752147674561,10.483325669206417,10.342144453028665,3.082646557083738
1.431,"noontime ,",-32.013926506042480,16.349509701287008,15.234433442266205,9.674800911161755
1.432,the,-5.462705135345459,5.567843900967080,5.265088866113611,6.224722753500401
1.433,"boar ,",-16.626907944679264,22.150151460018058,21.958455415664577,12.383202547439318
1.434,feared,-14.119880199432373,11.668817918934970,11.356420412841947,6.498648936429147
1.435,by,-10.204375267028807,4.332534872005200,4.699760781203450,7.469920703424561
1.436,the,-8.167050361633299,6.411007285021546,5.998649968400503,8.524777118073354
1.437,"locals ,",-28.003604888916016,16.010816122507819,15.753974775439422,19.317161293456628
1.438,came,-14.910748481750488,7.124032739436680,6.997906968444178,11.013691394571170
1.439,"out ,",-14.638942718505859,8.252923928241600,8.252484370483286,29.190789478277058
1.440,as,-14.526638031005859,4.909268077137106,4.915576365170167,15.995586981627600
1.441,slow,-8.495170593261719,5.402078811739369,5.885107161373143,8.941461555705219
1.442,as,-14.424531936645508,5.482626142106197,5.559403798638959,13.025128496592554
1.443,a,-10.448838233947754,5.444968405001283,5.410579902154932,12.592749591825529
1.444,"snail ,",-33.753931045532227,11.873774370492178,12.569873036675023,27.028305485950856
1.445,from,-2.439652442932129,4.840448758173491,4.627263237596207,16.302526796858693
1.446,among,-13.776945114135742,3.706777836256752,4.693203002950207,18.126636563274751
1.447,the,-8.875176429748535,4.606219572435142,4.297019345318716,19.656965732509619
1.448,"trees ,",-6.069243744015695,18.111919078658122,17.886600521440986,36.250893445246327
1.449,just,-6.885154724121094,5.799478776908053,6.260663490719308,16.016856101162098
1.450,as,-4.530682086944580,5.539121303655428,5.541458609406216,17.002889645170903
1.451,the,-1.518830180168152,5.027717045126990,5.361996127794898,19.768799891119297
1.452,huntsman,-20.043781995773315,12.672435885811641,13.197922844844033,21.795200680785193
1.453,had,-16.279474258422848,4.413748575844720,5.016005434725414,22.589321112368673
1.454,predicted .,-30.042222023010254,17.441769058037693,17.737447518381323,40.082405812488510
1.455,The,-1.652928352355957,6.216193485653642,6.231108800665612,3.459354033097218
1.456,huntsman,-24.392467975616452,16.605091062953083,16.667584013159995,4.436283738129275
1.457,leaped,-24.458712577819824,11.424447558614506,11.540684009815061,5.463927384389693
1.458,from,-9.582483291625977,5.722213466125782,5.992259279507024,6.328644385866613
1.459,his,-10.628313064575195,5.656712575218792,5.953304232296251,7.423203465651611
1.460,hiding,-18.070339202880859,10.040291707737216,9.699110761218472,8.410523179444532
1.461,place,-14.501172065734865,5.929049719832562,5.767427132084562,7.281008915883628
1.462,and,-12.189956665039062,5.336248132546348,6.088544015424055,9.001518793867962
1.463,through,-10.101428031921387,4.006551782246517,3.882067655108716,11.000286877885186
1.464,the,-6.051878929138184,5.286414259638372,5.110091124569835,13.454878029303796
1.465,heart,-12.929102897644045,4.284437783169669,4.029397213508027,13.000006195908272
1.466,with,-2.896429538726806,4.219728022548027,4.427977365895909,10.030680535607324
1.467,his,-4.274217605590819,4.782729708916622,5.498898590526276,12.700759817009995
1.468,fine,-7.448495388031006,4.936326398705038,5.530659791957548,13.687578760163252
1.469,arrows,-19.592067956924442,14.013482497268960,13.955548883615313,12.000002567549529
1.470,shot,-12.202580451965332,5.283817245331925,5.925604660418870,17.869429970527552
1.471,the,-11.498500823974609,4.704749407102966,5.278867146991862,16.364246607559767
1.472,boar .,-25.457251071929932,18.825404450275514,19.578880255199536,36.291717200631069
1.473,Now,-2.712569952011108,6.299858492213462,5.961615926457262,3.099963974139417
1.474,the,-1.805271625518799,5.639337024024127,4.632493076727416,5.357180862444130
1.475,problem,-5.768207550048827,5.926988515746549,6.205936113552557,6.286181506738992
1.476,was,-5.311361312866211,4.561824862966913,4.518485180162985,7.108890678372622
1.477,no,-4.327595710754395,5.481775289550372,5.929930212131794,9.272374609771909
1.478,longer,-0.090012945234776,4.962467956383212,4.394445719677663,10.147960686641664
1.479,to,-0.987706542015076,4.952613005390918,4.577432437773274,12.061726937305126
1.480,kill,-7.579111099243164,4.722075878670687,5.075190891419902,14.170588001896080
1.481,the,-1.584230422973633,4.507253011279752,4.572296142069433,16.427029309492031
1.482,boar .,-25.173147439956665,19.257853075221860,20.060250815339263,35.866578078626667
1.483,It,-3.523702144622803,5.975466083379700,6.746003274069055,3.255935461031633
1.484,was,-2.202806472778320,5.612470929407762,6.038403578106284,5.170998584181224
1.485,to,-0.015777399763465,5.526365185959941,4.926698080718136,7.887868859135362
1.486,find,-7.084388256072997,4.804846057876436,4.798298235107374,10.182739623184821
1.487,a,-1.015305519104004,3.914008078885819,4.219775042685789,13.060376982190769
1.488,way,-0.996882498264313,4.728185488846289,4.661049895943807,14.159118905387562
1.489,to,-0.018192337825894,5.486510058704559,5.325553812571362,17.197596114286675
1.490,carry,-6.294418334960938,3.613754432746097,4.207224879460846,19.256391077792799
1.491,the,-1.423040628433228,3.537317321914252,3.829526041578547,21.481882484083052
1.492,boar,-13.745041131973267,9.958095479181036,10.823543413924424,22.394598978872558
1.493,back .,-25.627497911453247,12.937714601173290,13.419306011610862,47.337848203226670
1.494,The,-1.652928352355957,6.216193485653642,6.231108800665612,3.459354033097218
1.495,head,-7.008986473083496,5.626805815341454,5.768841549835727,5.133590283892123
1.496,was,-2.494977474212646,6.138481771971401,5.631725215463105,5.275169258756954
1.497,too,-4.350892066955566,6.167094519686392,6.222621836209791,7.585317527228273
1.498,heavy,-5.435199737548828,4.200246101751432,4.773596489300017,8.685250766334867
1.499,for,-3.008848905563354,5.054026497265447,5.392677895215441,10.267616460897836
1.500,the,-1.513742327690124,4.743013334978921,4.933801889939302,12.759190540688758
1.501,little,-5.988657951354980,5.317593674763088,5.520618416737364,13.631758521868115
1.502,huntsman,-21.891840219497681,12.209107194746672,12.715752028671494,14.729944538437936
1.503,to,-10.561550140380859,4.487705149616537,5.333279169094361,15.761928583925883
1.504,carry,-8.865091323852539,3.984218956404054,4.544235222842326,16.741717554127010
1.505,back,-14.251091003417967,4.447888752180078,4.837155807773416,14.980988852787515
1.506,to,-0.127438113093376,4.536908848392152,4.317417850743992,17.161821071202446
1.507,the,-12.028417587280273,4.607115349684512,5.017228270039238,19.144753358257326
1.508,Manor,-22.039302825927734,4.438495378807509,5.146047198827302,21.216458342414018
1.509,"House ,",-19.575544357299805,9.548379568313095,9.900712184280874,47.359780267060401
1.510,but,-6.539135456085205,5.034980682221504,4.816272492995033,25.167960246346450
1.511,the,-9.342493057250977,3.573733434634156,3.285326800615715,26.251530980932714
1.512,"huntsman ,",-36.476263523101807,16.252807980305342,15.578538443586680,30.307746631496805
1.513,who,-10.185789108276367,4.668647918349987,5.173926848885503,8.044063921259768
1.514,was,-12.103980064392090,4.206003089914314,4.374690583790617,9.094269056195420
1.515,as,-12.502680778503418,4.653724554828044,5.248346093975583,10.156961508542745
1.516,quick-witted,-18.909953802824020,18.511942894492389,19.132301848995287,11.490123374297653
1.517,and,-2.583188533782959,5.450906899108040,5.397518670470340,12.425073912880466
1.518,cunning,-20.905642032623287,14.002059232703214,14.188317463846776,12.078777172336721
1.519,as,-9.941844940185547,3.824473189712369,4.612620284049274,16.101268478769267
1.520,"ever ,",-14.737159967422485,14.428051000996311,14.844201948477270,38.714162608111209
1.521,asked,-11.534708976745605,6.098587993370320,6.133331623801697,21.000005523820416
1.522,"himself ,",-18.676205039024353,14.975400874020945,15.126805517910929,45.001255708242354
1.523,`` What,-12.328883142778068,18.900108440939359,19.250843120084685,48.695349282408245
1.524,else,-3.363865613937378,4.638096088767454,4.504202992863652,25.972154147860756
1.525,can,-9.235154151916504,5.185598823882342,5.070995250026158,26.989871965287080
1.526,I,-8.339271545410156,4.652044420489426,5.306746296232419,23.829295127792829
1.527,do,-9.734728813171387,4.763032355861443,4.923631537192007,22.000782849111413
1.528,to,-14.978853225708008,4.720290419679348,4.921009201087543,13.125530884035046
1.529,prove,-9.309870719909668,3.819507865474899,4.071512572523424,10.010699185191420
1.530,I,-8.953845977783203,5.271549428663152,5.455900479349856,12.107290335153079
1.531,killed,-13.306058883666992,4.187975017155180,4.132332128534877,13.248694849142778
1.532,the,-9.544303894042967,5.484304763098703,5.553276674666197,14.348031381157961
1.533,boar ? '',-39.650820434093475,33.366540558314334,34.292070324093714,53.980022550054940
1.534,The,-1.652928352355957,6.216193485653642,6.231108800665612,3.459354033097218
1.535,next,-6.235956192016602,6.195685878542977,6.339582135215181,4.357603433765688
1.536,instance,-10.668506622314453,5.145694923366053,4.830682232955262,5.394912307821492
1.537,he,-2.530694007873535,5.520754723800771,5.125629272254920,7.543692988434553
1.538,opened,-6.621727720019408,6.988925093145143,7.118842611555432,9.776139885616761
1.539,the,-1.867501139640808,4.435188739078781,4.271665567190585,11.322195152004127
1.540,boar 's,-21.987898608669639,22.770219323561172,22.421914540205798,24.242211644717990
1.541,mouth,-14.166296005249025,9.785814408954543,10.080251886061609,13.154684867789685
1.542,and,-5.323915958404541,5.946845230992162,6.038461527496186,13.840893371159840
1.543,cut,-12.140110015869141,4.744761500100092,5.239691302269528,14.999995984789679
1.544,out,-8.264848709106445,5.545364382313025,5.505643366425854,12.110027441517046
1.545,its,-10.324556350708008,5.501881853564424,5.228979196523932,10.535604352704011
1.546,"tongue ,",-26.936869621276852,14.963257999136857,15.117726174446460,28.118363340371761
1.547,taking,-12.884029150009155,6.647902326197803,6.807513495554332,17.133113220058206
1.548,that,-10.115784645080566,4.409382741775675,4.199871021978561,18.269045428648102
1.549,as,-9.475002288818359,4.843776263482776,4.962080897873007,19.361009195143627
1.550,proof,-15.781303644180298,7.848937979442706,7.729900221280230,19.957514415889076
1.551,for,-7.893372058868407,5.443583081775828,5.831653005728038,17.349798464866506
1.552,the,-2.040321588516236,4.884226058040325,5.135524949355148,21.521204895949317
1.553,Lord .,-21.445407390594482,12.199763948501293,12.451720698314940,47.473753768384924
1.554,He,-3.091049671173096,6.821128250995057,7.122151286628733,3.089313103261496
1.555,set,-7.557441234588622,5.855508068860978,6.692280840809863,5.304576060119054
1.556,out,-0.886302411556244,5.141040587811552,4.897584176148199,7.189730605972144
1.557,for,-2.015575885772705,3.948055815202869,3.729305222895190,9.240626120239508
1.558,the,-1.497585773468018,3.988504992877755,4.049131509736350,11.574965519482227
1.559,Manor,-13.475168228149414,4.276820022996067,5.524671744209494,12.610211479419293
1.560,House,-7.849990367889403,4.415902371555129,4.380741107256500,13.639325147387426
1.561,as,-12.545671463012695,4.884136390775996,5.218734482658072,13.551600440754605
1.562,quickly,-16.174537450075150,9.933910922778011,9.874611706929533,11.014473793077297
1.563,as,-10.489353179931641,5.056366891570303,4.942203532444757,12.038252233750448
1.564,he,-15.814852714538574,5.751237729324832,6.492068795349589,13.522026560999072
1.565,could,-12.776110649108887,5.001949837617408,5.722910828862400,16.029830710737436
1.566,and,-10.944309234619141,4.384392351370688,4.402854494045820,18.020640540419677
1.567,he,-11.198714256286619,4.544173067724857,5.603567082749263,20.302287689779465
1.568,had,-12.181200027465820,4.393103266366635,4.984136701677835,24.135829722998697
1.569,only,-10.662628173828123,4.030007472255192,4.127978751665069,26.891368523444978
1.570,been,-8.825839042663574,3.609092021001314,3.693286185944544,25.384918458472228
1.571,gone,-4.799614906311035,4.441769427643031,4.325626393674544,26.853199271349702
1.572,a,-6.397687435150146,4.896678748097286,5.454033512916412,28.934289046277737
1.573,few,-8.863588333129883,4.669496815436831,4.807759820383256,31.074956729045773
1.574,minutes,-3.431108951568604,4.177669107061528,4.247584390862345,32.056619630063018
1.575,when,-20.342754364013672,4.548730804555847,4.444485044512250,33.011690547395602
1.576,a,-13.582497596740724,3.958690873354905,5.301575308571488,33.923836573225650
1.577,second,-10.684304237365724,5.507060128057836,5.987821805000565,37.329343303999188
1.578,"huntsman ,",-29.269203141331676,17.391461849969321,17.567705432877375,77.573900828195889
1.579,not,-8.794754028320312,3.879383530807837,3.979525247558937,40.319144815414397
1.580,so,-8.008513450622559,3.778940465037468,4.578563147520739,41.345524848335621
1.581,bold,-16.723243713378903,3.818999734304102,3.885780801149272,42.041744783425138
1.582,as,-10.268885612487793,4.483766971647563,4.649116525475812,40.312442348475365
1.583,the,-11.756033897399902,5.176283237238891,5.054290288852823,41.914786957071193
1.584,first,-5.097026348114014,5.558374935424066,5.799378973408643,42.984898567081004
1.585,but,-11.196231842041016,3.958712429836620,3.769257776708580,44.014398531948025
1.586,a,-1.882562279701233,4.562762877638390,4.753232642877594,46.989753372276432
1.587,little,-4.015548229217528,4.990047510336210,5.204361408509607,47.989729184899538
1.588,more,-2.783824682235718,4.326511601910410,4.452499082169573,48.107449539383992
1.589,"cunning ,",-15.477875471115112,16.851720536622910,17.057221266464353,102.502798645068737
1.590,came,-11.646969556808472,6.874864920606202,7.618059647455306,53.058212290202640
1.591,on,-9.359962463378906,4.319361658920764,4.335498892010376,54.079813358286714
1.592,the,-10.132922172546387,4.931063167936845,4.964973560867969,55.056919067317203
1.593,scene .,-18.489459991455078,10.499825179695076,10.481662008990506,112.546149882951980
1.594,Seeing,-14.778290510177612,9.882580094718273,9.762966983033603,4.085231417871793
1.595,the,-11.431513786315918,5.664410303561046,4.928111740653253,4.492532182804760
1.596,slain,-15.483565568923950,13.232144648752248,13.050021363428778,7.556472287279766
1.597,carcass,-10.441069448366759,13.205444954367955,13.871672273447334,8.491826288952987
1.598,of,-9.537878036499023,5.693005750755583,5.678959810855800,9.509600214778386
1.599,the,-9.630695343017578,5.831334654666907,5.546381389356497,10.456691627609674
1.600,"boar ,",-16.953039050102237,19.959901593813584,20.288654531963385,23.838197941951595
1.601,the,-11.174355506896973,5.190634882052349,5.373301743260088,13.882084176444733
1.602,huntsman,-23.210273623466488,11.639206288382221,11.120556246270716,11.706030514697511
1.603,rejoiced,-22.376366138458248,8.030853820866300,8.240889329627018,12.902514902153428
1.604,in,-9.968059539794922,4.456925692573688,4.926585288471626,14.334238758361636
1.605,his,-14.704030990600586,5.609922566509470,5.427344861967739,15.002531892549806
1.606,good,-10.427983283996582,5.410056919929769,5.380310094785856,7.494740093662415
1.607,fortune .,-17.445707321166992,13.793704532585515,13.334731610637423,16.268358917159031
1.608,The,-1.652928352355957,6.216193485653642,6.231108800665612,3.459354033097218
1.609,second,-6.291996002197267,6.095717397399905,6.181003980653843,4.525740124198713
1.610,huntsman,-25.700722694396969,15.097460820682340,14.236420298130751,5.393942247773834
1.611,knew,-16.614585876464847,6.531223365417823,6.710575371129576,6.310509190211719
1.612,a,-9.399787902832033,5.868866679841423,6.127239136511968,7.371795822136225
1.613,shortcut,-14.907294273376465,5.523645172120046,5.230844240537244,8.999998214509354
1.614,to,-9.922874450683594,4.472522344238229,5.253834237380887,7.419196617547134
1.615,the,-11.748700141906738,4.022771702122562,3.230844574035885,8.892678978474434
1.616,Manor,-13.702352523803713,4.233124425875459,4.098163340518702,10.170430641874171
1.617,House,-16.261108398437500,5.035607189437068,5.049146813208012,10.467690275732958
1.618,was,-11.483553886413574,4.046770444399655,4.921395356100509,12.771516706321901
1.619,just,-13.278532981872560,4.891690875810888,4.684351801057507,13.822019992565620
1.620,around,-8.270502090454103,5.170484807750507,4.909423529897522,14.735020786420995
1.621,the,-3.218599319458008,5.292386982055454,5.185953961338964,15.760608820033731
1.622,nearby,-11.048431396484377,4.899027451812737,4.741970234495142,16.999951233931121
1.623,"pond ,",-21.296253681182861,12.793572996535861,12.256833078210757,25.093474754152453
1.624,"and ,",-15.556558609008789,9.218478574957297,9.216468721200020,34.981934859102111
1.625,being,-13.531773567199707,4.207259554051133,4.074658319717946,18.977920648441469
1.626,a,-7.874934673309326,4.656082448228977,4.620828291003486,19.986168244166898
1.627,bigger,-20.957717895507809,5.073110616240929,4.972746181049630,22.070883507036680
1.628,man,-6.980224013328552,7.948754847674693,8.150073142631845,22.999999238287192
1.629,than,-12.892211914062500,5.223066845188508,5.034370835541546,21.814921990611101
1.630,the,-7.808241367340088,5.399993237289847,5.229838494573658,16.047466868424848
1.631,"first ,",-13.865589141845703,10.256125395667937,11.019302091598391,31.485107025959266
1.632,was,-9.790016174316406,3.986792084501785,4.231957631606203,17.283727292618114
1.633,able,-17.995753288269047,8.199482979472151,8.057297703498850,18.066205029628112
1.634,to,-6.963247299194336,4.279451287691758,5.223710861479815,20.171037471413907
1.635,pick,-13.122815132141113,3.218351123120686,2.967948978563884,21.241865132997006
1.636,up,-11.690915107727051,4.844323328494092,4.989066137458941,22.022603436992679
1.637,the,-8.105607986450195,6.175789751143896,6.063156887323780,15.193037549963414
1.638,boar 's,-25.152541160583496,24.619897575240824,25.644304656772789,36.969442973965670
1.639,head,-10.004465103149414,4.104943158660838,4.707984589984469,22.010927752070650
1.640,and,-13.253499984741213,5.274664148372135,6.510770095089645,24.014433385484534
1.641,carry,-13.587799072265625,4.395178141181692,5.157949766786857,26.203490687217577
1.642,it,-11.544436454772949,4.743357084670887,4.967116719363232,27.172014227027422
1.643,through,-14.648027420043945,5.414109825285531,5.600389570110559,28.433419920032293
1.644,the,-6.282326698303223,5.121826033654490,5.024986121548552,29.480259076505899
1.645,wood,-7.399440050125122,7.863287730795482,8.118512646279186,30.561579554127160
1.646,towards,-16.564216852188110,8.240437264858350,7.989192227582581,28.000857720664200
1.647,the,-12.532651901245115,4.826816980183549,4.752466552329377,28.837707120429251
1.648,prize,-11.144630432128906,3.310132487466444,3.336292514754572,24.002359693041111
1.649,that,-5.500313758850098,4.302939795382208,4.364145981918487,26.150732052829515
1.650,awaited,-20.867444276809689,10.808065321232538,10.950238836773584,28.128990276011120
1.651,him .,-16.880019426345825,13.423609262747979,13.055939612315854,62.464329555811041
1.652,The,-1.652928352355957,6.216193485653642,6.231108800665612,3.459354033097218
1.653,Lord,-11.511948585510256,5.436869595098472,5.351657268658363,4.658318303846420
1.654,of,-0.029451711103320,5.282304973547036,4.482484087771041,6.185155152668698
1.655,the,-0.787156283855438,4.589995700311126,4.280510687156871,8.238097633170602
1.656,Manor,-12.845538139343262,4.989336258997917,6.152757146640358,9.260455453444447
1.657,was,-12.524298667907715,3.875390802605307,4.521698817151711,10.232752771896765
1.658,seated,-11.638260126113892,8.349078725272241,8.542065111621589,5.375363943988683
1.659,in,-7.289409637451173,5.624680806736399,5.313308270162051,6.000407792543840
1.660,his,-10.384492874145508,5.820920737053472,5.299709831564773,7.013837796670084
1.661,hall,-14.423033714294435,9.613306217665807,9.787855946568644,9.001167211690493
1.662,when,-13.700925827026367,4.785303590785292,5.398726083384386,12.295287317901169
1.663,the,-10.194931030273438,5.021483766698593,4.929728491568555,13.474086220949681
1.664,second,-13.172166824340820,5.591663162500002,5.904225357024339,13.154581635987213
1.665,huntsman,-25.201186597347260,13.411105505153765,13.915034369688653,16.318411118582439
1.666,burst,-12.127661705017090,3.518591696842682,4.174569099998770,17.169775308623741
1.667,through,-16.551845550537109,3.947595212914280,4.541573558903745,18.023708321479745
1.668,the,-6.856721401214600,5.061262466495847,4.786953109781947,19.064296161891750
1.669,door,-7.096084952354431,7.433838233214503,7.587570347149566,20.076681834060867
1.670,and,-11.590683937072756,5.316130061384094,5.174017017102669,21.022892286267066
1.671,began,-14.663030624389648,9.368540648646745,8.952062234510393,20.014033514619697
1.672,to,-6.328040122985840,5.539477379470291,5.791902099283122,22.039504077163681
1.673,spin,-14.047267913818359,3.535808052512757,3.347403967378701,23.038878398772038
1.674,a,-10.674695968627930,4.681469312345289,4.628143297128286,23.570363418612679
1.675,line .,-23.180413722991943,13.864583086050182,14.097367620054031,44.401683556399135
1.676,`` The,-5.178898057816696,23.501006481324673,23.181228050568016,7.180251974396711
1.677,woes,-10.699932966381313,10.098217292195528,10.395598515835859,6.584193213996951
1.678,of,-0.132648706436157,3.050979902752572,2.778599613410429,8.003710216780393
1.679,Bradford,-13.908134460449221,4.399573992291159,5.606209200577650,10.262016966472570
1.680,are,-10.714349746704102,4.761749848318543,5.753099406352635,11.197827018310258
1.681,ended ! '',-25.987653434276581,31.444926389818825,31.845204275928467,22.649397577547109
1.682,he,-9.561816215515137,7.269468521706284,7.226983132942968,3.066812551345136
1.683,announced .,-8.039089241232432,19.229503385515969,19.473358440640901,11.123048571662267
1.684,`` With,-5.038280448792648,21.786284679204122,21.725441086111033,6.727282058899904
1.685,my,-5.241519451141357,5.333816186251741,5.250764263637231,6.983687268258172
1.686,own,-2.992888689041138,5.185487178752842,4.786486937354541,7.825377341033934
1.687,hand,-5.659206390380858,4.953458803233723,5.083542368354713,8.706363525900654
1.688,I,-0.501065254211426,5.096581319462387,4.926052302147877,6.660864969113606
1.689,have,-3.023857355117798,4.227392624218338,4.502018564084128,8.678593512698821
1.690,slain,-16.317854404449466,12.376270653673089,13.059486055307286,11.067640977118359
1.691,the,-10.647933959960938,5.261761505850314,5.633370758732107,12.251046292577605
1.692,boar ! '',-39.367055296897888,32.481677013061784,32.273237255119604,45.296215581134447
1.693,"And ,",-7.576251983642580,13.436650789798323,12.461646463220081,5.202099579757624
1.694,with,-3.070972919464112,5.247921013067420,5.057465548444645,5.064916517084366
1.695,"that ,",-5.829669173806905,10.664594648418706,10.706531058883099,13.718086952488266
1.696,at,-2.674738168716431,5.450878315155086,5.590644819442307,8.208054675231697
1.697,the,-1.576567888259888,4.892893953170312,4.823149209032287,10.545394571538310
1.698,feet,-8.136328697204590,3.256199217985579,4.269400425290328,11.953703219370494
1.699,of,-0.002772418549284,4.840356160619645,4.478987159483411,13.001007654045653
1.700,his,-4.003940105438232,5.268029016392298,5.646131529964995,15.282924049217325
1.701,lord,-11.772515296936035,7.162956031569481,7.791500441179003,16.002479812342774
1.702,he,-0.731267213821411,5.779434549899004,6.029387960730566,10.009188119609536
1.703,dropped,-8.344862896949053,8.149258751187883,8.972440712315324,12.289410155386555
1.704,the,-1.878461480140686,4.878691685858170,4.948062486139357,14.704356608660806
1.705,boar 's,-18.251189321279526,20.421976894041009,21.060899290390019,33.117863371776608
1.706,enormous,-17.062475204467773,5.061954422399528,5.136323407939702,17.388410124304620
1.707,head .,-14.927979469299316,13.842682384289338,13.525528299442097,34.830243544421421
1.708,`` Then,-5.841784200547409,23.382086168163809,23.221050251188345,6.236834295525560
1.709,you,-2.602641105651855,5.098075444262903,4.880722586700665,6.271135926689503
1.710,will,-4.078657627105713,4.573424000810052,4.923930460652940,8.225502032325544
1.711,be,-2.364118576049805,4.343196177895568,3.822447980752453,10.231324723444514
1.712,"rewarded ,",-11.384434863924980,14.376139932006634,14.839592142718113,25.011267212500016
1.713,as,-9.691061973571776,5.009443770448650,5.110226648380609,14.011966403411490
1.714,I,-10.951980590820312,5.742157993599792,6.130684435785023,16.038488119957488
1.715,promised . '',-37.948041858151555,28.599931188093549,28.533721798373634,60.373733391154190
1.716,`` But,-6.433900079606247,23.704887820358771,23.899380232188172,5.189685255422336
1.717,"first ,",-6.567462444305420,11.229970488730689,11.690586664004623,11.130360422227819
1.718,let,-1.487915396690369,5.712798552722278,6.173228752479987,8.100895233824691
1.719,me,-1.384451150894165,4.026032939081025,4.018512715904467,10.951502092118961
1.720,examine,-7.274706363677978,4.413040978660404,4.914309277136472,13.061048632028415
1.721,the,-0.593692421913147,4.787786996823813,4.605362154292209,15.573796735839574
1.722,head,-9.360728263854980,4.201639349071026,4.903944702884593,16.669408258391929
1.723,of,-0.014072239398956,4.718566490583902,4.463250412593693,18.174260456437022
1.724,this,-4.953083992004395,4.143936929092649,4.044381147099949,20.311247958387252
1.725,"monster , ''",-32.918125152587891,20.933390761681057,20.837409144261759,66.436421239804659
1.726,said,-10.225867271423340,5.106519190420457,5.570449977782429,11.665158617560360
1.727,the,-9.090915679931641,4.813941737272894,5.167742047599224,11.008206629972989
1.728,Lord,-9.163810729980467,4.669672106294611,5.099047377284879,14.099158545844205
1.729,of,-10.720530509948730,5.300976986077396,5.680899486895164,16.023962946158008
1.730,the,-11.099733352661133,5.031245117195580,5.614015840464840,16.388372161265341
1.731,Manor .,-22.035327792167664,11.641093318710613,11.660952198462075,39.244037523682444
1.732,To,-1.193354129791260,6.444844871272637,5.649328811201277,3.864917987645378
1.733,not,-10.275510787963867,5.752621661633349,5.239526098313608,5.878041568647567
1.734,examine,-8.936556816101074,5.181944149915219,5.584898939368896,7.313381283787700
1.735,the,-0.483098268508911,4.784817656418912,4.786080700804098,9.933192350609325
1.736,head,-9.942310333251953,4.190522569217881,5.153617697699787,11.311669586287540
1.737,in,-1.501001954078674,4.736502120115087,4.352087607715267,12.164122332318859
1.738,advance,-3.892507076263428,4.841376291456241,5.184356161711015,13.246116372503822
1.739,had,-6.936654090881348,4.897286807785679,4.933421361885931,5.004401078169046
1.740,not,-4.744273662567139,5.169369762337516,4.889730638214680,6.076151603656991
1.741,been,-0.377004593610764,4.764899376762715,4.711249093170434,8.026332863930419
1.742,very,-4.413855075836182,4.904207051070419,4.523441611365850,10.077379196372480
1.743,clever,-5.980148315429688,4.182966232711080,4.612644815453158,11.059677901702027
1.744,on,-3.012658834457397,4.818922804417435,4.716454902584362,12.050280610616861
1.745,the,-1.402581930160522,4.333572906228508,4.670205111637152,14.529440305459282
1.746,part,-1.526855707168579,4.601309262879242,5.377949846649377,16.070883595243256
1.747,of,-0.003553387941793,4.821327377343780,4.598338587805189,17.079366871585350
1.748,the,-1.651347041130066,5.488267718661870,5.709691478152728,19.490811444216867
1.749,huntsman .,-37.397491931915283,20.733341519400014,21.482404640260235,41.753553529459111
1.750,Right,-6.314443588256836,6.330818705094546,6.644415665428236,3.090034012036125
1.751,"away ,",-4.567903861403465,11.997732296301923,11.063675419081324,8.163685298521258
1.752,the,-1.885752320289612,5.613315969455121,4.926086765033062,6.421582428334713
1.753,Lord,-10.395050048828123,4.957194164011693,5.368677289432472,7.390844606995031
1.754,noticed,-9.720218002796171,9.542227345177963,9.360778498808420,8.128953676640812
1.755,the,-0.994020521640778,4.955183448638382,4.950488087823008,10.922032310994261
1.756,tongue,-9.413799285888672,7.963055739694477,8.583087946212853,12.016996558544605
1.757,of,-13.592560768127440,4.862023799816678,5.369411491320792,13.000051492163733
1.758,the,-5.845765113830566,5.136155187181465,5.055731718936677,14.060058385322193
1.759,boar,-24.286056518554691,11.691472239360024,12.289702591119461,12.569379542220245
1.760,was,-12.329186439514160,3.460925474367669,4.166970283741436,15.542851858406355
1.761,missing,-11.149151802062988,5.128439243533916,5.135616462853652,16.526996544276678
1.762,and,-7.510890007019043,5.507768906522363,5.597121285437280,17.538806429794800
1.763,"exclaimed ,",-20.715968076139688,13.384477010175901,13.659406554250364,33.999995171979876
1.764,`` What,-8.704609597189119,16.396672162396609,17.037985791628010,35.009995946818094
1.765,is,-9.589446067810060,4.149540447492239,4.176966201234160,19.000000473980801
1.766,this ?,-13.518648624420166,14.060329297464017,14.155808208290855,40.998345013232473
1.767,A,-3.886285305023194,6.184910758476195,6.239092981792173,3.626192312481451
1.768,boar,-18.607154846191406,14.003823625388430,13.250177839506474,4.876004674939258
1.769,with,-10.124438285827637,5.702941423899473,5.964944442452634,5.759073970202127
1.770,no,-11.390720367431641,4.853787292254829,5.447698648521833,5.909775730293328
1.771,tongue ? '',-38.054378747940063,31.146298498825423,30.704409274518433,28.210668845750003
1.772,He,-3.091049671173096,6.821128250995057,7.122151286628733,3.089313103261496
1.773,looked,-8.619655728340149,8.982930508521731,9.250006604693542,5.534225104225300
1.774,at,-1.111057758331299,4.664955607855382,4.621753373485928,7.695773890386097
1.775,the,-1.344627618789673,4.903360791186780,5.062420199125012,10.297582054999344
1.776,"huntsman ,",-31.143045663833618,18.540945401621492,19.421284574167693,23.146064335967488
1.777,dubiously .,-31.610045433044437,16.678711655527827,16.825655058431160,25.938613109210806
1.778,`` How,-3.955041489480209,23.061094954314619,23.252245139502396,6.169536077477860
1.779,come,-6.308503627777100,5.436117332320401,5.122143649363167,6.129700483996690
1.780,this,-2.610519886016846,4.280069023432558,4.463600373879406,8.160713067502902
1.781,creature,-11.422447204589846,4.480299630554564,4.707517761477826,9.296850608039154
1.782,has,-16.142704010009766,3.984743733194881,4.956336945068252,10.601452922094504
1.783,no,-11.427659034729006,5.304021299080342,5.592469886516940,11.698377865011238
1.784,tongue ? '',-38.684073925018311,30.395251165034079,30.676548542428563,38.225163613071622
1.785,he,-9.561816215515137,7.269468521706284,7.226983132942968,3.066812551345136
1.786,demanded .,-9.189512304845266,18.264915453931700,17.202916952670304,11.230763451514715
1.787,All,-6.468991279602051,6.034277829780347,6.180468293920808,3.539460553093518
1.788,eyes,-5.640228271484375,5.894085148199316,6.156921786503174,4.334402586836118
1.789,were,-2.415966510772705,5.320409859275189,3.988116316272442,5.164269555839461
1.790,on,-0.656934678554535,5.044736972688374,4.401465661647785,7.159960440173057
1.791,the,-1.028432607650757,4.956800248476113,5.056662946737624,9.472877194602592
1.792,huntsman .,-35.671742916107178,22.469826997547635,23.107579194844448,22.033590739602822
1.793,The,-1.652928352355957,6.216193485653642,6.231108800665612,3.459354033097218
1.794,huntsman,-24.392467975616452,16.605091062953083,16.667584013159995,4.436283738129275
1.795,questioned,-20.219840526580807,12.213510122301257,12.139228143128493,5.277506493414190
1.796,by,-8.191846847534180,4.930689091234386,5.100291153335211,6.196208736424498
1.797,the,-9.640237808227539,5.742333018869244,5.289551751008702,7.989943922821075
1.798,Lord,-12.415360450744627,5.264620685342322,5.391541985648654,8.997995527837064
1.799,"replied ,",-14.857393115758896,15.443933113815891,16.646258566563585,19.050194348756417
1.800,`` I,-18.945134037741809,20.133061555771427,20.230807757270849,19.716050583757358
1.801,can not,-22.065204620361328,11.194178550922587,10.549128080151046,18.220612879802054
1.802,"say ,",-5.113822937011719,11.210128627558548,10.726408536282118,23.001960083435051
1.803,my,-9.413775444030762,4.528412536779848,5.304606674072214,14.000810219398700
1.804,Lord . '',-27.548104286193848,27.916159613233887,27.163251513411495,52.022436816635533
1.805,He,-3.091049671173096,6.821128250995057,7.122151286628733,3.089313103261496
1.806,was,-3.288269996643066,5.985894854952015,5.931172091705593,5.241466625017983
1.807,suddenly,-7.852989196253475,9.483172562712408,9.797553787440208,7.233145790035421
1.808,realizing,-9.505157947307453,9.188025740779787,9.127327922641618,9.022383004683642
1.809,his,-2.767994165420532,5.038869395210481,5.400230959175667,12.231725905430238
1.810,tricky,-12.186956405639648,10.667321402400759,10.893527614832358,12.018542184348837
1.811,situation,-6.224459171295166,4.567217338950564,4.699691129433264,13.002431762708087
1.812,could,-6.558589458465576,5.076754281845171,4.896765217664838,13.115885928171457
1.813,end,-5.016828060150146,4.716950127406083,4.733601224727728,15.045645353471349
1.814,badly,-5.994626045227051,4.361067912196507,4.369821886806046,17.002404705334488
1.815,for,-4.042154312133788,5.282462599918204,5.234814000195422,18.970165150893020
1.816,him .,-2.003143098787405,13.310720157501207,13.662938132436810,27.122340420176833
1.817,Through,-5.522242546081543,5.607898532921012,5.424950419312813,2.959907937780322
1.818,the,-2.294681549072266,4.602138702952286,4.535664219276041,5.634811619269869
1.819,door,-10.500334024429320,8.658274750335616,8.514867798695835,6.476165604707488
1.820,at,-5.708540916442871,5.436635125827644,4.601952660842278,6.286161168927139
1.821,this,-5.900456428527832,4.801868811152262,5.190519462517579,9.092974012144428
1.822,"moment ,",-4.076475769281387,10.467494181672393,11.134339496891801,14.432374343044016
1.823,the,-1.574882149696350,5.660165056577340,4.936212416258559,7.281513830260988
1.824,first,-6.401053428649902,5.336779190223633,5.572556267118769,8.559755412531601
1.825,huntsman,-24.068756818771359,14.674361751960530,14.062031077264711,8.301347489325687
1.826,burst .,-28.409148693084717,14.430795292506545,14.883293303532694,19.255478271717614
1.827,`` The,-5.178898057816696,23.501006481324673,23.181228050568016,7.180251974396711
1.828,woes,-10.699932966381313,10.098217292195528,10.395598515835859,6.584193213996951
1.829,of,-0.132648706436157,3.050979902752572,2.778599613410429,8.003710216780393
1.830,Bradford,-13.908134460449221,4.399573992291159,5.606209200577650,10.262016966472570
1.831,are,-10.714349746704102,4.761749848318543,5.753099406352635,11.197827018310258
1.832,ended ! '',-25.987653434276581,31.444926389818825,31.845204275928467,22.649397577547109
1.833,he,-9.561816215515137,7.269468521706284,7.226983132942968,3.066812551345136
1.834,cried .,-19.168664395809174,22.655254253009534,23.930949639141936,11.672831236133121
1.835,`` I,-4.737508735535812,23.867805277916236,23.573958283951185,6.814012939598449
1.836,have,-3.153498649597168,4.584322981186824,4.945391046244092,6.846713292283633
1.837,slain,-16.515279054641724,12.897615923025345,12.724650312409521,9.283468162877019
1.838,the,-7.511563777923584,5.223761675798900,6.074901937967298,10.952698938960779
1.839,boar,-16.032436370849609,12.661382118276446,12.716157498857241,12.000284683772607
1.840,the,-10.488759994506836,5.559420421146298,5.967534937421813,13.078139677036299
1.841,people,-7.387547492980957,5.346142423715968,5.299053275627234,14.063970443027596
1.842,of,-15.328940391540527,5.235793807435835,5.563640288190731,14.615155322022940
1.843,Bradford,-11.895280838012695,4.245127510539339,4.178106551700976,15.775322388637125
1.844,dreaded ! '',-44.923750936985016,26.545572885031792,25.529564263557504,61.386569853179935
1.845,All,-6.468991279602051,6.034277829780347,6.180468293920808,3.539460553093518
1.846,eyes,-5.640228271484375,5.894085148199316,6.156921786503174,4.334402586836118
1.847,turned,-5.513048171997070,5.802828652060168,4.872552174170332,5.216305364836222
1.848,to,-1.514863014221191,5.142845554156821,4.404406178784528,7.163199715930658
1.849,the,-1.577277660369873,5.070084232486745,5.144559166731908,9.586377100912985
1.850,man,-5.848098278045653,7.511974589144773,7.921891135783082,11.036077862092972
1.851,who,-0.059271622449160,5.456199484628816,5.598470805677126,13.231951926280454
1.852,now,-3.360267400741577,4.479054853386877,5.216292725629122,16.267754453729466
1.853,stood,-7.461389064788817,10.365906549357117,10.746142217294139,18.365889139628226
1.854,in,-1.205250740051270,4.410833137019633,4.392518869554223,20.379041945634068
1.855,the,-1.214579939842224,4.634399465820123,4.926574704457980,22.554282839713231
1.856,doorway .,-26.535058021545414,11.358219702021042,11.907041103190814,48.196792597796232
1.857,`` The,-5.178898057816696,23.501006481324673,23.181228050568016,7.180251974396711
1.858,reward,-8.808143615722656,5.374816180495137,5.958332871128349,6.099416808862853
1.859,is,-0.316586077213287,3.887506358024624,3.942041094655547,6.625739043312413
1.860,already,-4.626579284667969,4.015824787767274,4.220091823854082,8.620091265267270
1.861,"given , ''",-23.755987256765366,27.422865776931978,27.359387487962628,21.922128849879332
1.862,said,-1.243294715881348,5.082299391783819,5.341265230993481,8.292096144966603
1.863,the,-3.047988891601562,5.934685985358389,5.804691520363583,11.030310781602406
1.864,Lord,-10.598609924316406,4.967760233143514,5.272401927025289,11.672342614675285
1.865,of,-0.034362465143204,4.469797272471965,4.231104543633337,13.102509900568561
1.866,the,-0.347060084342956,4.545759314370417,4.529550187145174,15.090315924397931
1.867,Manor .,-28.436285734176636,12.001524145975704,13.202659063612135,33.420933968359776
1.868,`` The,-5.178898057816696,23.501006481324673,23.181228050568016,7.180251974396711
1.869,man,-6.999066352844237,8.732475605537118,8.536572951839737,6.301851692150318
1.870,here,-1.448433399200440,4.988757562310887,5.529307836147468,7.776668168798857
1.871,has,-2.330517292022705,4.901729228442663,4.817738177906467,6.876425379587553
1.872,brought,-5.799160718917848,9.368386491491954,9.504404508491053,8.888290642238724
1.873,to,-0.575727403163910,4.308673083551197,4.170915234441382,10.869795354600578
1.874,me,-2.806612730026245,3.801539918120354,3.712467118960314,12.671544144800846
1.875,the,-1.674496412277222,4.444267704976972,4.439603381016028,13.375352658065463
1.876,boar 's,-20.000648021697998,21.716260157252954,22.175226203069254,29.852041589352517
1.877,head . '',-36.658270955085754,26.054936163371913,25.945691911113663,50.839635017420335
1.878,`` Then,-5.841784200547409,23.382086168163809,23.221050251188345,6.236834295525560
1.879,where,-2.290132735623047,10.788598527216370,11.579578699342351,6.742495575087606
1.880,is,-2.244601249694824,4.885664997565701,5.169723402623051,8.024139101406229
1.881,its,-8.100922584533691,5.545750283529315,5.640751466463626,10.080570241700398
1.882,tongue ? '',-38.552588462829590,31.295986555699532,31.983926060029475,36.041476383291688
1.883,the,-7.757106781005858,6.217410988322023,6.238840123630493,3.448721166675808
1.884,first,-5.793641090393066,5.942663752600473,5.951294009118646,4.635603879682098
1.885,huntsman,-24.783990859985352,14.882998048602239,13.792045491671542,5.409664511043620
1.886,replied .,-30.018936157226562,19.437401389789777,19.354094832644588,13.350894833565945
1.887,"And ,",-7.576251983642580,13.436650789798323,12.461646463220081,5.202099579757624
1.888,so,-3.847436666488648,5.381139296714884,5.496459744369174,5.016408129969730
1.889,"saying ,",-9.615645647048950,9.648737400197898,9.935120142052998,15.529571830284361
1.890,he,-2.310989379882812,6.418229906453027,6.242939600177301,8.840845155888399
1.891,drew,-8.248122096061707,9.311862387821982,9.785194984307825,10.804971525478230
1.892,out,-3.029236793518066,4.789078399235978,4.918172007828725,12.760135736250842
1.893,the,-2.329175472259521,4.493566093185422,4.763023082607570,15.278571107292814
1.894,boar 's,-18.216467096935958,22.473542741857784,23.149955833414790,34.259403462955028
1.895,tongue,-14.790457725524902,9.143532611901687,9.406246234531340,17.911140189885181
1.896,he,-10.516862869262695,5.283083341264890,5.880927402731569,18.917854729761121
1.897,had,-11.772723197937012,4.686003266339681,5.355345413874132,16.928476925608152
1.898,put,-7.686194896697997,4.331964009742777,4.700993271405099,17.893413004572391
1.899,in,-7.544205188751222,5.100872614170369,5.617083362368274,18.999902782173887
1.900,his,-3.931873798370361,5.170603955794697,5.236684737273714,23.025835495509529
1.901,hunting,-12.474928855895994,7.875417129190729,7.994079315553764,24.963458171870720
1.902,pouch,-15.020031213760376,12.104602098189099,13.562612859704624,27.060475111226765
1.903,and,-12.041223526000975,5.022736614132897,5.802431737003563,27.743782112768560
1.904,related,-10.211879730224609,8.483192926557278,8.767670215578898,27.482349229895391
1.905,how,-10.247599601745604,3.474397373453223,4.519972057315648,28.074052131918268
1.906,he,-11.087059020996094,4.814733858585130,5.630087092696727,29.083905729837607
1.907,had,-13.166436195373535,4.335243861707456,4.801866197782375,30.104579927142282
1.908,ambushed,-20.752790927886966,9.452845500184669,9.306702348314717,31.067417648432077
1.909,the,-11.935002326965332,5.489250370213117,5.975392936356800,32.024361235791545
1.910,creature,-13.540460586547852,5.017710684395512,4.894730568242283,32.999999999854701
1.911,in,-8.846816062927246,5.023531303465623,5.330789602604137,33.997392815289679
1.912,the,-2.126619100570679,5.165434917359291,5.235974547332092,31.106420043937241
1.913,wood,-13.048916101455688,6.139791880822594,6.843922463656075,33.054543161020625
1.914,and,-10.575494766235352,5.416097832316628,5.936300177960165,35.008108113835533
1.915,cut,-7.300579547882080,3.025759781514507,2.971029688447424,36.000326838553704
1.916,out,-8.336472511291504,4.177800996438112,4.233581719424370,37.003042846928366
1.917,its,-4.247205257415772,4.875789833803045,5.016116822572825,39.009329870052952
1.918,tongue,-5.945639491081238,7.765591193176401,8.421639371668103,40.006527452729074
1.919,as,-13.632948875427244,4.110827775834725,4.761869217424800,41.017263768736001
1.920,proof,-17.876162528991699,8.889460534130073,9.127137470889069,41.084572400189600
1.921,of,-12.308378219604492,4.322754258170590,4.504598034839892,43.275575767033864
1.922,his,-8.474139213562013,4.028781857509819,4.035047523842064,44.450218694613930
1.923,victory .,-17.128283977508545,9.862103609274445,10.141924548480571,92.468242530031603
1.924,Listening,-18.467154979705807,10.022044157722403,9.573783148242473,3.988546906406563
1.925,to,-5.969326972961426,5.440272871366728,5.332257942642550,4.981813842603864
1.926,the,-8.436049461364746,5.712491468894108,5.258327110994941,5.913386534259133
1.927,"tale ,",-27.355529785156246,13.225409808822162,13.095407719067875,17.711621690323064
1.928,the,-6.046717643737793,3.531483801303806,3.190952137541790,11.465626668065562
1.929,Lord,-16.485176086425778,3.592490699561049,3.632648247883723,12.000040683077453
1.930,of,-10.441814422607422,5.471725175834036,5.257148253709299,13.949345245859394
1.931,the,-4.895627975463867,4.078908343221729,3.732969363011441,14.795682887169670
1.932,Manor,-20.073299407958984,5.778297855234653,5.641106773678628,13.488192083515628
1.933,tried,-12.108812332153320,4.838399898369790,5.861005961013175,11.237009342706454
1.934,to,-7.943510532379150,5.124881078573960,5.093003713015909,12.202870074768667
1.935,discern,-10.661352157592773,3.182577441184573,3.065362107505095,13.242086024234339
1.936,which,-12.082427024841307,6.176712637278737,5.855547153811647,8.053521294375333
1.937,huntsman,-28.399816274642944,12.647235848101618,12.608471882532992,10.943490558888023
1.938,was,-5.204924106597900,4.734686017234584,5.089031701241918,12.599983269621315
1.939,telling,-11.606658935546875,5.172527368730043,5.147279686357688,13.762742241577596
1.940,him,-12.652021408081055,4.724409239407380,4.532475672547356,14.736437708618743
1.941,the,-9.184542655944824,5.054013998842361,5.247062139973783,17.000929897506470
1.942,truth,-5.803558349609375,5.156480439145690,5.199695766207019,18.000015016576690
1.943,and,-4.794636726379395,5.331038014764126,5.187594905087335,19.000205857963152
1.944,what,-7.858539581298827,4.363645998906796,4.543518548937992,20.003655644783727
1.945,the,-10.904457092285156,4.646848960698879,4.457972570272259,21.127826921177142
1.946,two,-11.019289016723633,4.639491040829914,4.434669165012696,22.000006496621410
1.947,huntsmen,-25.194560110569000,12.881540939435940,13.698776852923080,25.175450792062680
1.948,were,-13.197142601013185,4.180750883982402,4.682578987916774,27.124875649274060
1.949,thinking,-10.814069747924805,3.733298169158053,3.506140142218360,28.163705109392648
1.950,as,-10.020735740661619,4.264073480239367,4.638783937122753,29.093815035459109
1.951,they,-12.386451721191404,4.554877146076176,5.107495011790952,22.208984846468592
1.952,waited,-18.868873596191406,9.611693666227293,10.475316630885324,24.971708195053910
1.953,for,-8.231579780578612,4.089351878620837,4.376411477980017,25.352243709231111
1.954,him,-9.305320739746094,4.392028562084199,4.406071001465906,27.195623158133287
1.955,to,-12.193950653076172,4.838921455172296,5.060535705412200,28.317823027214668
1.956,make,-8.079674720764160,4.285979890401663,4.188743452398813,29.371095886014924
1.957,a,-8.831566810607910,2.911659154410405,3.730473587438058,26.597317800397811
1.958,decision .,-21.804064035415649,11.834997858193788,11.989203093386630,58.710453723865371
1.959,Almost,-8.402592658996582,5.934067543703188,6.295692893839518,3.848998334800037
1.960,"instantly ,",-16.930848790128948,16.052542506833912,17.346079850649669,9.015623199962235
1.961,the,-8.240554809570312,5.502956695147127,5.033332046175652,5.161673963275401
1.962,Lord,-10.440506935119627,5.203185071838615,6.302244797335305,6.557268059787916
1.963,saw,-11.277832031250000,5.551465171396420,6.275347672777253,7.414107783267549
1.964,that,-11.825457572937012,5.776710850083141,5.859956551779080,8.498762379335492
1.965,the,-8.365531921386719,5.101323307973925,5.354077171136840,10.807762207108896
1.966,second,-9.938249588012695,5.570736099515189,6.033499240627190,13.237916970803564
1.967,huntsman,-24.907026648521427,12.554927607007375,12.137313885010133,14.185221231085460
1.968,had,-11.006557464599609,4.648441924660379,4.438573001054198,15.021277213049952
1.969,fed,-13.871451377868652,13.048202029278221,13.485559443347290,16.041847904879074
1.970,him,-9.690098762512207,4.964942341685814,4.885035704714695,17.024589668672675
1.971,a,-7.976898193359375,2.995723988663230,3.854349284917376,15.095525452492275
1.972,pack,-8.516132354736326,3.567773457505765,3.366441760836343,16.025748794005395
1.973,of,-12.904862403869627,4.753695651294072,4.882536645669044,18.055573899993924
1.974,lies,-11.497486114501953,7.743748881346908,7.867860445973285,21.908185127020079
1.975,and,-3.308704137802124,5.016000575613160,4.838244579956878,22.875502136400641
1.976,it,-12.871232032775881,4.856623762394190,5.398907513925897,23.453851017717486
1.977,was,-11.598608970642090,4.664561205268813,4.469688050076844,23.978412734989199
1.978,the,-7.883006095886230,4.185985808668184,3.951305315410322,27.406533764545447
1.979,first,-10.943177223205566,5.216049716744874,5.234359836042962,28.407359784373899
1.980,huntsman,-28.083949446678162,10.081720592087180,9.908808087204967,26.725088106536532
1.981,who,-10.108573913574221,3.798427083638312,4.605752930264567,28.202079165360178
1.982,was,-11.691690444946287,3.477705649571899,3.934638303345097,29.933678439065609
1.983,the,-9.257440567016602,5.076789644633682,5.034964834376967,30.395369269007393
1.984,true,-8.829510688781738,4.586935979323714,4.510389111808282,31.638258778427893
1.985,savior,-9.773638725280762,4.481733653820800,4.277532934605706,31.625714870482021
1.986,of,-12.592799186706545,5.661292011687121,6.158339384950696,30.823797346328146
1.987,Bradford .,-24.958981752395626,12.440367076706227,12.547312508528476,68.827164677012362
1.988,The,-1.652928352355957,6.216193485653642,6.231108800665612,3.459354033097218
1.989,Lord,-11.511948585510256,5.436869595098472,5.351657268658363,4.658318303846420
1.990,believed,-7.989384770393372,10.149564980921946,9.264991645711714,5.283439982258742
1.991,the,-1.569440841674805,4.949508070678807,5.143142358699434,9.377742451269500
1.992,second,-7.637447834014893,5.020780731458901,5.158297642607474,10.450111648177947
1.993,huntsman,-25.788416862487797,12.416961505727796,12.142768922518696,11.351782671767523
1.994,had,-13.124405860900881,5.201036162453860,5.398104347272287,12.281474881241648
1.995,tried,-9.822896957397461,5.558495439992267,6.189614375838624,13.174330431522806
1.996,to,-8.199816703796388,4.450663983317910,4.302255908942108,11.265510575809778
1.997,steal,-9.183988571166992,4.761762728934873,4.788733805214958,13.473509301899927
1.998,the,-10.893424987792967,4.818484239629113,5.294446410851228,14.003544126128226
1.999,first,-11.267451286315918,4.347598603389017,4.595385169664934,16.081811627530140
1.1000,huntsman 's,-28.428953142836690,21.992889035083177,22.324379572394054,41.995604457105927
1.1001,prize,-17.846527099609375,4.505943341831277,4.518608182454023,22.175082835991411
1.1002,and,-6.499552249908447,5.513272258260823,5.415014442199143,23.152983127844976
1.1003,so,-9.433506011962891,3.788845603278692,4.159362043920799,24.150839227805609
1.1004,proclaimed,-18.021687567234039,12.612051126162644,12.817345741591675,25.126481514286706
1.1005,the,-7.032230854034424,5.269120850951476,5.652372097845844,26.111236937120534
1.1006,first,-5.786486625671388,5.789341445636982,5.903612490679452,28.033358392668919
1.1007,huntsman,-35.451772928237915,11.574118468485178,11.375097814589882,23.285159505977393
1.1008,the,-7.806425094604492,5.586196009831394,5.614375216711035,5.602014764444698
1.1009,true,-12.534594535827635,4.571751720955170,4.571541931623583,9.892476971990746
1.1010,victor .,-23.525597572326660,11.328810383994446,12.395371236138780,53.219714783388739
1.1011,The,-1.652928352355957,6.216193485653642,6.231108800665612,3.459354033097218
1.1012,Lord,-11.511948585510256,5.436869595098472,5.351657268658363,4.658318303846420
1.1013,wondered,-8.856370925903320,9.690486152951816,9.518097191014752,5.127743681601507
1.1014,for,-2.853477954864502,5.508197848065254,5.644147718598092,7.128683525264576
1.1015,a,-1.664232492446899,5.298308135049653,5.662879828722327,9.277896451157662
1.1016,moment,-1.181749224662781,4.607215309405563,4.694109652375551,10.173974484141011
1.1017,why,-0.465674579143524,4.420644291904368,4.797091050645457,10.169486482562007
1.1018,he,-2.058883666992188,4.819399935842974,4.892699752192916,13.227009804983730
1.1019,always,-4.175886154174806,3.754008144609727,4.004275213310251,15.195572717913494
1.1020,encountered,-7.891361340880394,7.043079501978898,7.472081361369098,17.214769309878964
1.1021,so,-0.136659428477287,4.643846480167066,4.659454938168187,20.449484353095770
1.1022,much,-2.131387948989868,4.802351503276059,4.580388350845200,21.211840187810520
1.1023,chicanery,-10.656648523174226,17.648200654899057,18.153775976604077,21.783173091124986
1.1024,in,-13.473196029663086,4.683295342866748,5.612469181772169,22.516629769999795
1.1025,his,-11.775022506713867,5.345878243875092,5.438323179680948,23.425947521646428
1.1026,everyday,-19.053319931030273,5.462364512953871,5.330260645303476,21.778598861316880
1.1027,interactions .,-27.690382242202759,15.742329513760193,15.645849175550786,48.830636258532259
1.1028,The,-1.652928352355957,6.216193485653642,6.231108800665612,3.459354033097218
1.1029,huntsman,-24.392467975616452,16.605091062953083,16.667584013159995,4.436283738129275
1.1030,who,-15.149572372436525,6.023469361684028,6.321776703343103,5.569441661389189
1.1031,had,-12.751176834106445,5.788114243921792,6.197689970113800,6.908044180502952
1.1032,earned,-19.957942962646484,5.364090958238539,6.646292488064169,7.111021971952809
1.1033,his,-11.312428474426270,3.822992883745755,3.889338089687183,10.181952293638638
1.1034,prize,-7.667056083679199,3.633510149674475,3.683502542624991,11.003812782308364
1.1035,fair,-10.891194343566896,4.764494289569715,5.440673062025226,14.406460000512462
1.1036,and,-5.447437763214111,4.961356973300552,4.646754728031758,15.294203130055999
1.1037,square,-6.556238293647766,7.480554633991659,7.874682564377817,16.096507616892211
1.1038,received,-15.324440478812905,9.357055862669210,9.378146654136430,17.078483050058576
1.1039,as,-11.997121810913086,5.266120394708593,5.256936709906372,19.060390365511875
1.1040,his,-11.465242385864258,5.375876935984208,5.564457296390642,19.606633716101051
1.1041,reward,-15.391340255737305,4.578188136430407,4.801549500069779,7.964792644429591
1.1042,a,-3.735112667083740,5.018118594902339,5.314182452777024,8.591620400516339
1.1043,piece,-8.725604772567749,9.138154564795627,10.142460246489668,10.175413602800688
1.1044,of,-11.885249137878418,5.905235665503706,6.001135286520277,8.007319771275343
1.1045,land,-13.753768920898438,7.670588636157540,7.412179406467756,10.466705181130358
1.1046,just,-8.708231925964355,4.421976775219387,4.349208801964718,11.820217374970960
1.1047,outside,-12.172861099243164,4.759937627832549,4.374118195466756,14.000000201491694
1.1048,the,-9.645962715148926,5.233843993064450,5.237598999682328,13.648035483379662
1.1049,"town ,",-23.892132282257080,13.490892003310293,13.444288884321960,32.784285606116036
1.1050,known,-11.807518005371096,5.231154335124623,5.200378839848083,18.708056356396700
1.1051,thereafter,-20.420392274856567,9.473176001710220,9.276568764577462,19.998283208835307
1.1052,as,-12.175287246704102,5.388884740381851,5.289093867826256,15.975325218353513
1.1053,Hunt,-15.608326911926270,3.672676387457845,3.548843407252339,18.064942266887790
1.1054,Yard .,-28.924381971359253,12.825084395639154,12.834520114842109,41.003178587703104
1.1055,His,-5.720582485198975,5.878281167053234,6.189455736617900,3.463898024338008
1.1056,fame,-9.165855407714844,6.266700998489231,5.880471290618713,4.523191342598524
1.1057,was,-14.038156509399414,5.969389565405130,6.056289742935772,5.326689263560600
1.1058,indeed,-16.468223094940186,9.965351773234660,9.802418108748476,5.080014678933521
1.1059,"assured ,",-18.510863304138184,11.288005805852460,10.898455783425142,13.149863770487324
1.1060,but,-4.765128135681152,6.113432791801933,5.691050408118743,9.000114105151471
1.1061,it,-13.845398902893065,4.492870611810277,5.057745482659213,10.408729131341325
1.1062,was,-12.812788009643555,4.609955558827368,5.602567827679219,8.345940976260563
1.1063,not,-7.199737071990968,4.946528217788375,4.866117235786074,9.979140150481989
1.1064,nearly,-8.880645751953125,5.242085474947184,5.143609780730184,11.001437371241661
1.1065,as,-3.308081150054932,5.075218505013287,5.091937334874992,12.225503196088972
1.1066,lasting,-8.594798326492310,9.782385288104974,9.609256679604107,13.651377876838682
1.1067,as,-10.087859153747560,6.374049677658761,6.044785671431107,15.001168789790102
1.1068,that,-11.500669479370115,5.764525619258714,5.682415075509367,14.134016330274722
1.1069,of,-12.475358963012695,4.890140301839332,5.255730466911760,17.857314341093542
1.1070,the,-10.389279365539551,4.472152538985290,4.152333173501203,19.001149819644425
1.1071,fearsome,-16.449910640716553,7.794392631277868,7.416360097411780,22.994595490388761
1.1072,Bradford,-11.619314193725586,4.759375351524269,4.987952391611498,24.044894936718947
1.1073,Boar .,-26.360062241554260,15.988252517895107,16.739009226618812,51.088598901868309
2.1,A,-3.886285305023194,6.184910758476195,6.239092981792173,3.626192312481451
2.2,clear,-8.275592803955076,6.044771198843399,6.210005368697233,4.896072222200427
2.3,and,-1.831806421279907,6.160729636434074,6.025888011699776,6.413807497673908
2.4,joyous,-10.630749493837355,12.792773036947533,13.100708450482216,7.416484303680263
2.5,day,-20.633842468261719,9.576652170766302,9.943834143730644,7.562991980150800
2.6,it,-14.845282554626465,5.612877133001133,5.992048533971313,8.353370865279588
2.7,was,-12.309797286987305,5.305651617471112,5.682187012593255,9.232582126323306
2.8,and,-12.492422103881836,5.480800915791747,5.874535635278977,7.300449963345883
2.9,out,-9.022307395935060,5.576164193775033,5.890845684857094,5.001644689858940
2.10,on,-9.554276466369627,5.564301092299278,5.437641439388432,8.044571849320926
2.11,the,-10.524758338928224,6.233322113818786,5.606701046285062,9.037148061933383
2.12,wide,-16.964068412780758,9.739642915062912,9.831181831601548,11.119523950559303
2.13,open,-9.013550758361816,5.817140712090310,6.061024573426553,13.239607088782927
2.14,"sea ,",-12.268423557281494,9.940866640333702,10.336394099402392,31.030006534819158
2.15,thousands,-12.367580175399780,8.373708024036340,7.997431371186263,17.016089123874330
2.16,upon,-17.664370536804199,8.929465477822136,8.176803507209195,15.005397646672595
2.17,thousands,-5.544384718959918,9.194918547671270,8.779320846190814,18.824870882538953
2.18,of,-5.999346733093263,4.888822882332568,4.858259422030800,18.997029939578933
2.19,sparkling,-11.225994110107422,6.206357753868965,6.400008854289311,21.170851878522807
2.20,water,-17.849030494689941,9.173673176778708,8.837095543590609,22.125007783129167
2.21,"drops ,",-16.303890824317932,15.297636955339582,15.755038189214719,50.674924881736267
2.22,excited,-11.184576988220217,4.576214471525851,4.407856296491047,26.871558067623983
2.23,by,-9.348731994628906,4.281647864853136,4.775783656474188,28.948006504001889
2.24,getting,-11.840170860290527,4.545746236373589,4.395122910970152,29.418938582728767
2.25,to,-8.252037048339844,5.924802944721835,5.748270737013503,17.409265498805581
2.26,play,-6.339638710021973,4.813808314349685,4.557217954208662,19.011922931310650
2.27,in,-1.130962967872620,3.846561958255061,4.028107646770699,21.019704417424961
2.28,the,-8.577999114990233,4.998169878806888,5.006968118541343,23.000027856224161
2.29,"ocean ,",-23.173872947692871,11.218974017910066,11.497482712215781,52.930300042868339
2.30,danced,-17.972021341323853,6.941231250803241,6.634659705712371,29.653293185555281
2.31,all,-2.821692705154419,4.620546513371385,4.907669576166441,32.000003369881625
2.32,around .,-16.752789258956909,12.300729416067995,12.799733378711379,53.000823303880622
2.33,One,-5.524330615997314,6.070616227423053,6.239826167544217,3.608662212288141
2.34,of,-0.012718868441880,4.279178968851256,3.975663914200074,6.205237537389870
2.35,these,-4.139384746551514,5.396543704818409,4.867588278967265,8.327413047894899
2.36,was,-1.666525363922119,4.499096564868474,3.934477120771364,5.131145549418887
2.37,a,-1.480689287185669,5.684859295005082,5.933452291271199,8.068545397911933
2.38,merry,-13.741532325744627,5.114472059434354,5.934248030358888,9.087216137187644
2.39,little,-7.950131416320801,5.466810989092668,5.735170412284647,10.101343193967132
2.40,fellow,-8.278529167175293,4.957901184475373,5.214692599175579,11.123940392546137
2.41,named,-12.235929965972900,7.677582017500526,7.873443983383344,12.014425583114981
2.42,"Aqua ,",-26.599938213825219,13.233819747908452,14.147449034369139,26.889067984418411
2.43,who,-9.960711479187012,4.910684435462858,4.580230577892642,14.999999816486790
2.44,danced,-20.080904006958008,8.783886895383725,8.373692009075034,13.340257200786233
2.45,on,-13.869860649108887,5.303613715402864,5.590678614427770,14.137494181249227
2.46,the,-9.803122520446776,4.035341896632437,3.867199690705903,17.011050765789815
2.47,silver,-8.189889907836914,4.560036647787516,4.852321610596093,18.006858227546136
2.48,backs,-16.727705001831055,7.439063142517496,8.063887143818897,20.005753495535171
2.49,of,-11.785136222839355,5.170518420140569,5.542706643366152,22.577203240956969
2.50,the,-6.599430084228517,4.218556758376044,4.257379412731614,23.895549548799071
2.51,fishes,-14.616660594940186,8.535244447742071,8.966459578037581,24.525844912807180
2.52,as,-8.285652160644531,4.331246175829862,4.572733676021984,22.194872082704887
2.53,they,-8.876017570495605,4.210948435965132,5.078961961853820,24.635981064513008
2.54,plunged,-21.738971710205078,8.759146145259098,9.690874498301623,28.975029138023721
2.55,up,-9.046099662780762,4.524798556903882,5.044718796670618,30.100534078284703
2.56,and,-10.140605926513672,4.419507632933772,5.232108459389780,29.578746905934238
2.57,down,-12.262315750122070,4.036715311218890,4.867073397672166,28.873253893436605
2.58,in,-7.914719104766847,4.346672554189750,4.851504448919581,34.711944960492232
2.59,the,-6.501092910766602,4.420540773108376,4.178007752265671,28.011233090442630
2.60,"waves ,",-22.128864765167236,13.631416313018921,13.347607134536474,59.011243970162830
2.61,"and ,",-18.762767791748047,9.020379368940080,9.822916402843964,66.737957112537430
2.62,no,-8.339223861694336,3.451934191932099,3.506838170132722,36.261423159811045
2.63,matter,-11.557184219360352,3.794851185157394,3.498196649874262,34.827560604468822
2.64,how,-10.385632514953613,4.283594189294508,4.205974497538805,29.792774299081536
2.65,high,-8.932286262512207,4.652992404464596,4.471021059014562,21.216060816089239
2.66,he,-4.442053318023682,5.757621189073600,5.916324098145957,17.798647027183950
2.67,"sprung ,",-36.624091386795044,23.833917824789182,23.878733470522803,41.005197793690726
2.68,he,-7.526782989501952,4.290993043769048,4.487907660058752,22.045477512106338
2.69,always,-11.599640846252440,5.002509557384727,5.155367960190558,25.000024664092990
2.70,came,-5.527860403060913,7.671650749340191,7.746208485205798,27.000018714175795
2.71,down,-6.720956802368164,4.258399875370061,4.197338838919603,28.000022591251430
2.72,again,-15.106859207153320,2.597212795596865,2.597464630786259,28.974585917037111
2.73,into,-13.003633499145508,4.619298989527068,4.773745551701851,29.647774140792517
2.74,his,-12.065729141235352,4.599240637261000,4.783033325225972,25.000088829232588
2.75,mother 's,-29.833053231239322,14.371743911683614,14.085139392519331,56.033000088906363
2.76,lap .,-25.402462482452393,12.831662670144013,13.113848545478945,62.448586767218991
2.77,His,-5.720582485198975,5.878281167053234,6.189455736617900,3.463898024338008
2.78,"mother ,",-5.233511630445719,11.277003881975123,11.100328609345407,9.649264121358762
2.79,you,-4.442645549774170,4.801479965214640,4.923867171413743,7.872419609371462
2.80,"know ,",-1.476833870692644,9.821074909324260,9.172337683964843,17.960619955687918
2.81,was,-1.671821594238281,6.110895836845144,5.573472869018147,7.034498103578688
2.82,the,-1.951562404632568,5.908647818838713,5.943043349955599,9.908720184773989
2.83,"ocean ,",-13.778887748718262,10.260086484648262,10.576441251064361,21.464701959558315
2.84,and,-0.574748873710632,4.100622604092412,4.101097833140658,10.897992094938401
2.85,very,-4.466438770294189,4.996934227750621,5.079061461407592,14.227837587845276
2.86,beautiful,-4.786859989166260,4.377151734961529,4.603471792868167,15.430918064891561
2.87,she,-1.680447936058044,4.725113447067304,5.305530142746841,17.458647645343369
2.88,looked,-5.728725627064705,6.799167381235815,6.983499597998910,20.776805312424628
2.89,that,-3.399624347686768,4.974615746984296,5.128878659219295,23.081485744996339
2.90,summer,-5.898601055145264,4.536786998304922,4.483583463599325,24.004785324152131
2.91,day,-7.919228851795197,7.367517391694736,7.542675155117572,25.007387506184727
2.92,in,-1.969912409782410,4.075406999062562,3.923038651708998,25.022032031022764
2.93,her,-2.963077545166016,4.881217788356073,5.223362703558223,27.224604524148070
2.94,dark,-5.506551742553711,5.155889843139461,5.643065029284251,28.195996444298281
2.95,blue,-4.374320030212401,5.493325937764552,5.757288797554097,29.602738226587931
2.96,dress,-3.223733425140381,4.211334310286881,4.985062641560139,30.130144383263360
2.97,and,-1.868956089019776,5.368220193772597,5.504852266333881,28.957445288669209
2.98,white,-4.707749366760254,5.259315171691030,5.505402001623318,31.443957914897780
2.99,ruffles .,-29.769351363182068,21.329688632347175,22.385946056057549,66.326326127804123
2.100,By,-3.594417810440063,5.932683325115732,5.122307136910932,3.100630863735790
2.101,and,-11.835453033447266,5.348104044378178,5.506635580009704,4.108001997394654
2.102,"by ,",-4.716852545738220,9.100270458581424,8.489040481350113,11.076178089493240
2.103,the,-1.228700518608093,5.586951941489581,5.120356062672977,7.943294223199498
2.104,happy,-10.861907005310060,5.578698354551372,5.707029077093836,9.198246695516938
2.105,water,-11.338946104049684,7.644882920633160,7.739914460952340,10.165578951869762
2.106,drop,-8.700724601745605,4.391638958043098,4.519875852810489,9.628449082100056
2.107,tired,-12.839809417724609,6.724037769630979,6.342994404926753,8.233144491513434
2.108,of,-0.032928794622421,4.351429190983163,3.806825010773766,10.054706926069210
2.109,his,-6.304208278656006,4.617636496916479,4.654185780377314,12.563131220327914
2.110,"play ,",-9.343492388725281,8.771263081253885,9.448924839813841,27.508345242365042
2.111,and,-0.599639892578125,4.952616739321875,4.743466693434161,13.896472673996985
2.112,looking,-10.942886352539062,4.935281801166657,4.907625281236522,13.554427086540967
2.113,up,-3.230394840240479,4.417419480514439,4.859509172018394,15.725794459274926
2.114,to,-1.855643153190613,5.231744689896525,5.009704106211979,17.137262879113635
2.115,the,-1.470491170883179,4.579710314563640,4.658521799010861,19.517285946598307
2.116,clear,-7.639652729034424,5.182184321608981,5.194837563771856,20.616651720307267
2.117,sky,-6.994580745697021,7.650490937431787,7.930477317978966,21.202401361637520
2.118,above,-4.950406551361084,4.729803203863180,4.558012079041786,21.935658693622884
2.119,"him ,",-6.194160938262939,9.970852214095856,9.757139327547449,40.685124181064069
2.120,thought,-7.666559696197510,5.131351488712398,5.586357303726697,19.442273334914717
2.121,he,-1.355998396873474,5.361793646697019,5.528267200143120,20.699688595501282
2.122,would,-2.143222332000732,4.757952244103682,4.768560599466250,22.696648247297393
2.123,like,-6.221240520477295,4.184278330943172,4.493585278272872,24.877487069553609
2.124,to,-0.003720743814483,4.995094360249785,4.787258300511779,27.822451903035496
2.125,have,-3.125988960266113,4.819397613801513,5.008848992972672,29.773057390252113
2.126,a,-1.389567494392395,5.086503167785738,5.234723696879554,31.933247803662468
2.127,sail,-11.161314964294434,3.446585918769406,4.306446617669375,32.943576061996175
2.128,on,-11.118399620056152,4.843835061048276,5.318996585922328,33.857707640990007
2.129,one,-10.970552444458008,4.634791511950581,4.673138946306674,33.641490615273639
2.130,of,-11.379019737243652,4.236291677102584,4.381141168735224,35.576448812569772
2.131,the,-10.085489273071287,3.369966294686608,3.408251732991241,38.302476523358678
2.132,"white ,",-13.545326709747314,8.198818313978435,8.054091273645334,81.804867751924718
2.133,marshmallow-like,-16.621158361434937,10.126606279823497,10.476519681455011,42.422807157023648
2.134,"clouds ,",-13.946256726980209,13.957054017143319,13.939780830825519,89.433172503690386
2.135,instead,-12.284071922302244,8.411192612486287,8.706016743154029,46.185843954572753
2.136,of,-0.007972325198352,4.359755651761620,4.248764495078797,47.185545763860866
2.137,spending,-15.128009796142578,3.688995211383916,3.628641123328576,48.174237106468439
2.138,his,-11.676721572875975,4.804327915554106,5.091267521665335,49.174275134872225
2.139,whole,-7.346566677093506,4.315974268053407,4.209838534510742,50.153387545100891
2.140,life,-5.145093917846680,4.904950493287593,4.910932366066255,51.131185573143007
2.141,in,-6.956682205200195,4.163026279810015,4.049770445737186,41.568028669537775
2.142,the,-8.252374649047853,3.403457930446514,3.439061266078235,46.976558935722274
2.143,ocean .,-20.587662339210510,10.635492270809589,10.845323444497444,86.988875931037796
2.144,Of,-4.363322257995605,6.026617447868774,5.874136089202747,3.082666654674388
2.145,the,-0.391437083482742,5.286787613057641,5.152856242813139,5.590572234192681
2.146,"sky ,",-13.424578376114368,14.989957243625497,13.808981192203527,10.032845679278747
2.147,little,-7.182927608489990,6.406077733186077,6.558828667291687,6.314451197809283
2.148,Aqua,-14.328600764274595,8.886965197057931,9.356929752775017,7.001307509324985
2.149,had,-13.296914100646973,4.819156813460178,4.794357068261954,8.001505652510854
2.150,always,-14.410809516906738,4.757707608696136,4.774500359713429,8.048018550784910
2.151,been,-9.207802772521973,5.425709671362059,4.922608534063508,9.021645173879241
2.152,"afraid ,",-21.073980551213026,16.700934502829409,16.741721037108647,24.163890386661066
2.153,but,-4.995278358459473,5.384448231731671,5.194514724605493,14.000003534367290
2.154,he,-12.604766845703125,5.145938500061608,5.240831504550618,15.999924368025944
2.155,decided,-13.574937820434570,6.028339341107531,5.895147559498877,12.102665140544286
2.156,to,-6.807357788085938,5.301177017809461,5.196110044898613,15.377806529325344
2.157,finally,-16.328625679016113,9.956742402960499,10.689073282847060,17.006942959326778
2.158,face,-8.687969207763674,4.935026126506730,5.487359711911077,20.263533718715340
2.159,his,-10.389558792114258,4.288846402902350,4.462554373536034,22.055079342667494
2.160,demons,-12.667856097221375,12.561157057433245,12.645918387389244,24.214286243845802
2.161,and,-2.707318067550659,5.937845630025294,5.959275655308439,25.132031628983498
2.162,suggested,-14.559190750122070,8.433892206328725,8.888829268576123,26.111541153820795
2.163,a,-9.682189941406250,5.286537354591903,5.994291464035128,24.099432893570505
2.164,solution,-15.315549850463867,4.548501035813191,4.298207351526947,27.999999250682922
2.165,involving,-16.144450187683105,9.609450852279943,9.760824541916042,21.176125110287909
2.166,the,-4.228429794311523,4.501752327624816,4.340953841024938,22.227336753161026
2.167,sun,-13.951608657836914,4.393716812189241,4.635802746008086,23.000000000207049
2.168,carrying,-14.085530281066895,9.443866929795510,10.455294595064164,26.374449637753173
2.169,him,-8.627811431884767,5.175457505745618,5.147406820293296,27.227443337279411
2.170,up,-9.553945541381836,5.280746896626937,5.306640680146065,28.450704492747718
2.171,to,-8.305889129638674,4.693906579992957,4.865797579665061,30.001316903376104
2.172,the,-13.136060714721680,5.173225044150820,5.291623169585074,32.998224481959049
2.173,sky,-11.880142211914062,7.138366588517938,7.270239631774082,34.000009352745273
2.174,would,-10.803319931030273,4.551184355174478,5.446782050167331,37.073852432224996
2.175,be,-13.131275177001953,3.952764008335596,4.123403290795881,38.543551256277254
2.176,ideal .,-27.446648120880127,13.580689994182684,14.181787727959790,81.957077943900572
2.177,The,-1.652928352355957,6.216193485653642,6.231108800665612,3.459354033097218
2.178,sun,-9.921307563781738,6.174588897417996,6.376114651521799,4.407212146655897
2.179,understood,-11.072353956522420,14.715084170543829,13.251600350735574,5.092541640443279
2.180,Aqua 's,-29.963875554502010,24.045040998597255,24.861774159226730,15.785835851978611
2.181,request,-18.490077972412109,4.790563679990584,4.868731259221665,9.624199351113266
2.182,came,-18.719245433807369,8.746983243591371,9.038319764671195,10.015165774124377
2.183,from,-7.714279651641847,5.144498415205812,5.134248860485591,12.893141149363270
2.184,his,-12.550620079040527,3.751535229244599,3.957973886864948,10.815560856702552
2.185,"heart ,",-25.368819236755371,8.992837016275175,10.031840097200943,27.141896434428304
2.186,so,-9.094985961914062,2.734683241302295,2.625750349931341,16.188419936572476
2.187,he,-12.186114311218262,4.833901075716914,5.899918771160983,14.586136089203874
2.188,acquiesced,-20.855329632759094,9.486187145516917,9.412186322038048,13.701980876928936
2.189,and,-13.524933815002440,4.898754177317499,5.058424478796049,13.300286676779209
2.190,also,-12.726433753967285,5.196259187939266,5.099066460014021,14.034819634394221
2.191,took,-9.658824920654297,3.691643983359726,3.506074563336532,15.243463938524116
2.192,ever,-13.241150856018065,8.865778393035702,9.136929358574717,16.257036399162207
2.193,so,-4.282950401306151,4.998720288445885,4.782663600256299,17.230136735630342
2.194,many,-13.638849258422852,4.991564743004603,4.781245166686984,18.000409995311074
2.195,other,-10.173006057739258,5.189575887015859,4.979248060357792,17.003356742161234
2.196,"drops ,",-21.565203428268433,13.220167760792176,13.051151155880593,47.979508433541298
2.197,so,-7.006155490875244,3.121422057938054,3.085277617638222,30.007619865684770
2.198,that,-9.481522560119627,3.202005009572662,3.033690404439222,31.000831965642213
2.199,Aqua,-16.542966604232788,8.572619662592626,9.726977661858230,32.002638370196074
2.200,might,-14.129765510559082,4.080398239219411,3.949990424121807,32.999064991492034
2.201,not,-11.750712394714355,4.542088945873164,4.361812927572092,33.983861628226244
2.202,be,-1.683178663253784,4.634461641362201,4.757291994885946,28.000104942068969
2.203,lonesome,-29.124515056610107,7.582341388260965,7.786428704965079,29.000527757138354
2.204,on,-10.993072509765623,4.631697812241566,5.516551510173624,34.032647263330958
2.205,the,-11.127121925354004,4.510417773537990,4.346398017114852,35.056642681197737
2.206,way .,-23.465660095214844,11.446697738106991,11.646742532711778,69.508879440367778
2.207,It,-3.523702144622803,5.975466083379700,6.746003274069055,3.255935461031633
2.208,was,-2.202806472778320,5.612470929407762,6.038403578106284,5.170998584181224
2.209,only,-2.970383644104004,4.149785086355038,4.664501659206813,7.322903498464536
2.210,the,-0.882987797260284,4.339332309642043,4.505296842733426,9.476053370291316
2.211,sun,-9.184899330139160,4.421503799699085,4.991596629330253,10.823703153507097
2.212,that,-0.001935396110639,5.319641529165455,5.153135566628138,12.467885070938374
2.213,knew,-9.949813842773438,4.833340742045065,5.153191473450305,15.214126350741294
2.214,"this ,",-5.708279848098755,9.245934604628790,9.164680970649030,29.979687484932306
2.215,"however ,",-1.512722193809168,14.601672247399229,14.428124751735808,28.315780169293948
2.216,for,-2.807587623596191,5.335233325078554,5.300266180506553,19.130598154532485
2.217,all,-4.577991962432861,5.698398068494445,5.775198215087526,24.680443064244344
2.218,the,-1.306039929389954,4.884197610709283,4.695254764439365,25.603659202494693
2.219,other,-5.243624210357666,5.160494326096664,5.005563990531940,27.200890402521203
2.220,drops,-10.127153187990187,8.849038238442034,9.251346142860928,18.001522019994464
2.221,had,-0.316392809152603,5.350847180090653,5.372984769724654,15.957204398945114
2.222,been,-0.892705678939819,4.963135135750036,4.655991922733985,17.096865407448494
2.223,changed,-6.853524327278137,8.451027344319643,8.751918866716496,19.031181435371760
2.224,into,-3.750981807708740,5.153182633598513,5.438892007812322,21.060518084400520
2.225,fine,-9.385051727294922,5.292571237027858,5.465751015864222,23.185280118136578
2.226,mist,-11.631837129592896,7.385644861955142,7.958815578058800,24.333005155879050
2.227,or,-5.204961299896240,5.032304450572800,5.228780113868803,25.226906381363868
2.228,vapor,-21.505663394927979,7.525412883921307,8.206844014680449,26.242445828169842
2.229,and,-6.458034515380858,5.534972763025607,5.493917736802835,27.140233903665447
2.230,Aqua,-13.069198250770569,7.807878253133992,9.653133882168207,28.160288584907352
2.231,could,-13.401187896728516,4.289729142231543,4.367296654960162,29.145880921567212
2.232,not,-8.825227737426758,4.513774472403231,4.442354986711138,30.207377568337680
2.233,see,-12.252925872802734,4.833742421858406,5.197555899922280,30.996662480688371
2.234,them .,-28.032762527465820,13.323891255501737,13.944806335348986,64.994114365674633
2.235,Do,-2.906037807464600,6.167909165345094,6.257126492121782,2.773943548414982
2.236,you,-0.922791242599487,5.051973381760514,4.681645390409167,4.004449631677870
2.237,know,-1.923745632171631,4.813989745932304,5.399520351935087,6.002437864406454
2.238,what,-0.180139079689980,4.957257580195042,5.343897000915148,9.061920577565489
2.239,vapor,-16.249556541442868,7.975341245796477,8.926016002148890,11.429095755441995
2.240,is ?,-22.942266941070557,11.598900604617420,12.486475022391810,26.819227236759836
2.241,If,-1.671004295349121,6.356613074729201,6.210714957431320,3.119436650155399
2.242,you,-2.709590911865234,5.300615604250138,5.139568522592032,6.087783354315502
2.243,breathe,-10.852137565612793,3.615209691708488,4.112390840144759,8.183495607073214
2.244,into,-11.882668495178224,4.789518254172173,4.462914186481195,9.206198795705358
2.245,the,-9.422855377197266,5.237714262089816,5.516733235197973,11.189917557746202
2.246,"air ,",-14.938182353973389,9.383024491822122,10.082638915048204,27.385269197292750
2.247,when,-14.562560081481935,5.536364721257780,5.594854517154404,5.777963440426053
2.248,it,-12.524748802185060,4.349111522361818,5.484671041409951,8.286377765375290
2.249,is,-12.838005065917967,4.496098752352814,5.220214369073242,14.882531837882965
2.250,cold,-12.294469833374025,4.224028497085999,4.176477006915198,16.856255593117609
2.251,"enough ,",-14.162369251251221,14.159506371850668,14.160254390319167,28.223115191989237
2.252,you,-8.846134185791016,3.077395969492799,3.212883204022470,15.711391057036385
2.253,will,-11.903314590454102,5.834578890244910,5.828113539182381,8.004718702949040
2.254,see,-7.781107902526855,5.486266477203364,5.404279021625697,11.143216451265712
2.255,it,-9.386230468750000,4.985664853720174,5.763849243168756,13.408274689971778
2.256,coming,-10.797054290771484,5.669652065778570,5.787125853593707,15.204654163485881
2.257,out,-10.000070571899414,5.036937685775587,5.640982155814585,18.142925844362377
2.258,of,-6.029770374298097,5.421805385934618,5.198603683755490,20.070298208036395
2.259,your,-12.155242919921875,3.469572095893594,3.386296338601921,21.000737810087809
2.260,mouth,-7.295598268508911,7.341954551190763,7.241255724661981,24.086872198762695
2.261,thick,-12.987259328365324,11.568251781429661,11.525629074015779,25.065323002065622
2.262,and,-12.051490783691404,5.648982466383863,5.508722469405110,25.999957430055584
2.263,fast,-7.222866058349608,5.112995329815754,5.227610699932988,26.999923825950585
2.264,like,-13.675164222717285,4.033743032289292,3.952106362597889,24.339472125600800
2.265,steam .,-26.211748123168945,12.611327242545045,13.248383008682758,51.828680643594538
2.266,When,-0.057549852877855,6.076412383427700,6.237477393603897,4.052596691218262
2.267,the,-1.543578147888184,5.124880016347121,5.067848587683961,7.232146750106086
2.268,vapor,-12.163677453994751,8.018549290535121,8.250615940755061,8.195260627544126
2.269,is,-11.399231910705565,4.511291647212466,4.756944323665311,9.231424287143581
2.270,quite,-10.623517990112305,5.670087393953290,5.801292459667147,10.199409193376251
2.271,near,-8.805959701538086,5.963395538539907,6.092307363545343,10.903156155579827
2.272,the,-4.759223937988281,5.456840705327659,5.426109591151866,10.435951274658009
2.273,"earth ,",-14.480009555816650,9.645380996599815,10.280979520202761,24.406645300255011
2.274,we,-8.332283973693848,3.689878858911735,3.775201530002599,14.090414132868789
2.275,call,-18.376369476318359,5.773239623122049,5.801674610643034,4.001955741855427
2.276,it,-0.795549929141998,5.867535534834166,5.594833257975123,6.565340343831108
2.277,`` fog '' .,-42.567420055594994,43.208253577476043,44.195762222368572,45.126346235141931
2.278,Into,-16.675832271575928,11.002399082171340,10.584060080057199,3.028288427517473
2.279,vapor,-24.399460315704346,9.756288743093831,10.887638712953397,3.151274075278657
2.280,the,-10.627963066101074,6.005044813191511,6.666759053216608,5.595586884351818
2.281,water,-12.875915050506592,8.889618346392352,9.046871005832141,7.164527421572179
2.282,drops,-13.042974233627319,10.634735578012293,10.692655493200213,8.473419341631672
2.283,that,-4.551715373992920,5.903588264524941,5.423886289286123,5.546099811006115
2.284,danced,-17.761791229248047,11.512139262089848,11.531745762617804,6.394630004410293
2.285,in,-9.227033615112305,4.868788025905697,5.634021389145746,7.088211912531292
2.286,the,-3.054734706878662,5.447536269033739,5.341236952582789,9.510834498677236
2.287,ocean,-6.547263622283936,5.604772115689632,5.590320201473251,10.243252667578313
2.288,had,-14.963432312011721,4.480326166158823,5.180370599610316,11.321534905622670
2.289,been,-12.604489326477051,4.198662367722801,3.983378962667806,14.311549043324931
2.290,"changed ,",-18.660695314407349,13.824188845182313,13.504250660346694,35.313158458633161
2.291,because,-13.752108573913574,10.290467596041818,10.210762370988901,7.019360786946187
2.292,in,-6.939324378967285,4.684573716923657,5.312054861492215,9.054819457752883
2.293,their,-10.129213333129883,5.050641476457232,4.834734000945012,10.000441543633624
2.294,own,-2.693740844726562,5.450634597709586,5.184987541992395,11.999802717916589
2.295,shape,-13.761019706726074,4.828203524871664,4.485529280382948,13.000496874348247
2.296,they,-13.500521659851074,5.248201430614919,6.032624063465670,15.000023555029184
2.297,were,-10.873000144958496,4.688022175483753,5.077208138130742,17.000002295331676
2.298,too,-10.123455047607422,3.872509973953925,4.656246232339670,18.000032251799752
2.299,heavy,-9.053931236267090,4.814816174894281,5.018727178614711,19.000037980644837
2.300,for,-12.640070915222168,4.359415462137301,5.101534702097824,19.304119341544180
2.301,the,-10.777968406677246,4.993312653927374,5.146156946568588,21.060173819853986
2.302,sunbeams,-19.363628864288327,11.220553125029884,11.274243426562792,22.000196119672903
2.303,that,-11.918379783630373,5.366883807471758,5.244148080770351,23.000231131072393
2.304,the,-9.303564071655273,4.804227506782746,5.088424027012517,25.667490715590645
2.305,sun,-7.564119338989258,4.241388353336052,5.081884619304152,28.089224293770531
2.306,let,-9.546100616455078,4.164532787103991,4.506549849814379,28.911780561297423
2.307,out,-8.687487602233888,4.109387272822873,4.151633735847275,29.805783151494218
2.308,to,-9.669466972351074,4.329474385010681,4.161742562162400,30.633341270348211
2.309,carry .,-27.863019943237305,13.183533057160041,13.668555698301367,68.818763977279019
2.310,Higher,-8.822044372558594,6.164804314199885,6.883207989933785,3.579687870950607
2.311,and,-8.251923561096191,6.121526035672994,6.619052085082700,4.549935048214286
2.312,higher,-2.635852575302124,4.549928681170027,4.479409718393081,5.522855095804498
2.313,they,-11.046386718750000,5.906256597679569,6.311144859936050,6.000000898867574
2.314,"sailed ,",-18.600012183189392,15.784975142418352,14.701565264760266,11.158314645509535
2.315,and,-6.467284202575684,5.856509989585137,5.792393044180505,7.038320740100738
2.316,though,-11.663671493530273,5.873430710996449,5.562333377629075,8.097612564553339
2.317,it,-10.698889732360840,5.847619145181928,5.877383017829765,9.765505248096817
2.318,was,-11.881889343261721,5.382225958897191,5.833823525589438,11.767846103213529
2.319,"grand ,",-20.807952880859375,11.808391689377469,11.928399106756686,28.897861710950238
2.320,Aqua,-21.461332321166992,8.168593387339421,8.978994242513522,17.729286383001661
2.321,and,-10.788339614868164,5.439899444580093,5.453289985656762,17.999999999999886
2.322,his,-5.865029811859131,4.702311992645244,5.128337860106972,18.999999999997822
2.323,friends,-10.312217712402344,4.524192333144748,4.491603374395294,19.999999999575810
2.324,were,-10.764502525329590,5.016516476679008,5.090062970300830,17.530056904474510
2.325,like,-11.297021865844727,4.644491253477690,4.577171431409881,18.289443071179608
2.326,fish,-9.449803352355957,5.482694837933773,5.489997275339109,16.151607026421701
2.327,out,-5.228787899017334,5.411163847566479,5.720421401751782,18.000946569816094
2.328,of,-8.130090713500978,4.726343333632888,4.986675429543185,20.061462423309194
2.329,"water ,",-26.186584472656250,13.142910571582945,13.554021941693513,46.670921814797765
2.330,so,-9.222628593444824,3.072444203762179,4.007524975371968,24.010049574389292
2.331,they,-16.393545150756836,5.477668073251007,5.640770874828129,20.685910822568268
2.332,grew,-15.399826049804688,6.368804762537707,6.311357167062764,18.000070732721582
2.333,quite,-11.930698394775391,5.874058070821206,5.939795796140174,21.000068532267640
2.334,dizzy .,-21.989274501800537,12.681996496386382,12.616543182221793,48.002488681398269
2.335,They,-4.217763900756837,6.440059799503674,6.808608391731434,3.136232103890133
2.336,enjoyed,-9.522800445556641,8.167128733548257,7.760103224090940,5.229098182169283
2.337,looking,-5.378943920135498,5.088271533940619,5.329882817287283,8.304656487830595
2.338,down,-3.584100961685181,4.318440985135913,4.655078266352210,10.304143446425764
2.339,on,-2.475370168685913,4.592488248606207,4.427312410091063,12.103914650993131
2.340,the,-1.393954038619995,4.359427781499537,4.601208577230971,14.463267405026507
2.341,world,-6.106827735900879,4.798223227961057,5.023370337653174,15.507560985731663
2.342,"below ,",-12.224578499794006,10.032444574088164,9.750807203152480,27.319675853986112
2.343,while,-1.836288835853338,9.701278055170453,9.382585677507743,11.424387530079624
2.344,the,-1.630990147590637,4.441177114044272,4.760890554747014,14.831920229313125
2.345,wind,-7.387758255004883,4.375585626020545,5.357306164510086,17.255835043039337
2.346,scattered,-10.026331814471632,6.546273007656546,6.827836254618662,17.057160982306215
2.347,them,-3.705043792724610,4.207405650350093,4.507075501269188,19.103523600975929
2.348,across,-2.917953014373780,4.688116293875784,4.721342171587820,21.117151100917546
2.349,the,-0.691417753696442,4.842485867368535,4.973290079012696,23.257946091219456
2.350,four,-9.010688781738279,3.938197674780912,4.176016388213597,24.532566448510710
2.351,corners,-6.512693881988525,4.135270730432048,4.308620271612565,25.755980215545911
2.352,of,-14.408186912536619,4.713127747118068,4.617160642085180,27.067936199087892
2.353,the,-12.431053161621096,4.835683111281686,4.891591198129988,25.920500016640929
2.354,"earth ,",-14.119007587432861,8.454457443868817,8.841098434426698,57.444856690080641
2.355,but,-8.978842735290527,4.800383370837704,4.732894589606985,29.977682373842232
2.356,after,-15.421892166137695,3.661385189508997,3.495410174362297,25.154169592846490
2.357,a,-8.284947395324707,4.323470828983706,4.337618050080525,25.767413903380941
2.358,while,-9.339681625366213,8.280483643717506,8.296900429546572,27.025808900560573
2.359,it,-13.451658248901367,4.515070311714188,4.262819310331853,27.975897950758082
2.360,grew,-15.259242057800293,4.391637520261926,4.507215498215722,29.949372978465799
2.361,nearly,-12.417057991027832,4.622114201251617,4.489354772946657,31.920806543900596
2.362,time,-10.399523735046387,4.173536585146377,4.696198101741766,35.584702891831753
2.363,for,-8.397686004638674,4.286577773554630,4.367363565288731,36.603290053531019
2.364,the,-10.941062927246094,4.667842685445460,4.789003192106492,37.535867098726506
2.365,sun,-8.890632629394531,4.650712552185314,5.473771204718535,39.493384902065500
2.366,to,-7.498049736022949,4.712056292685294,5.174657951516473,40.477416584426216
2.367,go,-10.434102058410645,4.542936061077806,4.986506813127339,39.924326468722320
2.368,to,-2.316377639770508,4.291573453226049,4.434889798236680,42.178691669853812
2.369,bed .,-22.744481801986694,16.902072917693403,18.377877701154439,91.479512006146308
2.370,He,-3.091049671173096,6.821128250995057,7.122151286628733,3.089313103261496
2.371,became,-6.424813210964202,11.244796902270592,11.000053071188431,5.268012545989436
2.372,very,-4.174805641174316,5.737973561072440,5.570118474254251,7.322621223610708
2.373,red,-10.590173721313477,9.256683133615509,9.898605635961042,8.379413388531928
2.374,in,-0.952206730842590,4.820246548165319,4.676604115160743,9.901913204020019
2.375,the,-1.693260669708252,4.457707957189453,5.068885493005485,11.668173812451661
2.376,"face ,",-5.432483315467834,9.041627178290124,9.005131805627475,20.901075253711269
2.377,and,-0.665885150432587,4.907476360883852,4.462040984048548,6.816435759354994
2.378,began,-4.921172499656676,9.802902515868483,9.852674308590453,10.017033193119717
2.379,to,-0.994085073471069,5.666880403701272,5.518957310731522,13.030650413169901
2.380,sink,-7.106278896331787,4.644471607777900,5.315151349415441,15.013608002313848
2.381,lower,-8.442996978759767,4.613918227321651,5.185422786914568,17.015625955676292
2.382,and,-4.089515686035156,4.685385768300678,6.078034484402363,17.782887618612726
2.383,"lower ,",-3.879609584808350,9.083968446362061,9.460180129058902,34.978090714400821
2.384,until,-3.361703395843506,5.656608922450960,5.874230737098185,14.989233350329107
2.385,suddenly,-2.433421907393495,8.567604801024215,9.352506151607583,18.062342882403065
2.386,he,-0.860332846641541,5.145513629698191,5.235885086313946,20.051546002109589
2.387,went,-3.988672494888306,7.960763330590294,8.483250865314718,22.187306933981567
2.388,clear,-8.204838752746582,4.462563925589931,4.917356595954415,23.952586939651884
2.389,out,-4.366741180419922,4.957237569137903,5.023041138709937,25.568782207679128
2.390,of,-0.006909643299878,4.655676732646640,4.448793730030813,27.684028876101451
2.391,sight !,-12.578709424415138,12.957631596876924,13.519769376606458,35.761240969177365
2.392,Poor,-10.453271865844727,6.316003399996299,7.091800061457818,3.302213301984496
2.393,little,-7.300403594970702,5.400836628504996,5.243196869347317,4.331574039526704
2.394,"Aqua ,",-26.999447852373123,13.711104823197903,16.371383114371444,9.840578866089441
2.395,frightened,-11.081027030944824,4.183522120315054,4.581700198666847,6.035708043338111
2.396,by,-8.943405151367188,4.642365019223885,5.259258119194842,7.000004090472367
2.397,the,-7.618176460266112,5.326671145078906,5.982984429825223,8.000000016332804
2.398,impending,-17.367377637212485,9.839080817995180,10.590849198556171,9.000000164283680
2.399,cold,-9.021512985229492,5.124300401743400,5.396823189070112,12.262423084321144
2.400,and,-4.027865886688232,5.932637272136747,6.229141516260849,13.072681147595592
2.401,"darkness ,",-16.134501934051514,14.914464411380701,14.578332768118003,27.863233309054159
2.402,wished,-11.534417152404785,4.291755293950973,4.458091077580257,12.405095394949520
2.403,he,-11.586015701293945,4.948598967883245,5.866923365773410,12.524260754702008
2.404,could,-9.649711608886721,5.414796846901903,5.856632716808088,14.475013108962164
2.405,sleep,-9.216433525085449,5.182132549723043,5.126345542801840,18.999786942565862
2.406,not,-10.422322273254396,5.617283792050666,5.526551261108037,19.999273449016595
2.407,in,-11.553159713745115,4.965253252274318,5.636198172721780,8.184172923251376
2.408,the,-10.467880249023438,5.744249443863275,5.942747041066803,10.001043858101307
2.409,"sky ,",-20.822225570678711,13.905377355309280,15.047878124636489,28.702710084898577
2.410,but,-4.964042663574219,5.022982920089455,4.839187692425588,17.007987578708743
2.411,somewhere,-9.770713329315186,9.514200401390770,9.322611038142446,19.265264640072502
2.412,closer,-13.215821266174315,5.578849159436143,5.635344288915168,20.138227424984752
2.413,to,-12.456161499023438,4.123668191045109,3.962572790904561,20.723171443056820
2.414,earth .,-26.325322389602661,13.351585014851659,13.289710956145401,42.014051770252657
2.415,Then,-3.511779069900513,6.099443320222187,6.057052913474799,2.974602023277294
2.416,Aqua,-15.950594425201414,10.792635515854226,10.943763853794939,4.869737358521727
2.417,heard,-24.431612968444824,10.601652266438224,10.612007067517652,5.987866614607164
2.418,the,-9.405576705932617,5.707659940841918,6.292406310830210,7.143287296322608
2.419,wind,-8.946146011352539,4.974144125287498,5.499947469522888,9.015897162673769
2.420,blow,-8.649097442626951,3.593311930338511,4.114854747612151,11.654933872027733
2.421,and,-10.772636413574221,5.868384278107686,5.714679052253349,10.904948491944964
2.422,conjectured,-17.550698518753052,8.384580256749816,7.905044686583308,12.929103642785986
2.423,that,-10.549383163452148,5.806357120910302,5.733634066469519,13.884289301845516
2.424,maybe,-13.698808670043945,4.570804586586125,4.307739630222058,14.813417184392414
2.425,the,-6.396716594696045,4.880000340535993,4.540831507169448,15.826376023435547
2.426,wind,-15.599061012268065,5.512708162501323,5.539007847518002,18.000050444775905
2.427,could,-12.472385406494141,4.225134743649100,4.264094705723247,18.997786414753261
2.428,take,-12.071283340454102,4.411529493381133,4.904950546825305,22.043180139588625
2.429,him,-12.610483169555664,4.880207472016308,4.608842929849731,23.015654278403634
2.430,back,-8.133992195129395,4.326924948209559,4.766081339624073,24.123619927344727
2.431,down,-7.065783500671388,4.153711409223373,4.445899081158140,26.001355776149136
2.432,to,-8.970818519592285,4.991604485256285,5.734133641910628,28.001519761175171
2.433,the,-7.284915447235107,4.903327941210990,5.055810918682624,30.002048198732691
2.434,ocean .,-27.113487243652344,13.613240953576105,13.531126224500781,65.061145432015280
2.435,"Indeed ,",-3.188670471278783,18.301128565383991,17.128112021036038,7.100465207462628
2.436,the,-1.953153133392334,6.117791036001919,5.531610649222992,6.575280459041437
2.437,wind,-9.057561874389648,5.654736810827293,6.657736243319737,7.281667175061625
2.438,took,-6.122278690338135,5.335186479267216,5.829411769139295,8.106863974798229
2.439,pity,-13.674179553985596,8.900508284167202,8.779879167705722,10.118230349616589
2.440,on,-17.789516448974609,5.007869081668686,4.608046013923714,10.451489621358263
2.441,him,-15.084192276000975,5.057166094811643,4.942022077531005,11.833038782666748
2.442,and,-11.644101142883301,5.238633123796600,5.818336244321427,14.659482296109006
2.443,fanned,-25.065816871821880,9.080098899840326,9.316603498380577,15.000099021891501
2.444,"him ,",-18.224979400634766,8.923078627358908,9.311234050026183,33.000005075658102
2.445,together,-11.764935493469238,4.809167784909329,5.183273136407331,14.003398633244906
2.446,with,-9.771718025207520,5.350058247537581,5.395227811796086,15.000407281873262
2.447,all,-3.936787605285645,4.849227936727607,4.680025458992009,17.532677320393685
2.448,of,-1.837599277496338,4.874594339246089,4.802234476920098,19.323969653148719
2.449,his,-4.481345176696777,5.488769635518164,5.467040531283064,21.855923247984204
2.450,brothers,-13.985441207885742,4.767172198068844,4.843719067623593,24.677226757429761
2.451,and,-7.005680084228517,4.106183363143345,5.490625792180309,26.902365104338870
2.452,"sisters ,",-1.919827401638031,12.671634832260942,12.467563906421784,51.924201358470668
2.453,into,-10.016852378845217,3.878419059378426,4.992513365295958,27.633681602058211
2.454,a,-10.225307464599609,4.597023231198802,4.446575824886722,28.426317701162148
2.455,heavy,-17.177947998046875,4.938013433172856,4.899097227384296,19.839521741740274
2.456,gray,-17.497398376464847,4.990201944468800,4.882211314162443,20.002277567834128
2.457,"cloud ,",-17.509309291839600,11.019084504712097,11.983518483901262,47.675160091658526
2.458,after,-9.694545745849609,3.767505128930667,4.689306980544123,25.171311879268991
2.459,which,-12.217746734619141,3.968446160789110,3.705929567273646,26.166073500522991
2.460,he,-15.261325836181641,5.632098366682071,6.020879488914352,21.634212253179626
2.461,blew,-14.147124767303467,8.810989797942865,9.214816632550852,23.435611212732269
2.462,them,-13.120691299438475,4.427121061494153,5.019844614093580,29.085312077772336
2.463,apart,-15.501603126525881,5.392751636206921,5.370514027069823,31.153910159850163
2.464,and,-12.188477516174315,4.565726186507394,4.491114060251909,32.056420199856966
2.465,told,-12.706870079040527,7.518214914241005,7.908128250070266,33.395670820662843
2.466,them,-2.265825748443604,3.566398315874501,3.330871593893974,36.031201385889133
2.467,to,-7.106701850891112,4.541025314637901,4.508782971000373,37.980595820753528
2.468,hurry,-20.986133575439453,3.700572718232225,3.645088450479944,39.010814375275039
2.469,"down ,",-21.078756332397461,8.788467305697905,9.302733700053826,75.496269880033310
2.470,fast,-10.853934288024902,4.557925569915861,5.256381479212765,41.989989037616745
2.471,and,-9.556231498718262,5.942565239082923,6.547716532724843,43.000059897630827
2.472,furious,-10.222198486328123,3.528414598429672,3.565021348937527,44.000005702240188
2.473,to,-9.878830909729004,4.618204442559033,4.674618978430165,47.004426057429534
2.474,the,-11.638642311096193,4.810907297499426,4.849763878738798,47.938901497893646
2.475,"earth ,",-17.456384658813477,8.403085103228850,8.141259386921746,99.000033551317529
2.476,so,-8.505745887756348,4.518962617147337,4.462757691952913,51.000002603814153
2.477,they,-12.856587409973145,4.112691450486675,4.033747347961032,52.000000672356215
2.478,could,-11.953125000000000,4.679172967460018,4.594099549784898,54.994364891735643
2.479,have,-9.327041625976562,3.887910108200114,4.404888767122991,56.049930224516210
2.480,a,-6.494137287139893,3.393288871511988,3.379520342628253,57.058979406702939
2.481,fighting,-17.664716720581055,3.492135734204611,3.376288624118040,55.000000007152309
2.482,chance,-13.573348045349119,4.740153819326545,5.262583597156492,54.596538210956240
2.483,of,-13.173867225646973,5.144174128418976,5.273762601731645,57.593069826247209
2.484,reaching,-11.384277820587158,6.379915251153643,6.640878921404714,59.323470464891301
2.485,the,-6.385233879089356,4.546160482340301,4.615991971535363,61.608342619928578
2.486,ocean .,-25.395024299621582,11.028614991930578,11.379555228866884,128.568147320250262
2.487,Down,-8.789845466613770,6.180401580496862,6.139363875551750,3.211854864864278
2.488,they,-5.291718006134033,6.295689034041287,5.964790410420884,4.154340026469730
2.489,"went ,",-9.627363324165344,14.436608120754233,14.160193544122123,13.440566422708265
2.490,rolling,-6.686689496040344,9.041727936746037,9.443256134171534,10.157911945166104
2.491,over,-2.220017671585083,4.993689576819127,5.063611351951947,12.130742036936097
2.492,each,-5.325398921966553,9.352655972245326,9.662223193566303,14.283531815023446
2.493,other,-0.218947947025299,4.755161869564192,4.581611536565402,15.266703603011925
2.494,until,-1.863829851150513,5.511667363373325,5.773407494164456,14.250460839087793
2.495,with,-6.553704261779785,4.011476523711561,4.115412644050354,16.982367562748671
2.496,a,-1.303066968917847,5.385138365493126,5.490353932508688,19.518096767529364
2.497,patter,-13.678681135177612,7.763955485463772,8.369534249552819,20.333923872179515
2.498,and,-5.433494567871094,5.433500094765892,5.344885013534621,21.055465901140664
2.499,clatter,-19.433146238327023,10.980289353429034,11.954428276442801,21.864304255178112
2.500,and,-6.487830162048340,6.179979266226353,6.232203211769884,22.799884254470530
2.501,spatter,-12.319489777088164,11.796183683882900,12.289402709016874,23.787876178453921
2.502,they,-12.122058868408205,4.763867591897612,5.005607135505913,24.751107975275374
2.503,touched,-17.592459917068481,10.069016105462193,10.019436981279068,25.337370818142944
2.504,the,-7.609927177429199,4.432503190401627,4.687420055659427,23.323565264979372
2.505,"ground ,",-12.958457469940186,9.583190061662892,9.601173569467470,48.239676237544757
2.506,and,-14.020241737365724,5.181468117279059,5.464727219951444,28.995778277883648
2.507,all,-8.379594802856445,4.291837321177749,4.292959466264699,30.975820299222388
2.508,the,-1.580492138862610,4.681585196678300,4.880460524428255,32.998883030281370
2.509,people,-11.934938430786133,4.729405774520519,4.899680805114156,33.997240679159106
2.510,that,-19.318025588989254,5.167537761191372,4.979098715374390,28.439516740852646
2.511,the,-8.961206436157227,4.749107336984004,4.619487802006803,30.655148601770641
2.512,raindrops,-21.463033139705654,15.053567860414081,15.587735113757329,11.934985255795985
2.513,fell,-16.085235595703125,5.295008389443696,5.939401915915790,12.854256095653147
2.514,on,-7.589192867279053,5.952084192059562,5.772341163238990,13.393090989564556
2.515,"cried ,",-40.246178150177002,18.593140138815890,19.641093087406897,32.448734791238536
2.516,`` It 's,-15.543511931187822,26.831088622562280,26.226081105607417,58.671674446411757
2.517,"raining '' ,",-45.289572238922119,25.112171428780002,24.893370322199001,64.110606283647698
2.518,and,-5.116411209106445,4.888608941783309,4.825411083529930,14.999896551940479
2.519,took,-12.338157653808596,3.680285865753910,3.572468901006926,15.999997381678114
2.520,out,-10.637576103210449,5.020038835297706,5.240076544893513,18.003292135231362
2.521,their,-11.699583053588867,5.363675577876658,5.163619716689271,20.103471364646090
2.522,umbrellas .,-28.851276636123657,17.714668114554996,17.408971534583650,44.083715765401308
2.523,Some,-4.699104785919189,6.612690617123889,6.430541161622610,3.371305742179131
2.524,of,-0.068043880164623,4.623588231464863,4.429578974956753,6.177800564387844
2.525,the,-1.136782884597778,4.991506711854606,5.101576062641035,8.618397156249797
2.526,drops,-8.748340964317322,9.291863840684716,9.587145368508324,9.284093351883349
2.527,that,-0.001514955656603,4.717910620398737,4.454303787886309,11.634680191443653
2.528,were,-2.398639202117920,3.898729898113865,3.559084602584882,14.433698217226295
2.529,the,-0.625893175601959,5.268451604177488,5.657581897927733,17.178755434257468
2.530,most,-0.099750414490700,5.728117981417136,5.732297598373077,18.367028062439577
2.531,"fortunate ,",-14.923111915588379,9.637676944474748,9.727362431771923,25.394930288103193
2.532,including,-1.348157882677697,10.573999681285381,10.925991590101642,11.174615582939387
2.533,"Aqua ,",-27.690736293792721,12.887682402870714,14.397276733831683,29.741406582911257
2.534,fell,-11.570203781127930,3.605512764006398,4.101724336456986,16.190368734550006
2.535,on,-11.224147796630859,4.564667450520050,4.450477700478647,15.998003642740176
2.536,a,-7.925510406494142,5.964296229557171,5.172074536550809,6.649981388140051
2.537,"mountainside ,",-21.016275882720947,11.341914175401001,11.943437956032879,19.106094332774077
2.538,and,-6.534686565399170,5.356428128970014,5.347631438315474,11.080218393862962
2.539,down,-8.490014076232910,4.487324927040084,4.670145196203634,12.068739524007221
2.540,the,-10.027627944946287,6.433517341772909,6.280259349023408,13.019247939400618
2.541,rocky,-14.207548379898071,11.325337266088724,10.793280365515056,14.008932649089482
2.542,cliff,-13.407946586608887,11.116670764347283,10.959790228759868,10.141748462159622
2.543,they,-8.939727783203125,5.168284334440697,5.717178469915772,13.086139066335706
2.544,ran .,-29.876432657241821,12.433324891633550,12.927358052126412,29.210739673460733
2.545,Together,-6.400097568519413,11.626811498021294,12.475428431019154,3.215977515564103
2.546,they,-0.427491188049316,6.349403184595180,5.446610774661938,5.193693974108476
2.547,plunged,-9.906149584800003,9.616580518011089,9.022721625223490,7.163785616566715
2.548,into,-0.296585708856583,4.677468027553185,4.377792344786767,9.172602620361406
2.549,a,-1.565511584281921,5.210119849440648,5.117933042488966,11.764326622520453
2.550,mountain,-6.532182693481445,4.628985248574851,5.642147817813448,12.941076753782534
2.551,"brook ,",-18.251606702804565,11.226225851438770,11.080706910861183,26.994722067781019
2.552,which,-0.075389929115772,4.615667142254027,4.588909986268879,16.007683262771121
2.553,came,-5.775583028793335,7.762956077721102,7.617958077475497,19.045319489906344
2.554,foaming,-19.226739406585690,11.240276704253962,11.248953563376901,22.101722776563843
2.555,and,-3.853010416030884,5.815297643208942,5.973164936401102,23.031686817690211
2.556,dashing,-10.750099182128906,4.022675844219394,3.857841854127364,24.026390607927485
2.557,"along ,",-24.178933143615723,10.789177749014780,10.688645389049263,51.066036685123969
2.558,leaping,-15.506879448890686,7.850545492635010,7.872349706435990,27.267851314526428
2.559,over,-18.941608428955078,5.331153959156553,5.509239275890233,28.997143503908411
2.560,rocks,-11.642977714538574,4.661486791042337,4.545161805788607,30.000714721804929
2.561,and,-2.245049953460693,6.149675967631563,6.069352198108161,31.000426427247248
2.562,rushing,-15.160743713378904,8.131309091569046,8.769689889304754,35.016428300786231
2.563,down,-9.219184875488279,4.061981838256882,4.156161111487461,36.071717848290795
2.564,the,-12.791756629943848,5.360654965753166,5.415183772022663,38.057305256501280
2.565,"hillside ,",-22.447135925292969,9.736895852461153,9.594599307121074,76.000353722430049
2.566,until,-10.092738151550293,4.089698132737928,4.810093053551978,39.000324241653878
2.567,in,-11.354455947875975,3.658651816512216,4.250719231014251,40.000493178310741
2.568,the,-9.420799255371094,3.885871257641054,3.776459248818441,41.001661293510139
2.569,valley,-8.714775085449219,3.810620329662228,3.582890449204988,42.001200754420729
2.570,below,-14.690001487731935,4.388538897611569,4.309381406440968,38.958573693974216
2.571,they,-13.778110504150391,4.971711841113376,5.396296665004639,33.999698771449658
2.572,heard,-18.077193260192871,7.796933144701332,8.207300714273964,35.079402617864908
2.573,the,-1.134156703948975,4.507931046843193,4.567868881789983,38.770654573051573
2.574,strangest,-9.864270724356173,13.224784602227249,13.529184419087589,39.901869663707821
2.575,clattering,-17.789266586303711,12.683833691949804,13.835853158336869,40.988190194708721
2.576,noise .,-28.226681709289551,12.429485687851088,12.745205287916882,84.063037572715672
2.577,The,-1.652928352355957,6.216193485653642,6.231108800665612,3.459354033097218
2.578,little,-8.870933532714844,5.632996431318589,5.636174303804697,4.570052388477954
2.579,water,-7.465656161308289,8.186210904142186,7.642493422634542,5.466432546570730
2.580,drops,-7.504402733407915,7.239676484563009,6.271594073545701,5.379640176066669
2.581,were,-1.880995154380798,5.845936272477323,5.441595834059467,5.226568584978890
2.582,then,-2.708252429962158,5.029771151009056,4.973450042360723,7.128169695801207
2.583,able,-4.899204730987549,9.076879930995494,9.085536777248242,9.207497663240664
2.584,to,-0.007444260641932,6.186651354274798,5.767981353839907,12.215858560086243
2.585,make,-4.020890712738037,5.207137127329438,5.805655763528454,14.245541150586051
2.586,out,-4.749351024627686,4.570614718386684,4.960441616942576,16.233059996495214
2.587,a,-2.296124458312988,4.956115837914309,5.023639255448472,18.890931481788996
2.588,flour,-14.052640914916992,4.839850962989329,5.378167298398481,19.736430541999301
2.589,mill,-4.226551055908203,4.807153865547270,4.804906237416116,20.815466200110333
2.590,that,-11.426967620849609,4.656836619905955,4.641165468120586,21.795466512576976
2.591,was,-17.125970840454098,4.857317846850580,4.769091459698983,19.318358936889386
2.592,standing,-10.802609682083130,7.089994916497942,7.288934982088059,25.201168898374270
2.593,on,-7.904191970825195,3.427494472320453,3.370873805352658,26.009347251331736
2.594,the,-6.910961627960205,4.960510276305066,5.047021909484394,28.532187713212576
2.595,bank .,-20.470102906227112,9.831854599571555,10.214210809832796,63.191283700728093
2.596,Inside,-8.403088569641112,6.345042105376227,6.017314261175942,3.034379610711634
2.597,the,-0.789942502975464,5.388614510322197,4.919343913613256,5.239544654478092
2.598,"mill ,",-6.830809362232686,11.560214626474529,12.239369889947639,10.275881819487026
2.599,the,-1.920542478561401,6.145479670160848,5.233487594714135,6.388793394103542
2.600,water,-5.341055870056152,8.953633869852990,9.339017566912585,7.273093700829617
2.601,drops,-7.297399824019521,7.478871585123740,7.061715273985728,8.288745811856220
2.602,saw,-9.695261001586914,5.810837271616227,6.182053930926256,8.090575352716215
2.603,two,-5.301703453063965,5.572904603512479,5.386713213477456,11.135314436269731
2.604,great,-7.015375614166260,5.447711101798445,5.149296654559183,11.867867567051736
2.605,"stones ,",-11.071739315986633,9.125949319269846,9.195486583949494,24.844071932047768
2.606,which,-0.742796480655670,4.678614398825800,4.552275784988224,14.948756436335293
2.607,the,-1.210225343704224,5.180701926856886,4.976746026937379,18.133699082386261
2.608,big,-7.889625072479247,5.524046072618834,5.839890378227836,19.162129092131838
2.609,wheel,-8.444402694702147,7.829109228375403,8.652335087321003,20.233730616023799
2.610,kept,-5.483382701873778,7.316588705222236,7.367021728059282,20.127663075394768
2.611,whizzing,-11.527472740446685,8.659508306816162,9.147986252294038,23.063929124537648
2.612,round,-12.039119720458984,4.644114101370787,4.961502589043079,24.078457606901068
2.613,and,-3.317790746688843,6.281709480222597,6.398523369775020,25.038036270615038
2.614,round .,-24.371979236602783,14.216540902645463,14.964864437540685,53.020043800059675
2.615,The,-1.652928352355957,6.216193485653642,6.231108800665612,3.459354033097218
2.616,"stones ,",-12.915427565574644,10.762369141182479,10.880919758593862,9.205303742632809
2.617,smoothed,-10.543333750218151,8.155830364627223,8.136758108320612,7.000952439169994
2.618,by,-7.935010433197021,5.356684147190431,5.547847410819324,8.000707869923493
2.619,the,-11.079455375671387,5.759661059462236,5.265682400767795,9.002417388835024
2.620,"spinning ,",-22.615458488464355,10.385638365332351,10.235299344161879,22.419609703906985
2.621,were,-10.833678245544434,3.668074641268708,4.413104441507270,14.366635725372101
2.622,busy,-18.246894836425781,5.560640920485121,5.295787344825047,15.401044120862943
2.623,grinding,-13.646531820297241,8.965455771356563,8.371573030527077,5.137068292088707
2.624,the,-5.748838424682617,6.102570762962397,6.208222658467832,6.894484590617481
2.625,wheat,-15.720883369445801,4.866419869286237,5.405213019647079,8.000001293619432
2.626,into,-10.705947875976562,5.348266885548409,6.001416890074018,9.000002387256563
2.627,flour,-16.642482757568359,4.750049383434166,4.712228976830300,10.000000616635461
2.628,and,-12.543190002441404,5.605844298226876,6.565241427046013,14.108976855573919
2.629,the,-6.439146041870117,4.799092842196750,4.695299640618090,15.865591295880195
2.630,corn,-14.065990447998047,4.925360323329810,5.197297340846359,16.569741723489074
2.631,into,-10.256615638732910,3.904896945316013,4.795363020244132,18.563461162541351
2.632,golden,-12.241613388061525,5.304465634790055,5.211851352218850,19.689497135072923
2.633,meal .,-28.121730327606201,16.895822838749751,16.922275792043223,42.701405576427675
2.634,But,-3.242481470108032,7.642223215404812,7.620934080685720,2.071554306574515
2.635,what,-0.251013487577438,5.642053280109918,5.634178637602093,4.479725945244666
2.636,giant,-14.473650932312012,5.150095534392436,5.695745697578687,7.161986187419807
2.637,do,-2.820983886718750,5.586376986580379,5.710832636057763,6.004271326016568
2.638,you,-0.579114139080048,4.910278275076339,4.883473449398487,8.002833094813269
2.639,suppose,-8.490598678588867,5.137362926871847,5.453001104913278,10.037923253588831
2.640,it,-2.087129592895508,4.450137428754378,4.835789764402826,14.033225715655973
2.641,was,-3.612300872802734,3.387288722805312,3.410811765111288,15.981874458721107
2.642,who,-2.277010679244995,4.618029913033396,5.144989290940551,19.027945752997450
2.643,could,-4.027873992919922,4.012475656030991,3.799819331593985,22.035791584986487
2.644,turn,-4.790655136108398,4.213282155590258,4.641862250703368,24.096238514579298
2.645,and,-0.154627203941345,4.535632884975433,4.454728982608897,25.394064610198846
2.646,swing,-8.637329101562500,3.396961710511605,3.515657633511590,27.014353836515266
2.647,that,-4.504891872406006,3.498661939972622,3.961992002869644,29.101078811806850
2.648,tremendous,-9.189730644226074,4.049039076623562,4.444839258061756,30.497957044577664
2.649,wheel ?,-8.682329153642058,16.014712104667407,16.840168842339317,38.484782852880542
2.650,No,-6.476192951202393,5.980638636365208,6.127283690893600,3.311183373568333
2.651,giant,-11.633613586425779,5.954080444936196,6.132654427227388,4.011450540446642
2.652,at,-5.895152091979980,5.454700620598566,5.414994136548408,5.046059715835682
2.653,all .,-5.701137095689774,16.718802895559175,16.556852536730638,12.034948411362731
2.654,It,-3.523702144622803,5.975466083379700,6.746003274069055,3.255935461031633
2.655,was,-2.202806472778320,5.612470929407762,6.038403578106284,5.170998584181224
2.656,just,-5.120034217834473,4.559984918536141,4.787336066462098,7.647472018858537
2.657,our,-5.467935562133789,4.842062393972753,4.819716953570760,9.014859151760273
2.658,tiny,-9.771339416503906,5.398843881944011,5.317537902247122,10.370295375936642
2.659,little,-4.821523189544678,5.093141284060715,5.510575461955780,11.367461181272846
2.660,water,-7.499109745025635,8.161646396528951,8.447429616426634,12.391355376898147
2.661,"drops ,",-15.373137235641479,13.821989530299753,13.899060043611897,21.701963883074267
2.662,who,-3.868471145629883,5.104088055113242,5.019987358120916,13.308717959238567
2.663,sprang,-8.527991652488707,10.841389791098035,11.302651919381427,16.381537757848690
2.664,on,-8.597194671630861,3.954635250338070,3.788329382149655,17.359781284361866
2.665,it,-13.176583290100098,4.728897073022833,5.084839781438877,19.624712675420554
2.666,by,-11.188438415527344,5.139150453161085,5.481942390591537,21.500823418748173
2.667,hundreds,-15.145071983337402,4.948169315536039,4.837027893480939,21.334841280466797
2.668,and,-9.558477401733398,4.561619163692847,5.329085146640591,23.526685610248862
2.669,"thousands ,",-10.246475903317332,10.939455202284398,10.996183527954274,49.009562493138056
2.670,and,-7.223386764526367,5.233952406029316,5.327616332242191,17.955796822575525
2.671,whirled,-22.668485760688782,7.641578666680610,7.600254179173082,23.024059623354603
2.672,it,-11.740127563476562,4.448861605654518,5.019907666247071,18.039436819077363
2.673,over,-16.632843017578125,5.214786370060411,5.862400846104769,19.573493591248962
2.674,and,-4.158689975738525,4.978560338649496,5.186303383015813,20.985605521425732
2.675,over .,-15.963832855224611,11.875089375508125,11.950741029090633,39.930266208976725
2.676,It,-3.523702144622803,5.975466083379700,6.746003274069055,3.255935461031633
2.677,was,-2.202806472778320,5.612470929407762,6.038403578106284,5.170998584181224
2.678,lucky,-6.899276256561278,9.460124079408732,9.064505966186069,7.055478114215409
2.679,for,-1.183846354484558,4.776515428300539,4.670177284593588,9.124646939409716
2.680,the,-2.274613857269287,4.415359270787046,4.807023009928857,11.626154308137787
2.681,water,-8.432461738586426,7.053859908249531,7.713435191294117,12.560858461412019
2.682,drops,-13.086124181747437,9.311846693563334,9.586218056189249,13.686159108490678
2.683,that,-0.002463879296556,4.295351138265548,4.203232747322216,14.962203522999944
2.684,the,-1.837153553962708,4.767020364349014,4.832775010364724,17.846419961139890
2.685,brook,-13.805718421936035,6.587148365646128,7.217043998290838,19.020939390737084
2.686,where,-12.774864673614502,7.212848748737546,7.482935704229265,20.233541451508440
2.687,they,-2.384043455123901,4.493829623519447,4.554335676944757,24.930490424785450
2.688,were,-1.423611879348755,3.436732419859303,3.323193768347548,26.933154818181663
2.689,swimming,-9.408963203430176,3.744962095218761,3.707164855339153,27.331497969857569
2.690,next,-3.827876329421997,5.002613708268485,5.342912179443651,30.023912174842039
2.691,emptied,-26.995802402496338,10.533248509723075,11.026200101388788,28.997910104539081
2.692,into,-13.063554763793945,4.784273399333324,5.022691211054894,31.504614796687466
2.693,a,-6.992385864257812,4.322611335258808,4.496522849260568,33.926345732112630
2.694,beautiful,-8.966909408569336,3.982064893619615,3.951925824129338,36.735858234993422
2.695,pond,-7.636636972427367,6.282987733803396,7.133128842869897,37.812199919858500
2.696,where,-14.784860610961914,6.524384414115945,7.119783934350973,38.325315853691222
2.697,ducks,-15.969432115554810,11.740846365510080,11.960581328514138,39.134795252447638
2.698,and,-12.858935356140135,4.173965547721219,5.288124682346822,38.625460404470751
2.699,geese,-10.778115183115004,12.156715054431965,13.162526502145919,44.203532798888332
2.700,were,-11.503933906555176,3.113530714221843,3.528103389595843,45.210209043352862
2.701,living,-9.577607154846193,4.526571212828014,4.567070420676727,46.204747941730098
2.702,peacefully .,-29.381871938705444,16.780349980171028,17.186040668036377,95.397260139151740
2.703,Aqua,-15.298377513885498,11.522537674187912,12.125132039154535,3.377711952902489
2.704,liked,-18.168378829956051,11.761831982150776,11.850475564700732,4.381630572073459
2.705,to,-7.962604522705077,6.040956861416793,6.418001210869289,4.994774039297219
2.706,play,-6.327862262725830,4.985701748800929,5.010296339042421,6.074775865164974
2.707,hide-and-seek,-18.573122244328264,31.525102362190303,32.391625921360976,8.012872605221476
2.708,in,-8.080061912536621,4.962701812515403,4.875732818182094,11.680686050594741
2.709,this,-13.179830551147461,4.409722418441866,4.186193779729004,12.360644300151201
2.710,"pond ,",-15.578494548797607,14.893511260055654,14.889166019601610,27.058047612993079
2.711,and,-5.028010368347168,5.489545493371731,5.501535000908851,15.004724787095654
2.712,it,-9.629175186157227,4.698253399569840,5.308604913303332,16.002643602314347
2.713,was,-12.530117988586426,5.440535944709578,5.331476763661168,14.046287450544682
2.714,his,-4.337635993957520,5.090396815605128,5.249870556053907,16.281987232602102
2.715,brother,-5.889720916748048,4.800693340623242,5.294525644810216,17.445107304743907
2.716,water,-15.669996023178101,7.091178201517828,7.265503793706041,18.180357976410590
2.717,drop,-18.807107925415039,4.179654232302696,4.786794025036223,19.010283367580122
2.718,who,-12.994105339050293,4.797335056480164,5.015982496130068,19.492332313607928
2.719,he,-3.389056682586670,4.998096769056247,4.953934179684508,14.373368883864273
2.720,fooled,-11.687578439712524,7.377952438939469,7.587949109713385,16.887691723376456
2.721,by,-11.646932601928713,5.157422947326512,6.049135155555764,15.934498688851564
2.722,swimming,-12.681018829345705,4.588544818785067,4.259557817393772,16.961939700773790
2.723,to,-9.051368713378906,4.997319998641790,5.370804838129606,16.211492275551734
2.724,a,-7.134619235992433,4.677392568353406,4.459741426992465,18.000121858757410
2.725,big,-15.779675483703613,4.767271373709379,5.357751620054560,20.116882606839422
2.726,pool,-14.595859527587891,5.443603364750844,5.887642167425362,23.574177781102343
2.727,of,-12.667221069335938,4.914603922718460,4.721741293101418,25.975348620085803
2.728,water,-11.536900520324707,7.116197230444134,7.400309495267797,26.836406563379391
2.729,and,-4.554668426513672,5.789294200566728,6.004900822514994,27.699535677002391
2.730,pretending,-19.707489192485809,7.728943227309312,7.455630390010071,26.048306499618850
2.731,to,-6.021035671234131,5.670961644380739,5.630946764356366,27.004241380032202
2.732,hide,-15.192110061645508,4.291772734104330,4.479416065547142,32.999296087210112
2.733,"there ,",-19.431204795837402,9.022330745724748,10.344988785051243,69.099566539319198
2.734,but,-5.541892051696777,3.860438839676920,3.854156562851123,36.060275259056738
2.735,then,-12.288295745849609,3.244159720028615,3.196466747474767,36.006157612593611
2.736,sneaking,-16.520569324493408,10.340457969617409,11.293642313178038,39.169859061611405
2.737,under,-8.786220550537111,4.603587742691209,5.053275154611756,40.046076540436736
2.738,a,-11.326027870178224,4.232422934246307,4.101569741561732,42.655111654937187
2.739,rock,-7.015400409698486,3.884194751036556,4.007719912013254,43.761569272851247
2.740,into,-9.514285087585449,4.318808049699387,4.453250579133540,36.870292856998894
2.741,an,-8.567701339721680,5.230768302145831,5.669901387499875,39.326278145032227
2.742,obscured,-18.123974800109863,7.701687767465581,7.732603423402258,42.003006104631602
2.743,little,-21.660781860351559,5.378498302884497,5.698670723502568,42.980590367931995
2.744,puddle .,-30.537449955940250,30.171175542934073,32.191474535327117,60.412363307659717
2.745,His,-5.720582485198975,5.878281167053234,6.189455736617900,3.463898024338008
2.746,brother,-4.645447731018066,5.927172551900760,5.949035419506706,4.820278386049782
2.747,had,-3.531203269958496,5.785784568157200,5.625202235798116,5.344364223310876
2.748,blatantly,-17.758141756057739,8.906061790001699,9.493906881148408,8.266199442430469
2.749,peeked,-23.380535602569580,9.872733996592693,10.015984260662263,8.410072984911684
2.750,and,-2.760730266571045,5.868969527659527,6.400747614689997,9.418335614711996
2.751,even,-10.979829788208008,4.515668654321394,4.977994474292072,10.126828281126636
2.752,followed,-13.075872169807553,9.497081334252615,9.586242600613877,11.006517507323863
2.753,Aqua,-22.852827548980713,9.681146706667407,10.992608805008436,12.111330460361142
2.754,as,-13.495016098022461,6.096674778514499,6.018484848000821,12.516665423638189
2.755,he,-0.706610739231110,5.857948602943926,5.507329337965801,7.017912073361832
2.756,entered,-6.395612835884094,9.145728997403047,9.379834095455417,9.000029388796106
2.757,the,-1.279283523559570,4.278607806730136,4.323513758986183,16.998633280518114
2.758,big,-7.720852375030518,4.725917506484363,5.285899663547757,17.995111421992476
2.759,pool,-16.109786987304688,4.886482279550704,5.261089782117278,18.970290385625827
2.760,of,-12.524021148681641,4.205447241822572,4.212887071382410,20.999542083052408
2.761,"water ,",-24.335389614105225,12.010095212094566,12.690248532848130,45.169905323733751
2.762,so,-7.796513557434082,2.958815177984675,2.988935293694636,24.550369687173319
2.763,when,-11.555716514587402,3.036833948676639,2.925686037357750,25.667377108558835
2.764,he,-12.644050598144533,4.792199655717951,5.673589576334879,26.464413150998851
2.765,searched,-18.911373138427734,9.130351504233833,9.198493168123072,28.025538598239226
2.766,there,-12.664910316467285,5.155957796275789,5.676221490692591,30.072177969022285
2.767,and,-8.820343971252441,5.057987399544166,5.273236721721994,15.132091996943972
2.768,could,-12.614818572998047,4.474626873661697,4.838788258594492,18.159633633892287
2.769,not,-9.877983093261721,5.237327074598871,5.038842729487913,21.153303425299345
2.770,find,-7.896745204925537,3.149033138116668,3.099217298068812,23.180134314401368
2.771,"him ,",-26.322115898132324,8.217100161828796,7.956883795613694,50.279977329772379
2.772,he,-11.057323455810547,4.678028673029671,4.701841990504378,30.939137615573173
2.773,was,-2.037503957748413,3.589912112874050,3.539690319978972,25.332676307439947
2.774,extremely,-14.168671254068613,8.983215598779207,9.120097954189466,26.117733400284767
2.775,surprised,-7.802489280700684,5.230085191292544,5.179956730929026,27.610675132817544
2.776,and,-11.306677818298340,5.655486134172162,5.958711111832068,29.877950547337829
2.777,gave,-17.817066192626953,4.194482221412808,3.943744742123396,30.932645527735524
2.778,up .,-20.698743343353271,12.729987624968903,13.724220741832722,68.346478723243777
2.779,Aqua,-15.298377513885498,11.522537674187912,12.125132039154535,3.377711952902489
2.780,liked,-18.168378829956051,11.761831982150776,11.850475564700732,4.381630572073459
2.781,this,-12.389055252075195,6.099329245559076,6.464986041551692,4.999173589381637
2.782,pond,-12.730988979339600,8.458117081835621,8.602209851165119,7.361530842546919
2.783,where,-13.907122135162355,8.744825407448841,8.379669983244220,8.510217261404996
2.784,he,-14.487596511840820,5.790352185937612,6.248471797611804,9.553062770280494
2.785,could,-13.795253753662109,5.054691877772624,5.398906903623454,10.208542030415488
2.786,play,-10.891516685485840,4.340483552761945,4.803627618816639,13.255399277154567
2.787,all,-11.918669700622560,4.659317412261601,4.564429975951717,15.179917357558324
2.788,"day ,",-22.246675729751587,12.932376129314516,13.935372819300269,36.501756627560326
2.789,so,-8.806120872497559,3.172177564967507,2.987815801089359,20.694799007130324
2.790,he,-14.985384941101074,4.330725241908000,4.246603315782413,21.993608243675101
2.791,stayed,-16.586725354194641,11.171702430803066,10.963293720143822,8.923552327862883
2.792,a,-3.892579078674317,5.662520749159103,5.860298573715855,14.515855705127001
2.793,good,-11.743480682373047,4.278841863690511,4.579226240314571,17.066018316369661
2.794,"while ,",-18.774120092391968,12.762465190661883,12.930491695357741,40.236428228714438
2.795,sailing,-10.006473541259766,2.656317378148432,2.552561846798491,21.309381102767048
2.796,up,-10.446985244750977,5.081320106938905,5.102424994806298,20.187859865476312
2.797,and,-11.735889434814453,4.821240171606067,5.029724592361179,20.168621836262371
2.798,"down ,",-16.354080677032471,9.490526658078378,9.619601849226772,43.995668810856657
2.799,taking,-15.143687486648560,5.896874795888476,5.965866245265810,24.999979297666147
2.800,the,-11.885858535766602,5.314433612217917,5.272625016657360,26.056081435756649
2.801,ducks ',-32.136190652847290,22.230952576643119,22.069569300063897,53.007652983527635
2.802,backs,-9.604683876037598,6.748230843986227,7.510077196193392,29.800876662524967
2.803,for,-13.967010498046875,4.259812292820998,4.796320788979541,30.667681754952287
2.804,ships,-10.875699043273926,4.149247587269167,4.164978142575836,31.615642348216529
2.805,and,-4.856189250946045,5.380334370401227,5.287588749173769,32.386096593378291
2.806,the,-11.405006408691404,5.099997332087161,5.206486582121973,34.999324859270281
2.807,frogs,-22.258072733879089,8.040238335917238,8.852844619997088,31.925510928966109
2.808,for,-10.933441162109377,4.910648994988486,5.135855573961218,33.000040451533806
2.809,"horses ,",-24.391412734985352,8.833138547253119,8.902604738986838,72.957666875936880
2.810,but,-7.586122512817383,3.820747383980363,4.229941070718442,39.441251186499713
2.811,after,-12.271653175354006,3.965176201941312,3.983241349588772,40.611836910014574
2.812,a,-8.224881172180176,4.350393387514359,5.032728498942816,37.517744617220771
2.813,time,-8.878651618957520,4.438107765827001,4.241049498257238,42.008854413124538
2.814,he,-13.556105613708494,4.902269540261623,5.683808516074856,41.966235352291179
2.815,tired,-11.789473533630373,4.368146227170700,4.196278563773328,34.661843683013608
2.816,of,-1.967662215232849,4.167979994743257,4.072818010767069,35.873092715134284
2.817,the,-0.960038781166077,5.264553796899714,5.427425469386326,38.353831597540214
2.818,dull,-7.810021400451660,5.134472151241911,5.340742106264592,39.507860508320633
2.819,"life ,",-19.454394340515137,9.488487743388481,10.084912824055623,87.221873610100204
2.820,and,-8.878157615661621,4.534333237839435,5.152674680069267,46.589012632634144
2.821,he,-9.848609924316406,4.641532344456953,5.887522397050099,49.165277615806552
2.822,and,-7.290324687957764,5.589598205154340,6.201910618659438,49.015583831116317
2.823,his,-4.722466945648193,4.536188278165074,4.797904029109087,49.739946350750429
2.824,brothers,-16.784065246582028,3.428126874230721,3.400709837296652,47.921866055754634
2.825,floated,-19.489658951759342,12.312391455476261,12.723962213647114,48.470160974051502
2.826,under,-11.876896858215332,5.234681027842290,5.779922281049887,45.144126718110115
2.827,a,-7.238885879516602,4.269679291620084,4.160192647460526,46.035531670726826
2.828,bridge,-10.345370173454283,6.923026021801771,7.136874932480262,37.998927578904961
2.829,for,-11.121972084045410,5.388269919677483,5.948769960948598,12.000000103976705
2.830,a,-6.820013999938965,4.243444170173219,4.820835423125884,11.000004268397550
2.831,long,-12.140273094177244,5.793277875385757,5.703409007186793,12.000066173090589
2.832,"distance ,",-27.585418701171875,14.292621171810890,14.711038389217173,29.266192036064670
2.833,until,-10.881599426269533,3.788478840502491,3.628491031848535,17.435838913179253
2.834,they,-14.254431724548340,4.640016417057388,5.361542335686739,18.036411926106329
2.835,saw,-10.718635559082033,4.269669295291192,5.200182020185989,19.305144257200478
2.836,another,-9.315313339233398,4.497559735830176,4.347258811227912,20.808043757598703
2.837,brook,-16.446399211883545,7.634217062739373,7.912671153038054,21.292423421592360
2.838,tumbling,-18.435130119323730,9.136755456433423,9.020530282636058,16.321509896592971
2.839,down,-9.737768173217773,4.761446109332662,4.897612407842604,18.990943322801627
2.840,a,-3.078842401504517,5.268763292107407,5.115764551004768,21.907893735834040
2.841,hillside .,-21.944784641265869,14.548300752990386,14.792519814088536,50.157288094308612
2.842,"`` Come ,",-13.659648618577197,27.097660299239234,27.685364684221373,12.426820138666750
2.843,let 's,-17.027713075280190,17.691810146410859,17.652024113549118,15.579039175233117
2.844,join,-13.716231346130373,4.337215679501988,5.133192966107495,10.824200066371533
2.845,hands ! '',-37.275015234947205,27.963107260775423,28.706163024037600,35.676307640882051
2.846,cried,-22.431174755096439,16.814659167586566,18.212827440159842,3.355803445571112
2.847,Aqua,-14.776700735092163,9.517248000632753,9.910614838210591,4.630479575350074
2.848,and,-9.508003234863279,5.748352961599504,5.752116048105747,6.000003492717545
2.849,because,-14.329577922821045,10.119978200316467,10.138616310106686,7.000027240745076
2.850,the,-11.336279869079590,6.520769388841269,6.541865696723311,7.834105009359219
2.851,water,-15.948509216308596,10.047244693425133,10.164344267981440,8.088786173775897
2.852,drops,-14.217687010765074,12.089508513387251,12.579615348677676,8.000174440882743
2.853,were,-15.448643684387207,6.237184648392991,6.432230214382621,9.000004499475468
2.854,all,-9.961969375610352,5.925055957890471,6.035733634579612,11.003840015343869
2.855,"together ,",-14.468239307403564,9.500074412607169,9.517944509308739,26.225695256297449
2.856,overcoming,-22.340332984924320,7.959054912904597,7.699877446804721,16.137183769142009
2.857,the,-14.610280990600586,4.486603444191964,4.512453120419462,17.773066226721113
2.858,brook,-13.176921606063845,7.737607600070923,8.201082683661237,15.249575807561591
2.859,was,-12.825389862060547,4.548599113937558,4.443669826080377,17.538425396221143
2.860,child 's,-13.097661969251931,14.033006015536371,14.438706862744461,40.624320151976640
2.861,play .,-17.186113834381104,12.486586976224004,13.053337106910719,53.002315986945860
2.862,It,-3.523702144622803,5.975466083379700,6.746003274069055,3.255935461031633
2.863,was,-2.202806472778320,5.612470929407762,6.038403578106284,5.170998584181224
2.864,by,-3.549358844757080,4.763155607280218,4.569173240435481,7.133013428408780
2.865,the,-1.259754419326782,4.475689566239909,4.597995032141098,9.905597099345346
2.866,help,-7.888429641723633,4.764261086015903,5.084160937967887,11.108233778480320
2.867,of,-0.006248580757529,4.409272697695632,4.175495758498049,12.143754833630126
2.868,Aqua,-15.664856910705565,8.229325379461670,9.385194608730936,14.861976073997560
2.869,and,-8.990344047546387,4.566354802260742,4.829205339875180,15.757075762602220
2.870,his,-8.359695434570312,4.602651525345415,4.730932687169664,16.765951660746719
2.871,brothers,-6.504106521606445,4.056141373571087,4.172409667968441,17.552872354134287
2.872,that,-8.567933082580566,4.755530424002688,5.090983239017735,18.595244791346254
2.873,the,-12.232460021972654,5.288655616067979,5.329329724236519,9.338916212566662
2.874,bewitching,-19.376806259155273,9.439288164502724,10.633347592434024,13.016030946308296
2.875,river,-12.146042823791506,5.260665467131768,5.109230751606430,13.825623193110619
2.876,was,-12.431148529052734,3.888088511489866,4.432902511783262,14.957514501707136
2.877,able,-17.229359626770020,9.373897673613079,9.221801729175132,16.751300891271846
2.878,to,-7.142793178558350,4.838253173489873,4.851656636368710,16.966500873849625
2.879,float,-10.284420967102051,6.841703344237237,7.332121169155196,15.021958367611767
2.880,heavy,-6.403685569763184,3.853071351190750,4.431085156978316,16.967882169654402
2.881,"ships ,",-23.491213798522949,10.052854729188892,10.826554149914340,38.981990192742941
2.882,though,-11.243813514709473,4.491952787203523,4.297637780804345,22.248579294893325
2.883,not,-1.433318257331848,3.797572574499203,3.818337655591769,25.165539719076339
2.884,so,-13.246007919311525,4.066242052456952,4.223243355281001,25.984057482424479
2.885,long,-10.484915733337402,4.615680421591792,4.509048467857967,26.000038267113318
2.886,ago,-6.273352622985840,5.015142447127625,4.807665835973023,27.000000019543272
2.887,it,-8.542492866516112,4.361967563628930,5.297471523284472,29.000000000000291
2.888,was,-12.169627189636230,4.184843540191559,3.953304052352828,30.000000000000121
2.889,only,-7.640045642852782,4.450706958770754,4.265761375427248,31.000000000000011
2.890,a,-4.053593158721924,5.191316791419867,5.347150610644639,33.245734365809376
2.891,little,-12.427811622619627,4.153641654215668,4.401822811967278,35.069810293613784
2.892,stream .,-28.071708083152771,14.721000209295866,15.360320974626864,76.471844286345117
2.893,As,-1.945397377014160,5.854118068254997,5.424356409953837,3.085487213962984
2.894,the,-1.377348423004150,4.843877616279972,4.967876718458453,6.208479384184370
2.895,river,-9.276230812072754,4.671623222162636,5.346642666046206,7.248518408925084
2.896,grew,-4.371906757354736,4.248669346885283,4.443708201294067,8.094176151118528
2.897,wider,-6.144114971160889,5.846336302506411,5.831858613164827,10.057981311128623
2.898,and,-2.577054500579834,5.669957539559120,5.915573246781300,11.236879872762016
2.899,he,-6.482882976531982,5.607732426085687,6.162818055740066,6.821868354267978
2.900,could,-5.798633098602295,5.400809757041258,5.279385845162389,8.820220755705547
2.901,almost,-4.769396781921387,4.663653116725412,5.445889057328147,10.914126780083482
2.902,see,-2.479561090469360,5.276512963505820,5.879431547750795,12.865902002704310
2.903,the,-2.641163349151612,5.496220371510386,5.332099041567116,15.604660831985452
2.904,"ocean ,",-5.678317852318286,10.131653202955590,10.437888813544337,24.136177755209587
2.905,Aqua,-15.933078289031982,9.216872065377038,9.910782808768211,7.227613911193887
2.906,realized,-11.452138975262642,9.825730051455260,10.591826112372784,8.309161508353901
2.907,his,-10.121420860290527,5.138871177634369,5.356884691183255,22.678063370192127
2.908,journey,-14.490182876586914,3.635066652580322,3.962558244673118,11.002159121299741
2.909,was,-12.752099037170410,5.809447901411327,5.433937458355012,8.019077527843441
2.910,almost,-12.841045379638672,5.654146193621955,5.629813072976189,9.019195264474037
2.911,over,-9.347128868103027,4.807732150100741,5.045495777895911,8.204940237876274
2.912,and,-10.484054565429688,5.351585432733292,6.116628328057308,10.253768693983126
2.913,he,-12.494697570800779,4.670799943326486,5.453692749875383,17.000727327450463
2.914,had,-7.304843425750732,3.679139554157971,3.420684479844897,17.185286360493816
2.915,come,-12.000606536865234,4.846376946918466,4.611091173215637,19.000775678177529
2.916,full,-10.815019607543944,4.779429302975752,4.647040024752449,21.997323158187832
2.917,circle .,-18.767443418502808,12.780941577827338,13.445402923600598,43.155592066696826
2.918,Back,-6.057366371154785,6.409891764636326,6.516835025911338,3.061013444247368
2.919,in,-0.174157291650772,4.918283112170251,4.109469568748244,4.986154169203019
2.920,the,-1.327579498291016,5.439725863117987,5.460416808175017,7.141448907527492
2.921,"ocean ,",-8.528491318225861,11.498873760665198,11.464395875588831,12.151039811510834
2.922,he,-2.993236541748047,5.852831811835071,6.162802284170321,6.444732636135004
2.923,felt,-7.629173755645753,5.798037034629134,5.256702170697857,8.259114055381126
2.924,right,-6.100003242492676,4.617056294961089,4.607811886726901,10.323452437475684
2.925,at,-2.670379877090454,4.847422109728181,4.886188884087328,12.019679223613588
2.926,home .,-4.105054458603263,14.986743907436448,14.908193029160486,23.035470129709012
2.927,For,-2.324806451797485,5.974907942185956,5.401203336572429,3.057550224939794
2.928,"him ,",-6.704873129725455,10.972370480727822,10.083771491826269,9.319988092568217
2.929,this,-2.991360187530518,5.611182316796804,5.603700323813327,6.175315597090846
2.930,was,-2.327443122863769,4.976440444639106,4.730835423536787,8.082727713050929
2.931,the,-1.302869915962219,5.079572499913505,5.485440280577998,10.941920929543215
2.932,"safest ,",-14.584426678600723,18.635674611284919,19.142093894211850,24.879754930627108
2.933,sweetest,-7.826227426528932,12.858937860229931,13.240744456915110,13.900235191499858
2.934,place,-2.515495061874390,5.180091340456189,5.243214585626787,15.000000145482275
2.935,in,-14.228963851928713,4.973488761367902,5.686480389313264,16.000028533309660
2.936,the,-7.876886844635010,4.299821226066558,4.544541029928870,17.592048439372494
2.937,whole,-17.324665069580078,3.853815851556117,3.842942078944948,12.562078726540065
2.938,wide,-13.225469589233398,8.656969164590588,8.588858036648224,15.253169282290768
2.939,world .,-18.017538070678711,13.436343583887041,13.302849647342855,33.271257712687927
2.940,During,-4.557245609561504,9.885744237320113,9.425113325784402,3.086402138214645
2.941,the,-0.912150382995606,4.934159761508466,4.781190804792332,5.389471039957742
2.942,warm,-9.971105575561523,5.112093621775767,5.018626846576081,6.784774764000959
2.943,summer,-1.423529505729675,5.552915352596170,5.440255154821018,7.560654835929419
2.944,"evenings ,",-22.007907152175903,16.984456283018222,16.636493159327472,17.008732207368993
2.945,if,-13.795441627502440,5.095548167697260,4.563948509053232,6.623854311209259
2.946,you,-10.035193443298340,4.953456896763757,4.115912305916695,5.014349269070644
2.947,take,-11.974091529846193,5.332669493894585,6.345818756421621,8.034841116995953
2.948,a,-8.112842559814451,3.998935759226570,4.440428642223402,10.019868442227482
2.949,walk,-7.429417610168457,4.507785263916838,4.672582964759713,13.617087951703624
2.950,on,-9.270963668823242,4.994195686025519,4.852560922560677,14.625054777494938
2.951,the,-10.562148094177246,4.905591259071816,5.292276609513351,15.600740191261098
2.952,sea,-8.914918899536133,4.343095665208886,4.519178304166696,17.705142177815389
2.953,"beach ,",-17.532459259033203,8.882169155239126,8.396868923529830,37.991090358776333
2.954,you,-10.650863647460938,4.990708734967584,4.777014889916581,7.079387288098080
2.955,will,-11.876390457153320,5.857243182011082,6.268345467090319,9.246806955735279
2.956,hear,-9.640008926391602,4.657402814091746,4.590713934967661,11.142969481849745
2.957,the,-7.878393173217773,4.866201152586892,4.755297482146854,13.134403164618492
2.958,gentle,-12.187027931213381,4.759431849160964,5.355944836531328,15.408363989765311
2.959,rippling,-13.226808786392212,7.754950475494756,8.316321148003526,16.527450450342073
2.960,swash,-13.712706804275513,10.878491059039000,11.153974172839391,17.648424486327826
2.961,of,-10.452165603637695,5.056239712534434,4.791965611352833,18.511392373624613
2.962,the,-8.679203987121582,5.402602023719716,5.172631222043629,19.366677087585931
2.963,waves,-9.068183660507204,8.822448019826565,8.583053396835821,20.725708641420997
2.964,and,-4.131078720092773,5.708232711591076,5.559207049494804,21.730873836376638
2.965,some,-11.927308082580565,4.651340436040742,5.156057162426388,17.526014588665678
2.966,say,-10.899467468261721,4.151556268516062,4.444937348027786,20.241831635894560
2.967,that,-10.428894042968750,4.420271079349085,4.341380973025387,21.766640734690828
2.968,it,-10.018672943115234,4.410010961432960,4.837325834988482,22.145628624318785
2.969,must,-10.595629692077637,4.503007177065554,5.565094543788283,22.940676036738296
2.970,be,-10.873969078063963,4.886547373780321,5.145716311230446,17.936822758458423
2.971,the,-11.311465263366699,4.278886500110830,4.023277670646194,26.633490516872730
2.972,gurgling,-16.319685354828838,15.788439159567785,16.285576779776608,22.484116489602666
2.973,voices,-11.766666166484356,5.752468217087372,5.609864429939157,24.549774053948859
2.974,of,-10.780430793762207,4.965473481119108,5.039369915875799,26.616875029439740
2.975,Aqua,-14.425272941589355,8.358241588821679,9.856899715393840,27.580516468103902
2.976,and,-8.963310241699219,4.994749883856620,5.168947649960012,29.095756844608569
2.977,his,-8.495205879211426,4.557250270840433,4.503863982488324,30.228834181790749
2.978,brother,-6.826407432556152,3.938715897130335,4.114507649173828,32.453412419861365
2.979,water,-15.709786891937256,7.649596710271934,7.891976812750294,38.569922337332734
2.980,drops,-16.231358528137207,8.909874365282009,9.194979979980552,41.997219283658573
2.981,telling,-13.516646385192873,3.673579919610503,3.659425526771485,40.079233845825030
2.982,each,-8.327768325805664,7.251321078491943,7.532371129014647,42.041932517148382
2.983,other,-0.265182107686997,4.327190863021811,4.159763951683650,43.063893951739672
2.984,about,-7.277223110198975,3.816329714700984,3.952095412879957,44.203863150525123
2.985,their,-6.187024593353272,4.311388082129376,4.279144706408067,45.351186625040476
2.986,wonderful,-10.675832748413086,4.051280307609813,3.830335060309222,47.000484101922190
2.987,journey,-12.986643791198730,4.416958454583237,5.385308127869227,45.430252953666972
2.988,around,-12.300695419311525,2.194554003110808,2.157089169528672,46.003749427478134
2.989,the,-0.956331968307495,4.531096713909240,4.781878521396494,49.495017893190976
2.990,world .,-14.616284847259521,12.966735664297996,13.314150387863391,101.386720743852322
3.1,It,-3.523702144622803,5.975466083379700,6.746003274069055,3.255935461031633
3.2,was,-2.202806472778320,5.612470929407762,6.038403578106284,5.170998584181224
3.3,cold,-7.698942184448242,4.938291777098374,5.460286527652533,7.195575304542634
3.4,and,-1.168873310089111,6.029398263775088,6.288241978501039,8.001135094422525
3.5,nearly,-10.144350051879883,5.824028487005340,5.963484629906862,9.084898389948416
3.6,dark,-6.103901863098145,4.846320203663979,4.961158146143620,10.033648341968586
3.7,on,-2.486967563629150,4.822922031034867,4.697460244318868,9.032106609909929
3.8,the,-1.614482283592224,4.531486168697805,4.498460332998715,11.503591098238777
3.9,last,-4.051051139831543,4.429728104685019,4.896282686024722,12.771414260074673
3.10,evening,-5.606837749481201,4.523667238007199,4.721723128667180,13.821651089845162
3.11,of,-0.174065843224525,4.216153056841238,3.798971360805088,14.015862961524105
3.12,the,-1.316544294357300,5.634031558521611,5.483963924917028,16.282077034837865
3.13,old,-8.471721649169924,8.578736272970097,9.121706915663973,17.359148241669796
3.14,"year ,",-5.033241033554077,11.243982475644039,11.567839393067473,31.597221014231614
3.15,and,-5.120855808258057,5.125477165277409,5.324987640984860,11.397143332598665
3.16,the,-1.306977510452271,5.039531682914554,5.127566337106066,15.627084934937740
3.17,snow,-7.931408882141112,4.167483777992240,4.576707865212202,15.038843767636203
3.18,was,-1.890751481056213,4.215931200510835,3.917653841676803,15.992427271990627
3.19,falling,-5.011067867279053,4.742450354449047,4.712934392342317,18.007369550729557
3.20,fast,-4.805697441101074,4.922928875385233,5.640736718231349,20.012722575806141
3.21,and,-2.653338670730591,5.210380018222158,5.505427614674169,21.001704382206039
3.22,furious .,-19.554311752319336,13.353462912780600,13.845511781128632,45.007720570793445
3.23,A,-3.886285305023194,6.184910758476195,6.239092981792173,3.626192312481451
3.24,little,-7.317439079284668,5.417652326388358,5.697911864834743,4.760658966465212
3.25,girl,-3.951193094253540,5.083452283712329,5.370566619646981,5.717415946487058
3.26,no,-5.062801361083983,5.831688124170713,5.973353680645161,5.625502625685614
3.27,one,-0.701181352138519,4.389317081799052,4.420447153763498,9.075666123631372
3.28,sheltered,-14.831710517406465,9.217903744272721,9.018804896369806,10.017214904459577
3.29,from,-10.810564041137695,4.275998969319251,3.981294196963916,11.019689719411721
3.30,the,-10.645305633544922,5.374565834556480,5.340376857213982,12.822074298188705
3.31,gelid,-23.676822543144226,11.541176759718811,11.420703978055430,14.696397208590465
3.32,air,-11.428554534912109,4.788559398527506,4.708401708794484,15.740239082293627
3.33,roamed,-22.949007987976074,10.160247382204279,9.871183359518945,16.972932367386019
3.34,through,-6.324098110198975,5.402864312743644,5.299442092678778,17.966806674488968
3.35,the,-6.600713729858398,5.596882458094695,5.397103518177786,18.943713198124552
3.36,streets,-12.852327346801758,4.788188292001468,4.600807487631065,20.090338827238568
3.37,with,-10.873519897460938,5.591210621464620,5.571527766457434,21.071300609519056
3.38,a,-7.228988170623778,5.531035343087258,5.949569188301977,8.212716957975442
3.39,bare,-7.101596027612686,9.037510898706788,8.907305575136471,10.703837822635023
3.40,head,-4.868250846862793,4.761272101234874,4.460975087346262,11.678895623350568
3.41,and,-10.871232986450195,6.028015256466199,5.648351656780659,9.019844621782076
3.42,naked,-10.047939835116267,13.315689165725990,13.942559373402364,12.654719635831722
3.43,"feet ,",-14.228096485137939,10.952267248140915,11.277265866984896,27.949843868648223
3.44,looking,-10.185032844543457,5.211853075303186,5.009043991640723,15.292006390846474
3.45,as,-13.034080505371096,5.150522265373731,5.750214225557438,15.969624014246065
3.46,poor,-13.359815597534180,4.124654836526172,3.861547930826368,15.171062207198933
3.47,as,-11.473525047302244,5.132494574626773,5.291621973649712,16.204551896721313
3.48,a,-12.023351669311525,5.079526023512212,4.980177664005546,16.995010456515860
3.49,church,-18.563171386718750,4.908508579324472,4.599966973016191,18.000109465598602
3.50,mouse .,-26.310467720031735,23.413947267409249,24.499207238667783,30.075445595116541
3.51,It 's,-5.640890920534730,19.200164066118440,19.352673841623645,8.467416694688394
3.52,true,-14.501739501953125,5.091939976814689,4.848219127869236,6.247179367625664
3.53,she,-12.456453323364258,5.354246173481892,6.255517370336392,7.251069735235697
3.54,had,-13.041768074035645,3.787556074888328,4.860463919786112,12.354242402463793
3.55,on,-10.544218063354492,4.300409379874266,4.821307183859067,14.315194730804150
3.56,a,-7.482768058776855,4.470878614415401,4.274604709483633,15.164335394638533
3.57,pair,-9.337385177612305,3.459554055976461,3.603882807955542,18.317577693405589
3.58,of,-11.818999290466307,3.759123721670020,3.569058518605560,19.301136294395143
3.59,slippers,-20.479843616485599,5.876924361117173,5.125274392906930,20.008337370230766
3.60,her,-3.497077465057373,4.895250195681036,5.315155139464307,23.320067604659389
3.61,mother,-6.453221321105957,4.360394728807895,5.386351845408647,24.615788461241717
3.62,had,-12.460821151733398,3.851060440620312,4.548917920284092,25.613075837388919
3.63,once,-8.750150680541992,4.186290238063346,4.293207914910255,18.465072169814018
3.64,given,-14.383250713348387,6.535014625295143,6.634407884801685,19.305160209720853
3.65,her,-11.370171546936035,3.048752590198622,3.399584987132301,22.161727145989708
3.66,when,-10.396118164062500,3.632373874087567,3.829181364304372,29.247610860940995
3.67,she,-8.818781852722168,3.746476916166714,4.954993494071088,31.610017177360209
3.68,left,-10.168178558349609,4.671634809726932,4.834333790984526,33.873013487900984
3.69,"home ,",-31.503549575805664,8.171215051548145,9.078187433398648,57.115490846228255
3.70,but,-10.813872337341307,3.741727031427021,4.207831698279016,34.161915448267152
3.71,they,-6.692655563354492,3.969368702986118,3.967146327150183,44.193273171300447
3.72,were,-10.091195106506348,2.971666064853081,2.929655334899758,44.861326452371920
3.73,as,-9.363185882568359,4.039942818220902,4.651498320361137,45.794006691030226
3.74,much,-11.121153831481934,3.984722049491123,3.936346603369184,45.999787925251319
3.75,use,-11.962882995605467,4.018635139629132,3.951641279068288,27.429112592365218
3.76,to,-8.115901947021483,4.592980645126486,4.414688620079040,37.395185117485511
3.77,her,-8.232508659362793,4.618118906253835,4.469334037799204,34.536018080066611
3.78,as,-7.069426059722900,5.001998237569256,5.130021065284259,28.602198158739764
3.79,a,-6.811249732971191,2.750447882567775,3.596952957912508,30.773785369921733
3.80,chocolate,-9.223973790300080,14.919154528187127,16.294720091170301,32.028869778393052
3.81,teapot .,-32.756423950195312,20.897297893020848,21.657508930824370,64.056582690578466
3.82,The,-1.652928352355957,6.216193485653642,6.231108800665612,3.459354033097218
3.83,slippers,-14.728384971618652,11.635699201674395,11.679971716566989,4.268969898035478
3.84,owned,-22.265313148498532,10.350607815610504,9.908666653416100,5.578497024724936
3.85,by,-6.987712383270264,4.890827745324283,4.665801576541509,6.225555492280773
3.86,her,-13.426207542419435,5.741374261396233,5.727088875804244,7.972869944009370
3.87,mother,-15.552589416503904,4.437569159681201,5.294951900202898,7.000000539087048
3.88,were,-9.930780410766602,4.203172010348956,4.813215990919714,9.008644043611698
3.89,so,-11.043004989624023,4.134854132043906,4.626341420421137,11.041968708813284
3.90,large,-12.030597686767578,5.057932366833462,5.291827898186559,5.154203929916666
3.91,that,-6.911294937133789,5.450967542665953,5.473979215970108,7.121671444142398
3.92,the,-9.426389694213867,5.586420289328323,5.477237240469553,8.095868816245215
3.93,emaciated,-21.635190755128860,18.536329544569274,20.254934460102191,10.063611328624225
3.94,little,-9.031159400939940,5.378311062725178,5.583738604945600,13.074963594522893
3.95,creature,-7.612503528594972,4.614171592292500,4.893681121188575,14.038446308334761
3.96,had,-13.470939636230467,4.036663778058516,4.598927631684520,15.056659245066301
3.97,lost,-9.279003143310547,5.381564752263504,5.617538706276671,16.063952825591574
3.98,them,-9.280323982238770,4.681556108595077,4.842376443306628,17.059739132625985
3.99,while,-20.878338813781738,7.596043015604290,8.275877743816249,15.113731782222464
3.100,running,-12.129908561706545,4.826941380879696,4.609676733750442,19.101618654858136
3.101,across,-15.387048721313475,5.311697161023534,5.164394893427080,19.946779826325198
3.102,the,-10.527608871459961,4.505322163812512,4.308229054565971,15.044964159369080
3.103,street,-13.767060995101929,8.229308270082798,8.881164903629168,17.036799727221695
3.104,to,-9.227571487426758,4.879512182269769,5.612336867458994,19.114263270809371
3.105,avoid,-14.915015220642090,4.911155166237180,5.219386826300515,16.646161469448245
3.106,two,-10.013486862182617,4.783026157801428,5.520777299346102,24.013945588985209
3.107,carriages,-18.110333681106567,12.490932665421589,13.411916838236447,25.032795517705441
3.108,that,-6.877039432525635,4.229002803819419,4.537236577070599,28.264536840477987
3.109,were,-10.603970527648926,3.723763874290937,4.289460625971878,29.286291132467216
3.110,rolling,-8.762685298919678,8.015538154844240,8.302431924303269,28.989907783279705
3.111,along,-9.959540367126463,3.926044265689663,3.927862661037409,30.207011743861809
3.112,at,-10.762929916381836,4.900752509803024,5.316242257359213,33.280802875441395
3.113,a,-14.716785430908205,4.581284585009874,4.561311776911905,34.391063311267594
3.114,terrible,-10.299991607666016,3.862845749112323,3.935596884582216,35.296308651383207
3.115,rate .,-29.854506254196171,13.097149019887619,13.842093004169133,76.276389681772571
3.116,One,-5.524330615997314,6.070616227423053,6.239826167544217,3.608662212288141
3.117,of,-0.012718868441880,4.279178968851256,3.975663914200074,6.205237537389870
3.118,the,-0.354536116123199,4.553925246333741,4.466673487780210,8.927905251807745
3.119,slippers,-15.338562011718750,8.069452722563300,8.262324758440634,9.836176831626156
3.120,she,-18.488447189331051,4.882233217237943,5.874247237548876,10.528159071428073
3.121,could,-12.977839469909668,5.160224279600997,5.034204422964804,11.477623521760034
3.122,not,-11.032325744628906,4.088939667822554,4.893647917081825,13.004283523454060
3.123,"find ,",-12.134710788726807,9.041829043760657,8.466317178996000,30.629169831665067
3.124,and,-8.915059089660645,4.840045867016522,4.999640902332219,18.052021919531569
3.125,a,-13.296607971191404,3.544238752500908,4.346086674055878,18.958789642645804
3.126,boy,-7.267620444297791,9.509125608285494,9.570325517749000,12.683119406286380
3.127,seized,-14.609652519226074,5.526247652416034,5.465684772925275,7.196676729616404
3.128,upon,-11.782259702682495,8.672948548665515,8.646480294264931,8.167633952047865
3.129,the,-9.126868247985840,5.579158841117836,5.731396082121191,10.339821594104670
3.130,"other ,",-24.880877494812012,8.733012846238164,8.492688552135302,27.363789805069480
3.131,saying,-11.881247520446776,2.660805437098966,2.616255036518733,16.396369063344618
3.132,that,-13.108476638793945,4.172021682849877,3.791021484218922,16.810653626460741
3.133,he,-8.563853263854980,4.956844214415916,5.634052488507898,14.383022284275176
3.134,could,-12.141586303710938,5.058076781868179,5.099425859810147,17.399511818202633
3.135,use,-11.259299278259276,4.282310097120757,5.095076134486656,20.282976115043212
3.136,it,-11.533300399780273,3.879607407834111,4.877556926897864,22.274525265722161
3.137,as,-10.149501800537109,3.668431252749653,4.229189923664983,24.275992335618863
3.138,a,-1.452175617218018,4.251679625629617,4.407437515864016,26.343250772489856
3.139,home,-13.524501800537109,4.948385534711691,4.812772347994186,28.276548742571656
3.140,for,-10.747016906738279,4.056659556390393,5.028077980541289,30.460581464602129
3.141,his,-12.805320739746096,4.050745325830436,4.080978639999160,31.496269285621761
3.142,little,-14.192805290222168,4.565319970508658,5.338116696964661,32.539126674402887
3.143,pet,-8.782852172851562,4.601780511180269,5.328763844508248,35.163126677242900
3.144,mouse .,-17.392225742340088,16.285668321495891,16.999340902667548,73.275432180600404
3.145,So,-6.500539779663086,6.761755190327981,6.650670454335916,2.513984844673757
3.146,with,-3.420723438262939,4.617667722456726,4.426924398678488,4.016784363809898
3.147,her,-5.725717544555664,5.742904275362357,5.794670932182012,6.566759772988242
3.148,naked,-10.374158800230363,14.516470387950587,14.903160054625866,7.510871451843355
3.149,"feet ,",-12.654110908508301,11.883176252106944,11.846099435321726,17.816823302813070
3.150,which,-16.418979644775391,4.438724812958654,4.999013473631231,9.999984876370137
3.151,were,-14.126328468322756,5.702195295021911,5.863360012089091,7.996995355358075
3.152,quite,-13.164228439331055,4.419819318355772,4.275336753100301,10.945068018204145
3.153,red,-4.622644662857057,7.904808234601247,8.532221793975383,15.024056745090446
3.154,and,-2.415172100067139,5.954143304502067,6.364087967740304,16.829720293051192
3.155,blue,-2.198828458786011,4.461349850067955,4.341197000783866,18.042198649570590
3.156,with,-13.766772270202635,4.974548660516962,5.509720416456819,18.583574019144965
3.157,the,-10.081779479980467,4.775925432960126,5.172531726175763,18.348334756136321
3.158,"cold ,",-12.889842510223390,9.635023913550850,9.859094566864457,41.675108709818112
3.159,the,-12.091580390930176,4.535314050304946,4.444887831918996,22.020357766845088
3.160,little,-8.758435249328612,5.839466759032247,6.000758079001333,7.202939384986980
3.161,girl,-0.929988026618958,5.542332484741702,6.073251833493426,8.073512487376602
3.162,went,-18.071122646331791,8.231893147480125,8.805583296675373,9.013595191019117
3.163,"on ,",-21.875008583068848,10.862877701003505,11.272280301236817,20.041281363060200
3.164,wondering,-19.700956821441647,4.985080869743054,4.447267342621660,11.998341926217053
3.165,how,-10.816823959350586,4.543800647743608,4.901255930833265,14.759386785440199
3.166,she,-14.288303375244141,3.542927687051252,4.798635139552892,18.000021011116878
3.167,would,-11.350131988525391,5.115103019629858,6.156876214236709,21.069035245481906
3.168,get,-6.006281852722168,3.880119411675991,3.685971412382148,23.002699319496561
3.169,through,-12.979031562805176,4.919409362506368,5.007569407797293,25.003221969176320
3.170,this,-10.492325782775881,4.051901595265817,4.162985721551848,27.000440713842845
3.171,dreadful,-13.677308082580565,4.286048800074250,4.554661914940652,29.184249154127198
3.172,night .,-17.956480503082275,11.284230175899165,11.590745568217226,61.171630369044252
3.173,She,-5.398102760314941,6.513097172475808,6.651384949829806,3.124724563176501
3.174,approached,-10.313862512819467,8.471492960391320,9.253425066540123,5.505665359207546
3.175,an,-5.486350536346436,5.362298938011820,5.432801675168633,7.989689873183930
3.176,old,-3.713599324226379,8.887767049729616,8.894507457057660,9.035643979020788
3.177,hovel,-14.496319532394409,10.463484618507293,11.288137879077015,10.085169657903096
3.178,she,-11.707837104797365,5.211948777998429,6.064578299155314,11.074257685077463
3.179,had,-12.577286720275881,5.068717178003523,5.460557348291638,12.045567158556034
3.180,used,-15.302521705627440,5.737825073348581,6.242149824974563,12.000187187319755
3.181,as,-10.913727760314940,3.981960841159447,4.090574553491460,14.191766981868355
3.182,a,-6.671867370605469,2.951690506889625,3.516686745503238,16.478443392907227
3.183,shelter,-18.705368041992188,8.017334304915094,7.860392866661030,17.984107005725146
3.184,a,-3.455775499343872,5.089184471258583,5.219350703530386,20.326419071288413
3.185,few,-4.677772998809815,4.667279863297269,4.804789756979121,21.761134215845317
3.186,times,-9.907626152038574,3.872063025577599,3.884304136119491,22.677643929679476
3.187,"before ,",-22.193803310394287,9.884662425275076,10.128643844061441,45.619033152705036
3.188,and,-4.165638923645020,5.070779335426454,4.919931109428985,21.990833316128558
3.189,found,-16.411762237548828,3.302107000399868,3.160609150897936,21.551927124621692
3.190,the,-9.933038711547852,4.564614442479991,4.293263934576374,21.766219782718291
3.191,entrance,-12.082617759704590,5.853785283742412,5.261274779985199,9.000062588046793
3.192,was,-11.722483634948730,4.451843997647387,5.459816686250764,12.234349699227824
3.193,locked .,-25.090130805969238,13.440550295457399,14.136021964934553,28.286760555360196
3.194,Tough,-12.258120536804199,12.138693248696006,12.497869562127690,3.503028550210662
3.195,luck,-8.148409843444824,5.351854542933387,5.650154147353280,3.888577962162069
3.196,for,-14.919125556945801,5.560501961393830,5.912308820934214,5.296231918690227
3.197,the,-11.807743072509766,5.905111224974918,5.126876024335150,5.349516546834990
3.198,girl !,-22.460046112537380,11.760978821698636,10.835189845838679,16.991806606204058
3.199,This,-4.522065639495850,6.167534451953133,6.325319729993812,3.261062476449923
3.200,day,-7.436107635498048,8.555165370103866,8.402605688577633,4.292766009077228
3.201,was,-1.991180658340454,5.914371423015642,5.825042114001151,5.318753373871479
3.202,even,-3.825848817825317,5.065080644250673,4.964058712745455,7.445711301973272
3.203,worse,-1.583534717559814,5.010137533184054,4.965973102000159,8.320042461222652
3.204,than,-0.006922665983438,5.437313187921657,5.401531844197263,10.202871090974980
3.205,the,-0.655968070030212,4.737991862973682,4.634059420188946,13.107651658114285
3.206,others .,-6.675632920116187,14.920258342888420,14.870434214828958,19.747215272457971
3.207,No,-6.476192951202393,5.980638636365208,6.127283690893600,3.311183373568333
3.208,Good,-10.254410743713381,5.294490441767220,6.302158123187728,3.006539683001496
3.209,Samaritan,-7.112851768732071,13.787336908176426,15.125979619557366,4.001146603826092
3.210,had,-10.652363777160645,5.007614499672250,5.853325441758182,5.000138038317615
3.211,given,-17.191933155059814,11.221255881194153,11.593875826363973,6.000728543632240
3.212,her,-12.234533309936525,5.528743353675078,5.960529418249076,7.001238204573353
3.213,even,-11.566339492797852,5.103297066060662,5.962190393884923,8.002481308158432
3.214,a,-2.310566425323486,5.801137694721918,6.078981962847087,11.094685671989277
3.215,penny .,-20.475441217422485,13.551479821059386,13.734012498864420,26.627053787442108
3.216,And,-4.462661743164063,7.562476449759510,7.561504212388304,2.055395740512078
3.217,she,-4.971625328063965,6.003800370983861,6.256934548764295,4.073070426766268
3.218,had,-4.649279594421387,5.638419437117889,5.796637381416240,6.136188042947786
3.219,no,-2.426711320877075,5.155435078069545,5.262357662733049,8.812888092052027
3.220,luck,-4.659965038299561,5.026060497881222,4.856628212489968,9.646895552979274
3.221,selling,-3.914601564407349,4.231114587277408,4.085349714739188,11.900739658873393
3.222,any,-3.417398929595948,5.022361824080336,5.180027840319923,14.263344242805085
3.223,matches,-11.305525609233882,8.977210054133243,9.736542399433377,14.958272896530259
3.224,that,-0.004024384077638,4.742628704648895,4.692946772471528,17.261036945120733
3.225,she,-0.791374504566193,5.752396511217871,5.744495668021293,20.824002408444148
3.226,carried,-7.916644196957350,6.141406761921036,6.332760553631156,22.859656940106586
3.227,in,-1.147279262542725,3.090440835054346,3.066125529342049,24.982260194757981
3.228,the,-1.369857549667358,4.320383816239077,4.566195015634240,27.158189744690691
3.229,old,-5.384962558746338,8.678321788209658,9.650648602473714,28.094016725359701
3.230,apron,-14.041540723294020,11.694532775055757,14.019774450670855,29.115261891686320
3.231,her,-11.913431167602539,4.679354048440241,5.260883329228707,30.129855365768680
3.232,grandmother,-13.611190319061279,8.472966637764722,8.987734589909838,31.273442337512073
3.233,had,-12.916537284851074,3.011861774826193,2.907866183153924,33.993379027026208
3.234,given,-13.120078563690186,7.104469316203767,6.985108993133827,34.998662320214464
3.235,her .,-21.267620325088501,10.684575733592045,12.188246349279366,68.842615339372642
3.236,Poor,-10.453271865844727,6.316003399996299,7.091800061457818,3.302213301984496
3.237,little,-7.300403594970702,5.400836628504996,5.243196869347317,4.331574039526704
3.238,"child ,",-9.741443395614624,11.984262483388147,11.783201372257356,10.316515361599432
3.239,she,-2.348709583282471,5.391583796428762,5.565540904240071,6.881556250610005
3.240,looked,-8.073220729827879,8.915773925999217,9.180724255470764,8.483562275873606
3.241,the,-1.550010442733765,4.819626351530531,5.237295572778342,10.530852611796471
3.242,picture,-7.687109470367433,4.700899427194210,5.125650705515441,11.669429725100921
3.243,of,-0.123195722699165,4.101679151501568,3.831754963807773,13.283504174476098
3.244,misery .,-27.298826139420271,16.950573178364291,17.984874100922866,32.069115137489376
3.245,On,-3.128455400466919,5.730897980859837,5.441122211391993,3.070646966679048
3.246,her,-7.761461734771728,4.916139565856222,4.752245535504247,5.507915860287438
3.247,"long ,",-9.170568466186523,11.669290654168098,11.670085420455838,14.247186670590594
3.248,fair,-7.644664764404298,4.506949406677414,4.720423282731456,9.028078702082812
3.249,"hair ,",-9.129297003149986,11.038246592772818,10.705866487380371,13.942047009109816
3.250,which,-0.015657702460885,4.964271679134587,4.638678735212063,9.998983781598900
3.251,hung,-8.690164566040039,4.150835970861966,4.093245814072206,13.032190306881587
3.252,in,-1.169013857841492,4.131789769691850,4.091468372318931,15.040208096296494
3.253,curls,-15.260922670364380,9.483127128012582,10.507058108562275,17.286351844516545
3.254,on,-13.921240806579590,5.858665653917472,6.253707572380874,18.515617843333843
3.255,her,-11.905622482299805,4.946660251380819,4.960613061586081,18.353634025451733
3.256,"shoulders ,",-15.968388795852659,14.077958079536320,14.596203517450222,40.834917736477131
3.257,the,-8.118425369262695,4.748334203056759,5.303716818773233,21.706393880114284
3.258,snowflakes,-32.917576104402535,11.665528142854084,10.938230612019140,21.999999814288696
3.259,kept,-17.609292507171627,10.240637070901656,10.163806494301356,6.579715593256013
3.260,"landing ,",-19.202448844909668,11.237001377845502,11.164562882107267,16.020742659970054
3.261,but,-7.414417266845702,5.080593148711237,5.989025196869720,9.331653236649231
3.262,she,-10.284569740295410,4.628073291161709,5.514034191623748,8.019602266384990
3.263,did,-9.589272499084473,5.518821844301676,5.165447439035018,8.216973785914430
3.264,not,-13.282605171203613,5.482661892434644,5.040349929195441,10.018861678105363
3.265,notice,-11.041728019714355,5.198727930624353,4.876092565902924,11.998023109323215
3.266,them,-7.171246051788330,5.367297750528460,5.085018038316211,11.248771582929221
3.267,as,-10.830191612243652,5.134158531630323,5.360843219337365,13.746231421771519
3.268,she,-8.572244644165039,4.489814378000914,5.485192682047326,14.909819733141079
3.269,shivered,-13.325279787182806,15.683104213854687,16.421419471992778,17.057773938598782
3.270,along .,-26.301008701324463,14.906756688325682,15.095170466921545,40.172199466322780
3.271,She,-5.398102760314941,6.513097172475808,6.651384949829806,3.124724563176501
3.272,was,-3.248141765594482,5.972521717488170,5.919539638473682,5.265100455506252
3.273,losing,-7.978119492530823,9.852689607330422,10.163632560096476,7.297427075392103
3.274,strength,-7.662894248962402,5.075042268674622,5.283188743050911,9.224656361023131
3.275,and,-2.150900602340698,5.172078703547458,5.590788181875307,8.474226865669682
3.276,beginning,-8.614446640014647,5.238830569681165,5.472685571858009,9.910881004637812
3.277,to,-0.030746920034289,5.562704332727834,5.394118526970506,14.367187032424855
3.278,doubt,-8.691660881042480,4.906913556158781,5.157075429911597,16.831227614838156
3.279,she,-0.927398264408112,5.443380228210367,5.864698525147362,20.563156318006538
3.280,could,-2.060910940170288,3.702027745268458,3.735773211326674,22.732178649494781
3.281,weather,-8.662167549133299,4.109541767921750,4.368446365304004,24.823203791132155
3.282,this,-4.019752025604248,3.888344931741486,4.035796873309446,27.112880675375546
3.283,storm .,-1.864311538985930,12.815340028801845,14.687656984338371,33.775348342549258
3.284,It,-3.523702144622803,5.975466083379700,6.746003274069055,3.255935461031633
3.285,was,-2.202806472778320,5.612470929407762,6.038403578106284,5.170998584181224
3.286,New,-8.040994644165039,5.415038779084290,5.541590536812802,7.877066883415022
3.287,"Year 's ,",-17.030402793585381,20.134764996242581,20.032298774649689,29.955497407656893
3.288,and,-5.747032165527344,4.318411460362377,4.582690235572031,8.004002745390252
3.289,the,-12.364077568054199,3.401173958425474,4.011394307550355,9.074082646492485
3.290,girl,-10.897318840026855,5.201020110932919,5.175755406122105,11.301914055497141
3.291,asked,-18.189029216766361,10.520119945034304,11.230091409401977,9.452648739797604
3.292,herself,-20.858111381530762,12.350753950978760,11.808395464633444,9.019394782461696
3.293,"why ,",-25.554990768432617,10.525095667898912,10.399185570494673,25.473157726121968
3.294,as,-12.357858657836914,4.661372805324407,5.206005198862107,17.154633533955252
3.295,lights,-16.612676620483402,3.931512524460724,4.853761748246106,18.595307696247215
3.296,shone,-15.932852029800415,9.756732286007530,10.378945803037336,21.598503862463488
3.297,from,-10.766105651855467,3.553440315945332,4.111786594717939,24.109907562936158
3.298,every,-13.327213287353516,4.417116419937598,4.328649599721157,25.928390209086324
3.299,"window ,",-27.069102287292480,9.590912761916496,9.388793186971821,54.003344806494894
3.300,and,-4.202473640441895,4.711683109067797,4.485641499428746,29.000351079346984
3.301,the,-9.847454071044922,4.295180023420518,3.946189716005315,20.001648546645491
3.302,savory,-17.193937778472900,7.434056061741817,7.164892853691299,26.402230702580642
3.303,smell,-11.131720542907717,4.703487982712348,4.933363975841941,24.915952179575200
3.304,of,-12.118881225585938,4.779340724508719,5.037122731187622,23.995435323122379
3.305,roast,-12.504340931773186,15.269628990636511,16.390024444158676,24.999977513120303
3.306,goose,-11.247180342674255,8.416896889565946,8.692378614316210,25.742637511862625
3.307,crept,-18.785123404115442,8.423061712507401,8.631814777850604,23.060880137272449
3.308,out,-8.877141952514648,4.595537517123421,4.577696886858933,24.000725381345585
3.309,on,-9.001863479614258,4.317862938542488,4.227668520635318,25.000015177101282
3.310,the,-7.427798748016357,5.156464577564699,5.178553326807203,30.973549896929928
3.311,"streets ,",-14.995589256286621,11.048718387594207,11.360114185423793,63.052454870140586
3.312,she,-14.206721305847168,4.289896951498844,5.245125312347267,32.022557523430123
3.313,was,-12.107534408569336,2.838425011278486,2.740564758563541,28.000968365227276
3.314,outside,-7.198338031768799,4.559457304479341,4.429981380904742,30.000505581792783
3.315,all,-7.757712841033935,4.940512543876909,4.966653423691811,32.000495050664924
3.316,alone .,-19.133447885513306,12.269410582408742,11.876935220608738,63.484905246873033
3.317,"Exhausted ,",-18.026350229978561,22.994262611455419,23.310046802916748,7.978759361863699
3.318,she,-10.249492645263672,4.789057509196135,5.244619653133528,5.240891246915490
3.319,finally,-18.479297161102291,9.935519554661145,9.209721811096415,6.233648554063943
3.320,sat,-15.634212017059324,15.477581656924743,15.127277775153615,6.000448726762155
3.321,down,-4.629566192626953,5.953114082307995,5.776614419826169,7.558525448026402
3.322,in,-7.440591335296631,6.122238932535327,6.410520046071037,9.002968759657996
3.323,a,-4.085906505584717,6.013518806154813,6.500106496597514,12.017052779342622
3.324,corner,-15.889356613159180,4.722118390721000,4.566425790283628,14.002346218311546
3.325,behind,-12.222859382629395,5.141364314645299,5.785627029971978,16.271062917452454
3.326,the,-7.196210861206055,5.446472758996808,5.272202198774921,17.134961548273520
3.327,little,-17.364891052246097,5.576244316391037,5.755793667147491,16.192573156243157
3.328,bakery .,-23.196497917175293,12.211673310746910,12.885310086778670,38.317504891433359
3.329,She,-5.398102760314941,6.513097172475808,6.651384949829806,3.124724563176501
3.330,put,-7.585840702056885,5.362949978470859,6.255015592700146,5.428977914103473
3.331,a,-3.010598421096802,4.759134877656304,4.640424026921188,7.806200068960184
3.332,rag,-10.701920509338381,7.919342675677560,7.695450184784892,8.797613980783575
3.333,she,-15.252360343933105,5.003871922635621,5.349939826398632,9.871474700535023
3.334,had,-14.275006294250488,4.414338193992715,5.074899644789885,13.093629542724809
3.335,found,-5.682956218719482,4.241305698964808,4.014433714244448,15.100021972113224
3.336,over,-8.470512390136719,4.210668346458438,5.142796417236880,16.887936467326373
3.337,her,-12.848340034484865,4.783247181543143,4.412469242171881,12.133588686343744
3.338,legs,-8.293802261352539,3.511809377865153,3.222525698233694,18.407653656461196
3.339,to,-8.427595138549805,4.680685918096101,5.448260627550503,18.856392097382408
3.340,cover,-15.495312690734865,4.738514881933893,5.175672078091385,13.114768463605964
3.341,"herself ,",-25.724167823791504,14.990280032723362,15.393405142738967,27.765720525398841
3.342,but,-4.678851127624512,5.355777588767677,5.511998731289114,13.583234290076946
3.343,she,-16.413835525512695,4.569603924684340,5.554340975911762,17.845656403918703
3.344,could,-12.680809974670410,5.240571267239479,5.989323882132571,15.500530450846114
3.345,not,-9.097703933715820,4.210068553626892,4.234701606414533,17.688071000154949
3.346,keep,-8.525117874145508,4.228042939575402,4.156838449852497,18.753315815172339
3.347,off,-11.446086883544922,5.132612194486188,5.682316462513933,20.816791420950423
3.348,the,-12.167998313903807,4.562378807152551,5.016540582173724,22.993380671757027
3.349,cold .,-23.499512910842896,13.467997359916053,13.310137731139580,50.988972223344504
3.350,The,-1.652928352355957,6.216193485653642,6.231108800665612,3.459354033097218
3.351,"girl ,",-10.178287744522095,10.639304638227047,10.449771418802420,9.622347488634357
3.352,who,-0.076875425875187,6.010255081282854,5.678289017855778,8.106347161657396
3.353,the,-2.336558818817139,4.807652924448828,4.959972876576745,11.126917138168055
3.354,night,-7.275674819946289,4.784400717976370,5.233509569975352,12.336029618061135
3.355,air,-10.290748596191406,3.639301919550185,4.088774847397223,13.034050525234823
3.356,had,-3.545013427734375,4.768470668370816,4.474123518052393,13.112026254048033
3.357,completely,-5.752552390049459,8.991373196991116,9.502722081804198,16.039961185971816
3.358,"enveloped ,",-16.089664436542080,16.150350743776571,16.246153281637824,35.158340302273288
3.359,dared,-12.472241401672365,5.730946798909121,6.027620732321919,19.080630247616675
3.360,not,-16.525707244873047,4.898466136260176,5.007783114824972,20.094983536536397
3.361,go,-8.681500434875487,4.423047946516881,4.902173146321688,22.973750184461423
3.362,"home ,",-14.838800430297852,11.202731986134767,11.241595385044217,30.745936872395031
3.363,for,-7.626725196838379,5.193185529107787,6.256304200436620,9.089568815787574
3.364,she,-10.214187622070312,4.886923233006509,5.607277511135204,10.000259494600801
3.365,had,-12.809785842895508,4.840136047246557,4.357557128564020,11.997672812904785
3.366,sold,-15.782396316528320,4.528775664322465,4.368708031755865,13.000178600030624
3.367,no,-5.971267223358153,5.174331974344208,5.438533182282553,16.076772752268518
3.368,matches .,-24.521133281290531,17.237497322904552,17.192981429282650,36.963238998760602
3.369,Her,-7.535875320434570,5.882943226595096,6.224571023602402,3.501213334914015
3.370,father,-3.881322145462036,6.103096050014035,5.919946395477163,4.638530994362499
3.371,had,-3.467901229858398,5.442383127869894,5.457178464223306,5.363475509194145
3.372,been,-1.055559396743774,5.191953258225729,4.656431847784055,7.313370862623545
3.373,mean,-12.671680450439453,4.574098441130398,5.476923748564854,9.224665070130520
3.374,and,-3.023022174835205,5.487257699681373,5.732077052817508,10.242851935598614
3.375,moody,-13.805736184120178,9.241315355392745,9.242843347159317,11.829851446365144
3.376,ever,-10.258888483047484,9.289038599006680,10.014688632805738,13.439872682840052
3.377,since,-4.698328018188477,5.301034417760516,5.620851771929528,14.875762254331470
3.378,his,-16.922149658203125,5.945271602116161,5.530369191250559,12.000504124577745
3.379,wife,-9.734039306640623,4.956571099323315,5.565131304804781,14.536944356345641
3.380,had,-12.149207115173340,4.447803418500325,4.959279151154794,15.499068966099989
3.381,gone,-9.303771018981934,4.751899175044779,5.084629481576212,16.786779198646411
3.382,to,-1.606752872467041,4.337263314657152,4.487907929190771,19.130108681134665
3.383,meet,-13.280375480651855,4.147595402637331,4.234686694962424,22.008790603160410
3.384,her,-7.869357109069824,4.254155639920665,4.165387152792809,23.003951968575567
3.385,Maker .,-23.313426733016968,15.222801949788579,16.148227001595767,32.088082050628827
3.386,He,-3.091049671173096,6.821128250995057,7.122151286628733,3.089313103261496
3.387,would,-4.383809089660645,6.047331401130795,6.037125657222250,5.176749752236086
3.388,certainly,-4.193615078914263,9.146449170828692,9.971644601436754,7.163338196942250
3.389,beat,-9.449865341186523,5.666138548735385,5.926063893382162,9.296347246687477
3.390,"her ,",-9.292314529418945,8.954081182367830,8.492986452325026,19.491027004333255
3.391,as,-2.734265804290771,5.785051093825822,5.812754962189995,14.067612179678870
3.392,he,-1.761842489242554,4.953319206097373,5.091044157213314,17.095638382815793
3.393,has,-2.418504714965820,3.920182955212117,3.579120140720657,19.098858038759488
3.394,done,-1.161433458328247,4.853475618186931,4.790207518024554,21.106793905059885
3.395,several,-4.530804157257080,4.974825484032777,4.985440815946849,23.306239853127380
3.396,times,-0.033243991434574,4.231737155583237,4.301654210439875,24.264977752252371
3.397,in,-0.621039032936096,3.114014512671792,3.039405713002451,25.152599701323968
3.398,the,-0.790191650390625,3.951979422873246,4.317985555675810,27.240911215709211
3.399,weeks,-10.377727508544922,4.326845026513939,4.498940767765122,29.025248453351150
3.400,"past ,",-4.010671854019165,9.047732096520331,9.198945192552088,47.284958983324728
3.401,because,-1.494050025864453,10.980249041107816,11.063527184833863,17.006414713176884
3.402,she,-0.793135166168213,5.282360645440860,5.574665077307457,20.039062560757404
3.403,had,-2.892418384552002,4.371495804301520,4.293881360236435,22.079829134653160
3.404,not,-4.988009452819824,4.754322177010459,4.514999422840324,23.080332374186725
3.405,earned,-6.248883247375487,4.455969438227645,4.792949857360733,25.080249036759568
3.406,any,-3.860085487365722,4.454168954579709,5.087370785744799,27.439179854493545
3.407,money,-2.586078643798828,3.891165848389964,4.189821059652893,28.189713141293769
3.408,today .,-5.345293051534100,14.053944623326649,15.351227225481102,35.014893724216030
3.409,"Besides ,",-6.148316539474763,15.832982898817818,14.319774196882388,7.583158706182354
3.410,it,-3.180113315582275,5.530156610551491,5.827647542454900,6.867759316233474
3.411,was,-2.364211797714233,5.651544191278813,5.622547160140577,8.287876804207011
3.412,almost,-4.212481498718262,4.022209761524798,4.258367154028942,10.215937072105207
3.413,as,-3.533469200134277,5.047095668062436,5.001914256002709,11.841279738335011
3.414,cold,-7.118158340454102,4.313225324553030,4.976948817137177,12.938687332118519
3.415,at,-2.479220867156982,4.801937580218093,4.164489813034917,12.187069314696753
3.416,home,-4.955138683319092,5.168581189640777,5.193275229063636,14.276226861951431
3.417,as,-0.081405974924564,5.716965777553148,5.812412223364250,14.293499574865393
3.418,"outside ,",-18.891757965087891,9.768002419234755,9.519571175667476,33.361297999070004
3.419,for,-1.919876813888550,4.014218887838481,3.609048677496132,18.890714857276766
3.420,they,-5.427065849304199,4.290076679058960,4.258383605430889,21.829105064117929
3.421,had,-3.656927585601807,4.597710623596186,4.504855530074320,23.968447681425065
3.422,only,-5.315269947052002,4.890838709028691,4.819872549564637,26.525028455464174
3.423,a,-0.587126791477203,4.895370270861002,5.026507573452992,27.485375920481740
3.424,patchy,-13.879162788391113,14.019611400639505,14.456815249570015,28.177870430167946
3.425,roof,-6.363894969224930,11.559437508576796,12.381527873982934,29.137836284356450
3.426,to,-10.160427093505859,4.372581282583395,4.840727966439882,24.382919050118250
3.427,cover,-15.800329208374025,4.648594496280499,4.623410290436964,32.805785021264683
3.428,them .,-17.465772390365601,13.026130268061355,13.254180617353491,54.024557898212514
3.429,The,-1.652928352355957,6.216193485653642,6.231108800665612,3.459354033097218
3.430,girl 's,-11.304942907736404,14.811049251679677,14.260109750993930,10.860665539228329
3.431,little,-18.445449829101559,5.597391128478887,5.563903350361040,6.316344317936577
3.432,hands,-7.551021575927733,5.251779982826596,5.540491838673953,7.128440367083293
3.433,were,-14.324254035949707,4.746656036638757,4.796144770423720,5.023128039697450
3.434,almost,-12.797701835632324,5.511023748531346,5.445855575059657,5.045848154501455
3.435,frozen,-10.826174736022949,4.739386245563068,5.267111380344095,7.286085544021902
3.436,solid,-11.859054565429688,5.211381415084682,5.367168599734874,8.457616362785259
3.437,so,-5.522686481475830,4.798900242208748,4.771971420159181,10.934031634400649
3.438,she,-13.532392501831055,4.975022732879236,5.765016920154467,12.000641850436509
3.439,decided,-13.570790290832520,5.121749126965041,5.718931775545144,15.835501859469687
3.440,that,-11.361738204956055,4.644108097012623,4.814609932115991,17.758935891420695
3.441,a,-9.667641639709473,5.401815168987652,5.653371546214331,21.658447619206964
3.442,burning,-13.185092449188232,8.195207705623531,8.326423601766827,22.760516481739192
3.443,match,-9.843411445617676,4.347817887981004,4.792712696614171,23.723259179053748
3.444,might,-13.005646705627440,4.222255615157758,4.452245700915539,24.718167693059911
3.445,be,-4.200974941253662,3.604077353798073,3.494408067933991,24.636132279572703
3.446,of,-10.009440422058104,5.267044693917769,5.502919313061581,26.834478300013462
3.447,some,-10.509538650512695,5.047655524579931,4.791912999950641,28.000380050003823
3.448,good .,-15.698820352554321,12.855650957171072,13.407053905934216,62.994840913302355
3.449,`` Scratch ! '',-48.474924222948175,58.370604014471944,57.742573691223832,20.362379620876830
3.450,sounded,-12.588319811969994,10.193574628976524,9.791807944168099,3.485919351765068
3.451,the,-2.119304656982422,4.511710922502577,4.802323545819479,5.979582034725237
3.452,match,-8.740797996520996,5.519369874145545,6.446616509432127,5.764042765366378
3.453,as,-0.608980178833008,6.063140117261081,6.167678892416104,6.189890708764371
3.454,she,-4.301537990570068,4.951117035762629,5.731116334105263,9.154093352828783
3.455,drew,-6.604493260383606,7.563301884310518,8.484492266273655,11.171304307818714
3.456,it,-6.102190494537354,3.972147421989583,4.563282046486289,13.231601394582553
3.457,out .,-3.052979750558734,14.406053230467680,14.972152943040371,22.139572077882530
3.458,How,-0.989925682544708,5.498958974826301,5.674414973265545,3.236251978938796
3.459,it,-2.970783233642578,5.516706630318994,6.002541979102478,7.010539756533062
3.460,sputtered,-12.939479231834412,8.256749579376192,8.046802802735126,8.978815579928824
3.461,as,-11.370990753173828,5.466271423142153,5.422193761301251,9.930360354155132
3.462,it,-12.019398689270020,4.921588885405510,4.792391344066799,10.897235393308444
3.463,burnt !,-31.161556810140606,20.825704832340605,20.997673496818678,27.392358568583756
3.464,It,-3.523702144622803,5.975466083379700,6.746003274069055,3.255935461031633
3.465,gave,-6.863233566284180,6.106489326228387,5.844443795892122,5.214515253901260
3.466,a,-3.672018051147461,4.732701049330140,4.643583440050947,7.653022637280698
3.467,"warm ,",-7.486268281936646,10.521039335290141,9.834772125968524,17.965562632160704
3.468,candle-like,-16.841875947080553,23.800044671987692,24.189197363485235,10.656686990877882
3.469,bright,-10.186085700988770,5.781922276895970,6.279193578121467,11.670951713174727
3.470,light,-2.710218429565430,5.629716180421545,5.742048035437274,12.790086690352142
3.471,that,-14.608465194702148,6.176030747433826,6.075190925588507,13.597579473189489
3.472,the,-7.498820781707764,5.559330293471604,6.327260842378178,14.443120789339400
3.473,girl,-10.526276588439940,5.700771064696918,5.646565438854654,15.414734903724311
3.474,hid,-18.062305450439453,4.060727156917655,5.084190094311666,9.001841864934404
3.475,from,-12.766426086425779,4.773964630458784,5.560758573297791,13.372509997521044
3.476,the,-5.530400276184082,4.227924427261035,3.782604723090227,14.029893956449179
3.477,world,-12.445299148559570,4.546342803656710,4.108097171517644,14.154613265782324
3.478,as,-11.288797378540039,5.100103306075852,5.630691986259603,15.330694170594931
3.479,she,-13.823816299438475,4.315528201155921,5.146465921492858,16.001091762473752
3.480,held,-10.720741271972656,4.839811716579113,5.000054082088331,19.652556215051575
3.481,her,-7.997421741485597,5.026019255135007,5.078870554072477,20.753812462504946
3.482,hand,-14.739067077636721,4.395318111862413,5.210894688601919,18.785590547055484
3.483,over,-11.059155464172363,4.564507977962772,5.329478593511841,21.052850301083570
3.484,it .,-15.438886880874636,11.686097089551305,12.606404171527345,44.480179422753196
3.485,Why,-0.808833420276642,5.481721509063543,5.776740961943680,2.934651847245829
3.486,had,-6.320431709289551,5.347481308634849,5.085613399704839,4.981609625232954
3.487,no,-6.009510517120361,5.162043172237241,5.323399436222586,7.259754023692821
3.488,one,-1.339791774749756,5.174977842269152,5.381187853302689,8.266213952049782
3.489,wanted,-3.923747122287750,7.968973496689932,8.641505968988378,9.016487805248644
3.490,to,-0.005522945430130,5.152167081615463,4.816241560545574,12.011430424051833
3.491,buy,-3.424144268035889,4.072095563320246,4.551727493600892,14.064397711361739
3.492,even,-7.495195388793945,4.942930912362908,5.258906626544586,15.545293691231198
3.493,one,-2.699622869491577,4.657974711310062,5.049860878536797,17.697709470929489
3.494,match ?,-10.500111081171781,13.481614445414833,15.476110277001798,24.535673037108037
3.495,A,-3.886285305023194,6.184910758476195,6.239092981792173,3.626192312481451
3.496,wonderful,-10.205494880676270,5.939649134434497,6.063375206426161,4.488834670988865
3.497,"light ,",-9.626407682895660,11.249334853742361,11.150267333991367,9.759999755659164
3.498,it,-2.259170532226562,5.331474741135925,5.405959988813859,6.862103170947153
3.499,was,-3.949980020523071,5.629411767636657,5.567910835609337,8.214471087585935
3.500,really .,-4.363847849235754,18.681917708291824,18.530631333003136,19.514166082921179
3.501,It,-3.523702144622803,5.975466083379700,6.746003274069055,3.255935461031633
3.502,seemed,-7.032463732175528,9.378871389442013,8.192514438651314,5.156425289159237
3.503,to,-0.009142204187810,5.595864378704803,5.551619409478592,7.510544513490641
3.504,the,-4.881952762603760,4.690246753067491,4.842200029873748,9.351237915815878
3.505,girl,-10.001565933227539,4.471525205185267,4.835201987684218,10.676746199568225
3.506,that,-0.263033956289291,5.302254004113514,5.370272020230693,9.071880076258138
3.507,she,-1.396662235260010,4.759516666536438,5.112013464353988,12.089312517660620
3.508,was,-1.293539762496948,4.711763588327359,4.574158239348374,14.118556665370953
3.509,sitting,-5.921558856964111,4.354320773210434,4.718748979624459,16.193083159582795
3.510,by,-4.423480987548828,4.326442564596187,4.299570130647386,18.161029528105107
3.511,a,-3.094879388809204,5.693647030882393,5.624835287458970,20.650036571461111
3.512,large,-5.087211608886719,5.333360410682603,5.145941430289248,21.597291807597447
3.513,iron,-7.354832172393799,5.027165280296606,5.762958464311187,22.456289658952212
3.514,"stove ,",-17.138434410095215,10.283017867317534,10.510714454970046,47.811070186509447
3.515,with,-9.484751701354980,3.734532844635222,4.540848860211908,25.975406920521998
3.516,polished,-17.457359850406650,10.321046335916485,10.157158812944919,20.039312565872390
3.517,brass,-10.421265602111816,4.847196725139557,4.822384376546244,21.344752964825169
3.518,feet,-7.530565261840820,4.464450835095932,4.514679168837595,22.572731469821576
3.519,and,-5.824831485748291,5.556876903148419,5.701599421292094,25.088671676212691
3.520,a,-5.426618099212647,4.128840387635458,5.280487825810144,26.101026443884191
3.521,brass,-11.025749206542967,4.228649082671446,4.354889793369916,27.072493274850828
3.522,ornament .,-27.859371185302734,13.951627274431669,14.076031337397891,52.576981295219227
3.523,How,-0.989925682544708,5.498958974826301,5.674414973265545,3.236251978938796
3.524,the,-1.664834022521973,5.343907957612300,5.307458171127423,7.091964823766424
3.525,fire,-8.391868591308594,8.348847659286625,8.768209064437889,8.020885022324533
3.526,burned !,-12.789841272868216,14.899649967659695,14.565610195033155,14.967451137348656
3.527,The,-1.652928352355957,6.216193485653642,6.231108800665612,3.459354033097218
3.528,girl,-9.233823776245117,5.518741701510872,5.657244047421536,4.606440403307121
3.529,was,-2.475845336914062,6.102720498601171,6.122504203501443,5.284000352925792
3.530,pleased,-6.355719326638791,9.810433100883143,10.643052212427897,7.177541600207031
3.531,and,-4.604967594146729,5.520370547023561,5.307420539468866,7.077010829582178
3.532,the,-2.043633937835693,5.905302704894812,5.292313053029437,7.149909305615957
3.533,fire,-7.680732965469360,9.195299208440057,9.180864391083359,8.072984377750691
3.534,actually,-5.340891599627867,10.479333346847332,11.157015594482010,9.080395147809924
3.535,seemed,-6.356976016948465,8.998470805966805,8.589326389142169,11.018192745684566
3.536,so,-4.126545906066895,5.295734736031718,5.694022762919975,13.468671388558045
3.537,warm,-7.645835876464844,4.069302505986659,4.298781388869074,14.705868395039925
3.538,that,-0.154863506555557,5.654540006512043,5.528227604752655,16.012744839905849
3.539,the,-2.247641086578369,5.484128415858928,5.435744233130883,19.171873476788477
3.540,child,-4.473028182983398,5.184773830805247,5.387533578171748,20.104225443477681
3.541,stretched,-11.365947723388672,4.815999597056611,5.271542004877158,21.107536299937859
3.542,out,-0.290614187717438,4.632685357552975,4.726640722144781,23.102606573451034
3.543,her,-2.359942436218262,4.125481537466763,4.226812056551970,25.202362636825811
3.544,feet,-6.566561698913574,4.931751385970907,5.267787216114940,26.263433953811358
3.545,as,-4.851569175720215,5.609620506660301,5.766940982768593,27.077111458463520
3.546,if,-2.207584381103516,4.349794644466950,4.264525304271866,28.006101839308748
3.547,to,-0.844026327133179,4.740642379863337,4.576308047600473,31.056137453287906
3.548,warm,-8.156668663024902,3.521974163525962,3.995871141928398,33.237565799691950
3.549,"them ,",-5.502877473831177,8.292555033650476,8.458609231191847,63.749698594862785
3.550,when,-0.099003195762634,4.850375570863816,5.445457955205151,31.999838259188209
3.551,suddenly,-1.165738177514868,7.071085542827146,7.805574363481572,35.353300019129229
3.552,the,-1.580867290496826,5.406109231850574,5.437798896558481,37.208836818341851
3.553,flame,-5.963959515094758,10.468377027290501,10.889450800528323,38.060761036218622
3.554,of,-15.523955345153807,4.792108285718943,4.871136839825203,38.872085902734781
3.555,the,-10.430879592895508,4.564628811996736,4.561684994979430,39.067224230124786
3.556,match,-10.836034774780273,3.355900357552162,4.044655192671871,41.112057224886030
3.557,went,-15.739287853240967,5.346446212247966,5.700147005301447,41.745582106859032
3.558,out .,-20.082472562789917,13.634617379642185,14.735502059559732,77.604250496821010
3.559,It,-3.523702144622803,5.975466083379700,6.746003274069055,3.255935461031633
3.560,was,-2.202806472778320,5.612470929407762,6.038403578106284,5.170998584181224
3.561,a,-1.793869495391846,5.652907311660521,5.850153681040768,7.758013063490379
3.562,"short ,",-9.228171825408936,10.753902633076077,11.430663241921589,18.827708484858441
3.563,stubby,-12.798658609390259,9.398835149433651,9.443928390313991,11.022197086500682
3.564,match,-6.446199417114258,5.400697071639002,5.422393040761158,12.001103629349714
3.565,that,-13.916844367980955,5.087561840790513,5.124604604593515,12.977705181801412
3.566,the,-10.690482139587402,5.118310929611711,5.268683194205543,11.823231915165540
3.567,little,-7.518190383911133,4.927293596066890,4.941154252073167,14.028540973556735
3.568,girl,-2.834214925765991,4.687249530452394,5.430069591678651,14.835486117370920
3.569,next,-16.021038055419922,4.086888709799205,4.510500649404496,16.040543901293820
3.570,rubbed,-15.883747220039368,8.191967705783517,8.595681989449004,17.000649307791644
3.571,on,-10.244916915893556,4.538039225379476,4.524902752254620,17.917439241579586
3.572,the,-8.337797164916992,5.083941436035822,4.799553238563604,18.235607515121433
3.573,wall .,-20.393869400024414,12.827718568788253,13.868387375008348,42.064372902188595
3.574,It,-3.523702144622803,5.975466083379700,6.746003274069055,3.255935461031633
3.575,burst,-11.893709182739258,4.962268056136206,5.000172202375782,5.182433096627263
3.576,into,-0.298444360494614,4.622092639175965,4.214320524207781,7.193415478585258
3.577,a,-1.259804487228394,4.699540898343124,4.680130120781256,9.556505574344195
3.578,"flame ,",-15.348828196525574,18.712890638714796,19.020475375414343,21.783823374152853
3.579,and,-7.268903255462646,5.720422304789202,5.630576325170977,12.208948860273578
3.580,lo,-18.874389648437500,8.078580461093013,9.312129261739310,13.224208147714686
3.581,and,-10.685506820678713,6.233500178770742,6.196668465511423,9.999999988715539
3.582,"behold ,",-21.723087310791016,11.386494747804264,11.134054984044537,23.000009884785417
3.583,the,-5.252423286437988,5.602118738611258,5.718345337752483,13.000010635758493
3.584,girl,-10.106071472167967,4.246560573529702,4.146318912457367,13.999999999929081
3.585,was,-10.853457450866699,4.743690872157090,5.255599035168093,11.087275850033393
3.586,transported,-17.306281089782715,9.831987487903412,9.077479389500118,12.044841215688971
3.587,from,-10.906933784484863,4.597127430041947,4.913298598331825,12.837771714901606
3.588,her,-9.019183158874512,4.300721740149235,3.989245072441035,12.203723402723559
3.589,dank,-14.624290406703947,18.028073984035426,17.987398206431333,12.210435100722053
3.590,city,-14.126874923706055,5.471064929902177,5.374515376270075,13.017847039587176
3.591,to,-1.854409933090210,5.750779536901506,5.895028184069981,15.050442536236107
3.592,a,-3.021867752075196,5.479895189653418,5.482894506686564,17.063317226804752
3.593,"beautiful ,",-10.476898908615112,10.200565960306808,10.679219418504942,46.362250995166271
3.594,sunny,-6.130740165710449,4.940386050219061,5.103493728615669,24.495633605172621
3.595,forest .,-25.649411678314209,13.723009407807286,13.774305872944391,47.213757964397104
3.596,She,-5.398102760314941,6.513097172475808,6.651384949829806,3.124724563176501
3.597,heard,-8.654660224914549,9.794235371523046,10.061070566213141,5.410147640112713
3.598,the,-2.003133058547974,4.276666168952207,4.476237212143775,7.941243968881401
3.599,birds,-10.154398202896116,8.369590649753036,8.361107196086284,9.328694007393864
3.600,chirping,-9.920450136065485,15.228613626122415,15.518755002719553,10.511899452476809
3.601,and,-3.766871929168701,6.192419576205619,6.114551518093583,11.398548315126733
3.602,she,-10.970672607421877,3.872075662759619,4.819083434225107,12.399598955455104
3.603,was,-13.558287620544435,4.463624703574745,4.568887635926533,13.398064142089725
3.604,surrounded,-15.977461814880373,11.644742052969596,12.188508429969168,7.244875887858593
3.605,by,-9.294232368469238,4.746822795952680,5.135718125636003,10.949199073982527
3.606,wildflowers,-25.060644865036011,13.525886333500175,13.528875819802401,10.111093617278923
3.607,and,-9.887727737426758,6.480502546800484,6.641990610026228,12.000639422709515
3.608,birches,-18.238012313842773,17.253602504893696,17.849137300614576,15.078553060153078
3.609,as,-11.880957603454590,4.060975385221814,4.664031771061503,16.048717338226421
3.610,white,-12.583270072937012,4.975742471199901,4.931722276081271,17.071693062727615
3.611,as,-5.545865535736084,5.064385912739059,5.406257060768441,18.080723155639891
3.612,snow .,-27.668541908264160,14.746611963326298,14.790763925220567,34.283910519476116
3.613,A,-3.886285305023194,6.184910758476195,6.239092981792173,3.626192312481451
3.614,little,-7.317439079284668,5.417652326388358,5.697911864834743,4.760658966465212
3.615,squirrel,-12.418484687805176,4.839500450194455,4.891849551082466,5.508739531285154
3.616,hid,-16.606248855590820,4.516038361099866,5.188714698028785,6.397076225322095
3.617,some,-14.823166847229006,6.002891866351981,6.077084680505076,7.480740581083896
3.618,food,-10.772718429565430,5.935066945343864,5.731016922000263,7.915159332365580
3.619,in,-8.841012001037598,5.099814672651238,5.649402560073498,6.827028586895888
3.620,the,-2.334593772888184,5.160892594031474,5.477662603564356,8.950683047548546
3.621,ground,-6.138462543487549,5.329347312116741,5.261064146960564,9.543344440399412
3.622,and,-10.450674057006836,5.435656816519263,5.950995252751370,10.001586015958175
3.623,scurried,-22.478379726409912,9.099584811940339,10.311861459332301,12.989335095636179
3.624,off,-9.667159080505373,5.561294853034219,5.553210041767562,13.997009829219476
3.625,into,-14.202152252197266,4.877313101721837,4.950953772798497,14.051541053070618
3.626,the,-7.755886077880858,5.516931272753574,5.434063712419699,10.899984858670351
3.627,underbrush .,-23.751976013183594,18.980088340071223,18.852729817824986,21.200768155398720
3.628,The,-1.652928352355957,6.216193485653642,6.231108800665612,3.459354033097218
3.629,girl,-9.233823776245117,5.518741701510872,5.657244047421536,4.606440403307121
3.630,was,-2.475845336914062,6.102720498601171,6.122504203501443,5.284000352925792
3.631,"curious ,",-9.226581573486328,10.450075967030466,10.701829554823060,15.581988725342409
3.632,so,-3.380396127700806,6.068569947954607,6.523651237226149,11.128133009396119
3.633,she,-0.527440547943115,4.977135314083037,5.131400306645479,13.099623883287189
3.634,dug,-10.119761466979980,4.300742923922752,4.929945173324486,15.459628084266267
3.635,some,-11.826333045959473,4.025400298961447,4.100847081202604,16.446763963982587
3.636,squirrel,-14.665784835815430,3.647386452920880,4.438046458947547,18.717691107038213
3.637,food,-9.813820838928224,4.096439493564248,3.844881957314953,19.662605160282808
3.638,up,-12.070717811584473,4.537341272167387,5.197154185957650,20.732558923665959
3.639,to,-8.991561889648438,3.987898234778380,4.100283424645808,21.779917736889431
3.640,see,-9.682902336120604,3.728910296892976,3.404373745161320,22.717906735378453
3.641,what,-15.606443405151367,4.306397863801342,5.224184921163515,20.318010614653208
3.642,it,-12.373950958251953,3.987871393188553,4.799605938731981,22.378989833412227
3.643,"was ,",-19.104696750640869,10.244594839252670,10.304597013054682,49.229916011480775
3.644,but,-10.749193191528320,5.428710183048818,5.576977849158957,31.161408465035986
3.645,then,-13.011169433593750,3.376679557459937,3.167906065216454,32.995187799184336
3.646,she,-19.619804382324219,4.176399101134169,5.029517730987473,33.999937632517188
3.647,forgot,-11.518703460693359,4.703426201217617,4.518765328267919,26.699039285855211
3.648,to,-9.950155258178713,4.854380839827723,4.702715327481312,25.003814141884369
3.649,put,-12.364783287048340,4.439876942203521,5.029498796443026,28.012926860783576
3.650,it,-10.585982322692873,4.029149671472836,4.318745882489353,29.997690630249725
3.651,back .,-22.910313367843628,12.997953044335674,12.954786558908744,64.975771300544750
3.652,The,-1.652928352355957,6.216193485653642,6.231108800665612,3.459354033097218
3.653,squirrel,-14.323957443237305,5.509190861860678,5.770618487484458,4.475057258593207
3.654,came,-14.270990371704102,8.152211237337896,8.021577081145741,5.518122904295620
3.655,back,-13.686608314514160,5.834738283959317,5.654826317063992,6.564010420143538
3.656,and,-12.175487518310547,5.493487849716558,5.846775378453037,4.043276120738281
3.657,looked,-18.526956319808960,9.877852842519165,9.440355446703929,7.029570750147989
3.658,in,-9.763865470886230,4.899247908491176,5.161315022344072,8.109896665287433
3.659,its,-10.168869018554688,5.875665302985448,5.629859498048209,9.000012937139150
3.660,hiding,-17.384121196344495,10.640073599410453,9.994582194317420,11.000056295161158
3.661,"place ,",-17.250339031219482,10.171966487740756,10.631395481963867,27.189721889045561
3.662,but,-8.207517623901367,4.659066930398255,4.978780884442221,15.007159743497713
3.663,the,-13.225300788879395,4.459087199084760,4.473096419767511,15.999976994816198
3.664,food,-10.315555572509766,5.603814285599809,5.395740795753966,12.474787972083805
3.665,was,-11.793346405029295,4.721601802035160,5.836453538454577,13.723951545206734
3.666,nowhere,-16.382978439331055,10.580212360064687,10.598345521448090,11.951101311081031
3.667,to,-5.445314407348633,2.973344408632612,2.492565878863312,14.014490063278394
3.668,be,-9.459880828857422,3.858159728952166,3.554042088630226,13.001714030467687
3.669,found .,-21.756021976470947,13.725259322889773,13.720778356266603,34.593365623773110
3.670,Then,-3.511779069900513,6.099443320222187,6.057052913474799,2.974602023277294
3.671,the,-2.334568500518799,5.838320895024866,5.224398311357378,5.023353582121836
3.672,match,-9.024761199951172,5.569548633986369,6.349616574192643,5.928811634247380
3.673,went,-2.731196284294128,8.207087785674215,8.701592147906190,6.999242691106716
3.674,"out ,",-4.885523557662964,10.516131211182318,10.502356098651738,16.289374286094805
3.675,and,-0.454272717237472,4.901350994196008,4.465761783014279,5.611098698077269
3.676,it,-3.249952793121338,5.705685378052782,5.842502093690696,8.746107249287366
3.677,was n't,-4.195084094959839,22.701019165008354,21.835373868359184,22.024764072356032
3.678,the,-10.411325454711914,6.011253091375443,5.747389344846763,12.552886578454244
3.679,forest,-11.596721649169922,5.592702287926137,5.513861809749047,13.686673462476616
3.680,that,-4.424158096313477,5.867973496402704,5.866296596912925,16.002212093029357
3.681,remained,-14.281114578247070,4.057554917985478,4.448801957909089,17.055171929346038
3.682,before,-16.273527145385742,6.141270137819812,6.281135883892596,17.011823547912744
3.683,her,-13.208200454711914,2.832027284864651,2.798183640426636,22.176510449816579
3.684,eyes .,-25.037475585937500,13.472393290432882,15.173157550920976,50.642729492646659
3.685,It,-3.523702144622803,5.975466083379700,6.746003274069055,3.255935461031633
3.686,was,-2.202806472778320,5.612470929407762,6.038403578106284,5.170998584181224
3.687,only,-2.970383644104004,4.149785086355038,4.664501659206813,7.322903498464536
3.688,the,-0.882987797260284,4.339332309642043,4.505296842733426,9.476053370291316
3.689,"thick ,",-11.039967477321623,19.143814197619871,18.743696484356651,22.764993391611398
3.690,"damp ,",-10.156874775886534,10.055529337115169,9.790576583896858,27.018965235945004
3.691,cold,-5.329690933227539,5.188365992751469,5.387063738034200,15.010098803228114
3.692,wall .,-18.495373249053955,13.656895266028318,13.517892398610860,24.410554287238604
3.693,The,-1.652928352355957,6.216193485653642,6.231108800665612,3.459354033097218
3.694,girl,-9.233823776245117,5.518741701510872,5.657244047421536,4.606440403307121
3.695,looked,-6.725735664367676,8.452864917842861,8.968307933184757,5.510673196292315
3.696,despondently,-15.303747402504086,24.333846043078271,25.283375831112213,7.182648608657416
3.697,into,-9.840580940246582,5.508387556362774,6.099588668762548,8.252652268353959
3.698,the,-7.109867095947267,5.606260138308125,5.606856256885981,9.065212103609497
3.699,sky,-16.816315412521362,10.400863995998350,10.594752955023633,10.000007638199600
3.700,that,-6.076154708862305,4.215907009133742,4.493933620940251,13.093188620040680
3.701,was,-10.325291633605957,3.687671826972422,4.133797730931221,14.114861841258554
3.702,now,-14.548454284667967,5.569540699306136,6.052944231733901,11.114123248503578
3.703,fully,-13.624208450317385,4.409095682396671,4.397434629574636,19.983113582309926
3.704,darkened,-13.679404199123384,8.419864691265408,8.569484953413747,21.979113599856529
3.705,and,-10.826398849487305,5.777568386118737,5.803422586342005,21.002453985726799
3.706,suddenly,-13.587831020355225,6.451298947283432,6.482499579992992,23.903028674625286
3.707,she,-10.353578567504883,3.740825460150171,5.019156361384073,24.001406177527890
3.708,saw,-11.482971191406250,4.575830252124580,4.758894033388225,25.000523219308612
3.709,a,-10.454337120056152,5.333307827144258,5.704860767598379,25.966989985990210
3.710,star,-12.227426052093506,8.224054106702354,8.560636322893059,27.999987067783014
3.711,"fall ,",-23.535558700561523,9.964218444030315,10.457892459982121,63.945595753805804
3.712,leaving,-10.958123207092283,3.846269899730443,3.886653519854855,36.309699860029923
3.713,behind,-13.127646446228027,4.044601985460692,3.972144366584783,37.443952911975153
3.714,it,-11.506340980529785,3.706132956220087,3.796380255226098,38.151799453747756
3.715,a,-11.541717529296875,4.545383872494996,4.780810107388116,39.998548202380633
3.716,bright,-13.118955612182615,4.736737237428077,5.196437618846486,42.962091058184818
3.717,streak,-11.286102682352064,17.958510154281313,19.236287108187184,44.954581582546474
3.718,of,-12.767702102661133,4.629911141431403,4.788175961279006,46.923609988659742
3.719,fire .,-25.291146278381348,15.044888709170738,15.509458722014640,94.059474627953222
3.720,`` Someone,-11.038874349473190,28.645102785599541,28.150832699793611,6.862992945106363
3.721,is,-16.004554748535153,5.284180531458250,5.663427998856398,5.963420635806955
3.722,"dying , ''",-25.971434652805328,24.141781365706972,24.681141669418128,21.465578091321984
3.723,thought,-12.592715263366699,4.601191079523346,4.518987531651701,9.999748068548140
3.724,the,-8.954852104187012,5.699994831657937,5.621775312947623,11.031639108024011
3.725,little,-11.124014854431152,4.351904741669540,4.515980382804877,15.005493714514589
3.726,girl .,-16.815299510955811,11.980282594401661,11.962441277679252,33.036558085471661
3.727,It,-3.523702144622803,5.975466083379700,6.746003274069055,3.255935461031633
3.728,was,-2.202806472778320,5.612470929407762,6.038403578106284,5.170998584181224
3.729,her,-6.995020866394043,4.391420007311041,4.924796701923421,7.686078876073926
3.730,old,-5.842047452926637,9.078405023116089,9.656922372942422,8.741048149262674
3.731,"grandmother ,",-12.506058931350708,13.678345422908563,14.360899170467224,20.146598315667610
3.732,the,-11.530827522277832,4.884574350303057,5.874845363997861,11.421013433544474
3.733,one,-5.972650527954102,5.184633817480719,5.603196664327445,10.869804074001518
3.734,who,-12.072119712829590,5.253910001729060,5.666628530252657,11.361648275876295
3.735,had,-12.727854728698730,5.918552142776995,6.149433556159426,13.015835770223873
3.736,loved,-6.937310934066772,8.781756351924582,8.848027825997098,16.040056597405293
3.737,her,-8.919325828552246,3.793687559784164,3.696618436475208,18.999384387656480
3.738,the,-2.967172384262085,4.575265637972008,4.552679150379205,21.414900210622161
3.739,"most ,",-12.931739807128906,9.153914331990961,9.203216495655701,48.018721525384954
3.740,and,-7.836206436157227,4.186838141199351,4.371976390117640,24.090466583801216
3.741,the,-9.328557014465332,3.317209243353465,3.383496024749489,25.981038633073407
3.742,one,-1.955463528633118,4.872455187520786,4.767808927186008,22.884089260048256
3.743,who,-12.474682807922365,4.627098861625329,5.309518740973570,25.544207802532171
3.744,the,-11.704059600830078,5.378356516173585,5.420208448483561,21.581965922653961
3.745,girl,-8.793574333190918,5.485756006878033,6.128577714257810,21.645512476677791
3.746,used,-16.182188034057614,4.093433852656919,4.957119504593809,22.591482169439651
3.747,to,-6.543078422546388,4.484145630284741,4.514792411238266,23.327902418078533
3.748,visit,-8.714091300964355,4.084998601156459,4.196086613104214,26.498520192884346
3.749,every,-10.679399490356444,4.817278559440147,4.864087560186818,28.196116826671730
3.750,"Sunday ,",-11.698144435882568,10.106517596184254,11.151403559775670,63.059326818555270
3.751,who,-11.055069923400881,4.113087761831440,4.356197438700002,32.997521334767285
3.752,had,-13.812943458557127,5.028651242646870,5.271131288763350,29.211336585154505
3.753,told,-5.171833872795106,8.515521995899103,8.734817947107731,15.584760346806881
3.754,her,-7.923148155212402,3.707216653181991,3.572479443441966,16.303384572014874
3.755,that,-3.226034164428711,4.597501211134298,4.438595880888298,18.200191837229610
3.756,when,-9.072496414184570,5.641210714825016,5.784023190737322,20.136914704160990
3.757,a,-10.383466720581056,3.211367922181537,4.351611365135746,24.122341876900464
3.758,star,-11.177808284759520,8.299985195022089,8.727710976172782,28.187244215918149
3.759,"falls ,",-22.260718435049057,13.986687383368222,14.601077916600484,56.949038789071857
3.760,a,-9.078074455261230,2.939723733296800,2.847375800007025,29.004310761656157
3.761,soul,-11.377820968627930,3.865247937659178,3.938204697978111,30.962492122965230
3.762,leaves,-10.507265925407410,7.808475379628072,7.984047070668117,26.286807630040478
3.763,this,-12.569116592407227,4.701990767037223,4.558904088537223,26.573069346733519
3.764,earth .,-23.718541622161865,12.276004934451116,13.173355626163580,59.577823077056188
3.765,It,-3.523702144622803,5.975466083379700,6.746003274069055,3.255935461031633
3.766,was,-2.202806472778320,5.612470929407762,6.038403578106284,5.170998584181224
3.767,her,-6.995020866394043,4.391420007311041,4.924796701923421,7.686078876073926
3.768,last,-3.594232559204102,5.062226500279380,4.600263484828572,8.622578171404605
3.769,match,-7.200361728668213,4.639059088525062,4.297024308992809,9.753052024928881
3.770,that,-4.458817958831787,4.934713073696318,4.739249237448443,10.224607932597321
3.771,the,-2.094959259033203,5.235133533463898,5.180960913752675,13.009166893970145
3.772,little,-7.504310607910156,4.863747766642444,5.083343370581099,14.008546536925955
3.773,girl,-1.467139720916748,4.544559673500002,5.047852318448490,14.854785669759840
3.774,now,-6.251087188720702,4.744931632937949,4.953229844084979,14.589950700232182
3.775,rubbed,-12.807883143424988,8.266392499761519,8.513798492851388,17.132058890317527
3.776,on,-10.224373817443848,4.549817921655321,4.659122657868245,18.115553872541664
3.777,the,-8.917440414428711,4.726069507082137,4.816871906173034,20.110716246893872
3.778,wall,-10.764953613281250,3.979441142026508,4.268342525632783,22.245837776224032
3.779,and,-5.277353763580322,4.317758756758233,4.156978546866812,23.133515630323352
3.780,the,-13.837903022766113,4.413032857301936,4.741589248218530,24.686110263063522
3.781,light,-8.556253433227539,4.135315137395782,4.298003803238116,26.149519217068423
3.782,again,-10.731874465942383,4.032068444496077,4.265877287482159,27.074942262227029
3.783,shone,-14.478136062622070,12.014407962423274,12.591675402167445,17.488244126785940
3.784,round,-9.637386322021484,3.542251542693488,3.863705492510482,16.442103614635858
3.785,her .,-23.472638368606567,12.604286452658684,12.462251168073607,48.376278325184430
3.786,Her,-7.535875320434570,5.882943226595096,6.224571023602402,3.501213334914015
3.787,old,-6.977292776107787,9.741811825901378,9.326049190095320,4.689742544921987
3.788,grandmother,-4.858505964279175,8.484291637569582,8.251270006098501,5.614755560286719
3.789,in,-13.746681213378904,4.845892733465454,5.641049876297207,6.774436518274079
3.790,the,-12.198384284973145,6.361786983239872,6.044804062525464,5.062532204494542
3.791,brightness,-15.743421554565430,8.152860171032794,7.774251731408068,8.467050966486946
3.792,"stood ,",-27.843310356140137,18.634506959700133,18.778981627850072,11.000076700473535
3.793,loving,-9.081243038177490,7.760962582004808,7.873530152218442,7.004962400210197
3.794,in,-7.778213977813722,4.799798356815451,5.022362577535080,5.200382980834454
3.795,her,-12.317167282104492,5.633952071156039,5.611113146873107,6.164582044361880
3.796,appearance .,-24.339023113250732,15.476426542453392,15.235641030896998,15.000623796198870
3.797,The,-1.652928352355957,6.216193485653642,6.231108800665612,3.459354033097218
3.798,girl,-9.233823776245117,5.518741701510872,5.657244047421536,4.606440403307121
3.799,understood,-9.072219809051603,15.513500993597180,14.402649832122524,5.339297093398709
3.800,her,-2.546109676361084,5.197937211920773,5.221470975751835,7.869805966885115
3.801,grandmother,-7.711000919342041,8.673632637001408,8.745879313841595,9.246758483608591
3.802,would,-12.234408378601074,4.935668170687075,5.744167718568808,10.019491698641538
3.803,soon,-13.693189620971680,5.421118562724898,5.800304489070506,10.999903984106812
3.804,"disappear ,",-21.349754333496094,9.462693775179165,9.189988724591215,25.585568685597906
3.805,but,-4.530910491943358,5.404877341814111,5.423960072570439,15.993075015376339
3.806,she,-15.231374740600586,4.083338182439713,5.111754941277403,17.016877367375461
3.807,tried,-14.998094558715820,4.327630103902676,5.535593493832700,11.912148364947061
3.808,to,-8.263442039489746,4.513578866703789,4.238765014211387,14.076146005640755
3.809,play,-5.298820018768311,4.019712719533580,4.340461054909081,17.164558585714005
3.810,for,-8.282333374023438,4.953707362693688,5.889115207937281,18.995727597017343
3.811,time .,-18.377716302871704,13.204200471726619,13.154784402750161,43.886344359554471
3.812,"`` Grandmother , ''",-49.565725765107345,48.700562375719656,49.457958662642547,16.206675188555060
3.813,cried,-16.890461981296539,15.139382283879016,16.455475384163059,6.126484648041288
3.814,the,-7.969036579132080,5.012405218975399,5.409855076099521,7.121283668447161
3.815,little,-9.343960762023926,5.233395859685699,5.693355366885632,8.093327878842546
3.816,"one ,",-17.606822013854980,10.598303081432434,11.526063391831414,20.160931208474068
3.817,`` O,-15.914867211715316,19.489023954475122,18.664312559544562,25.208793174076519
3.818,take,-12.783285140991213,5.877119786947099,5.767627349975129,11.974075065776505
3.819,me,-10.614843368530273,5.852533414705587,6.280718614677503,10.620468372368689
3.820,with,-11.790410995483398,5.203574413693676,5.892602622564381,11.000334804529626
3.821,you !,-19.622027873992920,15.377667628404103,15.498249373343373,25.004900935592865
3.822,I,-4.873230457305908,6.519883222996932,7.028388733840723,3.200021004339848
3.823,know,-4.232534885406493,5.400135003256441,5.856072714430495,5.302068034166012
3.824,you,-3.249433994293213,4.558423216753012,4.434696740509333,8.894463592706925
3.825,will,-3.800490617752075,4.084053074001785,4.427434386956747,11.240837801179877
3.826,go,-4.481520175933838,4.434381919184268,4.822243720848865,13.450776180475589
3.827,away,-3.004818677902222,3.764566077936041,3.801547090203528,15.312543146445556
3.828,when,-0.098171681165695,3.952083343710902,4.375773487967358,18.234433917485852
3.829,the,-2.564603090286255,4.614826397058541,4.847529309670978,21.414664150380641
3.830,match,-8.014461517333983,3.977088384324670,4.891231593582510,22.270331065535011
3.831,burns,-10.243471149122342,8.843324568767901,8.872614900724740,23.219138988447266
3.832,out ! '',-37.523195743560791,27.248140710483213,26.300036788174346,54.368715938315873
3.833,The,-1.652928352355957,6.216193485653642,6.231108800665612,3.459354033097218
3.834,girl,-9.233823776245117,5.518741701510872,5.657244047421536,4.606440403307121
3.835,decided,-7.349380016326903,5.591634261460976,5.925822220106716,5.287529330996153
3.836,to,-0.021238632500172,6.172589697528008,5.940512919687707,8.313797740711424
3.837,light,-10.077264785766602,3.965826837700892,4.801522953833736,10.362555061052069
3.838,the,-1.598347663879394,4.487993782875195,4.535700348450157,12.511713762012878
3.839,whole,-5.705405712127686,4.471075313428905,4.327370429351192,13.401791725010607
3.840,bundle,-10.208474159240724,4.259790924376670,4.264026770168798,14.358909344422706
3.841,of,-15.320454597473145,4.913440363596559,5.259633820286497,15.448614601776745
3.842,"matches ,",-34.814080649754032,13.703534874160770,13.098506982455767,30.251590192190569
3.843,in,-11.593695640563965,4.508441202625504,4.680756337687836,16.515487224189439
3.844,order,-12.719648361206055,4.808843869798023,4.472719360750592,14.762534483810505
3.845,to,-6.808825492858888,4.642146233694040,4.643720861482200,15.314991073724221
3.846,keep,-5.738137722015381,4.431575523269746,4.467824371906660,16.572669512462390
3.847,her,-11.582173347473145,4.634670560476186,4.623351507888906,18.619797379057516
3.848,grandmother,-11.923696756362915,8.706926818772747,8.546643321750492,20.048058337692375
3.849,there .,-26.664573669433590,13.048860033041823,13.236973154066717,40.757437895347437
3.850,The,-1.652928352355957,6.216193485653642,6.231108800665612,3.459354033097218
3.851,girl,-9.233823776245117,5.518741701510872,5.657244047421536,4.606440403307121
3.852,saw,-7.449858665466309,5.545003936874087,5.549165801038196,5.464805386806161
3.853,the,-2.133249044418335,5.148868563922244,5.225100247904600,7.958728889479604
3.854,matches,-9.762673587189058,9.881495239879047,10.463666493698106,8.600479934129218
3.855,glowed,-13.383288741111755,11.373601845774925,11.752804525830266,10.062421851045601
3.856,with,-8.822594642639160,5.742553191231557,5.828345167858712,11.047651578565773
3.857,a,-7.411145210266112,5.238545490557719,5.078691209490033,12.163143627662910
3.858,light,-7.158645153045653,3.907219948207953,4.313735957686767,15.609192256125302
3.859,that,-10.102209091186523,5.048367075142246,5.155458203052701,16.475938901478322
3.860,was,-16.069625854492188,3.922159388247342,4.237371043266117,16.999490246646136
3.861,brighter,-13.372875213623047,3.636686050266005,3.599717954869488,21.878256550722071
3.862,than,-6.550442218780518,4.807087513258304,4.663907826108573,23.047802162703142
3.863,the,-8.591575622558594,4.551945824783604,4.379333849399877,24.033247898955725
3.864,"day ,",-28.985732078552246,11.127899452361108,11.666779208330848,55.107415688543966
3.865,and,-3.117834091186523,4.065329146911804,3.903176199504407,30.178012744705946
3.866,her,-22.481836318969727,3.815259259562293,3.625464613364409,30.999798676777626
3.867,grandmother,-11.086920738220217,7.519646585828683,7.557651240428998,31.999967885586070
3.868,had,-10.979310989379883,4.150104029917131,4.685023776943637,32.999999999072962
3.869,never,-7.453526496887207,4.204907063716217,4.525593516530583,33.980410814164465
3.870,appeared,-18.221725463867188,8.005774408068639,8.211390677419475,34.957991962485039
3.871,so,-9.825222015380859,3.955299014999673,4.142080165989867,15.958345200734112
3.872,large,-7.073434829711914,4.247868309009052,4.797179588366570,16.435527315176795
3.873,or,-10.482739448547363,4.410005039538484,4.354138866183762,17.112811671848409
3.874,so,-4.819067001342773,3.938685906251818,4.249989889199072,20.039780103138131
3.875,beautiful,-5.453450202941895,3.975708734258242,4.097774347563236,21.151312158485631
3.876,as,-12.511126518249512,5.161939962616920,5.175979820412705,22.056993201443667
3.877,she,-8.337938308715820,3.934901793879464,5.245889479450429,23.123523987947561
3.878,did,-12.724252700805664,4.955928119483005,5.061872661041307,24.023304247607303
3.879,in,-1.926758766174316,3.714425990146881,3.608769915002414,25.029918690659891
3.880,the,-2.346615791320801,4.276609305162565,4.379864582033137,27.256363674438919
3.881,light,-10.458190917968750,3.378370578619108,3.822570278361937,28.457697994196547
3.882,of,-5.658975601196289,4.342404740194083,4.206643079699267,31.079200849282230
3.883,the,-1.903257489204407,4.997303131750164,5.075860713185283,33.103254514618847
3.884,little,-6.507380485534668,5.364129607345888,5.659784100475179,34.397705171045068
3.885,matches .,-29.538030023919422,16.467579510993303,16.762430147721556,72.130389718784329
3.886,The,-1.652928352355957,6.216193485653642,6.231108800665612,3.459354033097218
3.887,grandmother,-13.534672021865845,8.981908001424786,8.942507143758174,4.697217212604829
3.888,then,-16.494718551635742,5.390762190805707,5.766303219089536,5.775459852689968
3.889,took,-13.768014907836914,5.769578001682096,6.208587212389292,5.000044392458851
3.890,the,-8.608499526977539,5.225087406251644,5.229119105348499,7.000409782334765
3.891,little,-7.227637290954590,5.629474998759828,5.549349657911887,9.673700794114556
3.892,girl,-2.370664119720459,5.067477476792392,4.630066098433963,10.472367477764207
3.893,in,-11.552354812622070,4.220177185250011,4.896272411041197,11.408388596102276
3.894,her,-12.819850921630859,5.040144648568988,5.296510635762333,11.027173842978714
3.895,"arms ,",-15.346664428710938,9.933164574860978,10.267746060381791,27.310753068599901
3.896,and,-3.722337007522583,5.528621934060931,5.290365896028955,14.893909708884015
3.897,they,-14.347473144531250,4.684280828500905,4.406283837515241,15.998962364702091
3.898,both,-5.773757457733153,5.701224468902828,5.472776137026969,13.569997390262374
3.899,flew,-17.751474618911747,10.950353259159476,11.302570430945279,15.670616696019087
3.900,upwards,-16.047526001930233,10.995181350280246,10.412383922658259,14.003760603438584
3.901,in,-3.891300201416016,5.001158835903570,4.894283139955277,16.336347068154907
3.902,brightness,-19.618168830871586,10.282459979776826,10.350473001958038,16.852761103985245
3.903,and,-9.701384544372560,6.443476016675437,6.446214837097736,17.030010333960529
3.904,joy,-8.098552227020264,8.360937984279431,8.582267042436044,18.003680640671739
3.905,far,-13.010951995849609,5.313239687521809,5.163060880095387,19.000916815274927
3.906,above,-8.347938537597656,5.481743165362867,5.339308881252879,20.001809074826426
3.907,the,-10.441709518432617,5.032146674035667,4.947390309564513,22.998594684221711
3.908,"earth ,",-14.948014736175537,10.236262014885639,10.416759763870035,47.053681010365501
3.909,where,-8.896800041198730,6.919143286269232,6.703875091118780,24.000227568534697
3.910,there,-6.540656089782715,4.468269621989249,4.485675652473208,26.000016485234696
3.911,was,-16.198650360107422,4.877346094543956,4.818021829759449,28.105086181500287
3.912,neither,-17.144231796264652,4.496797177700888,4.185547131776349,25.505047421553318
3.913,cold,-15.836167335510256,3.854356190169770,3.726368132118762,20.000798263681844
3.914,nor,-14.610236167907715,5.313498640995731,6.118790062080870,34.673126884377119
3.915,"hunger ,",-24.186001777648926,9.389111333534098,9.316172015353175,74.111369776665597
3.916,and,-8.588339805603027,3.920749041988496,3.927136915728076,40.001271035037711
3.917,the,-12.117233276367188,4.673754343253616,4.855171268209928,41.047572356223853
3.918,little,-6.028861999511719,4.577254735647951,4.563583934548864,42.075541790156343
3.919,girl,-3.233276367187500,4.259508241798389,4.224866621867779,43.525016820514978
3.920,felt,-14.290303230285645,4.872855600625860,4.795172686102617,43.806813213905706
3.921,safe,-13.681951522827148,3.833425330903250,3.686129845491545,32.995997674249004
3.922,and,-13.992632865905762,5.204472772951632,5.338072222278205,35.366624259759725
3.923,peaceful .,-21.752185463905334,11.905858356911430,12.259737574176643,73.075298105215040
3.924,In,-0.854278802871704,5.446170861282591,5.128128755821979,3.052227717314575
3.925,the,-1.995965600013733,4.840317821000258,5.326303404880397,5.340242167800149
3.926,dawn,-13.835318088531494,8.264097888662018,7.901927871214597,6.938638000833104
3.927,of,-9.344206809997560,5.471143240040035,5.337958865416917,7.788263554117652
3.928,the,-13.165839195251465,5.054365691121968,4.523957632139147,7.614400335852838
3.929,morning,-7.480476856231689,4.381484760623669,4.065032533693916,10.105631238268042
3.930,there,-8.483578681945799,4.576654007390851,4.535077823350521,11.067933568120949
3.931,lay,-13.727705955505373,5.807711829778199,6.788248659548992,5.792171237400148
3.932,the,-9.920845031738279,5.916500010852813,6.047715392034360,6.018200699585296
3.933,poor,-8.829703330993652,4.637503881601917,4.664914001850952,9.210426885562089
3.934,little,-5.576511383056642,4.164700034216088,4.015788467211640,10.241741395252960
3.935,"one ,",-12.882710456848145,10.144424516788563,9.943173914717008,23.223003378814610
3.936,not,-7.030094623565674,5.837781911518018,5.675943592407025,10.114497214866457
3.937,"frowning ,",-28.329521536827091,13.866531572198506,13.048841001950869,25.520599865907450
3.938,but,-3.091090679168701,5.499368792093786,5.237872434874729,14.030642980801744
3.939,smiling,-13.517809867858887,8.392651625823403,8.569337527059423,15.183414487387180
3.940,and,-7.921179294586183,5.733085687698183,5.601072489899330,16.014032801948805
3.941,with,-10.322821617126463,4.957806826728422,5.635624218346151,17.011912230718448
3.942,a,-2.952041625976562,5.049416079151444,5.077194226808023,18.000000017471105
3.943,pale,-7.877565383911133,5.376086721724736,5.266945395009108,19.000000029202766
3.944,face,-4.457073688507080,5.566102448399485,5.458554323839024,20.000000230088663
3.945,leaning,-15.303836822509766,9.866354047240556,10.043857598477439,21.000000000000007
3.946,against,-11.834120750427244,5.579062437014193,5.789305681651180,23.000010922387013
3.947,the,-4.094187259674071,5.186050889602162,5.239571310034662,25.224644767761788
3.948,"wall ,",-12.210721492767332,9.997160442099494,9.899686635151713,53.471121956742721
3.949,frozen,-10.152477264404297,4.927297559296377,4.749255029049387,26.999941960107421
3.950,and,-10.662912368774414,5.019557838877295,5.820392550543446,28.011581228143676
3.951,stone,-8.058845996856691,8.959371821417744,9.137689018251830,30.217233288091784
3.952,dead .,-16.901811718940735,13.946462508276070,14.603635004601554,39.243956835393746
3.953,`` She,-8.637200078843307,23.453775919795781,23.213866365531011,6.791480107221648
3.954,tried,-6.868429660797119,5.181328209157583,6.081345067861121,6.959960473472536
3.955,to,-0.052078403532505,5.950650952522923,5.722947779462029,9.953283729538676
3.956,warm,-10.367298126220703,4.019244133385093,4.911082815842748,11.961258155640062
3.957,"herself , ''",-19.264476314187050,27.455150595977386,27.931479264684732,33.984994722917442
3.958,said,-2.062880277633667,5.173411354953309,5.080751638155288,13.614335562054865
3.959,some .,-7.992556684650481,15.059904433842084,14.946954571152119,29.472903701179543
3.960,Children,-10.411932945251463,5.652475344236644,6.672247341648703,3.720024775288192
3.961,who,-0.054551731795073,5.290571198447132,5.453855292551737,7.190754968369168
3.962,saw,-7.977134704589844,4.628137281863799,4.658874358820592,10.276353135179187
3.963,her,-4.741580009460449,4.129319045336547,4.195428198341213,12.472597166347756
3.964,were,-1.504573941230774,5.742212360164236,4.788757338984445,5.233238890036790
3.965,asking,-7.143047332763673,9.417144287576324,9.828811077545383,7.137468038337985
3.966,their,-3.214705705642700,5.264553467778170,4.972048266048672,9.282499171435596
3.967,parents,-2.646052837371826,5.005027555166089,4.957564775898269,10.269292509436390
3.968,why,-0.725741744041443,4.146497926873161,4.755676852577387,12.165402005989833
3.969,no,-6.705461502075195,4.956732908965962,5.064218152846607,15.297629690842037
3.970,one,-0.405411630868912,4.305914741447883,4.237685695196964,16.315035993392925
3.971,helped,-8.118344843620434,7.984286088549482,7.716305237720159,17.188820434452118
3.972,the,-2.889551162719727,4.781610052644496,4.800903792051830,19.646036876991840
3.973,girl,-3.297411918640137,5.079775063790689,5.253050695014023,20.612683814757819
3.974,who,-0.062207251787186,5.066345363701254,5.234849827177936,23.301184342422644
3.975,they,-0.901680767536163,4.462029147757460,4.136841723875351,26.185221248187862
3.976,knew,-3.184617519378662,4.647658810543448,4.752400574195622,28.182670815685409
3.977,looked,-7.224286011420190,6.559255660387597,6.952836390914340,32.035147372261221
3.978,dirt,-9.241585731506348,3.748754640086473,4.815959997556078,34.023321656362093
3.979,poor,-5.993304729461670,3.559195545653920,3.898829462530001,35.004357799356328
3.980,and,-1.118807673454285,4.833862496360899,5.189072853366803,35.626113212328320
3.981,helpless .,-20.271337032318115,11.240497556520772,11.772432372994889,75.332356393064032
3.982,Passersby,-27.910803318023682,22.833522813449363,22.997237315856328,3.356191001761263
3.983,who,-14.396919250488279,6.180024252190379,6.571619298726796,4.572102250030474
3.984,saw,-10.853487968444824,5.644709946655357,5.806714520846469,5.601356814699524
3.985,her,-11.385884284973145,5.609297855300658,6.337749388545631,5.712149624375637
3.986,sitting,-16.014570236206055,5.395385428584333,5.277714129989546,6.999223259349169
3.987,motionless,-20.608678817749023,7.284465814371287,7.162091684075482,10.150516120263280
3.988,wished,-14.288469314575195,4.696700066605804,6.023079698516539,12.279395974796200
3.989,they,-14.097737312316895,4.459517452548413,4.702934796762394,12.941782405181812
3.990,could,-11.088412284851074,6.004331931749184,5.837923024543931,5.019609667556206
3.991,have,-8.259359359741211,5.724047178488918,5.593968608560811,6.048470858444701
3.992,helped,-11.418275475502016,11.098486103599507,10.386163218089413,7.049312680709499
3.993,the,-10.656110763549805,5.123875690734311,5.201873051278377,14.547260782154984
3.994,"girl ,",-22.184303283691406,9.563018658420880,10.314007059341712,25.933468452152965
3.995,but,-10.263986587524414,5.515451676712705,5.642841964993432,10.019410399344908
3.996,their,-10.258540153503418,4.634517147771096,4.535323091414748,12.010193176028825
3.997,good,-10.531722068786619,5.102118254250244,5.249945669017184,15.018051111788928
3.998,intentions,-12.724647864699365,8.492219152370383,8.592481962990375,18.098734297183395
3.999,were,-16.530740737915039,5.195418856434898,5.336157261281715,19.115963192135613
3.1000,a,-13.180858612060547,4.234229098390942,4.774624220908997,20.023291130718825
3.1001,day,-11.843917131423950,8.929017156826811,8.708912673249174,20.870413981772387
3.1002,late,-11.810802459716795,5.776790414961523,6.062217043960421,10.079555724714481
3.1003,and,-7.665274143218994,5.198830535250412,5.245163870275070,11.146875580123536
3.1004,a,-5.010275840759277,5.012748899550910,5.156856194790850,12.232250500596509
3.1005,dollar,-12.572808265686035,4.772460248665900,4.895670034019280,12.272519295872836
3.1006,short .,-19.190181255340576,13.601679009042304,14.561968736146600,31.859881456790447
3.1007,Other,-5.647668361663817,6.479386971110631,6.306567319062660,3.315991311677311
3.1008,people,-6.465187072753906,5.978951326676858,6.172685251742588,4.592442249114447
3.1009,suspected,-8.123994588851929,9.234806579929652,8.868166265195118,5.706781338848463
3.1010,the,-1.088411688804626,4.361027802949415,4.435950668818738,9.064999494669816
3.1011,girl,-9.634160995483398,4.647246296098222,5.234299458824034,10.058595913213896
3.1012,had,-2.170342922210693,4.684332878698132,4.746420089951195,11.126889822615697
3.1013,fallen,-5.533795833587647,4.570061513992855,4.805333790841338,13.164798880503225
3.1014,asleep,-5.376950263977051,8.662045381890911,9.187408627551578,14.999804371542506
3.1015,and,-8.268749237060549,5.375493696148729,5.804640884626316,15.994793872507572
3.1016,"frozen ,",-19.330775260925293,9.441599908284548,9.331938079110154,32.985365428550558
3.1017,but,-4.786395072937012,5.166621802775036,5.137787243824072,17.019442179046163
3.1018,no,-12.743270874023438,4.368240987588199,4.750802674413818,18.159121384967211
3.1019,one,-7.107138633728027,4.755640332458394,4.931326208772624,19.022935820818816
3.1020,imagined,-14.456979215145113,9.115795291140831,9.207445667213326,18.872994957488910
3.1021,what,-10.470753669738770,3.835099765061285,3.702794562239312,19.863186367716942
3.1022,beautiful,-15.773962020874025,4.053458018869692,4.221872005883323,16.765692585362828
3.1023,things,-15.492659568786619,7.950572167605287,8.010200802536787,22.998627912004217
3.1024,she,-12.576037406921387,4.725544621057916,5.175812969486454,17.000456579251672
3.1025,had,-12.859789848327635,4.353197202646692,4.943943195757747,20.210668780442429
3.1026,"seen ,",-25.521394729614258,11.351122818835631,11.772846990164055,45.344571740942392
3.1027,nor,-14.726722717285154,4.556868564963112,5.003331014108786,22.983401609580842
3.1028,into,-12.753686904907227,4.423068297409107,4.851706125698581,25.067342933012448
3.1029,what,-17.306280136108402,3.755569474523439,3.592681482458149,25.996250421175557
3.1030,glory,-13.833827972412109,3.375531436085854,3.198497081338594,25.953872472696609
3.1031,she,-10.795210838317873,5.539157259898494,6.118491165800790,20.087008067245410
3.1032,had,-12.799791336059570,4.355187006418046,5.017214920206510,29.888165813650502
3.1033,entered,-7.223404407501222,6.358961065996540,6.887704156120622,31.000876352752627
3.1034,with,-8.356908798217772,4.564926426465879,4.394326039442475,32.000348175286945
3.1035,her,-4.595032215118408,5.125131871286162,5.191726428142312,33.997549499743485
3.1036,"grandmother ,",-22.541169643402100,11.719578872691265,12.415441661829325,70.095036791601103
3.1037,on,-2.897287607192993,3.442024434510323,3.516216720284080,39.000227518989256
3.1038,New,-9.675797462463381,4.391310032538072,4.631329204245413,41.000969751933802
3.1039,Year 's,-1.816633664013352,11.987649783047342,12.199958462099273,85.008509467951171
3.1040,day .,-28.401838302612305,14.256680650046299,14.474971687812820,86.353064919764762
4.1,Once,-4.728410720825195,6.437048764173451,6.976088695342716,3.190226316470487
4.2,upon,-2.393956243991852,9.475517004414693,9.002957479558182,5.000318043473436
4.3,a,-1.227765321731567,6.166067600890733,5.781057362313103,7.101398543331690
4.4,time,-0.723156511783600,5.380952614881946,4.941259118789633,8.058080974385783
4.5,the,-1.927081584930420,5.370024917643549,4.469376459588061,5.302369561741483
4.6,birds,-8.540990114212036,8.800173343379941,8.736162591737191,6.165293762498600
4.7,took,-5.720147609710692,4.521766510038464,4.962855880674645,7.197351879597164
4.8,it,-4.733250617980957,4.145128879582966,4.463091098885658,9.237182091129732
4.9,into,-3.009720325469971,4.724341154009995,4.516578291293531,11.177050776964572
4.10,their,-2.866930484771729,4.559999479958901,4.303543803797854,13.220837941159479
4.11,heads,-5.091872215270996,4.227187638414921,4.943189316274848,14.184465781375735
4.12,that,-0.373089283704758,5.512766304829412,5.535713109009800,13.006560950909929
4.13,they,-0.989597439765930,4.440756985278594,4.603503513027062,16.009992037320117
4.14,would,-1.907818913459778,5.018906235786420,5.192703222735272,18.008162371149066
4.15,like,-6.124615669250487,4.347746161976142,4.566028351744813,20.014904023042451
4.16,a,-1.552999496459961,5.562127142920898,5.835971855832173,22.709479438469852
4.17,"master ,",-11.798456192016602,12.865072431000847,13.812502317702435,47.811152458524816
4.18,and,-0.429477065801620,3.627373656501663,3.580152443498558,24.840329207194177
4.19,that,-3.363682508468628,5.169451257113812,5.401876777635144,26.801481170525250
4.20,one,-5.994575023651122,4.473205117738932,4.456333395026388,28.597702144927091
4.21,of,-0.562467455863953,3.905050815596858,3.757995911173814,29.929318638358588
4.22,their,-3.660930156707764,5.522831496781476,5.572653302702143,32.038603072097878
4.23,number,-8.240481376647951,4.904366702767409,4.903850398693058,32.852729367885324
4.24,must,-7.251421928405763,4.761225251168406,4.576129075477608,15.759279810196487
4.25,be,-0.935776591300964,4.631887647608216,4.289848396052817,17.727839319158303
4.26,chosen,-7.773413062031068,9.081815460562499,9.820523314736919,19.836742253784649
4.27,king .,-17.263737716246396,17.041597456402474,17.890764770659683,33.351330888498381
4.28,A,-3.886285305023194,6.184910758476195,6.239092981792173,3.626192312481451
4.29,meeting,-6.765677452087402,5.284191173161017,6.053174962392707,4.986164100584216
4.30,of,-0.502492904663086,4.686929984791544,4.303811756858403,6.151480980947608
4.31,all,-5.143974304199219,5.534190993348870,5.709634634548768,8.404849024344532
4.32,the,-2.039558410644531,5.441199464138490,5.009769831542537,9.490698956935576
4.33,birds,-12.160342693328856,9.903507538105311,9.995154891387992,10.385232400500136
4.34,was,-1.783400893211365,5.723862064985664,5.102948016531427,5.216191277562687
4.35,called,-3.159800708293915,8.028339124666470,8.430981817774677,7.205566687710041
4.36,and,-6.251805782318115,5.415963006856706,5.464547104431590,5.730861732305111
4.37,though,-4.004757881164552,6.395537288125935,5.755739207138952,7.021504535494895
4.38,they,-2.835323333740234,4.733701420035043,4.670924162003137,10.016445713669349
4.39,understood,-9.890722054056825,12.318063190506052,12.266088305690742,12.022788277098556
4.40,the,-0.553312778472900,4.543574236382892,4.457913985727082,15.053160171965365
4.41,birds,-7.045285940170287,6.925050390668725,7.116990742461674,16.904455037964489
4.42,who,-2.445615530014038,4.732919397352090,5.023101354284257,19.697920530895260
4.43,were,-1.703879237174988,2.564950670465263,2.329409989477536,22.604813723092576
4.44,from,-4.477106094360352,4.491404156384606,4.912845942725736,24.835305633288247
4.45,the,-1.028697848320007,4.339294207127805,4.228271732124965,27.023687816850032
4.46,most,-1.627710819244385,5.630470912735075,5.723829641994977,28.900853354168916
4.47,distant,-3.473615765571594,7.771701433211700,8.132235340444497,30.015832436649230
4.48,lands,-5.947879314422607,3.829688677256954,3.941352885478790,29.992417753555948
4.49,would,-2.568981885910034,4.704505685559494,4.572998956413501,18.001397545168199
4.50,be,-0.653224766254425,3.939686647601170,3.710945591142299,20.005232974118695
4.51,unable,-4.640216827392578,4.019859706510099,4.217310148437751,22.008083108489128
4.52,to,-0.001959429588169,5.361167084288686,5.202770016845200,25.009612984451238
4.53,"come ,",-4.260115914046763,9.699551473552400,9.924198658341465,35.264708640046209
4.54,many,-5.327586174011231,5.777271956009503,5.410257492002836,10.152307242457130
4.55,birds,-6.429582595825195,8.722804054001028,8.439170553191355,11.034623484125511
4.56,came,-4.847437143325807,7.723435490459859,7.920224752772841,12.043955410502839
4.57,from,-2.260718345642090,5.254591942530805,5.611361898394357,14.046388735708305
4.58,faraway,-9.786428928375244,10.213789557356867,11.249466753404443,16.371492897649414
4.59,meadows,-11.683085897937415,13.760774544677851,13.830739235840786,17.351168070610438
4.60,and,-4.574090003967285,6.216702871335100,6.115869747951412,18.261502516384358
4.61,woods .,-27.007054805755615,14.563839072637503,15.371324381321578,39.719205631271358
4.62,The,-1.652928352355957,6.216193485653642,6.231108800665612,3.459354033097218
4.63,"eagle ,",-19.040560007095337,15.010014639506149,15.576370131122228,10.043613180788505
4.64,who,-12.384488105773926,4.852983861473379,5.461756471449712,6.475187941623275
4.65,already,-17.226894378662109,5.379560990004539,5.555508128216409,7.436031839873996
4.66,thought,-13.770881652832033,5.025454997611122,5.722648775108265,11.388408612728252
4.67,himself,-16.202021121978760,8.798202933823363,8.936335988118520,12.238170070575562
4.68,the,-1.625513434410095,4.806613787430756,5.117063095690493,15.109672448803362
4.69,de,-9.707649707794189,7.695260701595659,7.791342047382106,18.036537854214089
4.70,facto,-2.811787605285645,4.765559093976698,4.742740040280442,19.031199689075606
4.71,"king ,",-13.057671070098877,12.306186251021892,12.577779222831289,41.096813231216871
4.72,arrived,-14.854804039001465,9.251146880409268,9.291198476462977,22.077431220250567
4.73,fashionably,-25.297949790954590,12.424435997715259,12.583529205247164,23.051571077848234
4.74,late .,-25.962304830551147,12.859719461124355,12.828099431741455,42.980266617095126
4.75,It,-3.523702144622803,5.975466083379700,6.746003274069055,3.255935461031633
4.76,was,-2.202806472778320,5.612470929407762,6.038403578106284,5.170998584181224
4.77,a,-1.793869495391846,5.652907311660521,5.850153681040768,7.758013063490379
4.78,hawk,-11.124125719070435,8.138770248249113,8.524355720712856,8.697178265660170
4.79,who,-0.898850917816162,5.111394105340944,4.996812295571544,11.067802014404366
4.80,was,-3.169702053070068,3.253923089115469,3.193310669190891,14.200915896373465
4.81,most,-4.315299510955811,4.173140079265417,4.345546424055075,16.245530979171704
4.82,excited,-5.562893390655518,4.554369320856196,4.693996631984960,16.892221745909449
4.83,about,-0.514506518840790,4.889437064832638,4.741323887331681,18.804182122260613
4.84,the,-0.610444724559784,4.702632751938603,4.976245102923451,21.397784390150086
4.85,"meeting ,",-8.030943870544432,10.005215140819034,10.844364540852979,40.632910924773753
4.86,because,-2.504584431519106,9.999963562672862,10.221058465463448,15.083882284601033
4.87,he,-2.519694805145264,5.076822962233702,5.125157705893475,17.132481463748089
4.88,was,-1.492693066596985,3.156745489575211,3.059078403023324,19.604536991783601
4.89,the,-1.270169377326965,5.412221485578059,5.341184884692517,21.886287628022838
4.90,dark,-9.281010627746582,5.521028186027381,6.035855805680018,22.096072864115211
4.91,horse,-3.528587818145752,3.599964382735840,4.638660373660393,23.304617521898081
4.92,for,-4.687290668487549,4.200214008497855,3.979200454156324,22.724688280516968
4.93,king .,-9.628993215912486,16.739839967221783,17.338393933286461,36.281452295703232
4.94,The,-1.652928352355957,6.216193485653642,6.231108800665612,3.459354033097218
4.95,small,-7.657898902893066,5.541617069080679,5.604226365960318,4.605821971641420
4.96,fry,-11.851684570312500,9.468413303437428,9.339953548960482,5.534342581234506
4.97,came,-14.881098985671995,7.966750482902683,8.312703175786654,6.652307177971513
4.98,"too ,",-23.499401092529297,10.479031784404139,10.960291462722127,13.995698740011607
4.99,and,-1.016480565071106,4.343885621600889,4.181405752474926,8.000095819457899
4.100,the,-12.455449104309082,5.912904365050700,5.888252641046220,7.174210932138927
4.101,"robin ,",-22.107125669717785,14.814878219036443,16.046871041457010,20.602233374101608
4.102,the,-7.145569801330566,5.682951034540873,5.440699033953824,10.026571044045019
4.103,"bluebird ,",-39.869705200195312,16.255019957977265,15.557571315826163,22.179205487482086
4.104,the,-7.484468460083008,4.844851256583556,4.544312218933924,12.164495773611277
4.105,"owl ,",-14.868808627128599,14.521015358535461,14.549706144758218,27.401140123655061
4.106,the,-11.833133697509766,5.185052782662610,5.827320818667835,15.221354327854099
4.107,"lark ,",-18.497641801834106,18.143533295692439,18.225136922865911,30.476885600797051
4.108,and,-5.080005645751953,5.118693997069026,4.802429702199047,17.035328865110341
4.109,the,-11.891904830932615,5.669376208013957,5.604884632342273,18.036532292661647
4.110,"sparrow ,",-21.190894842147827,14.637492524935208,14.665261027901742,35.348630929927005
4.111,who,-7.914556503295898,4.318232900513439,4.439838563423809,19.837188193433079
4.112,had,-9.847367286682127,4.584958870799589,4.307048831925822,18.333984781387443
4.113,only,-8.309443473815918,5.142002306131471,4.985153286552301,18.576688985174652
4.114,a,-4.257113456726073,5.386900623739074,5.325171815425398,23.407330599275284
4.115,chance,-4.249796390533446,5.084582151262972,5.115919619133907,23.900662730936428
4.116,in,-11.494937896728516,4.955432121337692,5.295566639696133,24.886174232726521
4.117,a,-10.134710311889648,4.388709426434390,4.326458463398252,23.800576286935591
4.118,million,-13.160090446472168,5.882418035417387,5.732509910991140,24.430645894240225
4.119,to,-3.033182621002197,4.331044648860091,4.225684486881718,25.878571138771488
4.120,be,-9.882181167602539,4.586101554279155,4.862549392921149,31.499429455942121
4.121,"king ,",-16.911283016204834,13.594387762866512,14.177547212972218,66.835092711392605
4.122,were,-11.886730194091795,4.884970223499511,4.841726453177036,33.948774172497728
4.123,all,-4.879616737365723,6.185995385569854,6.327258828118907,37.188100840107921
4.124,present,-9.134908676147461,5.406512300872910,5.388037991843462,37.888512258919242
4.125,at,-10.358855247497560,4.500861777706962,4.376539902406432,38.022455016359984
4.126,the,-7.902002334594727,4.684888935960375,4.456422284422109,39.019370709389065
4.127,meeting .,-16.497042059898376,12.122012762301001,12.426083513727995,69.760812727515784
4.128,The,-1.652928352355957,6.216193485653642,6.231108800665612,3.459354033097218
4.129,"cuckoo ,",-25.397430181503292,24.863500217820686,24.663944295314732,10.566690261409384
4.130,who,-9.876480102539062,4.313627928395674,4.713322777991666,6.822648013616292
4.131,was,-10.829628944396973,5.150983336433584,5.447464031811068,7.581134069078558
4.132,almost,-16.288993835449222,5.407101126091424,5.243544306329841,7.002607670641184
4.133,not,-9.706152915954590,4.514381796903222,4.505799052038197,10.001169761762876
4.134,invited,-14.302525177598000,8.244301139582383,8.520922652591429,12.001231022822525
4.135,because,-16.566798210144047,11.015489040687600,11.125261850519523,13.141241038030829
4.136,his,-8.480124473571777,5.489649297570847,5.469318768585866,15.809020236060212
4.137,call,-15.072925567626953,4.891135217842109,5.149122844665137,18.031761322117017
4.138,so,-9.360754966735840,3.482631669789427,4.497463296692054,21.198534488819227
4.139,annoyed,-12.265724912285805,9.525623591988149,9.893623938239360,22.186307981197338
4.140,the,-7.131074905395508,5.074298651942699,5.843589222474687,23.000020108305392
4.141,other,-11.055499076843262,5.732432840907076,5.676911829380997,24.000000001012090
4.142,"birds ,",-25.286522865295410,13.467475066296219,13.971428528697469,53.101472779035973
4.143,came,-11.345346808433533,7.096102445056210,7.938862685794481,29.040292047929309
4.144,too .,-20.444444179534912,11.512383721365740,11.384111432059859,44.183648974698727
4.145,It,-3.523702144622803,5.975466083379700,6.746003274069055,3.255935461031633
4.146,was,-2.202806472778320,5.612470929407762,6.038403578106284,5.170998584181224
4.147,the,-0.658436298370361,4.654374689687168,5.139628252350222,8.036003707131753
4.148,very,-7.800394058227539,4.640204042862663,4.292908323350790,9.119342243580570
4.149,little,-6.653395175933838,5.030512720375636,4.763801306577883,10.202738886907568
4.150,bird,-8.386683344841003,8.061599789094114,8.667499706788472,11.204480356837301
4.151,who,-1.871860146522522,5.011749210265767,5.145521932440957,11.160532014654533
4.152,had,-2.422613620758057,3.132916647146462,2.703296290572420,14.237708431545984
4.153,no,-3.028176784515381,5.173904222949216,5.431800046268637,16.655146674828242
4.154,name,-6.872327804565430,4.793031817590355,4.943114745109821,17.613100561572143
4.155,at,-2.476607799530029,4.327443962185941,4.351167644351907,18.441377886556975
4.156,"all ,",-4.240173866710393,8.492991529235280,7.785691787244131,34.911952902360639
4.157,"however ,",-4.232934474882313,13.277063120331608,12.915562771103394,34.392398598925602
4.158,that,-0.336866468191147,5.066614920094382,4.954262595081700,13.785609813518233
4.159,would,-4.948769092559815,4.978074939751117,4.683251402030531,16.931880476934722
4.160,end,-6.203180313110352,4.517440908234438,4.584546981373059,18.908360175171008
4.161,up,-0.002029265975580,5.167959431280646,5.184828283754263,20.901322218491281
4.162,overturning,-9.305779043585062,7.863752458654814,8.071786099341487,23.887788094177033
4.163,the,-10.898509979248047,4.647864337865609,4.830960692503375,24.920488003933396
4.164,balance,-12.047963142395020,4.635781102543493,5.091226289516073,27.107223782026463
4.165,of,-10.615870475769043,5.426614908178075,5.311621704871975,27.753209098916770
4.166,power,-14.509585380554199,3.917005919647263,3.833881780642095,29.586818480557227
4.167,among,-14.082008361816404,5.011647128841386,5.491147814209207,31.351563989287310
4.168,the,-10.195135116577148,4.173169724787924,4.433988646218328,29.272644404094009
4.169,birds .,-22.112625479698181,13.000496463150796,13.075770452010484,68.011837360886005
4.170,That,-4.288662433624268,5.846706585606485,6.101714405391387,3.184729691369745
4.171,there,-4.134016036987306,5.579846199697559,6.104762160339752,5.746179858337113
4.172,would,-4.445068836212158,5.271988541005102,4.963682389556197,7.767752081715613
4.173,be,-0.045192163437605,5.021073907877848,5.019321151083463,9.777575368384600
4.174,great,-6.758681774139403,5.289175752245448,5.751311717415318,12.207045400304773
4.175,confusion,-5.603860855102539,4.183580949399412,4.040122387479768,13.121935733866644
4.176,and,-2.845418930053711,5.787094501307028,5.807536220845073,13.851067381939895
4.177,noise,-8.051188468933105,4.892355194841800,4.777765464058728,14.797213442859595
4.178,among,-4.086309909820557,4.777107886752735,4.984745096429000,13.745981292972061
4.179,the,-1.529998779296875,5.773555097629888,6.053879080661610,16.070418665927818
4.180,birds,-9.074335336685179,8.294004279266639,9.131531514229684,17.021397092683365
4.181,at,-2.610805273056030,4.447730093626478,4.388888103842516,17.335549720709778
4.182,the,-0.979550242424011,4.695958193786812,4.592933763276696,20.151303590494784
4.183,meeting,-5.554423332214356,5.133793456665519,6.239127450232058,21.215625136500130
4.184,was,-1.912474632263184,5.628681475585835,5.360482313872813,5.008609336592881
4.185,to,-0.046405818313360,5.671367213527943,5.301927121848904,7.950328249214937
4.186,be,-2.926863908767700,5.111633859816752,4.804121671565705,10.007948599844504
4.187,"expected ,",-7.679203510284424,11.087332834805167,10.577976164961981,24.677648919174153
4.188,given,-3.905062198638916,8.291679807828574,7.858116616936889,14.452923982325888
4.189,the,-0.425951093435287,4.662644419321254,4.507878487539958,17.543415931103027
4.190,sheer,-6.348306417465210,8.202891884299708,8.350104188241881,18.507931757293129
4.191,numbers,-4.618118286132812,4.726701097688463,4.661025698482419,19.570529419140339
4.192,of,-0.023643346503377,3.477111962040941,3.510463690208359,19.609185070557160
4.193,birds,-6.441234111785889,7.917204333280384,8.167729202742128,22.162463945058036
4.194,that,-0.231944605708122,4.879475676739619,4.853413971692475,24.576674681870230
4.195,have,-1.993155241012573,3.305692931796209,3.049786151463571,27.636904802346393
4.196,gathered .,-6.738875234674197,15.335961292430746,16.262114915184245,34.833286699279640
4.197,There,-4.944071292877197,6.153958711681597,7.040097406716630,3.211298521122148
4.198,was,-2.213672161102295,5.980860000358915,5.701011182616135,5.247901538637015
4.199,"piping ,",-19.027682304382324,10.696921467414093,12.370307139976372,15.720933175978679
4.200,"hissing ,",-28.537085294723507,17.203542880682789,17.427059111262558,19.332368996210796
4.201,and,-4.799395084381104,6.022602614941393,6.277422415775487,11.104601046105287
4.202,"clacking ,",-15.605810761451721,26.535050202055260,27.526767266652033,24.425911147656837
4.203,but,-4.823198318481445,5.547473228810449,6.110190538703338,13.768286628085365
4.204,finally,-13.667503833770752,9.495667682382136,9.625566868041966,15.031388817977565
4.205,it,-10.427083969116213,6.032805387444681,6.234288009132367,16.044343260362282
4.206,was,-13.883755683898926,5.887807613505556,6.181978705061683,16.897338664079676
4.207,decided,-11.937949180603027,4.334307670593895,4.033937931061496,10.000000000003148
4.208,that,-8.550126075744629,4.733684245985941,4.559113025427660,10.004338330736577
4.209,the,-2.720094442367554,5.833647767869063,5.601628491159613,12.000039936000665
4.210,bird,-11.440680027008055,7.690315192889424,8.584319971718532,15.968421014380677
4.211,that,-9.259370803833008,5.559052931366846,5.303492977789951,16.144333731766366
4.212,could,-10.384417533874512,4.206058959121401,4.506420310924804,18.703204109398925
4.213,fly,-11.963359832763672,4.467597919721341,5.819059199763689,21.158831032764567
4.214,the,-9.464911460876463,5.089214219533532,5.242004538642298,22.135917045268730
4.215,highest,-17.796329498291016,4.674030688847941,4.860258435639255,25.047022494006683
4.216,should,-6.557573795318604,3.829144410010417,3.628473273870870,28.030819110473995
4.217,be,-1.012117385864258,4.301334096304998,4.187756158353992,30.008023048848358
4.218,king .,-20.569956302642822,15.177435938726990,15.433277984639179,65.013741391833321
4.219,The,-1.652928352355957,6.216193485653642,6.231108800665612,3.459354033097218
4.220,little,-8.870933532714844,5.632996431318589,5.636174303804697,4.570052388477954
4.221,bird,-8.687157511711121,8.025519724265694,8.319653877410069,5.838149341984880
4.222,lay,-8.304136276245117,4.881538893433553,5.083517917851688,5.406225424078307
4.223,low,-3.910157442092896,4.949198247027829,5.641717485559004,7.068895682880279
4.224,near,-6.282823562622070,5.448100362678088,5.385804662877941,8.975067485754655
4.225,the,-1.123057484626770,5.343717490365385,5.109165404865347,11.483204142467544
4.226,eagle,-10.520010471343994,8.515975234538690,8.916671210608072,12.341110241877770
4.227,at,-12.488001823425293,4.717490650381354,5.715636144886552,13.274191569760413
4.228,"first ,",-17.443529129028320,11.062269120009791,11.164568276198573,23.919459057913620
4.229,but,-5.069830417633057,4.958893034155840,4.760550794539085,12.999834100823259
4.230,the,-11.188354492187500,5.129322334801287,4.977872504262050,13.999809645463820
4.231,eagle,-12.401000976562500,9.154621614085265,9.065860982013671,15.799546992831244
4.232,did,-12.285906791687012,4.651704286044237,5.474668706786266,16.669518214796810
4.233,not,-5.277345657348633,5.665522218378299,5.408800278071181,17.157404056968293
4.234,notice,-7.712840080261230,4.452554406705156,4.291136342934111,18.396104456589605
4.235,the,-12.268092155456545,5.001712891999301,5.181220086599870,19.998165018969843
4.236,bird,-9.480471611022949,8.836018465133225,9.195281594942603,20.000063686401102
4.237,hopping,-15.813608646392822,9.946406764130082,9.922060307498869,23.230472756453189
4.238,onto,-12.685698509216307,5.008032094383871,5.243354776857057,24.506032773313407
4.239,his,-12.133876800537109,5.225428116470352,5.217313486432738,25.479117184350724
4.240,back,-10.200248718261721,5.046657181172403,5.124091625186792,26.390848184423369
4.241,right,-10.295544624328613,5.002200790673736,5.447201271557512,25.987688428747550
4.242,as,-11.222796440124512,4.339096217866627,5.220922208576637,28.643307263580450
4.243,the,-8.672409057617188,4.044449136427930,4.154410095260081,29.000311738059679
4.244,competition,-14.899589538574221,4.130778118449618,3.921334561797877,33.485751148406727
4.245,was,-12.301588058471680,3.585615086031419,3.624664970168068,33.600886734927805
4.246,about,-6.050857543945312,5.158610793992709,5.776886631742452,35.717349720387453
4.247,to,-8.397445678710938,4.929516385668820,5.453484128808644,33.364353579441378
4.248,commence .,-24.952548623085022,11.037543627727150,11.182401282329131,71.531257104382604
4.249,Into,-16.675832271575928,11.002399082171340,10.584060080057199,3.028288427517473
4.250,the,-9.864538192749023,5.110309333623740,5.548387181202475,3.540961117304125
4.251,air,-11.166460037231444,5.310697929628718,5.113133242971331,6.000141178051416
4.252,in,-9.984936714172363,5.967054227422446,6.193856631070503,7.000103939190255
4.253,a,-8.059028625488281,5.290914681943220,5.986876167544303,6.019791811233076
4.254,great,-9.502328872680664,4.593003525906734,4.592461196831177,10.886179739061573
4.255,flock,-11.142140388488770,3.948590794419836,4.134296301606722,11.979164111901047
4.256,all,-11.474095344543455,5.634020040741833,5.520529050248486,12.509455915708909
4.257,the,-4.497289180755615,5.738393987714934,5.660580577579736,12.098517252716201
4.258,birds,-10.742477416992188,11.126634380799775,10.745170168004382,5.202815776821618
4.259,flew,-21.154006481170651,11.104952955834383,11.658751010640467,6.159911613489082
4.260,when,-11.139601707458496,5.505118749312481,5.893878364598344,7.185133734600289
4.261,the,-10.310798645019533,5.724395405585407,5.760630720522280,8.752180427603433
4.262,signal,-18.604457855224609,5.337527685404441,4.672108368753236,10.000007469283283
4.263,was,-12.400966644287109,3.578200142810451,4.561957821784866,13.375042700696502
4.264,given .,-32.367735385894775,17.842457267800057,18.529661324318958,29.803404294704706
4.265,The,-1.652928352355957,6.216193485653642,6.231108800665612,3.459354033097218
4.266,air,-8.584340095520020,6.102507596146068,6.468387471678076,4.418599658443870
4.267,was,-1.991303801536560,4.911127893914569,4.816822848526273,5.334324612681653
4.268,full,-2.274251222610474,5.360788325923916,5.736812815278086,7.317491398841638
4.269,of,-0.008841178379953,4.805524094160464,4.494833265809626,9.277629322826780
4.270,"dust ,",-6.596202909946442,13.603449108221010,14.557820394465585,19.387063421414901
4.271,and,-0.425923854112625,4.149953205858512,3.725119427190418,5.075487517546525
4.272,it,-2.786896705627441,5.664266237519615,5.719446339987563,8.153416006288323
4.273,seemed,-3.977062802761793,9.290328042498579,8.825225880810489,10.015950417361699
4.274,as,-0.966473758220673,6.015624514263506,6.185061363614103,12.048068193096180
4.275,if,-0.481647819280624,4.875544082959084,4.947645465028527,13.010972282630140
4.276,a,-3.722897052764893,5.346001612204957,5.607998136449983,16.494100607829310
4.277,black,-6.202115535736084,4.528542149460264,4.845104514738169,17.470022827227940
4.278,cloud,-5.181622505187988,4.445319828108329,4.711811141732084,18.403543697906780
4.279,were,-3.779906511306762,4.387581064598137,4.183117898461486,18.048029907009862
4.280,floating,-6.024078369140625,3.986501882631038,4.047608129314212,20.027473826648084
4.281,over,-1.345060706138611,5.256121434167993,5.434757632644645,22.029838330464734
4.282,the,-0.952600955963135,4.730567966223145,4.720654801746988,24.381211930199580
4.283,field .,-5.134966959914890,16.968474190363008,17.630998536395872,33.222376574919821
4.284,You,-6.231128692626952,6.233941915441048,6.404582656790120,3.222836775759857
4.285,could,-3.372113227844238,5.596476955015521,6.200006548096463,5.220059828536247
4.286,hear,-3.823730945587158,4.897015922332391,4.940367889628963,7.217774674872929
4.287,the,-1.747816562652588,4.639564126193028,5.083043242734133,9.985360604160098
4.288,birds,-8.986359477043152,8.718499743605234,9.155169825573212,11.013006294314826
4.289,chirping,-8.426332786679268,15.969153171496373,16.167706552230445,12.287779020013506
4.290,and,-3.820693731307984,6.341530316436613,6.330449230867777,13.231604013628411
4.291,flapping,-12.077820197213439,12.438417761420094,12.975895612522740,14.233009313945878
4.292,from,-11.791348457336426,5.681412811036648,5.831896846826550,14.439697019746466
4.293,fields,-12.055268287658693,4.165319293431062,4.041491848260987,16.204093978748659
4.294,that,-11.365573883056641,4.533789762129356,4.439491093770016,17.102634353138562
4.295,were,-11.551712989807127,4.707597962056497,4.442843344987762,18.939268276733159
4.296,miles,-11.402563095092773,4.443687223462755,5.406186785852416,21.869663344620644
4.297,away .,-27.341045379638672,13.104809601674992,13.152045367458493,48.422054780071512
4.298,The,-1.652928352355957,6.216193485653642,6.231108800665612,3.459354033097218
4.299,little,-8.870933532714844,5.632996431318589,5.636174303804697,4.570052388477954
4.300,birds,-9.782776713371275,7.925342651880710,7.766442517552893,5.590542025715719
4.301,that,-0.166509598493576,4.980927852225786,4.869200785315972,7.166001769824708
4.302,soon,-5.276970863342285,4.217808519615541,4.726369761784770,10.150300049497233
4.303,grew,-6.509808063507080,4.879651094064830,4.815794392485460,12.181460037077914
4.304,tired,-3.805034160614014,4.280022965586698,4.307610421566763,14.005638673433499
4.305,fell,-7.218741416931152,5.104675953894242,5.455387853156327,5.222718343169519
4.306,back,-2.543821811676025,5.522499383163356,5.760550529098619,7.279309163411301
4.307,quickly,-3.814263740554452,11.241255265594614,11.876105540772420,9.132816968218529
4.308,to,-1.879992842674256,5.159979675366269,4.863383143547806,11.369609391725225
4.309,earth .,-4.427691492484882,14.687268922438864,15.787938277369260,19.012105505296581
4.310,The,-1.652928352355957,6.216193485653642,6.231108800665612,3.459354033097218
4.311,fact,-6.617938041687013,6.275216407075543,5.807730432612263,4.155189776595264
4.312,that,-0.025566563010216,5.871848133136133,5.550882947469533,6.144673007568031
4.313,the,-1.569340109825134,4.947239244825759,5.021271234506662,9.369080983445668
4.314,larger,-9.117056846618652,5.380059947086801,5.347279978952275,10.569331173441467
4.315,ones,-6.668626785278320,4.869589003458059,5.166520260295639,11.565737731553812
4.316,held,-7.323166370391847,4.616497580787891,5.066606917003712,11.421690094449961
4.317,out,-2.465060472488404,5.481938594491632,5.409185044141261,13.199441568298896
4.318,"longer ,",-6.498872995376587,10.873149905551049,10.818895221039430,25.249120485972952
4.319,and,-1.985806107521057,4.920316858182292,4.748439684390204,6.615835631440295
4.320,flew,-11.943259775638580,9.224076372676103,9.341687471075797,18.553250432719764
4.321,higher,-3.665381431579590,4.217126284090053,4.515395663158481,21.086846226248774
4.322,and,-3.740382671356201,5.187833686952829,5.462514515821670,21.956805636276528
4.323,"higher ,",-1.271903280168772,9.138697008873612,9.016191839892292,43.023462606773819
4.324,but,-7.447376251220702,6.183698742073963,6.054272987678437,20.543068210102252
4.325,the,-1.709680676460266,4.603441952728144,4.294729900575025,13.343692579258216
4.326,eagle,-10.444009780883787,8.093951545725393,8.241128041655495,24.786275915809288
4.327,flew,-19.134703159332272,10.114324106185581,10.351169834549424,25.640350348438329
4.328,highest,-14.145542144775391,5.573592212283267,5.456034344685190,13.859004283826534
4.329,of,-11.972138404846193,5.732171294480080,5.420645951725359,5.231326656445415
4.330,"any ,",-17.740944862365723,10.442711425768689,10.158623982569466,36.621524545847919
4.331,surprised,-11.921043395996096,4.470017013494073,4.236962535996198,20.999918973650011
4.332,no,-11.124341964721680,4.376965522768897,4.577258586889255,21.999999999871463
4.333,one .,-14.827491760253906,11.566104888916016,11.106396436691284,47.000000000000000
4.334,Could,-15.132579326629640,9.836217530010464,11.258119144195897,2.113678542760816
4.335,anyone,-11.040498346090317,10.549760792441699,11.113296130881979,3.159985352841400
4.336,stop,-12.753074645996096,5.833460812267548,7.084749368080107,5.256552491674007
4.337,the,-11.126052856445312,5.521389408724339,5.538098987672802,6.001050879016197
4.338,eagle,-13.348809480667114,7.853723223493303,7.679724914784661,9.489801643156015
4.339,that,-11.197627067565918,4.567226221604894,4.351323456280300,10.147651981230496
4.340,seemed,-12.725605964660645,8.246126394426522,8.177688726612768,11.132716013735745
4.341,to,-12.718364715576172,5.312247320464856,5.706623546444640,11.246114986743644
4.342,be,-5.654630661010742,4.018545398617483,4.036803386363752,15.168300306753109
4.343,flying,-6.850964069366455,8.916947052016617,9.444716433978712,18.081252663254030
4.344,straight,-8.410425186157228,3.542960144604804,4.322209333000107,20.071031823330905
4.345,into,-6.575704574584961,3.937574935891873,4.173415026736877,22.011407551293910
4.346,the,-5.823290824890138,4.168184942638722,4.285224191083478,24.037349864193835
4.347,sun ?,-22.383825778961178,11.394424837324999,12.684831573637549,54.000014860637343
4.348,The,-1.652928352355957,6.216193485653642,6.231108800665612,3.459354033097218
4.349,other,-5.668277740478517,5.623774549756352,5.090510951649199,4.450957905910473
4.350,birds,-12.995131015777588,8.928260658441671,8.852960142509044,5.462314077916045
4.351,gave,-8.568612098693848,5.775813496687630,5.845263402794830,5.372322604900934
4.352,out,-3.537412881851196,5.396029150315453,5.576356886164074,7.397769468483060
4.353,one,-4.582088470458983,4.802392658831148,5.000072485331930,10.013513670886519
4.354,by,-3.198489665985107,4.765136522155034,4.331740802009826,11.532580594817279
4.355,one,-0.840450704097748,4.462996688169691,4.401163848087421,14.003961492944553
4.356,and,-0.374835342168808,5.206264507206734,4.968067686409905,7.475960308528923
4.357,when,-0.042477689683437,5.672965713044772,5.785887429065500,8.020415041130557
4.358,the,-1.362271547317505,5.210437932828000,5.111153477020059,11.113908865247804
4.359,eagle,-7.933606266975403,7.763769737921687,7.728281431426915,12.059131846061131
4.360,saw,-13.220170021057127,4.287782787274551,4.988701604820856,13.090889378458073
4.361,this,-11.864947319030762,4.546487426766206,4.492763440508993,13.162080450914196
4.362,he,-8.266808509826660,5.211126365186199,5.516735879994358,15.636818808465094
4.363,"thought ,",-24.623889923095703,11.419641858508239,11.433484194526994,21.756945776373499
4.364,`` What,-12.797745305229910,20.894467077398559,20.666941986842659,23.063711176098028
4.365,is,-12.005144119262695,4.544639815805494,4.401895960881637,15.034678420603548
4.366,the,-10.166037559509276,4.674009416424009,4.523988710449221,18.155595513477774
4.367,use,-8.963847160339355,4.963688211176778,5.269478016662299,20.068217380560050
4.368,of,-13.679612159729006,5.170693984392137,5.026059042985727,22.029054139725471
4.369,flying,-18.910977363586426,7.459422617489776,6.928249749997753,23.088384735856824
4.370,any,-5.135859489440918,4.678051775418855,4.732677099595920,24.687084282747449
4.371,higher ?,-24.397655963897705,13.273021797836501,13.379643484169947,52.222353480027152
4.372,This,-4.522065639495850,6.167534451953133,6.325319729993812,3.261062476449923
4.373,victory,-8.450518608093263,5.643192473203026,5.618304826703511,4.294266018649926
4.374,is,-1.578756451606750,5.532754816404004,4.891820794785395,5.143148329272337
4.375,in,-1.231050372123718,4.092903838653734,4.238078787821183,7.157977501443191
4.376,the,-1.653762340545654,4.084165828594553,4.280813278384291,9.968881132797540
4.377,bag,-10.966564178466797,4.749901656107517,5.350176639401561,10.518210278723140
4.378,and,-0.514024376869202,4.447623896901649,4.351189901075181,6.060089211027211
4.379,I,-3.857773303985596,5.567662608390796,5.488346488700388,7.011157154404737
4.380,am,-2.931147098541260,9.220946837485533,8.401212559456985,9.014448417013089
4.381,king ! '',-25.224848359823227,32.511583591245397,31.937394064028719,26.320248662587403
4.382,Then,-3.511779069900513,6.099443320222187,6.057052913474799,2.974602023277294
4.383,the,-2.334568500518799,5.838320895024866,5.224398311357378,5.023353582121836
4.384,birds,-8.975553750991820,9.094631604914090,8.910853177978113,6.022294704920423
4.385,below,-7.698127269744872,4.718709221936204,4.177171463458182,7.469334518925730
4.386,called,-7.370977401733398,8.746296813852235,9.090582363329775,8.967138439396019
4.387,with,-3.916309356689453,4.363265640430625,4.422294749321713,10.951875244713971
4.388,one,-5.377894878387451,5.224238807335382,5.382188119866984,13.278118569655369
4.389,"accord ,",-13.457150697708128,10.399907933190388,10.579529385117226,25.827244331351430
4.390,`` Come,-11.251499421303379,20.251023833975136,20.945849513263060,29.354896672553227
4.391,"back ,",-18.785297393798828,9.248765474974590,9.074779440112707,35.600091206577289
4.392,come,-13.174582481384276,2.144434482410707,1.926583413518070,19.969014337877201
4.393,back !,-24.826350688934326,13.786109576122961,13.750582319440721,43.000522735571579
4.394,It,-3.523702144622803,5.975466083379700,6.746003274069055,3.255935461031633
4.395,is,-1.846124768257141,5.356195530113091,5.435642911642519,5.133538266149774
4.396,you,-8.351089477539062,5.047679550308804,5.659743249660171,7.351437969801299
4.397,who,-0.069248929619789,5.467763911506363,5.319572876669517,10.067249032245707
4.398,must,-4.584614753723145,3.822591985708984,3.307624508197164,13.047933953775742
4.399,be,-2.039129018783569,4.099656858148811,3.741010842244259,15.073348887135902
4.400,our,-5.425127983093262,4.262592896403810,4.391225088516554,17.258471381848253
4.401,king,-6.287253141403197,7.575681523542526,7.815514085199048,18.179060154132227
4.402,because,-3.286681173805846,9.854115617114289,10.183916823761578,19.081512161432212
4.403,no,-5.773887157440186,4.295517281920157,4.714685634184833,22.348596675056324
4.404,one,-0.751617789268494,3.931184576972305,3.685460374300263,23.382610827846406
4.405,can,-1.872042417526245,2.358198807439285,2.079221289856449,24.116261630319372
4.406,fly,-8.009662628173826,4.104435387315357,4.480136312631535,26.306976254093538
4.407,as,-5.501700878143311,3.866693584195346,3.835082836131201,28.580524793730806
4.408,high,-5.530023097991943,4.244701996526033,4.521178344300728,29.847814850215748
4.409,as,-0.005019088275731,4.855466759137204,4.916128127876475,31.009858911789042
4.410,you . '',-16.038213772349991,26.121288055487213,25.334327343587852,46.697967020021366
4.411,`` Except,-9.853592119095993,23.406481591713508,23.506293439845283,6.324299611430687
4.412,me ! '',-33.214482754468918,29.325719217512770,28.848023984261726,17.777827873512166
4.413,cried,-22.431174755096439,16.814659167586566,18.212827440159842,3.355803445571112
4.414,a,-8.688609123229980,4.947898140868715,5.881955244596258,3.692935272112921
4.415,"shrill ,",-14.672470569610596,11.647031564117796,11.548083636544300,11.391644545961356
4.416,shrill,-8.356635093688965,5.134851542203225,5.013674013188411,7.317500621966713
4.417,"voice ,",-7.455687522888184,11.088926867981973,11.259408127422610,19.216214982603873
4.418,and,-0.782943725585938,6.057725737969988,5.838256624615504,11.974310216765689
4.419,out,-8.090839385986326,4.662873472088779,4.814716401486042,12.997863907428885
4.420,of,-7.858661651611327,4.696269139603838,5.067516073546068,13.998441753980966
4.421,the,-7.629563331604004,5.671402144761758,5.217146170866553,7.992942486166942
4.422,blue,-14.530812263488770,5.089140410639446,4.769868580065354,7.013348049247759
4.423,the,-10.174421310424805,5.569165427562384,5.393687273498280,9.262173922521400
4.424,little,-7.270194053649902,5.156943013744435,5.184899046717550,11.169917965131061
4.425,bird,-8.532284617424011,8.533860538339413,8.715452159873479,12.265003178192217
4.426,without,-13.884698867797852,7.975430842337929,7.787037786158558,14.567356267945314
4.427,a,-7.425012588500977,4.287429656009079,4.068253325483759,15.803671252050435
4.428,name,-7.034535884857178,3.990511307605087,3.706752383584353,16.581535746527329
4.429,rose,-13.821321487426758,5.930101047213165,5.663948054308372,10.975465170469564
4.430,from,-9.249009132385254,4.571826159948438,4.993109526270922,12.987035461127073
4.431,the,-10.387622833251953,4.034578080906556,3.717615265572400,15.281204875864482
4.432,eagle 's,-33.684168815612793,21.455401014964586,20.115268931107302,23.077390382150053
4.433,"back ,",-17.701743125915527,10.868206523831883,11.887673638620420,19.217618597334386
4.434,where,-8.187292724847794,7.418294505843602,7.405965540623011,11.031722144997477
4.435,he,-13.995318412780762,5.136052959193549,5.412211332882211,13.734297673037545
4.436,had,-12.195758819580078,4.521085660146975,4.793180027169591,13.150426237861149
4.437,lain,-20.941626071929928,9.375799533064216,9.482362141146384,9.590713450601443
4.438,hidden,-19.488231658935547,5.453483402137701,5.252626764642611,11.980647293197446
4.439,in,-10.145570755004883,4.540839895047169,4.676394505682815,12.995812598730376
4.440,the,-1.503522038459778,5.840211827976153,5.915806324448233,14.356017265654721
4.441,feathers .,-23.468033194541931,12.913598424696033,13.920177179642154,37.138925210431729
4.442,His,-5.720582485198975,5.878281167053234,6.189455736617900,3.463898024338008
4.443,guile,-12.582361698150635,14.907230548413342,14.663488841546586,4.621253005089411
4.444,was,-11.771611213684082,5.280008233443342,5.747990607332236,5.556844086108499
4.445,the,-10.365104675292967,6.446801796744554,6.239315853280692,5.845077624800765
4.446,ace,-12.167328357696533,7.864564623142539,8.072703761261627,7.341180135377018
4.447,up,-12.193562507629395,5.364668596503585,5.708465577112621,8.180790713339549
4.448,his,-13.758613586425779,5.191360302851835,5.099310714735213,9.341539124803477
4.449,"sleeve ,",-14.568445682525637,12.183810342489103,11.896156162807964,23.612776019907152
4.450,and,-5.699947357177733,5.415415303989856,5.368717604803608,13.304987474843117
4.451,he,-15.269066810607910,4.527342096713482,5.565147192697760,14.999998439270634
4.452,laughed,-21.688271999359131,10.201744386228905,9.852354978979736,7.902784397139512
4.453,to,-9.595146179199221,5.676688834003477,6.248634900369692,7.105966789758022
4.454,himself,-11.953832864761353,9.005663137133922,8.663838740111277,9.585303024143570
4.455,at,-12.556308746337891,5.030714920064243,4.816360142683028,10.546110251063194
4.456,how,-10.458516120910645,4.758176315222476,4.443280124861934,12.068488726526814
4.457,easy,-7.989603996276855,5.416360844007404,5.727204050749441,14.227630232957280
4.458,it,-12.108062744140625,5.182261333675419,5.446601362094568,15.996577592776413
4.459,had,-13.857724189758301,4.128578383380685,4.523159106606061,17.215379697896907
4.460,been,-7.452879905700684,4.369826493129783,4.392434688452822,18.349719170927635
4.461,to,-9.853174209594727,4.505578371291676,5.674708514190699,21.297435955282673
4.462,outwit,-15.467162877321243,11.405803921131294,12.767937953468019,23.246711218430203
4.463,the,-8.220764160156250,4.456318011560455,4.565322674496251,25.240667293383517
4.464,other,-12.329060554504395,5.557281852065993,5.961086204869763,27.897742583653564
4.465,birds .,-23.218406438827515,14.766611697017035,15.078658514110451,54.277163319371930
4.466,Higher,-8.822044372558594,6.164804314199885,6.883207989933785,3.579687870950607
4.467,and,-8.251923561096191,6.121526035672994,6.619052085082700,4.549935048214286
4.468,higher,-2.635852575302124,4.549928681170027,4.479409718393081,5.522855095804498
4.469,he,-9.930810928344727,6.001335435353927,6.866675602795678,5.999970458434942
4.470,"mounted ,",-15.656687200069427,17.517800581552109,17.329822397936049,13.365724750636190
4.471,until,-6.304700851440430,6.049735326731057,5.696194802650512,7.996505221623250
4.472,he,-2.956271648406982,5.078174204218046,5.096742118695035,11.033996732893709
4.473,was,-2.190955877304077,3.963101304220456,3.875267956123361,13.057331295114036
4.474,lost,-8.165561676025389,5.237616894201512,5.405869914307739,15.048389819045347
4.475,to,-1.765632987022400,3.483297129798922,3.413910056781947,17.057600611545382
4.476,"sight ,",-13.813419461250305,10.331632339898857,10.773889823417193,28.913711677520880
4.477,and,-3.531858921051025,6.199287473000298,6.004650191136412,10.002860475494897
4.478,then,-1.175211668014526,5.262410378036170,5.255527769666409,12.107480087962019
4.479,folding,-14.542129516601562,5.757180716114024,5.907290967307516,14.076409731463690
4.480,his,-10.736347198486328,5.106881156163047,5.384306742760984,15.087225016205617
4.481,wings,-8.806278705596924,9.087739599284587,9.362780920927493,17.377784529814427
4.482,"together ,",-24.396194458007812,10.363716689838471,10.153223067183825,36.393022443618619
4.483,he,-12.842658042907715,6.211914189464586,6.768990410028766,18.999954151478359
4.484,sank,-16.670191287994385,8.360721984201707,8.527353879560572,19.348872671458963
4.485,to,-2.817721366882324,4.388524417066951,4.182953122010382,22.083558319998680
4.486,earth,-13.494161605834961,3.926664752336868,4.444957293556389,24.701839991165610
4.487,crying,-11.510151207447052,8.432069514625507,8.614401334259744,25.043585877552179
4.488,"shrilly ,",-27.492679119110107,15.589681648427046,15.638515378197791,54.053379261724217
4.489,`` I,-15.231421222866629,18.858938020476060,19.543028590776803,57.000033523513942
4.490,am,-23.257740974426270,8.501792172642785,8.489070968524729,24.084215699390914
4.491,"king ,",-28.481535434722904,12.013676090466344,12.317088487693539,67.154092268023831
4.492,I,-9.962167739868164,5.153823148636248,5.939008100838473,36.527249165706309
4.493,am,-6.641785860061646,7.359375625824372,7.456403020663540,38.475135988266551
4.494,king ! '',-41.048832893371582,24.954009685190876,25.064739349527009,117.192290242857538
4.495,The,-1.652928352355957,6.216193485653642,6.231108800665612,3.459354033097218
4.496,eagle,-12.412081003189087,8.856507925936683,8.947186183103799,4.489355465848258
4.497,tricked,-21.588084220886230,11.248606411843019,10.658359386577340,5.611888494056537
4.498,by,-11.502449989318848,5.358076774160616,5.816579675915983,6.577579589592496
4.499,the,-15.363529205322266,6.136622692230621,5.749305438144272,7.644015430912106
4.500,little,-11.059405326843262,5.946982222722061,5.975223554823653,7.084684269377028
4.501,bird,-8.834925651550293,8.011143634218568,7.961378228199086,10.891162081804136
4.502,had,-11.840768814086914,4.147447160432578,4.127614588110807,11.903114100752321
4.503,not,-8.363080024719237,4.512630788698747,4.240492737586522,12.892184549136770
4.504,sensed,-12.634366512298586,8.815425504780702,7.962680506088951,5.239528809868476
4.505,the,-10.636980056762695,5.260547527643942,5.226456461244934,7.733879485446214
4.506,bird,-10.119954109191896,9.059155983700693,9.992728618437617,8.005219033676639
4.507,in,-10.875437736511230,4.923878861680786,5.643243137466460,9.012684891106934
4.508,his,-6.225100994110107,5.025330706816091,5.175220695893947,11.345059952598234
4.509,feathers,-10.241090774536133,5.084139865066792,5.661979950674716,12.140677893011839
4.510,and,-10.370765686035156,5.152476776488538,5.772993281068982,13.493241636975073
4.511,so,-9.959103584289551,3.766556165735189,4.491039635592688,15.741156683916927
4.512,had,-10.728783607482910,4.247717514501342,4.897119796275960,16.559633502658428
4.513,not,-4.509926319122314,4.455375118733151,4.365127914540442,17.513189984286260
4.514,at,-9.688932418823242,4.850634040151387,4.755711332608281,18.797641913487521
4.515,all,-5.014477729797363,4.970450902799263,4.854823622475316,14.292293833397622
4.516,expected,-8.257261276245117,3.885174064735004,3.705209860085714,17.157258188614570
4.517,the,-11.082744598388672,5.008507059917794,5.020501841108827,18.474175678162450
4.518,bird,-18.389981269836426,7.687345436350244,8.065953019911694,20.000284069375294
4.519,to,-4.463851928710938,4.688426556306696,4.584889525738268,21.010779979714105
4.520,come,-5.205593585968018,4.433926351230948,4.276204607601378,21.814243794443890
4.521,flying,-10.332521677017214,8.425127431835808,8.557822625312719,23.911330753034161
4.522,out,-8.462851524353027,4.912448340499728,4.826422126413952,24.988090859935131
4.523,like,-10.905151367187500,5.031898122502413,5.381403003169482,27.000113139853028
4.524,that .,-22.740990638732907,12.911004697471494,13.009300525135679,59.494491673644447
4.525,The,-1.652928352355957,6.216193485653642,6.231108800665612,3.459354033097218
4.526,birds,-11.334949731826782,8.730986873751156,8.503668052105715,4.425234810889866
4.527,back,-3.578343391418457,5.175675498273628,5.141101389455068,5.721975839720129
4.528,on,-2.248181819915771,4.495403567400613,3.887212615513462,7.992796148466986
4.529,earth,-4.790668964385986,4.754270015349575,5.903618108343366,10.058457836222527
4.530,were,-2.360383987426758,5.225388211282015,4.886873917760625,5.332685156954994
4.531,all,-5.113489151000977,5.313040224266045,4.910164678514195,6.515203137205923
4.532,up,-4.948177814483643,5.357225117592345,5.409411555260125,8.206679154994434
4.533,in,-0.880283355712891,4.437458515058038,4.010658328505267,10.007536675931654
4.534,arms .,-5.243068802345078,14.663325536458295,15.495421706359558,18.000268548806012
4.535,"`` You ,",-13.707800588486862,29.294946519272415,28.997016562906058,12.851623137434469
4.536,and,-6.706097602844237,4.386488766640191,4.255186608538219,7.676470753782374
4.537,not,-5.060276031494142,4.170084410085638,3.761322734242794,8.786258995905589
4.538,the,-1.902159571647644,5.370849746624165,5.156925581576615,10.933972794525523
4.539,"eagle ,",-20.662000179290771,14.463930120829041,14.690857548202761,24.160899261571643
4.540,our,-15.087899208068848,5.364107042796394,5.119885525215397,13.500911220533135
4.541,king ? '',-35.531842052936554,30.700962544833097,29.635489838357977,38.284809583643224
4.542,the,-7.757106781005858,6.217410988322023,6.238840123630493,3.448721166675808
4.543,birds,-11.250813961029053,8.797429566273115,8.587015106377727,4.370122295892603
4.544,"cried ,",-12.856364920735361,18.548683589606341,19.523239950613114,11.606402394605279
4.545,fuming,-21.402443945407867,8.511394331067375,8.513705102394537,7.994917368735443
4.546,with,-9.008983612060547,4.915781650634028,4.598419085847177,8.069477549986466
4.547,anger .,-25.092907428741455,16.909572368240877,17.327480396625432,19.675367714614040
4.548,`` You,-6.432284555314254,23.285998739915719,22.846810536825011,6.779485973394454
4.549,have,-2.058552742004395,4.323539711214121,4.704125838879344,6.771520640389588
4.550,done,-4.030473709106444,4.186520675500542,4.734953618498420,8.883611840773685
4.551,this,-3.082553625106812,4.826346993596618,4.971826567178417,10.973166124452028
4.552,by,-2.620657682418823,4.713751364366177,4.476181148065999,12.779141942204181
4.553,breaking,-6.993067860603333,9.658637059868004,9.579410076345797,15.988775846628286
4.554,every,-5.412897109985352,3.830615979020854,4.105311267778332,18.050030941481445
4.555,rule,-6.333454608917236,4.217371224245600,4.237339410174677,19.237187208562240
4.556,in,-1.951569437980652,3.861707163564681,3.843521155542970,20.517021924554406
4.557,the,-0.701631307601929,3.530762900058939,3.769202016396226,22.633452345368923
4.558,"book ,",-4.624572709202766,8.890960692899585,9.897037845849072,29.173910263840614
4.559,so,-6.203886985778809,4.656322628027731,4.741681334758282,12.888181045439213
4.560,we,-1.433323383331299,4.790232675408697,4.567869403010022,9.770992701289877
4.561,will,-3.317434787750244,4.499439102110166,4.965830006255849,11.607579452535354
4.562,not,-2.591109275817871,5.356746282532838,5.273505142774324,12.919621214980529
4.563,have,-2.125693321228028,4.365926510997462,4.536575282239541,15.084632917724571
4.564,"you ,",-9.157732009887695,9.347244896303764,9.009582313799534,32.109171152981048
4.565,who,-0.128108173608780,5.110095127913687,5.401980626137414,20.000088640144352
4.566,are,-1.547080278396606,2.835382618406673,2.670485494826754,24.010665372255346
4.567,simply,-4.512360572814941,3.631214177165126,3.982457525994334,25.973311584509894
4.568,tricky,-11.733473803848028,8.787097508959393,9.341020968035883,29.027689483194884
4.569,and,-2.630861520767212,5.630038384153463,5.637985080789895,29.936957333255769
4.570,"cunning ,",-18.002156257629395,19.198800941674733,18.819748228441060,63.000126405951107
4.571,to,-8.453014373779299,5.050504729041327,5.536365188272704,33.000258384254153
4.572,reign,-23.030777931213379,8.197527850129427,7.923099442378789,33.943089116989704
4.573,over,-8.402920722961426,4.506097340651782,4.660161394355502,24.584409858326072
4.574,us . '',-38.656209588050842,30.261017014054907,30.326693994554610,68.768542374363847
4.575,The,-1.652928352355957,6.216193485653642,6.231108800665612,3.459354033097218
4.576,bird,-12.105066537857056,8.991521575318185,9.520077328115919,4.634771562644254
4.577,without,-6.586165845394135,9.125493191957355,9.151971098535306,6.210413091373679
4.578,a,-1.770856380462646,5.500256976668760,5.030108031310168,8.287089916136280
4.579,name,-6.523470878601074,4.932737656533653,4.733769884384197,9.475478344877764
4.580,then,-2.550173044204712,5.849915666737562,5.929315098069277,5.132029019897048
4.581,decided,-8.493898391723633,5.700036297783803,5.058571969607656,7.154752093486874
4.582,to,-0.015894852578640,6.535005189104737,6.257748685367917,10.161802999168883
4.583,clear,-8.531300544738770,3.801637455973092,4.467391144356482,12.249332810910813
4.584,the,-0.601654529571533,4.349130974496780,4.360744659535893,14.328966416881990
4.585,air,-3.868159770965576,4.319997060411952,4.176273355711859,15.240478338153279
4.586,and,-0.192219272255898,5.319153166769115,5.086115077168700,12.596145334570599
4.587,"said ,",-6.041414499282837,9.880146833691736,10.853665802285803,23.382834171758837
4.588,`` Then,-4.397282471647486,17.043111010914636,17.741641027848072,28.685844714643142
4.589,let,-2.292409896850586,4.891298969279578,5.406177650241662,17.659384620138212
4.590,everyone,-7.938261747360229,8.911168518898094,8.859692167049687,20.646347368258027
4.591,start,-5.128002643585205,4.321098015509940,4.480928649973702,22.647105214005393
4.592,with,-0.634589612483978,3.745467356202925,3.596293668478368,24.636691615197090
4.593,a,-2.365581989288330,5.553722879132111,5.778796044911760,26.854076611564771
4.594,clean,-6.692816257476808,5.377236580628168,5.701171172133473,27.782365539064628
4.595,slate,-7.091501235961914,4.134830164909965,4.130060360404179,28.733410797349624
4.596,and,-3.268830776214600,5.009971765433242,5.000319380013670,27.297691599165073
4.597,perform,-11.294184684753418,3.429843371555602,3.444704483318500,27.943293814990625
4.598,a,-2.300458431243896,5.584831563477912,5.684629855731139,30.152669540045519
4.599,new,-4.128535270690918,5.406868091807342,5.577360115469219,31.035437692597199
4.600,challenging,-10.973872090689838,10.089986768225085,10.540864087746664,31.950508347136946
4.601,task .,-2.204192013945431,14.647170734335788,14.197786767781771,40.984043041355989
4.602,Then,-3.511779069900513,6.099443320222187,6.057052913474799,2.974602023277294
4.603,we,-3.568303108215332,6.169905393242688,5.239487121432557,4.991429156439116
4.604,can,-3.683596134185791,5.458699062959676,5.251572207650385,6.844805260858758
4.605,decide,-5.965115547180176,5.058609968180302,5.319689114816377,8.872832395628409
4.606,who,-1.858382701873780,5.022890665433767,5.089901917467398,12.064569167436963
4.607,should,-3.116657733917236,3.533440040462313,3.051463420807325,15.053594843277633
4.608,be,-1.253623723983765,3.458605719044794,3.096774189627141,17.121890589777092
4.609,the,-0.431238055229187,4.827566787407125,4.893391952147561,19.563329951315232
4.610,real,-5.040020942687988,5.036415285607829,4.901687012127951,20.497728380990910
4.611,king . '',-21.546338565880436,29.838353190075207,30.171097815589452,38.105204943538723
4.612,Then,-3.511779069900513,6.099443320222187,6.057052913474799,2.974602023277294
4.613,the,-2.334568500518799,5.838320895024866,5.224398311357378,5.023353582121836
4.614,birds,-8.975553750991820,9.094631604914090,8.910853177978113,6.022294704920423
4.615,gathered,-7.484362125396728,8.147192877724944,7.815456515665381,7.066246351190128
4.616,together,-3.192916870117188,4.429168416710412,4.684453193460622,9.175325962839947
4.617,again,-0.296574115753174,4.907051227222088,4.818132098336298,11.120765593511400
4.618,and,-0.277783483266830,5.647414122632737,5.437413235150420,8.808808528743585
4.619,decided,-6.941341876983643,5.929956400905602,5.851150680082092,11.002346411293928
4.620,the,-2.012474298477173,5.420944305391001,5.339502980190960,15.095594833310894
4.621,case,-8.835604667663574,4.509879405223846,4.760371940967738,15.722195832322488
4.622,would,-1.732890009880066,5.022106580356611,4.835117558509185,17.033632748876304
4.623,be,-0.701471745967865,4.307225465169903,3.923647822828732,19.032291394962254
4.624,resolved,-3.958639860145013,8.300352129419354,8.560315368510574,21.037523599441752
4.625,by,-1.460493564605713,3.943203674579209,3.809115530107753,23.048085271494717
4.626,making,-4.094381809234618,4.771612445510341,4.976476071071251,26.090573590645796
4.627,a,-1.582798957824707,4.725651918498190,4.638600277778213,28.608427342367932
4.628,new,-3.773537635803223,4.528221810731578,4.434539439621532,29.602671274736728
4.629,"condition ,",-11.871106386184692,8.881409350902569,8.883287956155321,58.337463375249854
4.630,which,-0.010499360039830,5.113882096691723,5.114146116161042,32.925027657260259
4.631,was,-3.161843299865723,3.408274349824256,3.299738719123072,35.952797437434270
4.632,that,-0.594130873680115,4.524053774629553,4.708747700613184,38.040732018176719
4.633,he,-5.432839870452881,5.152696307468382,5.559714952101276,41.080140162587682
4.634,should,-4.090991497039795,3.733732165653854,3.641359889267398,43.051286975679979
4.635,be,-1.070168018341064,4.145017563099349,4.053724913643404,45.060365929866066
4.636,king,-6.014976382255554,6.985410422924358,7.056498331898697,47.274988704111493
4.637,who,-0.106686517596245,4.691339394245160,4.861526842911915,50.833572953077066
4.638,could,-1.910015463829040,3.635749353458054,3.482877603816206,53.960791271231450
4.639,go,-4.716287612915039,4.053641007232274,4.376703695188779,56.217926497563425
4.640,the,-1.881778836250305,3.458006311997963,3.752754627111901,58.346469288859943
4.641,deepest,-11.817010879516602,3.728507332144803,4.123376781915139,59.234284894138831
4.642,into,-12.809638023376465,4.041985367230895,4.784351754606750,60.276092037090187
4.643,the,-11.436391830444336,4.982333281257249,5.343049945578266,59.668802263287795
4.644,earth .,-25.598621189594269,11.913591726499297,12.356414105086166,125.520563939259063
4.645,So,-6.500539779663086,6.761755190327981,6.650670454335916,2.513984844673757
4.646,the,-1.773356795310974,6.050235431426003,5.558383328411463,4.401970770175561
4.647,little,-7.809103012084961,5.401393640697340,5.393527125680818,5.408189432588307
4.648,bird,-8.516638159751892,7.830821647308690,8.199229746537782,6.679616645919464
4.649,who,-1.612637281417847,5.379208317256234,5.717653480636262,8.095373054402652
4.650,the,-2.254258155822754,4.769856682360238,5.045438804054402,11.151788807756756
4.651,other,-4.774789810180664,4.809198635524798,4.819745383245539,12.149952197870581
4.652,birds,-8.981345415115355,8.235613625580973,8.198789308496615,13.135407212082240
4.653,despised,-12.462841749191284,10.834090608908610,10.468297785945255,13.029091315742411
4.654,was,-14.517094612121582,4.608914140309541,4.386373002231468,14.009888703368857
4.655,now,-13.364985466003418,6.266231114123324,5.694981837569400,6.128467469236617
4.656,back,-3.307672500610352,5.477576440872449,6.037259619770113,8.022537357795807
4.657,to,-8.122479438781737,5.378445816854255,5.018872878151626,9.029821272303479
4.658,square,-13.075305461883545,8.776884230109747,8.730209593288574,12.017856866870858
4.659,one .,-14.433727502822878,13.647801529666161,13.036030318321956,28.307920273742329
4.660,"Confident ,",-20.055282056331635,22.655032699753932,22.555750001231306,8.515790911892752
4.661,he,-9.486258506774902,5.967597279200491,6.194243359590606,5.912380602646543
4.662,"remained ,",-28.265601158142090,10.451926699652089,9.867923099081040,13.224791628841194
4.663,"however ,",-13.902885064482689,17.181284073472806,16.231933931183125,14.400443493568925
4.664,that,-9.037001609802246,5.611257693233613,5.388526037948348,10.329098779457276
4.665,if,-8.083638191223145,5.031984620917410,4.707241232463510,12.022750554326636
4.666,he,-11.442239761352539,6.124755325000186,6.037005978551793,14.000259576413393
4.667,played,-15.041630744934082,5.798835605147335,5.612690085604278,15.000971299855260
4.668,his,-4.964955806732178,4.826432244088663,4.952606399218807,19.025361005242992
4.669,cards,-13.699316263198853,8.518414542258549,9.041811654869706,21.059043235188614
4.670,"right ,",-14.078299045562744,10.112113861561308,10.204975796702609,49.335429621437235
4.671,he,-9.815974235534668,5.409224349939540,6.165420761482692,26.068644550779823
4.672,could,-8.953155517578125,4.585008861796865,4.446005034575270,20.965959136331588
4.673,be,-11.060597419738770,5.073728636048453,5.242566029228635,20.097920917430674
4.674,king .,-25.257752537727356,17.526487911883024,18.527243946764528,45.683776546111716
4.675,How,-0.989925682544708,5.498958974826301,5.674414973265545,3.236251978938796
4.676,the,-1.664834022521973,5.343907957612300,5.307458171127423,7.091964823766424
4.677,goose,-12.668670415878296,9.838956002157431,11.197315802781098,8.108253421477329
4.678,wallowed,-20.163173675537109,11.410379202142876,11.513294479893748,8.970523945526301
4.679,in,-8.113169670104980,4.462104586015156,5.112400044863583,10.422767662333680
4.680,the,-13.875348091125488,5.938989607530385,5.633323265117755,11.346616782219552
4.681,"sand ,",-22.410259962081909,15.905014969475168,17.186737697643949,25.071517679367020
4.682,and,-3.740706920623779,4.106444318010877,3.969922628388926,14.649655798907402
4.683,the,-12.350144386291506,4.910626763068086,4.758920037736162,15.999946980990439
4.684,duck,-10.711892604827881,8.577932505531150,8.823343747962289,16.999851699192334
4.685,strove,-18.374728202819824,12.041423858162286,12.232362463614185,10.404507961280089
4.686,to,-11.136628150939940,5.508944382763691,5.536398832202061,8.335269239422761
4.687,dig,-9.468195915222168,4.900586415448128,4.548289941577501,9.519063337803098
4.688,a,-12.860691070556641,5.431537358151838,5.291437105482601,10.554338435265997
4.689,hole,-9.040734767913818,8.026204163832679,7.837530809534863,12.334167860425186
4.690,for,-8.664635658264160,5.446342994957863,5.994448822902662,15.617342191640383
4.691,the,-10.401763916015623,5.091855264498684,5.106778248388041,16.585725569102703
4.692,new,-7.714831352233888,5.681181942786952,5.535696410792021,18.541102523806114
4.693,task !,-25.382472515106201,13.223203259310012,13.405958673103012,39.967535371370609
4.694,All,-6.468991279602051,6.034277829780347,6.180468293920808,3.539460553093518
4.695,the,-1.658484697341919,5.123228515295231,4.039367542742742,4.551987926717751
4.696,other,-3.937903165817261,5.695476479856013,5.130578777379255,5.570871600982334
4.697,birds,-10.463781118392943,10.212357939839583,10.558849574828557,6.650549052894091
4.698,tried,-9.024671554565430,5.316286190850105,5.424764942822425,5.794079696485334
4.699,to,-0.032284140586853,5.855246026685162,5.298430393878785,8.469194665736088
4.700,hide,-4.899572849273682,5.240668264288245,5.592946199727138,10.463538813504559
4.701,themselves,-4.262206077575684,4.567608484537296,4.486262535072510,12.482658286534484
4.702,in,-1.330422639846802,4.847191202602710,4.623115657329663,14.377625414167195
4.703,the,-1.275104761123657,4.693126030398795,4.689326288627932,16.661167159210848
4.704,"ground ,",-4.674861207604408,10.048767358959349,9.530762567184855,22.748424262136123
4.705,"too ,",-2.748449265956879,9.735152700738599,9.240665465365138,22.913855399685769
4.706,until,-2.751089096069336,5.737204915759518,5.743447385748138,15.757309872940874
4.707,they,-0.947714805603027,4.752168682833048,4.846869845535903,18.854358719653515
4.708,were,-1.962770819664001,4.215962855751478,4.172672183661132,21.283566451774163
4.709,practically,-6.887186287316581,9.375820972753051,9.969383981224537,27.090481131384593
4.710,blue,-9.607409477233887,4.785270288657671,5.109105613327122,28.981161102460128
4.711,in,-0.997473835945129,4.031456001902100,4.087567126598437,30.908631332670890
4.712,the,-0.998570859432220,4.832114192476054,5.023315828617346,33.102833878107283
4.713,face .,-3.778830923387432,12.986146247466111,13.837886093077602,40.529147582822702
4.714,The,-1.652928352355957,6.216193485653642,6.231108800665612,3.459354033097218
4.715,nameless,-17.144846916198730,11.133551087661104,10.301504261413642,4.524063968459031
4.716,little,-5.012046337127686,5.696029188211825,5.625505870358887,5.557516179957170
4.717,bird,-6.575046777725220,9.255796413074615,9.639091342641731,6.632861817948551
4.718,that,-13.986701011657715,4.790774862563502,5.325516198476723,8.024385005517210
4.719,was,-14.785541534423828,5.244821198273670,5.311897085024588,6.563728969823043
4.720,as,-11.572172164916992,3.826946368976928,4.649600849514441,9.967479928571462
4.721,bold,-7.142855644226074,4.126589790770868,4.330897360752495,12.326560492264965
4.722,as,-12.951598167419435,5.971818740038398,6.093139927525559,13.275680476050802
4.723,brass,-17.630706787109375,4.559040910428187,4.766504611438291,14.752358573550811
4.724,found,-13.505187988281250,5.341899605407342,5.229422785639245,8.835163828703498
4.725,a,-12.584939002990724,5.412695526133120,5.215476588741236,13.234114388998472
4.726,pitch,-11.975527763366699,3.851055622180439,4.296121484032073,19.253660543779816
4.727,dark,-9.651749610900881,5.496444054330867,5.839203830682381,13.481094391286119
4.728,mouse 's,-25.194606065750122,25.513758797969565,24.847072072869182,17.615624106436705
4.729,"hole ,",-17.609664440155029,15.045577649565718,14.961220027726611,21.000079708234352
4.730,and,-4.455391407012940,5.726245465745526,5.564186789832694,12.000002658701975
4.731,creeping,-13.123474121093750,4.502723095441914,4.501306909942111,13.000002410961120
4.732,in,-6.765966892242433,5.414613367700170,5.233612871780610,13.984190084650841
4.733,"cried ,",-24.044561982154850,21.077602547546512,20.994848056850159,17.928814770310858
4.734,`` I,-9.812057732084213,17.569278568067574,17.037344499615266,21.368977203217817
4.735,am,-12.349866390228273,9.338398759656199,9.438352760504349,18.673115710284407
4.736,"king ,",-15.278758525848389,14.161207862931272,14.461871767242933,40.997355180913459
4.737,I,-9.947855949401855,5.656159595510572,5.706342815598577,21.999920817197147
4.738,am,-14.631519317626953,9.197892521247296,9.372077316548213,22.999986153914577
4.739,king ! '',-32.518238723278046,29.163786326281283,29.616239659769704,77.004177907475551
4.740,but,-11.587496757507324,7.462701382968193,7.697071110104639,2.338907483054417
4.741,it,-2.998316049575806,5.889926724768674,5.966036954145515,4.265298824602815
4.742,was,-2.322298526763916,5.855488327935650,5.412676372623554,6.146394039204790
4.743,of,-4.789164543151856,4.499491596835234,4.496986879245430,8.067368501529437
4.744,no,-2.695483207702637,4.149406315511657,4.564407918353798,10.744902491241081
4.745,avail .,-21.384238243103027,10.336782943369167,10.175694340122854,24.188934050266347
4.746,"`` You ,",-13.707800588486862,29.294946519272415,28.997016562906058,12.851623137434469
4.747,our,-5.158122062683105,4.944421853525896,4.827814922570781,8.711227018882031
4.748,king ? '',-31.861741304397583,31.879710421898686,31.271646247598035,21.490084660174883
4.749,all,-11.744445800781250,6.211667657940999,6.289494497295553,3.419492855852810
4.750,the,-1.983040213584900,5.182483314033474,4.185546096353924,4.449557661876406
4.751,remaining,-6.859311920125037,11.037166481863810,11.100892354447343,5.302059478692041
4.752,birds,-10.180611610412598,10.434843979743864,10.794934395002162,6.255733369678636
4.753,who,-2.259180784225464,4.499497986597639,4.995872969225926,7.091132108220846
4.754,the,-2.624994277954102,4.707994750639526,4.652274730857343,10.103694611306878
4.755,littlest,-12.634642519056795,14.049433520826796,14.378185366439064,11.174116666813910
4.756,bird,-6.032277107238770,9.184669888490088,9.891706183592646,12.217656386572349
4.757,had,-14.022883415222168,4.426919991780847,4.485876063971020,13.170807202893313
4.758,outwitted,-28.070950746536251,15.820021949811256,15.230810127432589,14.048390757901613
4.759,cried,-16.484976291656494,10.911562082789731,12.168239849993167,12.020122311547532
4.760,"again ,",-21.182143211364746,9.397919899019996,9.201959763628787,25.030620469543372
4.761,even,-9.870018005371094,4.768082951606560,4.611268362794113,13.969296997984095
4.762,more,-5.361732482910156,4.182777413242174,3.955568454331348,14.867501247664045
4.763,angrily,-21.575146675109863,9.869355060893822,9.699982554324992,5.688258760555675
4.764,than,-12.297063827514648,5.501479370270271,5.479751965463642,6.450573049829036
4.765,before .,-17.495492458343506,15.220277732019387,15.522148895278828,13.716672307580936
4.766,`` Do,-5.714055738328170,22.642981748043351,22.926058529639207,6.175777629887744
4.767,you,-0.242713972926140,4.867813652463536,4.654627243658557,5.290069954335256
4.768,think,-1.531181454658508,5.207876495261094,5.338373333836548,7.350101114907432
4.769,we,-2.628654241561890,3.886012460457507,3.721583482583585,11.412442996473185
4.770,would,-3.933580636978149,4.272633873331778,4.471937779626703,13.389661467846892
4.771,reward,-10.365987777709961,3.244023757001530,3.882836762748025,15.403486142337325
4.772,your,-3.852132797241211,4.265537361893192,4.445033538090625,17.411625868478765
4.773,cunning,-14.750930309295654,12.509703388060867,12.724178728378060,18.312620336272328
4.774,in,-8.393699645996094,3.907422219875726,5.067731278165379,19.318967790125477
4.775,this,-14.371695518493652,4.304697749027450,4.227766596751877,20.315031798755207
4.776,way ?,-29.442706108093262,12.346449066955444,12.183097862244461,42.771474811228458
4.777,"No ,",-6.517911609262228,11.154999730724848,10.752794785252423,7.330532224851527
4.778,no !,-3.238391056656837,17.147249378441963,17.617385415189460,13.059801105083235
4.779,You,-6.231128692626952,6.233941915441048,6.404582656790120,3.222836775759857
4.780,shall,-7.771107673645020,5.303196117866750,5.827879916280557,5.138577256774297
4.781,stay,-7.147077560424805,4.461670487703059,5.009707485516953,7.347045812854110
4.782,in,-0.638658821582794,4.138804637737935,4.166584360856951,9.334145900081925
4.783,the,-1.655068039894104,3.809528122868970,3.951081501760132,11.499589972051634
4.784,earth,-8.704243659973145,4.212605423144359,4.683843208447262,12.512882043066494
4.785,till,-12.723712444305420,9.330676374910283,9.639487228369267,11.626544231238064
4.786,you,-16.668451309204098,4.835480256904415,4.899095280715630,12.341996749769534
4.787,die,-14.279453277587891,8.460139186730173,8.769430769361168,13.161420529029131
4.788,of,-11.650136947631836,5.187278575806717,5.198498952684336,15.554345986901884
4.789,hunger ! '',-40.118969976902008,22.754586168995822,22.424738116561016,56.031589787595180
4.790,So,-6.500539779663086,6.761755190327981,6.650670454335916,2.513984844673757
4.791,they,-3.038414001464844,5.915429929423651,5.986858686064553,4.184910870233272
4.792,shut,-9.041685104370117,4.083932117017269,4.704284480540972,6.605889109734387
4.793,up,-2.411152601242065,4.691278324044219,4.213321052019570,8.651179207443107
4.794,the,-1.556693077087402,4.763225827376848,4.430384910365214,10.870907852238943
4.795,little,-8.023826599121094,4.961593643805858,5.071684569715604,11.862631413643525
4.796,bird,-9.528306841850279,8.502280021568401,9.013426595631060,13.034024882614682
4.797,in,-0.650015890598297,3.910885942385877,3.851203214794566,12.941039106996293
4.798,the,-0.969270706176758,4.625195739926472,4.766138540012113,15.181920886858681
4.799,mouse 's,-16.046393977710977,20.492459416509359,21.263740201889256,33.766603463811769
4.800,hole,-17.164330959320072,8.774500978014313,9.041855281081318,18.078313638203770
4.801,that,-15.184942245483398,5.466372602567725,5.388920865373839,19.001409776051450
4.802,the,-11.837809562683105,5.305211348588021,5.656734075371838,20.269728408313266
4.803,mouse,-21.956485867500305,12.449255284046087,12.896381891886485,17.093282187882426
4.804,gave,-14.575919151306152,4.629952499219952,5.247415481893403,21.560180910665959
4.805,up,-7.025226593017577,4.696106508557371,4.959014312173428,22.475842683946802
4.806,most,-13.535690307617188,4.877630677807948,4.618363808168584,23.612046437641872
4.807,"unwillingly ,",-32.893332958221436,13.928987961380697,13.369548296476559,39.550214055398257
4.808,and,-12.793001174926758,4.785901095246212,5.365757564183281,22.776630193590908
4.809,bade,-14.068012714385985,7.849040897195460,8.299970259755380,25.160131574808737
4.810,the,-8.443303108215332,4.982557343232876,4.783904446634756,26.062764846914234
4.811,owl,-17.083859920501713,7.364908267356492,7.548908087875276,27.284367844258238
4.812,watch,-20.842302322387692,4.609194365883407,4.526924852867134,29.009136043934866
4.813,him,-11.996928215026855,5.140322565933556,5.115395769134938,29.999896049540396
4.814,carefully,-11.262998580932615,5.276843071053640,5.154870987053295,30.999999998289976
4.815,night,-10.961977958679199,5.400964736597143,5.362460139309078,31.999999796953247
4.816,and,-12.191949844360352,4.802500952724287,5.819282916199668,13.138967878061866
4.817,day .,-16.663980126380920,16.376254632233625,16.696190805183164,29.046957192295881
4.818,Then,-3.511779069900513,6.099443320222187,6.057052913474799,2.974602023277294
4.819,all,-7.216303348541260,5.766758638794324,5.749670572221160,5.047140553910189
4.820,the,-1.225890755653381,5.033436356666718,4.132427363643936,6.002545314422344
4.821,birds,-7.939155459403992,9.156450814936044,9.360228825321069,6.927366844993925
4.822,went,-4.132600784301759,7.978986382100000,8.209295551135497,7.073972359722313
4.823,home,-2.777431488037109,5.562083035449123,5.678087002937772,8.918878317840152
4.824,to,-1.117037892341614,4.894381343802602,4.656270523238118,11.126531138599017
4.825,"bed ,",-8.901101112365723,13.594727187672390,13.931141953500179,21.511008819904120
4.826,for,-3.575722217559814,5.081313984751151,4.971293409478073,13.610112368128631
4.827,they,-2.366837739944458,4.595576235424996,4.523703984928768,17.023489780043484
4.828,were,-1.373909354209900,4.092052790464054,4.019404700478781,19.033380069552624
4.829,very,-4.754650115966797,5.361813352399767,5.536286768097719,21.203989270964943
4.830,"tired ,",-6.596931040287018,9.156205373513604,9.184423011163483,41.694896448287530
4.831,but,-3.917317867279053,4.789136221116046,4.850570655728436,18.050387699332525
4.832,the,-2.194409370422364,5.541693542058661,5.498132561499630,12.636654819248056
4.833,owl,-10.513268947601318,8.351082640362041,8.180309988781701,13.000737109863927
4.834,assigned,-17.453107833862305,5.891273243953498,6.139480344544379,14.005319094479789
4.835,by,-11.305795669555664,4.656510796841649,5.099885015924015,14.998673615023520
4.836,the,-8.187360763549805,5.513114689268477,5.478832220077062,15.999746788269348
4.837,birds,-10.422409892082213,8.896818772059889,8.858355436660315,17.002679575571243
4.838,to,-7.341780185699463,4.517600127963619,5.034185189388999,18.037057833213265
4.839,stand,-15.340805053710938,4.249324235755670,5.068645763283031,19.664300058851033
4.840,guard,-8.462440490722656,4.548025436659531,4.770403758538283,20.427927821859342
4.841,found,-13.887250900268555,4.364563490622157,3.995248433854809,22.004954880743302
4.842,his,-12.803334236145020,5.049380501219950,4.892503592894746,24.119603958297272
4.843,job,-9.140363693237305,3.838175463985755,3.735501332947027,28.056668791856627
4.844,was,-9.710373878479004,3.576966815832365,4.261614931339064,29.018964883009051
4.845,lonely,-15.077644348144533,3.671387487298674,4.046022696196824,32.008710957981407
4.846,and,-8.452290534973145,4.880320775035847,5.086449070963331,33.000003057647710
4.847,wearisome,-12.962046414613724,5.553432557463663,5.236630280138951,34.010426340224669
4.848,because,-20.642421245574948,8.865879722760091,9.102602183717286,33.222597801086451
4.849,he,-11.469391822814940,4.694654074117105,5.812578384388281,37.777258650520004
4.850,was,-13.000635147094727,4.186608810914375,4.071567014262032,38.884548882079741
4.851,just,-11.530539512634276,4.735946675085441,4.806935499322848,39.964815823014611
4.852,sitting,-12.028560638427734,4.421424520906414,4.458744352929298,40.988562318690107
4.853,alone,-15.432064056396484,4.722182295991090,4.983306306883741,35.961369732226188
4.854,staring,-16.187835693359375,12.428629487728024,12.430130388984320,38.938674799808908
4.855,at,-10.351504325866699,5.320178949694734,6.147224626641072,40.990106477485405
4.856,the,-6.568614482879639,5.102108364969902,5.310172709887115,42.998087875333432
4.857,mouse 's,-29.144858121871948,20.258892676210372,21.559646155954447,90.993813672300149
4.858,hole .,-26.793044090270996,13.313411977887853,13.505386021220350,97.196166464036168
4.859,`` I,-4.737508735535812,23.867805277916236,23.573958283951185,6.814012939598449
4.860,can,-3.424168586730957,5.299339218035419,5.682362683142773,6.781239483323065
4.861,close,-8.643981933593750,4.734544579330108,5.384506945049812,8.858165649778872
4.862,one,-3.591661453247070,4.478740248306798,4.653907681430010,11.189882405438967
4.863,eye,-7.321127891540527,4.762233291451183,5.325600843306983,11.683580804401435
4.864,and,-3.161555051803589,5.040970457459603,5.525882448948479,7.813358962101242
4.865,watch,-5.421377182006836,4.063553332302456,3.908521651161609,13.098086915430036
4.866,with,-2.271479129791260,4.119784722342670,4.251421960975135,13.381690400787226
4.867,the,-3.011104822158813,4.483075773815297,4.729610223838170,15.519149253115403
4.868,"other , ''",-16.592907279729843,22.273132137083508,22.212660514171180,39.195019311428396
4.869,he,-1.597379326820374,6.337067756305036,6.130066974816073,9.443167493492666
4.870,thought .,-7.662161562591791,15.217609296800145,14.860505629342519,23.623160443226446
4.871,So,-6.500539779663086,6.761755190327981,6.650670454335916,2.513984844673757
4.872,he,-2.590492725372314,6.770607728181372,6.556481582196906,4.157179477449477
4.873,closed,-8.371681213378906,5.477503813986663,5.793135703454001,6.518992572119057
4.874,one,-6.678962707519531,4.850120781667782,4.940877408709668,9.291603683315842
4.875,eye,-9.438285827636721,4.721471649603949,5.373204211083364,9.687531815342131
4.876,and,-0.277235954999924,5.629361240328313,5.313047624244218,8.137951000934958
4.877,stared,-9.792766424594447,11.984609697297303,12.627869204502918,10.043347076257877
4.878,steadfastly,-25.191225051879886,11.179074000626033,11.525488800865650,11.066728783576377
4.879,with,-8.570827484130861,5.502961833003302,6.140954850196843,12.005015303673934
4.880,the,-8.447550773620605,5.959405203244248,5.702600350312500,13.003193959228053
4.881,"other ,",-14.507584571838379,11.819335544793731,12.189402555139832,28.006069674672926
4.882,but,-9.745220184326172,5.433445098654056,5.682502523792008,16.487356867849591
4.883,before,-11.388574600219727,4.352405917765696,4.674001497216422,17.303044663678307
4.884,he,-18.146827697753906,4.682679823462053,4.849401594765737,19.375402577066929
4.885,knew,-14.210799217224119,4.508573860963712,4.476952098035849,19.753844262361856
4.886,it,-12.801911354064940,4.429331457060020,4.715824252736682,18.216869694821270
4.887,he,-0.804532051086426,4.584523980999034,4.472853346195468,21.999696417711011
4.888,forgot,-8.750796318054201,5.161079062302542,5.331371965264000,24.099224328582434
4.889,to,-8.815956115722656,3.951068930446726,4.878256445960957,26.019325667325621
4.890,keep,-14.144150733947756,3.814922339913980,5.000511006368336,29.952035984376398
4.891,that,-11.794297218322756,4.572032771033654,4.354075567216428,14.061704979983210
4.892,one,-9.434252738952637,4.455702074979191,4.377603168978536,15.218026065129864
4.893,"open ,",-16.401803016662598,10.076309414024649,9.884609501918952,37.152258862769074
4.894,and,-9.625366210937500,4.672150666699234,4.726383989267892,23.064942413592448
4.895,both,-8.079276084899902,3.756212565668698,3.715799034751811,24.744959876680042
4.896,eyes,-10.161923408508301,4.435520516204726,4.525477699631397,25.182380226670308
4.897,were,-15.290729522705078,4.420378417145193,4.438220972962718,26.941625251598463
4.898,fast,-11.457570075988770,4.900469378973571,4.766744954196646,27.953931517940141
4.899,asleep .,-29.215715885162354,19.093496771912335,18.616948084064845,35.596870227395890
4.900,Then,-3.511779069900513,6.099443320222187,6.057052913474799,2.974602023277294
4.901,the,-2.334568500518799,5.838320895024866,5.224398311357378,5.023353582121836
4.902,little,-8.025008201599121,5.549759762913476,5.442162923212521,6.007233142112330
4.903,bird,-7.971536159515381,8.180872021921660,8.616221970011621,7.205132481590441
4.904,guarded,-13.234853744506836,8.494205082231803,8.603174667980976,7.352289100875922
4.905,by,-10.871358871459961,5.471452922578938,5.749528362148642,8.115705773778435
4.906,the,-8.872354507446289,6.170304784268621,5.881811265619727,9.213810274782569
4.907,owl,-13.893181800842285,9.459822056241126,9.952513909636638,11.508104342802167
4.908,peeped,-26.010555744171143,9.917455379173560,9.923235479716757,13.135113288248483
4.909,"out ,",-16.816689491271973,10.017065147514257,10.073670986272738,28.910470259283841
4.910,and,-5.683063983917236,5.420910947311378,5.213770325681248,16.091444727769989
4.911,when,-11.839401245117188,4.115373744285693,4.001183892738935,17.076084506949062
4.912,he,-11.577346801757812,5.579398819061534,6.140827364572274,13.113630007167096
4.913,saw,-17.004947662353516,4.670764064295077,4.530855819071236,19.999105022877927
4.914,the,-8.253404617309570,4.818839372736627,4.626326446404018,20.999674536703893
4.915,owl 's,-32.358862161636353,20.755161849226958,21.173731738032622,46.181382195163536
4.916,two,-11.086194992065430,4.283283924320506,4.481766661672030,27.762986316090650
4.917,eyes,-7.725086212158202,4.589891137625318,5.465974769711484,30.934918643471821
4.918,tight,-16.689830780029293,5.614455136475162,6.073659771783397,16.895467269587247
4.919,"shut ,",-20.600949287414554,9.433987581928541,10.063266294602467,28.900674224513477
4.920,he,-7.059843063354492,4.964835146446855,5.683619923862138,22.905079955919771
4.921,slipped,-18.049752712249759,7.980388320587727,8.015671765433732,24.952618440530198
4.922,from,-6.001911163330077,4.503853959627381,4.829864507346980,16.998014868552314
4.923,the,-11.584385871887207,4.751853777264096,4.515578598179559,21.584943303749675
4.924,hole,-9.674135923385618,8.128255780126935,8.613166436328445,25.949860650961881
4.925,and,-4.790555953979492,5.578431164509194,5.391441884507540,13.000140818756154
4.926,flew,-17.175140380859375,10.227594321550152,11.068213701220312,15.212161877355530
4.927,away .,-27.714467048645020,14.868645840590816,15.196869734961764,36.050828587329995
4.928,He,-3.091049671173096,6.821128250995057,7.122151286628733,3.089313103261496
4.929,wanted,-6.759990811347961,9.345967960806526,9.362646994431516,5.281042205678131
4.930,to,-0.017736753448844,6.163969280807387,5.727443273132732,8.299121406811219
4.931,"shout ,",-12.131845235824587,8.859068352632747,10.145822103366420,21.601450982726099
4.932,`` I,-15.444872792344539,16.971393485270685,17.772567011725464,25.452575398719766
4.933,am,-13.558390617370605,8.313995675867053,8.636780002442372,15.001934283998194
4.934,king '',-31.837104082107544,17.834197520505633,17.799531337455573,36.547816740229081
4.935,so,-13.288831710815430,4.643390124639975,4.559023501093916,21.737196132032309
4.936,that,-5.108309745788574,5.129568826121882,4.900579597043705,21.998060008649936
4.937,the,-14.095579147338867,4.288953734764839,4.809871578448624,25.999678795361319
4.938,owl,-16.580739498138428,7.265709369046194,7.319267086136580,26.287434464172016
4.939,could,-12.757905006408693,4.207855137795959,4.731203241500324,14.000019598336131
4.940,hear,-7.274955272674560,4.394027822729419,4.609401449039700,15.000020103995375
4.941,him,-12.235901832580565,5.382496712662387,5.482660782814182,15.976750965496011
4.942,as,-10.232773780822754,4.058520593228331,4.536787690551249,16.157820084188305
4.943,he,-4.103414535522462,4.895309831739166,5.597047619512626,18.901665706780420
4.944,"flew ,",-29.183624744415283,13.271765236410172,14.678865782859365,44.143919108084916
4.945,but,-10.777887344360352,3.922939754382656,3.730430911137416,25.000000699186330
4.946,thought,-14.823024749755859,3.298435791033708,3.175882511504660,27.233340593886091
4.947,better,-12.938977241516113,3.383615802336877,3.303880200693551,27.913006138767170
4.948,of,-9.359392166137695,4.432121160743371,4.365263566840115,30.002718536962465
4.949,it .,-16.857360601425171,11.941422867577977,12.109647587242721,69.994296144058779
4.950,From,-5.575081825256348,6.027206551288412,5.740552838901392,3.366352599872123
4.951,this,-3.308711051940918,4.066403783236646,3.851279942814457,5.268724790232996
4.952,time,-3.439703941345215,5.221919404331322,5.000258811209172,6.518141222254108
4.953,"on ,",-0.213201930746436,12.296461505875666,11.416891171475626,10.120263251156796
4.954,the,-1.610436081886292,5.884918293817216,5.170333298874269,6.427203382434887
4.955,owl,-13.049438953399658,8.735746159026666,8.801134897126801,7.001170687407947
4.956,fooled,-21.331208705902103,10.965054807251461,11.237747380067360,8.017171565671099
4.957,by,-10.862654685974119,5.336305258502368,5.953801712288302,9.007925317258168
4.958,the,-14.087172508239744,5.798186059573068,5.832847999025915,10.153200712644775
4.959,little,-6.761700630187987,5.377448620929711,5.231382885280378,11.197144619126187
4.960,bird,-15.784391403198242,9.741816517744841,10.180617039723703,11.000009968609740
4.961,has,-12.066956520080565,4.942423889617127,5.439993805302279,13.105787319851425
4.962,not,-9.950050354003906,5.659718413597598,5.713889493123496,15.000008713801696
4.963,dared,-14.576844215393065,5.114602201394444,5.768800764595857,16.000010415277032
4.964,to,-3.195868730545044,4.883499606158058,4.985513810166718,17.179921912025836
4.965,show,-11.048830032348633,4.659769405602376,4.474018370108193,18.237794775916480
4.966,himself,-10.952134251594543,8.574801370856617,7.884557493275588,20.091705709853926
4.967,by,-12.903637886047365,5.256517231090049,5.189358037103029,21.092191803014348
4.968,day,-12.140394926071167,8.139518539824232,9.247029193114539,24.093595581902129
4.969,for,-8.127543449401855,4.857443381067091,5.764888451650120,26.075271031939781
4.970,fear,-6.939467906951903,3.898128627485300,3.995720898750074,27.665470612634593
4.971,the,-11.838515281677244,4.501409408783264,4.939200793084753,29.416059236525346
4.972,birds,-9.782467961311340,7.127885925361206,7.350028921946253,31.171381930784769
4.973,should,-12.441669464111328,5.190406704138169,5.315764566095460,31.912724572123565
4.974,beat,-12.886230468750000,4.282066374534252,4.805787846543339,33.921037775676886
4.975,the,-3.505652904510498,4.959016490425332,5.296205238606277,36.659451244612214
4.976,living,-8.533942222595215,5.152585815185809,5.703661281138009,37.761115700153411
4.977,daylights,-14.548891127109528,5.579100145183072,5.636739028106523,39.999847711441753
4.978,out,-7.509194374084473,4.457231261766784,4.941179632335380,41.998752211882760
4.979,of,-6.221970081329347,4.233508738790942,4.031856408869834,43.990235482211112
4.980,him .,-25.888826847076416,10.341143016801681,10.348765757890613,90.970080260991352
4.981,He,-3.091049671173096,6.821128250995057,7.122151286628733,3.089313103261496
4.982,flies,-10.162115225102752,9.268657468257356,9.534751574614983,5.296713937942287
4.983,about,-1.073164224624634,4.697173783357332,4.987060177006339,8.509976843043948
4.984,only,-9.815002441406250,4.747286549421308,4.764616456232705,10.069313245536421
4.985,at,-2.745726108551025,4.477090071638361,4.481818218539198,11.195889494631620
4.986,"nighttime ,",-15.415004730224609,15.188750217973897,16.810887860162783,29.065872278171945
4.987,hating,-21.994611740112305,12.414533537253758,12.815406065366675,16.037892506097677
4.988,and,-0.675713002681732,6.084632183235342,6.067446745280613,17.036186147414224
4.989,pursuing,-10.576030254364014,8.846942133393053,9.736251492557054,18.038624826601552
4.990,not,-13.381293296813965,5.358838854889291,5.287643217831617,15.077364625050473
4.991,the,-6.384198188781737,5.518435719169516,5.636631787475972,19.999999979038037
4.992,"bird ,",-31.108705997467041,12.411787521474528,13.685349887088336,34.308638326935700
4.993,but,-4.521594047546387,4.336080470283608,4.772556231006694,20.724448932433926
4.994,the,-10.486735343933104,5.065258052622575,4.675893076368532,8.556285390502225
4.995,mouse,-11.820341229438784,14.848654265651716,14.724356264273254,10.526754655187640
4.996,for,-10.581644058227539,4.214272080403589,4.745180895293316,21.904191444426512
4.997,having,-19.152063369750977,7.334796484647213,7.464512200577959,22.954301811072998
4.998,made,-10.501708984375000,4.450085244733773,4.538914442635283,24.216988664238119
4.999,the,-11.378045082092285,4.234433870462087,4.389565660273183,25.175246361464573
4.1000,hole,-11.696405887603760,7.259993275691000,7.768262190317636,28.041491058378949
4.1001,into,-9.488680839538574,4.576114091304377,4.701240975330002,30.018196994109712
4.1002,which,-12.806979179382324,4.641675291025939,4.884090383761657,32.227801528478196
4.1003,the,-7.430083274841309,5.031080176160012,5.202619225707687,33.000590082798674
4.1004,little,-14.745314598083494,5.254400570182843,5.691578670705060,34.012358570030386
4.1005,bird,-16.651649475097653,7.174387863619024,7.472986520197908,38.980831405813788
4.1006,crept .,-29.624828219413761,16.413286948589111,18.262616146350965,85.224228837251900
4.1007,And,-4.462661743164063,7.562476449759510,7.561504212388304,2.055395740512078
4.1008,the,-2.225064039230347,5.898591088924769,5.493170984382781,4.511366650573847
4.1009,little,-7.956800460815430,5.299836977469571,5.253492060148874,5.492349224801060
4.1010,bird,-8.611819982528688,7.549891432489733,7.943299275547878,6.771282498119644
4.1011,also,-2.561473846435547,5.289961602309948,5.615630738468576,6.119794683902831
4.1012,keeps,-5.373791217803955,5.424082806372285,5.071612743421659,8.098311879326580
4.1013,out,-2.972156763076782,4.696659545315809,4.618259291952373,10.104622207440675
4.1014,of,-0.007634391542524,5.476820561682823,5.094595784665239,12.092445200213875
4.1015,"sight ,",-8.176607608795166,9.622963176659262,9.901479575232003,24.301043478867825
4.1016,for,-3.389783859252930,5.021811710518814,4.573620928164858,13.034648325943044
4.1017,he,-3.195102691650390,5.173111550356872,5.538478835989841,16.042489938312251
4.1018,fears,-7.899818420410156,4.985238051393275,5.159543103918463,18.032306608197576
4.1019,that,-1.051750540733337,5.353287982289935,5.275833215121621,20.057195499660281
4.1020,the,-1.766705513000489,4.915392873314056,5.142289546366100,23.422933844529794
4.1021,other,-5.072102546691895,5.348060655932604,5.514834639423678,24.262812830673170
4.1022,birds,-7.036182165145874,7.289892786021960,7.559670781686485,25.079950144291324
4.1023,should,-6.140142440795898,4.546862550253811,4.497190799280212,25.043910677000817
4.1024,punish,-10.121050834655762,4.365896930281863,4.645974669874136,27.105084440986889
4.1025,him,-11.760679244995115,3.346993562153799,3.135348691100922,28.081771238688784
4.1026,for,-11.032668113708496,3.988897979975270,4.949605751693690,30.208341607061609
4.1027,his,-14.192836761474609,4.559865960975126,4.921619081612505,31.418951256625434
4.1028,cunning .,-20.866685390472412,19.056972857061361,19.157356831032672,69.220130368837829
4.1029,The,-1.652928352355957,6.216193485653642,6.231108800665612,3.459354033097218
4.1030,rejection,-8.881875991821289,5.784762249234531,6.449670281730850,4.563416893411417
4.1031,by,-1.840497970581055,4.871095925375789,4.884950326175084,6.089606752306961
4.1032,the,-1.319047689437866,4.851252065844109,4.547412858547339,8.466538305290559
4.1033,other,-6.146695137023926,4.673346217412862,4.328246593247221,9.392876795351107
4.1034,birds,-14.838578939437866,8.188032673991048,8.211201222375339,9.991894519626195
4.1035,was,-1.465406179428101,5.632196960076516,4.997124145144944,5.024477488029475
4.1036,a,-1.257030248641968,5.892774696052282,5.842669074195178,7.675828965577166
4.1037,bitter,-6.488669395446777,6.309504402408353,6.355194298753959,8.471436963761837
4.1038,pill,-5.068515062332153,8.534111618713998,8.942206685574639,9.380371498419844
4.1039,to,-0.005282254423946,4.988704224405891,4.629634978375492,10.901100451897605
4.1040,swallow,-4.535413265228272,4.577565889847612,4.486042157380172,14.031314897110386
4.1041,for,-10.574715614318848,5.214258807888754,5.415318527967759,15.011289285635501
4.1042,the,-9.080378532409668,5.211260903567647,5.368625475736400,16.993459033553670
4.1043,nameless,-16.933087348937992,9.341711411023340,9.432830529515721,19.551680824466409
4.1044,bird,-7.553463935852051,7.473625527696856,8.059437439121250,20.953377856686206
4.1045,the,-11.100101470947266,3.506250144179952,4.151529133761418,21.829724113508092
4.1046,owl,-16.648824691772461,7.097610275000120,7.402959981709451,22.886133802144705
4.1047,had,-12.471866607666016,4.112270335847191,4.748115360743241,21.227003643231363
4.1048,let,-10.703280448913574,3.473244827278811,3.768237200904775,23.055607982208489
4.1049,slip,-7.706181526184082,3.665048332658402,3.455807321387910,24.142069642076120
4.1050,away .,-26.445350646972656,11.602001847285848,11.595551726555534,52.713617767236286
4.1051,He,-3.091049671173096,6.821128250995057,7.122151286628733,3.089313103261496
4.1052,hides,-11.953407453140244,8.759654979619157,8.416228927093519,5.427242572415934
4.1053,in,-8.394310951232910,5.273062148285006,5.160170919444943,6.295374264132315
4.1054,the,-10.277289390563963,4.843480757094444,4.725654851066428,8.170740189994131
4.1055,"hedges ,",-18.300038218498230,12.076490149021748,11.398076140889636,21.881836050080729
4.1056,and,-4.859132766723633,3.992199717467775,3.734793883226122,12.427344658737777
4.1057,when,-13.256665229797365,4.271008358455508,4.499547148890545,13.998416634551226
4.1058,he,-9.788148880004883,5.150590879763786,5.842576761759883,14.986279738982894
4.1059,thinks,-22.071203708648682,8.554466611657478,9.674505922228313,13.863419089088266
4.1060,himself,-11.913424253463745,9.188958469569817,8.737551010833618,16.177209247687312
4.1061,quite,-14.047128677368164,4.225048608264172,3.955702810193972,18.190372680021358
4.1062,"safe ,",-25.622298240661621,9.346011969867423,10.029585155853074,35.021182183302706
4.1063,he,-9.694949150085449,4.576973055021218,5.445901164015543,20.475885378952171
4.1064,sings,-15.932163238525391,2.415424616242138,2.248427652199519,20.965499030208353
4.1065,"out ,",-20.082824707031250,9.437876653710159,9.824577212045927,23.866831403095560
4.1066,`` I,-9.906293144566007,19.051604304982874,19.302332709958488,29.168338262471430
4.1067,am,-8.895136117935179,9.359311041526515,9.332968492877695,17.000840986931802
4.1068,"king ,",-26.040113925933841,14.627973821299125,14.554499109840229,38.344111739617922
4.1069,I,-9.691919326782227,5.497381736517143,6.166624271244012,22.970032784758395
4.1070,am,-6.315106570720673,8.471694162320475,8.383624918350035,24.908308067069697
4.1071,king ! '',-39.850862503051758,29.504113022883711,29.057701971458787,74.883432942466172
4.1072,And,-4.462661743164063,7.562476449759510,7.561504212388304,2.055395740512078
4.1073,the,-2.225064039230347,5.898591088924769,5.493170984382781,4.511366650573847
4.1074,other,-5.956550598144531,5.197583096712831,4.768571593879098,5.469233383206269
4.1075,birds,-11.692590236663818,9.235487673065776,9.234001782420016,6.284074023347920
4.1076,in,-0.463179290294647,4.394630217909000,4.328049326236990,7.001975299102197
4.1077,mockery,-15.675081014633179,9.596792645339953,10.122012274555797,9.321142558177767
4.1078,call,-18.181537628173828,4.872089388174916,5.183467103234113,10.740404099071018
4.1079,"out ,",-21.549758911132812,10.885761338520727,10.783188154108963,22.578696240338338
4.1080,"`` Yes ,",-27.706283078689012,25.212293454739971,24.545952002302659,27.084109424845352
4.1081,"yes ,",-2.598008878529072,9.960277218325526,10.472874341383459,26.341511401987141
4.1082,the,-7.700723171234131,5.643694633679035,6.337801760567165,16.077952666489928
4.1083,"hedge-king ,",-42.508799552917480,18.825431754322636,19.160484699266107,33.786749325692952
4.1084,the,-6.511926174163817,4.397551635837574,4.154722096205098,19.582695904274825
4.1085,hedge-king ! '',-40.498264044523239,33.303483859212449,33.903942785601593,64.698268018189609
5.1,At,-2.780373811721802,5.767618461651245,5.566398876401395,3.136050542062083
5.2,ten,-14.467330694198608,10.476114720081872,9.565577874498940,5.331883037122125
5.3,years,-1.308260321617126,5.490176385710519,5.240377505644537,6.212286326916495
5.4,"old ,",-4.748230144381524,16.368357506013453,15.565698555216535,11.225778525270780
5.5,I,-3.531525135040283,5.135804079553667,5.122659827479950,6.043250142983029
5.6,could,-3.937739849090576,5.641548094975724,5.813292717912772,8.034867715943783
5.7,not,-3.173873186111450,6.260309075685412,6.298236903426010,9.051357793436193
5.8,figure,-5.306896686553955,4.806400323068855,5.184610401425384,11.041727045313527
5.9,out,-0.001232698443346,5.121333707431392,4.962323518074145,13.038167010564205
5.10,what,-0.473978757858276,5.267297562109854,5.253030939436409,16.100739751710936
5.11,it,-2.725256443023682,4.414305155452825,4.286946862257493,19.214131871186886
5.12,was,-0.710588872432709,3.576356439446118,3.655086899475481,21.065019449756857
5.13,that,-3.981440544128418,5.111217823208603,5.223584608404815,23.860262794501978
5.14,this,-4.088163375854491,4.490644488826677,4.860874546561580,26.515323394067455
5.15,Elvis,-12.308605194091795,4.846960504715184,5.958546480679130,27.021749849513359
5.16,Presley,-0.093650512397289,4.649902513742960,5.239507138519937,28.002621775353809
5.17,guy,-8.521260261535645,4.464561081196896,4.896155089304792,29.000030728087026
5.18,had,-15.664265632629395,4.889088737352680,5.379730770246538,30.000075073116346
5.19,that,-9.632179260253906,5.473148668620538,5.376226523764228,30.994112321027728
5.20,the,-11.688623428344727,4.460283553269631,4.419835619911362,28.000295042177811
5.21,rest,-10.279656410217283,4.361713495749559,5.162010833052473,30.143917632110291
5.22,of,-13.295904159545898,4.877702564206651,5.024635987659893,33.071583893039879
5.23,us,-12.292033672332765,6.908911208349620,6.859910130335697,34.012542132276678
5.24,boys,-16.337619781494141,4.662457566453435,4.863984490370720,33.949765584907247
5.25,did,-10.603084564208984,4.826677704373805,5.850510492195355,38.028271838173168
5.26,not,-3.148948431015014,4.341590705946048,4.149916313568558,38.994849234347889
5.27,have .,-14.393413782119751,11.237356665271671,11.244521667930307,71.060004947136122
5.28,He,-3.091049671173096,6.821128250995057,7.122151286628733,3.089313103261496
5.29,seemed,-7.822633166797459,9.932106877851014,9.104490266394821,5.201595595652934
5.30,to,-0.015040799044073,5.642861538637102,5.148364820143449,8.179104874511117
5.31,be,-1.472883343696594,4.669686712909338,4.191021926779294,10.244152907242922
5.32,no,-5.458889484405518,4.995146802287993,5.550593680504536,12.648886788716535
5.33,different,-0.727266013622284,6.069379833561867,5.978033322683617,13.025539251427956
5.34,from,-0.331681996583939,4.778481317396877,4.834134855262390,15.019854695121277
5.35,the,-1.195152163505554,5.984145555219604,6.092210757435460,17.958598039038172
5.36,rest,-2.926144838333130,4.800080743010074,5.460118509687387,19.046226471684502
5.37,of,-0.004809359554201,3.461056269539101,3.250648346559827,20.056185679068815
5.38,us .,-2.466063679137733,17.123822550026858,17.388380480819443,28.065775028469453
5.39,He,-3.091049671173096,6.821128250995057,7.122151286628733,3.089313103261496
5.40,was,-3.288269996643066,5.985894854952015,5.931172091705593,5.241466625017983
5.41,simply,-5.942586898803711,4.138039556295094,4.587641487389504,7.216759617291318
5.42,a,-0.972530245780945,5.107685456771580,5.127537330050494,9.885579051894730
5.43,man,-2.164611220359802,8.354311289860410,8.598828472135702,11.149359043947427
5.44,who,-0.123071774840355,5.391733710099619,5.545932731265272,13.159717295127232
5.45,had,-1.973803997039795,4.274014006119638,4.001327329947194,16.288318168618801
5.46,a,-1.398370027542114,5.123744817672023,5.330390927165658,18.964080411310267
5.47,"head ,",-8.069714277982712,9.807507999913270,10.175084609559034,35.945351462468679
5.48,two,-5.021459102630615,4.710682179583252,5.032899678747210,22.057950377877965
5.49,arms,-4.720827102661133,3.802618889930309,4.276656747616141,23.030435981195911
5.50,and,-0.740359067916870,4.343283160592970,4.237199804379561,23.013100681525568
5.51,two,-2.874704599380493,5.061644759311959,5.234681689407019,25.170373736497851
5.52,legs .,-2.748663181846496,13.595121052216545,13.709071599561064,32.146618714639267
5.53,It,-3.523702144622803,5.975466083379700,6.746003274069055,3.255935461031633
5.54,must,-5.904569625854492,5.695817983506736,5.493590414907397,5.138347163192684
5.55,have,-2.585947513580322,5.528801805062987,5.684211689306811,7.177245053436973
5.56,been,-0.737282097339630,5.203030766091131,4.811740347782738,9.176527736094078
5.57,something,-5.248232841491699,5.522403018299043,6.113521830113879,12.128626861560006
5.58,pretty,-5.620368003845215,4.793124003842246,4.837367805527340,13.994611125426214
5.59,superlative,-12.802043914794922,13.215100176561506,13.326133560245976,15.078924776446804
5.60,that,-13.313783645629885,5.096924169940436,5.016465661501345,16.065223614399212
5.61,he,-9.746680259704590,5.474842488139341,6.017490451290071,17.085030311088374
5.62,had,-14.797127723693848,5.174811029736016,5.297358959919205,17.371317745121658
5.63,hidden,-13.718824386596680,5.008011634589979,5.410690605042657,20.134600905405897
5.64,"away ,",-22.385531425476074,9.288440252369334,9.316582872144556,48.634795467104709
5.65,because,-9.948294758796694,8.902088414224037,8.831035524232293,27.992201514425840
5.66,he,-14.213923454284668,5.241998178885323,5.870391822192060,29.056394705910730
5.67,had,-10.914431571960449,4.014878452240143,3.782189029842056,30.002045537640953
5.68,every,-5.436964988708496,4.594814672797633,4.804551274315775,34.154523895704926
5.69,young,-12.339126586914062,4.756875032406223,4.665370294772941,36.017207049243986
5.70,girl,-9.724528312683104,4.638219468761994,4.618555920240469,38.016311492490367
5.71,at,-13.171489715576172,4.752928832573839,5.468641715300151,38.725217425023921
5.72,the,-10.152132987976074,4.498739710076140,4.528544534907947,39.877829248384622
5.73,orphanage,-25.821388721466064,8.274474174304089,8.014558940956839,40.056099048430490
5.74,wrapped,-14.376903414726256,8.780279411709250,10.680471430070183,42.621905372602775
5.75,around,-9.270210266113279,4.421852793147845,4.885423690776943,43.672970567071324
5.76,his,-8.919038772583008,4.584824072756583,4.759923683858280,44.593712319462853
5.77,little,-7.507824897766112,4.760555303034532,4.782030546308679,45.550923577139471
5.78,finger .,-15.966264247894287,11.765247171281608,12.252444036199083,93.619764585161107
5.79,At,-2.780373811721802,5.767618461651245,5.566398876401395,3.136050542062083
5.80,about,-5.652017593383789,5.812305866317483,5.923552969798124,5.408759783297290
5.81,nine,-6.378910541534424,4.886647381780991,4.663960736184404,6.781603084692954
5.82,o'clock,-16.415012359619141,21.335449941952234,20.893707806228317,7.117863140649869
5.83,on,-11.587107658386230,6.116696533094362,6.005670224889835,8.121238588690183
5.84,Saturday,-10.254746437072754,6.016289531187796,5.890916825617308,9.120916649157584
5.85,"morning ,",-22.663420677185059,11.221807331612357,11.290117525278912,18.945591175035101
5.86,I,-9.887570381164551,4.911328871143628,4.874622053909718,10.209697458292318
5.87,figured,-19.589375734329227,9.855933284407637,9.151127047944472,11.822500095327525
5.88,a,-3.626142024993897,6.324679064350574,6.075413350470463,7.187380384315403
5.89,good,-12.602212905883787,5.312677601785987,5.629380006245623,9.823085113284415
5.90,solution,-14.534790039062500,4.997474858444809,5.219311167709068,12.326758135331211
5.91,was,-14.541098594665527,4.370232124588814,5.251012271779417,13.445058820644645
5.92,to,-11.597873687744141,5.568124996855444,5.993117537642000,12.839326106107100
5.93,ask,-8.363648414611816,3.163663937463958,3.472707710838246,15.584532506363251
5.94,Eugene,-19.261048836633567,8.627654692599418,9.883387945666245,17.912765075249130
5.95,"Correthers ,",-41.044294238090515,26.288372435322927,27.425730148430091,38.161804076259557
5.96,who,-10.245975494384766,3.273734169034169,3.443886009022169,22.411663317918261
5.97,was,-10.282302856445312,3.522876268228845,3.537556263887983,23.471679479733577
5.98,one,-8.954534530639648,3.137745515887591,3.050013818698793,24.728467434734892
5.99,of,-6.579010486602782,3.964218510519352,3.886611058090215,23.635982568014487
5.100,the,-9.205049514770508,4.051039521098327,4.069339564891042,25.762514225225807
5.101,older,-14.687318801879885,4.198121756207096,4.065658231283554,29.337461022635949
5.102,and,-11.699457168579102,4.638083539255055,5.244701778521757,31.172171009659497
5.103,smarter,-17.618662938475609,8.252494562345523,8.352010950430763,33.034637580740068
5.104,"boys ,",-13.509896278381349,9.145801150459747,10.069471358487132,73.327726818694345
5.105,what,-10.101539611816406,4.257092179658079,4.523444957617070,38.008394192594672
5.106,it,-10.341458320617676,4.484147916127985,4.588368440294514,39.010602313927954
5.107,was,-10.678516387939453,4.453144719155851,4.567479519326676,40.021478867520145
5.108,that,-8.245914459228517,4.152632880457909,4.010979659322556,41.023972919862537
5.109,made,-11.316474914550779,3.935516138883513,3.899114593041282,37.679806380967577
5.110,this,-10.577885627746582,4.236174683910979,4.340187852906937,40.488861906962320
5.111,Elvis,-11.697034835815430,5.412860933668113,6.109526437316510,43.999650407824831
5.112,guy,-16.477319717407227,3.464632286445263,3.841539544783949,45.999946730850390
5.113,so,-4.397716999053955,4.530848635572625,5.101378949430955,30.979285047556036
5.114,special .,-21.145744800567627,12.842623342193928,13.951063744898597,69.264045596369471
5.115,He,-3.091049671173096,6.821128250995057,7.122151286628733,3.089313103261496
5.116,told,-5.477830410003662,10.146311213469991,10.375619701243297,5.124792706456595
5.117,me,-3.323476552963257,4.766607749009664,4.863690718239004,7.183958445411582
5.118,that,-0.875799357891083,5.283897231245867,5.662627143719923,9.255540083458543
5.119,it,-3.508896827697754,4.909300661997119,4.947755368747234,12.626245859596393
5.120,was,-0.805650413036346,4.345080424693601,4.381000057414227,14.277026478785274
5.121,not,-3.548480033874512,4.168663070122649,3.878774766625755,15.271283738390414
5.122,anything,-6.736259937286378,5.480713971422012,5.865128228772678,18.128537451954106
5.123,about,-5.635029315948486,4.685073012006755,4.385583759633794,19.683869770197834
5.124,Elvis 's,-18.628665532683954,14.833718271757915,15.574722522460540,46.462897219546790
5.125,"personality ,",-27.168748855590820,9.594409053548418,10.367442413153427,51.041063531027589
5.126,but,-5.323270797729492,4.805981152052327,4.795622903367477,26.845383782729503
5.127,his,-8.262166976928711,4.323892091405948,4.117377276906965,25.078641217585091
5.128,wavy,-19.303831219673160,13.318608945335644,13.918529780350983,24.998919003166822
5.129,"hair ,",-8.589138269424438,9.811041587612298,10.767557573270793,55.023475750370991
5.130,and,-6.664966583251952,5.305535461090146,5.748819585061332,29.007604971812377
5.131,the,-8.862715721130371,3.933527866997474,4.984820974858938,30.010406979096079
5.132,way,-9.176462173461914,4.573258860133781,4.610815568530206,31.058608239744110
5.133,he,-11.991001129150391,4.708934633675097,5.566424496359005,28.802952460183128
5.134,moved,-16.029768466949466,9.931838914086427,10.028342741825018,29.999760734173059
5.135,his,-7.496292114257812,4.531808693117735,4.526119489576615,25.787597531513448
5.136,body .,-23.300313472747806,17.447872524097093,17.879119226494886,58.643216866600042
5.137,About,-0.787934899330139,5.154861256523207,5.448399103518224,4.790434493497918
5.138,a,-0.709164023399353,4.965560888828309,5.211358183547019,5.451811721947531
5.139,half,-4.528809070587158,5.348855733778707,5.752447427474568,6.331674605456707
5.140,an,-6.955467224121094,5.767303587585621,5.530926631391507,6.435270620795416
5.141,hour,-0.067411407828331,11.105524697573562,10.688395660073962,7.472763204774506
5.142,"later ,",-0.315151751041412,12.463960973500036,11.889283122193472,9.013496386136580
5.143,the,-1.480805635452271,5.844678839044768,5.145681139221222,6.220946106179467
5.144,boys,-8.187211990356445,5.546141910405670,5.968310637467236,7.220330773016155
5.145,in,-0.869894564151764,4.289503220241500,4.283634889538681,9.017124501667679
5.146,the,-0.740854382514954,4.509343248287722,4.440019493455059,11.178793808183180
5.147,orphanage,-12.699273228645325,9.422371766099046,9.608278653425604,12.182794885995641
5.148,called,-13.845176458358765,8.710387610767345,9.115335832351096,13.135226233776308
5.149,down,-9.858012199401855,5.419400780628399,5.446164362251048,14.122911103246265
5.150,to,-10.027615547180176,4.635830265357145,4.574330858117949,15.099180971783106
5.151,the,-9.060365676879883,6.242129365884483,6.126534120631332,8.220600285000273
5.152,main,-14.192760467529295,5.175421378470543,5.516882090482928,9.694867290648849
5.153,dining,-10.726223945617676,4.418011537666056,4.410762575666159,13.000040645465198
5.154,room,-4.740706920623778,8.333729788310764,8.190979659793870,14.027375662723037
5.155,by,-10.463274955749512,4.550684656339226,5.380028865494151,15.005637387382301
5.156,the,-9.433259963989258,5.166778783698443,4.882027670884404,16.005724681798664
5.157,matron,-13.318316698074341,8.220868954438364,8.350424673022276,17.005649601650831
5.158,were,-12.739514350891113,5.669780128098544,6.064829281055460,12.016879227113980
5.159,told,-13.744000434875488,9.143884797845883,9.271704176146436,14.254065133331196
5.160,that,-8.033057212829590,5.082791222705236,4.921410795905578,15.130400905829587
5.161,they,-10.929374694824221,4.698090570044759,4.524170916837491,16.035909583600127
5.162,were,-15.088429450988770,5.112533832062629,5.089164768722125,16.804201302111593
5.163,all,-8.356495857238770,5.756503144879156,6.068064901574505,15.365434179411874
5.164,going,-13.991642951965332,5.500206030303682,5.673984048346852,17.555366803135758
5.165,to,-8.437782287597656,4.734304706000358,5.535002929071852,20.205676851264283
5.166,downtown,-12.807576179504395,3.617867070729386,4.019037678440891,22.321394754125915
5.167,"Jacksonville ,",-23.242920875549316,8.213700375215771,8.457782848771821,49.393188574305491
5.168,Florida,-13.396596908569336,5.068427441175820,5.125635807957724,28.161134129313751
5.169,to,-5.502720832824707,3.689672482608755,3.567421163155275,29.921154151672020
5.170,get,-14.609175682067873,3.508057424700042,3.365367381705826,30.371977693825286
5.171,a,-8.822307586669922,4.875745459781871,4.744190793265449,32.943212924952476
5.172,new,-9.626114845275881,4.205999756637592,3.916240639673913,34.000002248085885
5.173,pair,-14.779168128967285,3.824054370887640,4.693254504637545,32.008299650416355
5.174,of,-9.770828247070312,5.231627212550809,5.532111923864454,34.012151307933060
5.175,Buster,-14.913759946823120,8.117924583022749,9.829091371958214,36.638395206393596
5.176,Brown,-4.353451251983643,3.969318421383992,4.341592461453268,37.690664993583290
5.177,shoes,-6.996061801910400,4.662066032389240,4.649046737931711,38.368770218979243
5.178,and,-9.082164764404297,5.149600477453323,5.590149629801627,38.613599432796356
5.179,a,-2.664997100830078,4.829583852417969,5.496821565809620,41.000003194556868
5.180,haircut .,-23.153715610504150,10.952478573111485,12.280232169224252,85.000000087951207
5.181,That,-4.288662433624268,5.846706585606485,6.101714405391387,3.184729691369745
5.182,is,-2.187840223312378,5.833557151931323,5.841794231572955,5.206074603399557
5.183,when,-2.669708251953125,5.394311601791007,6.012411782384079,8.106352106110116
5.184,I,-3.387684345245361,5.131599551997047,5.262654373625800,11.119742952162335
5.185,got,-4.053747653961182,4.888725540082373,4.364509239275509,13.194443490667169
5.186,this,-4.550777912139893,4.159491820675997,4.292403509149795,15.453539595022955
5.187,big,-5.368525028228760,4.711794557026444,5.298181265316591,16.463753365173396
5.188,"idea ,",-4.258987113833427,9.371427910541072,9.055528610438364,26.873041238734046
5.189,which,-0.034843236207962,4.691622441049543,4.911071291707870,19.901819951599592
5.190,hit,-8.368167877197267,5.355221756512156,5.587478732937091,23.046229818450389
5.191,me,-0.486685574054718,4.304814909499435,4.282309564280946,25.018124466952248
5.192,like,-2.442457437515259,3.962453475783813,3.703982472575988,27.009862546784099
5.193,a,-0.440345495939255,4.786463031014054,5.056038321010825,29.129004458284896
5.194,ton,-8.744705200195312,5.878066821120452,6.820584543926205,30.326283510734228
5.195,of,-0.066891789436340,4.278287551508525,4.186669749447566,31.975871214314971
5.196,bricks .,-24.523531913757328,11.779424690317239,13.460155945529486,69.086023611931907
5.197,If,-1.671004295349121,6.356613074729201,6.210714957431320,3.119436650155399
5.198,the,-1.321623325347900,5.014314988973879,5.024935700540527,6.279960342656113
5.199,Elvis,-12.318614006042480,4.853118082167573,5.869930000576630,7.169949247631784
5.200,haircut,-14.823054313659668,4.401711415107151,4.322146097814337,8.105907348756460
5.201,was,-13.981222152709961,4.355675725218291,3.965926156690640,8.011064714842970
5.202,the,-11.148755073547363,5.253407897945714,4.646913110416600,9.012285336249244
5.203,big,-11.842283248901367,4.001960634777170,3.967405478876822,8.105895774549230
5.204,"secret ,",-21.443478107452393,10.356543696867199,10.753584585883740,21.129191716029364
5.205,then,-11.056871414184570,3.261097741038319,3.011681317268887,12.272841419062205
5.206,Elvis 's,-32.780895113945007,20.375815105046627,19.986872422583936,18.403246642478788
5.207,haircut,-14.075307846069336,6.101311807314612,6.552892383045522,7.000006335510068
5.208,I,-12.017284393310547,5.179286534967718,5.927731727527398,8.000004186609800
5.209,was,-14.729754447937012,5.268115563341683,5.236801993658298,9.000006159051917
5.210,going,-11.951131820678713,5.068491923925712,5.407443914942800,10.000008062987190
5.211,to,-7.235222816467285,5.885696122188397,5.794068201320821,10.641439891717019
5.212,get .,-17.724064350128174,13.502402204328563,13.023561890702300,23.724761366967158
5.213,I,-4.873230457305908,6.519883222996932,7.028388733840723,3.200021004339848
5.214,was,-2.892072677612305,5.934101906438229,5.659155669819619,5.235555703347194
5.215,going,-4.161807537078857,4.859172748833100,5.706851356824808,7.261473443824687
5.216,to,-0.007760139182210,5.423737260278949,5.064026280124868,10.103905328265864
5.217,have,-2.638864278793335,4.469455113743539,5.000549875601688,12.235800305403727
5.218,my,-3.540483951568604,4.638390045144619,4.672424177473612,14.829984623124707
5.219,day,-5.147007465362549,7.882555043942212,7.930967857998003,15.375501485683055
5.220,in,-0.829748272895813,4.123010211108312,4.028567285944699,16.374017756083468
5.221,the,-1.734013080596924,4.269001723113483,4.569299555622616,18.566877513771363
5.222,"sun ,",-6.814873009920120,8.702263151475609,9.218110511035482,26.596549694713168
5.223,and,-1.401873826980591,4.476102453450278,4.054342984504747,5.212278899973432
5.224,all,-3.034885644912720,5.071297845339800,5.152694852948521,8.501164408991126
5.225,the,-1.694349527359009,5.119636397656100,4.799430070478842,9.391044352879661
5.226,way,-5.507767677307129,5.233543588407119,5.458336595492511,10.475838280850898
5.227,to,-0.363915562629700,4.581905469037624,4.279038397561810,11.052223692359073
5.228,town,-5.948734998703003,9.187832890456004,9.284061202865002,12.904939672087655
5.229,that,-0.008729629218578,5.561379147190058,5.566621841114470,10.404860908273127
5.230,was,-0.782945036888123,5.103112790941017,5.114385499321070,12.256866969614933
5.231,all,-6.782854557037354,5.448700714919410,5.717005069173312,14.105516927362983
5.232,I,-0.176349788904190,4.766702963330048,4.433267295646909,19.012593843042776
5.233,talked,-8.502326011657715,4.515012823614250,4.543995499503862,21.007505828451194
5.234,about .,-0.374980255030096,14.376937429005858,13.826644492646547,31.015424655069985
5.235,The,-1.652928352355957,6.216193485653642,6.231108800665612,3.459354033097218
5.236,fact,-6.617938041687013,6.275216407075543,5.807730432612263,4.155189776595264
5.237,that,-0.025566563010216,5.871848133136133,5.550882947469533,6.144673007568031
5.238,I,-4.322075843811035,5.159166439847751,5.559613410646310,9.144864718932244
5.239,was,-2.180601596832275,4.975589398547534,4.544023558322881,11.157040535676833
5.240,getting,-5.139795303344727,5.037540274485394,4.947855575301299,13.180353755175204
5.241,an,-4.217696666717528,5.231298715693717,5.196162874479762,15.593912279500179
5.242,Elvis,-11.475760459899902,4.700796736763847,5.791636377975996,16.460471679743467
5.243,"haircut ,",-20.616805076599121,9.274039347462793,9.138309489303264,31.200569323296534
5.244,not,-7.829973220825195,5.336501930328799,5.205870261281434,8.505397294589066
5.245,just,-11.841878890991213,4.421470859772686,4.593596524937388,19.999987242609912
5.246,the,-3.389515876770020,4.199287581978088,4.220191787991084,17.620874549728441
5.247,simple,-10.057016372680664,4.516841860793043,4.677896516714426,18.999990926425799
5.248,fact,-5.223334789276123,4.940872550496100,4.699860476620363,20.000002070379686
5.249,that,-8.325255393981934,5.320309102921149,5.184238399505549,21.000003453008731
5.250,we,-12.173636436462402,5.154163519386172,5.675414326836307,22.000012067390990
5.251,were,-12.130724906921387,5.086189195061072,4.901014085934377,24.000012314710407
5.252,getting,-13.647867202758787,4.631645260052332,5.192244118497683,27.000016406453263
5.253,out,-7.770760536193848,4.519664689286008,5.251589119701825,29.000017843610738
5.254,of,-8.903020858764648,5.496621404561339,5.847170412319303,31.000017837220732
5.255,the,-9.503177642822266,4.489922672348980,4.653415426303408,33.404897065344528
5.256,"orphanage ,",-32.669285774230957,12.833743094341591,12.809571270556297,72.820511658539829
5.257,made,-10.134869575500488,3.967433315907974,3.937287945183576,38.420673946170098
5.258,me,-12.642325401306152,4.438611733339991,5.055371927692646,39.454622526744039
5.259,particularly,-14.830369949340820,6.070042134416530,5.878745329375890,40.444341201619352
5.260,loquacious .,-25.781168222427368,26.644193489158706,27.696519890679987,65.832696175074730
5.261,I,-4.873230457305908,6.519883222996932,7.028388733840723,3.200021004339848
5.262,told,-5.832627773284912,10.334952623828213,10.043144754128440,5.240340732516822
5.263,"everybody ,",-10.235457658767700,10.884784427922806,10.799914622561639,15.531138609954244
5.264,including,-0.180920481677731,9.791068333611957,9.448533336421177,10.976748090073327
5.265,the,-3.150115966796875,5.433956260017270,5.620548965326506,13.570418633527524
5.266,orphanage,-14.091600894927980,9.647939420220236,9.638996109948797,14.655035247075126
5.267,matron,-13.313593387603760,7.329199844514732,7.357277037841135,15.539241397630372
5.268,I,-10.385200500488279,4.826154209708617,6.055614648248082,16.487472399633901
5.269,normally,-18.449171066284180,8.947142022743524,9.645408200891872,17.472371081624278
5.270,"feared ,",-19.908951997756958,17.205573191425607,17.081371138127007,37.551638719515921
5.271,that,-6.232612609863281,5.260740232980671,5.303816899832814,19.996708096763488
5.272,I,-9.439516067504883,5.128607938344084,5.599490844852864,19.714696067406425
5.273,was,-2.614251852035522,4.116930404014450,4.030923396610470,18.211821195282248
5.274,going,-16.735584259033207,4.202165173524514,4.184079848732497,15.599914511386745
5.275,to,-9.308373451232910,5.511928536122762,5.541992019058292,11.447342258979967
5.276,look,-12.607599258422852,4.534507253081431,5.083734159858175,14.654296698506384
5.277,just,-11.486062049865724,4.177008047727903,4.222694192677996,16.494915907471871
5.278,like,-7.304678916931152,4.277358735148102,4.301467764530502,17.911480190055386
5.279,Elvis,-15.882246017456055,4.800271559389418,5.427127960668922,21.397390321924238
5.280,Presley,-11.392581939697266,4.614257311002438,5.292431351886330,23.108756381817702
5.281,and,-10.112508773803713,4.938466327496648,5.530963832114022,24.316783228332838
5.282,that,-12.271085739135742,3.687046019153017,3.687113282867911,26.269231149093191
5.283,I,-4.054322242736816,5.148031495837043,5.457130086097009,27.026781933837231
5.284,would,-15.980176925659180,4.989614817274441,6.071781137440323,28.183193704979328
5.285,learn,-13.219814300537109,3.861520607775564,4.385047583569596,29.376196799027422
5.286,to,-9.202880859375000,4.675701065099089,5.045994983920955,30.296868881990964
5.287,move,-12.857005119323730,3.575865432324103,3.314628727628890,31.128691795444695
5.288,around,-9.512022972106934,4.487398537339137,4.486855595392505,33.764044903485406
5.289,just,-10.077276229858398,5.520727576190453,6.039801208653778,38.664751524713758
5.290,like,-7.345484733581543,3.039258713214677,2.902911066362932,37.998495358296459
5.291,he,-11.256380081176758,4.972940842074689,6.031489834544812,39.999190051111285
5.292,did,-10.387323379516602,4.121447566358594,4.382920440741576,40.530921022912203
5.293,and,-9.602332115173340,5.501288388726059,5.860149945166675,42.541271790589740
5.294,that,-8.408734321594237,4.544607395298171,4.903360325703264,44.042317893530438
5.295,I,-14.057010650634766,5.340574562715235,5.602902727217529,46.023928961733191
5.296,would,-7.107280254364014,4.745234741497439,5.234870876286854,46.902478995909242
5.297,be,-7.090529918670653,4.868977224337844,5.004695724158821,49.561575561910068
5.298,rich,-14.094049215316772,7.055568963074434,7.036330614790017,52.283589706923827
5.299,and,-0.760111570358276,4.227061297343484,4.399131849482390,53.183209349182960
5.300,famous,-7.159950256347656,5.046225038124197,5.381774840416718,55.014647155469177
5.301,one,-5.908464908599854,4.428746903551541,4.518218551366491,56.815902174589041
5.302,"day ,",-22.616026878356934,12.350947221909850,13.220910766024181,121.364341026498522
5.303,just,-5.180713653564453,3.950671316825850,3.986636534249752,63.731258871479632
5.304,like,-7.311893939971924,4.223925436977257,4.117572864886403,65.008024038375041
5.305,him .,-20.739122867584229,12.527291341286087,12.744543054934589,119.848435730382363
5.306,The,-1.652928352355957,6.216193485653642,6.231108800665612,3.459354033097218
5.307,matron,-15.071335077285767,9.033205914224805,9.182813559996864,4.486432521709537
5.308,understood,-22.085591331124306,15.444111959930662,15.015342621749502,5.753633233471971
5.309,my,-12.318802833557127,5.270858192243076,5.263173665820378,5.405536401082956
5.310,idea,-11.345586776733398,5.579903836132893,4.953615750915294,7.507741603297218
5.311,was,-11.286692619323730,5.417578753188219,6.201893415401792,8.494423551739276
5.312,something,-13.994737625122070,5.343682201547191,6.132042437950629,9.608130475493622
5.313,that,-4.742194652557373,4.300819508519875,4.214490727871839,13.033016850311803
5.314,I,-12.677675247192385,5.215267018087767,5.205433820142968,17.889323726271481
5.315,was,-12.494080543518065,3.790344290513787,4.603028774841533,18.001482785538425
5.316,really,-13.569578647613525,8.757780694339511,9.058208346399828,20.000382393759192
5.317,excited,-9.231046676635742,4.951766607166251,5.269878590688315,22.006843465335287
5.318,about,-6.674660205841064,3.993410392823163,3.904875831836145,25.129599869372960
5.319,and,-11.104438781738279,4.665738639480066,5.129446305466429,27.124623604609013
5.320,said,-14.529471397399902,3.121706932622126,2.920390592699240,27.999863855921941
5.321,nothing .,-21.787178993225098,13.404548433723839,13.653818051189555,56.999993314798473
5.322,When,-0.057549852877855,6.076412383427700,6.237477393603897,4.052596691218262
5.323,I,-3.607376098632813,5.237998993852252,5.394392286064208,7.053923437776085
5.324,got,-3.488389015197754,5.274582203216233,4.989683354418791,9.077488280163571
5.325,my,-2.552914619445801,4.052194614373216,4.051683908733732,11.346188014173407
5.326,new,-5.551763534545898,4.788087159423405,4.998514322205597,12.265136148118405
5.327,Buster,-14.447314009070395,8.430962437446830,9.958334853698528,13.349119540259842
5.328,Brown,-5.523402690887451,4.388902392288406,4.420409300113993,14.392130060204591
5.329,"shoes ,",-15.286709785461426,10.217106951432573,10.649300793842240,31.487846583535671
5.330,I,-12.807522773742676,5.308615768813934,6.129248751745966,16.999989640425216
5.331,was,-12.428131103515625,5.399659162487040,6.409131068393197,6.391292511295704
5.332,smiling,-9.685601711273193,8.363538904061711,8.464961292609727,8.581657679159585
5.333,from,-10.641525268554688,4.652865443955926,5.473343108565184,10.258964108433043
5.334,ear,-16.899440765380859,8.326688162320181,8.777119322517942,11.349692548259794
5.335,to,-0.591312170028687,5.187729628885107,5.238025128635812,13.362411953910074
5.336,ear .,-26.228719234466553,17.671367714221812,18.214293715561809,32.219616163154896
5.337,Those,-6.467947155237197,12.167804368610437,12.456832923459956,3.547908309530451
5.338,"shoes ,",-11.675876438617706,10.587008728842861,10.331064549788495,9.188570416365547
5.339,they,-2.302597045898437,5.032805089292131,4.915273436749402,8.005057046495553
5.340,shined,-17.214859008789062,12.014669361632135,12.330725516980724,8.753020004013070
5.341,really,-17.920543432235718,11.244094105220725,11.693332415292630,9.518146159256792
5.342,"brightly ,",-13.338940143585205,11.156211637595156,11.737156151886918,27.003932005461760
5.343,and,-5.574126243591309,6.162974657082041,6.044408180793284,15.005474449849707
5.344,I,-17.450490951538086,5.056221520607777,5.985018038215566,16.009153599750174
5.345,liked,-18.225731372833248,8.319231381575040,8.521889773106887,17.149750782185528
5.346,looking,-11.555570602416992,5.983712375958038,5.691210545466396,8.122635082388664
5.347,at,-9.495414733886721,5.662900295890544,6.340615863280190,11.040580118248927
5.348,the,-8.805833816528320,5.176439593745185,5.331164845132964,13.934830843611287
5.349,bones,-15.359552383422852,9.178010148624614,9.733816825269766,16.043552778462676
5.350,in,-7.811989307403564,4.130961166441051,4.927775835160851,17.279171992808720
5.351,my,-12.470328330993652,4.657470050999311,4.660701655384498,18.209162194443348
5.352,"feet ,",-24.041351318359375,9.800192444504201,10.332248498187219,41.576767732344607
5.353,which,-9.151695251464844,2.194489155039715,1.969513330529929,23.066332445750572
5.354,I,-13.872389793395994,5.452300592732339,5.784574779981217,9.485269122130024
5.355,had,-14.456853866577148,5.716304804643849,5.622680408697502,12.497002397296249
5.356,never,-11.885354995727539,5.364477373203952,5.526237314830973,15.052414196772096
5.357,seen,-7.988564014434814,7.423607224186886,7.443939664891102,17.050813471805167
5.358,"before ,",-9.650220155715942,10.617966954613067,10.651598822551776,40.066988703585281
5.359,through,-8.864479064941406,4.545163567487184,4.358888228262371,23.231832526541911
5.360,a,-11.818593025207520,5.241901761099873,5.598236098381481,12.826824440268247
5.361,special,-13.925805091857910,5.967748163901996,6.281290528677862,16.000000052135114
5.362,x-ray,-17.800348043441772,14.890121989757519,16.021063739806436,31.998009108667951
5.363,machine,-3.599454879760742,4.877607715935383,4.995587649581991,32.979781463708555
5.364,they,-13.084528923034668,4.771693539226608,4.818635017586415,34.939812111691765
5.365,had,-15.631358146667480,4.974246692560508,5.183957645421309,24.815749986764580
5.366,in,-9.033638954162598,5.040677894342500,5.353867446086261,21.860191744732909
5.367,the,-7.141939640045166,4.491389843586272,4.445246510106207,36.999028267347505
5.368,shoe,-13.178401947021484,8.854564767286659,8.957273615460497,32.113372097943937
5.369,store,-9.336341381072998,6.250663680226547,6.694031367984143,36.412065028561528
5.370,that,-11.056344985961914,4.400079418795674,4.540951832235185,37.269167645710247
5.371,made,-11.500041961669922,4.403057263573147,5.623440241314430,42.132401960958617
5.372,the,-12.598270416259766,5.414736171800588,5.992224455004918,42.951614625353528
5.373,bones,-7.709299802780151,6.671975813478805,7.099645506776168,43.940701504140513
5.374,in,-15.196843147277832,4.447873323192467,4.941279016423698,39.764101932615134
5.375,your,-11.761648178100586,3.431574227514362,3.632560913614951,47.024999476854717
5.376,feet,-8.468248367309570,4.565228994055280,4.837466915954970,49.181823545050541
5.377,look,-13.945254325866699,3.891068407395210,4.056108559277236,50.047160531953061
5.378,green .,-24.688567638397217,14.386427701041118,14.786394504004083,104.673335468924989
5.379,I,-4.873230457305908,6.519883222996932,7.028388733840723,3.200021004339848
5.380,was,-2.892072677612305,5.934101906438229,5.659155669819619,5.235555703347194
5.381,now,-5.848121643066406,4.693582207328276,5.414951328215755,7.208974960608783
5.382,almost,-6.546750545501709,5.433056763858702,5.333660153465426,9.585021549420601
5.383,ready,-4.126567840576172,5.289641840940990,5.251711017857635,10.179504487480417
5.384,to,-0.007324627134949,5.988443648757500,5.620166770414501,13.177435042017288
5.385,go,-2.485930204391479,4.507160939369919,5.022228386386604,15.268127676442509
5.386,back,-1.349922418594360,4.044482379041614,4.348671365272048,17.318021440375365
5.387,to,-0.130485594272614,4.118515916161714,3.883679565788248,19.244740770214687
5.388,the,-1.859004735946655,4.648307774918870,4.678259750413901,21.430085473181499
5.389,orphanage,-12.304432362318039,8.814198955299085,9.080496460535027,22.443427495483981
5.390,and,-6.186797618865968,5.272842225906103,5.517476114061422,23.605210203848650
5.391,practice,-6.299178123474121,4.011148513845780,4.209743828624686,24.673719550014312
5.392,being,-12.124945640563965,4.766100393767625,4.809365985994890,25.398680251023396
5.393,like,-13.809879302978516,5.153548303739008,5.053073402532592,19.232759096930877
5.394,the,-8.624793052673340,5.514122261021580,5.379385533477013,8.477523858835974
5.395,man,-13.982390880584715,7.978797940420514,8.271888805973697,27.894019391903466
5.396,who,-12.448471069335938,4.727153387002337,5.138005214258693,22.120937593530797
5.397,all,-4.868333339691162,4.678522968456481,4.835559886515028,24.421481411890365
5.398,the,-0.847272694110870,4.062017946741221,3.941381088763917,25.386915898333530
5.399,girls,-16.969124644994732,7.921585270986349,8.357651258365802,28.341092328891516
5.400,"loved ,",-25.265982866287231,11.902147420623075,11.890674637866727,67.319705093986897
5.401,since,-9.790179252624512,3.761670046194872,4.181682096038180,35.011387401412122
5.402,I,-11.238367080688477,4.704642548521120,5.503025260809925,34.940895171798076
5.403,had,-17.792882919311523,2.141436969253716,2.087801538697401,35.999907072527350
5.404,my,-12.938710212707520,5.581305457184559,5.401602098870457,12.546009536812393
5.405,new,-11.054514884948730,5.168907994933313,5.374590196145593,21.845710283309835
5.406,Buster,-20.626619338989254,6.201196901172835,6.934667744207138,29.084075477600717
5.407,Brown,-8.172579765319824,4.345504926915018,4.699171506220646,30.997911344971914
5.408,shoes .,-22.285733699798584,11.262575779443367,11.197032502671698,65.130796119787448
5.409,It,-3.523702144622803,5.975466083379700,6.746003274069055,3.255935461031633
5.410,was,-2.202806472778320,5.612470929407762,6.038403578106284,5.170998584181224
5.411,the,-0.658436298370361,4.654374689687168,5.139628252350222,8.036003707131753
5.412,new,-8.022174835205076,5.273024810250914,5.041041577022277,8.844334722319910
5.413,"haircut ,",-23.697701454162598,10.546951137989577,10.650576004576806,20.760403881970582
5.414,"though ,",-20.107379913330078,8.934347922133224,8.695680958403358,21.428126334049267
5.415,that,-8.678020477294924,4.300341302756790,4.611591551182428,12.655850239890068
5.416,I,-11.315691947937012,5.545014142719682,6.125661701380380,13.189863779532974
5.417,needed,-12.025396347045898,5.777083029368309,5.892252205238132,16.583246449186831
5.418,to,-8.030226707458496,4.178903277766866,3.910156301503750,18.604567971841480
5.419,complete,-8.066617965698242,5.053310740009209,5.175857525113344,21.676203231814700
5.420,my,-11.522762298583984,4.245255899868992,5.193056779186758,23.461395572053863
5.421,new,-7.095921993255615,4.870781917382833,5.019876041415352,25.590243810633716
5.422,look .,-19.260741233825684,10.375527995960839,10.471225523217383,54.114804673911401
5.423,We,-5.183586597442627,6.994697962814446,7.053741171132085,3.248148058615663
5.424,finally,-4.370581030339963,10.521801671106743,10.997939515762718,5.236908458489684
5.425,arrived,-7.158875047229230,8.581810856002354,8.164350040760830,7.378157715370216
5.426,at,-0.654274761676788,4.781269981431449,4.368893881954917,9.342754118264835
5.427,the,-0.500336349010468,4.456844671939443,4.179171707432732,11.706145876478255
5.428,"unassuming ,",-17.462500095367432,14.609967773982426,15.253767044662370,27.064069101718474
5.429,unembellished,-32.561309337615967,23.015625255088931,24.452735078200480,15.105778647668586
5.430,"barbershop ,",-26.094461917877194,16.725122580543637,17.228662214740186,33.040368803471573
5.431,where,-11.351341009140015,8.397590803194211,8.774668878565071,18.010379408814476
5.432,they,-13.551659584045410,5.158818034708497,5.362214912475043,18.994854649172179
5.433,cut,-13.140341758728027,4.906838082791041,5.617022536860548,19.983363473911687
5.434,our,-11.092800140380859,5.985493712895265,5.913204623563898,20.931796426017531
5.435,hair,-7.869566917419434,5.272121899876050,5.459287270913256,21.961162274329791
5.436,for,-9.907468795776367,4.137044073189265,3.957358769249686,14.390502457860020
5.437,free,-14.077828407287598,4.333632339318243,4.873816497572782,15.968930776205983
5.438,because,-18.604471206665039,9.357657134475568,10.458666618229746,18.932628149015532
5.439,we,-10.222851753234863,4.333203584995005,4.520323423087184,20.196544972236108
5.440,were,-10.816939353942873,4.396890507399087,4.149313654303199,22.517096892215271
5.441,orphans .,-32.373697161674500,16.426055389427503,15.745385820112155,50.725082288808821
5.442,Even,-0.535973846912384,5.942466151778501,6.522768553001812,3.546737224286004
5.443,though,-1.269198894500732,6.232918574394258,5.691156054997371,4.437758642250616
5.444,we,-5.988972187042236,5.493819706855152,5.387847837948550,7.366893484578481
5.445,were,-3.065281867980957,4.301452024742418,4.146469296796314,9.461164782754373
5.446,supposed,-4.334385871887207,5.586645837069295,5.929283219692786,11.456959452520184
5.447,to,-0.005062262061983,5.074425130295778,4.669019146000623,14.459004548052794
5.448,slowly,-6.480370161247264,8.352258327775740,8.788238651372680,17.005206691929256
5.449,wait,-7.444033622741699,4.910238597352460,4.920911503043532,18.550058036214928
5.450,to,-0.005624421406537,5.029054094879101,4.783605807234649,21.492090757274433
5.451,be,-3.589370489120483,4.625438294738943,4.630011374174988,23.495098333903211
5.452,"called ,",-5.303937982767820,13.600186150613087,14.266139751061441,29.563784097731826
5.453,I,-2.695514440536499,5.345041215943826,5.406358250099479,6.026607912646389
5.454,ran,-7.972153663635254,5.279740018952841,5.888315923587652,8.199350187288552
5.455,straight,-5.543109893798828,3.841824489414337,3.982336576516524,10.600122792930943
5.456,up,-1.588558435440064,5.016368922299833,4.831794837849152,11.098230969584725
5.457,to,-0.200383409857750,5.234905688915227,5.050779843438534,12.982989685395625
5.458,one,-6.017089366912843,5.087294148670102,5.128127510410461,15.025242499554732
5.459,of,-0.031216261908412,4.800823613622498,4.480008620003521,19.002065593538443
5.460,the,-0.382553845643997,5.006288310590080,4.972465308841697,21.786405282957968
5.461,barber,-13.351655960083008,4.746475613675718,5.026719428674888,22.577578517539745
5.462,chairs,-6.160682335495949,8.034761794677591,8.335550245886981,23.418614591319638
5.463,and,-4.391643047332764,5.359830732410026,5.637846073376707,24.482359741688661
5.464,climbed,-17.138620376586914,8.910570514004043,9.757347122435180,25.645760213677139
5.465,up,-6.684357643127441,5.850917306750120,6.019120164562946,13.359673134888251
5.466,onto,-11.100162506103516,4.824836022678419,4.645063494171096,25.985908203746988
5.467,the,-9.629456520080566,4.993861822575295,4.872502853040767,26.699013878934696
5.468,board,-8.107910156250000,3.405734015553833,3.517591586374591,29.975038902918321
5.469,the,-7.254177093505858,3.593114252392677,3.604814202072260,30.978965195274409
5.470,barber,-15.822247505187988,5.262963432916968,5.728598325230633,20.338162959885288
5.471,placed,-13.261347532272339,7.562602386957921,7.960967567928360,30.098164353641099
5.472,across,-9.311244010925293,5.056882471592847,4.911365134680085,31.082678210664334
5.473,the,-8.311964988708496,5.396627787831688,5.359691766704088,31.985064990057534
5.474,arms,-15.538096427917480,4.074070551412058,4.907519264790834,33.000480706053345
5.475,to,-6.115465164184570,4.046255308059292,4.998424876993382,35.000016010944826
5.476,make,-12.600359916687012,3.818647737657256,3.675552082568387,36.000063457148244
5.477,me,-13.605867385864258,4.865902282881285,5.348123227442300,35.845326051266106
5.478,sit,-6.630391597747803,3.857339586979567,3.942006135699451,37.903421641762009
5.479,up,-8.278264999389647,5.113805159640107,5.387261045560633,40.089540776808079
5.480,higher .,-19.944028615951542,13.161373053607996,13.774829847680264,88.292706305523950
5.481,I,-4.873230457305908,6.519883222996932,7.028388733840723,3.200021004339848
5.482,looked,-7.314948320388794,9.035523258964853,8.791512108498488,5.490296683979278
5.483,at,-0.460632622241974,4.932529620076199,4.720165995106503,7.518061303799901
5.484,the,-1.034509897232056,5.078295038998730,5.052082960401531,10.021873643769332
5.485,man,-6.402608156204224,8.161492278559951,8.483170413961524,11.265630099924893
5.486,and,-0.203845083713531,5.273149177390518,5.287470847681052,7.317951473847272
5.487,"said ,",-1.714145362377167,9.409210148101112,10.116555126716534,19.206283291461283
5.488,with,-2.292938709259033,4.142247797581011,4.172144801549129,12.129980703604856
5.489,a,-1.470299959182739,4.561068115995063,4.844400125229241,14.352062174290008
5.490,beaming,-12.496138572692873,13.967495948237580,14.279090353891840,15.311231041674853
5.491,smile,-2.313255548477173,4.776342763086219,4.772144674595742,16.118265041393098
5.492,on,-16.147592544555664,5.035029182455489,5.801889663674603,17.124725470520346
5.493,my,-12.134097099304199,4.965614942632125,5.242031492940382,17.690378809685267
5.494,"face ,",-10.294867038726805,9.617317706401113,9.795378434073230,39.125353016766084
5.495,`` I,-14.095246047712862,18.584319369018210,19.361057422619268,33.877325270297064
5.496,want,-12.771680831909180,5.200425435855144,5.126377171878688,16.025277449331146
5.497,an,-11.585769653320312,4.479224899896630,5.218894705943932,18.089562937115080
5.498,Elvis,-11.625514984130859,4.726946427795466,5.300509846498626,21.027499521992127
5.499,haircut .,-29.657969951629639,11.399276206684167,11.426600441226803,45.048816757299136
5.500,Can,-2.708720684051514,5.907402450188324,6.689454296231125,2.062348056059607
5.501,you,-2.110102415084839,4.637068816029175,4.359175733812311,4.007345630421574
5.502,make,-4.438509464263916,4.101620128472896,4.614312216492809,6.030244205530546
5.503,my,-6.732309818267822,4.902683025831031,5.098683887009363,8.439774074346515
5.504,hair,-7.055470466613770,3.567522856536102,3.916912059695195,9.849164077717109
5.505,like,-5.609045982360840,4.725873817462302,5.055300501591824,10.259939406668943
5.506,Elvis 's ? '',-44.562377190799452,35.707534251954961,38.003298097661457,55.845919541369398
5.507,I,-4.873230457305908,6.519883222996932,7.028388733840723,3.200021004339848
5.508,asked .,-5.257066856138407,18.235906948046413,18.764777940917170,11.169587294619511
5.509,The,-1.652928352355957,6.216193485653642,6.231108800665612,3.459354033097218
5.510,"barber ,",-19.686645507812500,11.971761281931823,13.261935104951460,9.848585788238193
5.511,who,-12.000261306762695,4.749689976933049,5.259735530050366,6.363447270955441
5.512,was,-13.245747566223145,6.325076378298702,5.622940585734097,7.000008355385558
5.513,a,-6.505566596984862,3.167801937864438,3.975885704426263,10.848697275015899
5.514,genial,-13.572257995605467,4.373905255250802,4.386743888845071,13.393647700723488
5.515,young,-4.431365013122559,5.099013505742552,4.952268278394109,14.442322606004431
5.516,"man ,",-9.652675390243530,14.502651322457817,14.857818458107140,31.590403488516110
5.517,grinned,-15.866084337234495,12.896040712007467,13.669799917652886,17.211322264990457
5.518,back,-15.309829711914062,5.591129520636372,5.664018750687751,13.598447755546200
5.519,at,-10.655903816223145,5.641835438104200,5.361402968607438,5.155770940652459
5.520,me,-11.735505104064940,4.852326123214135,5.176577150572554,6.133744626520903
5.521,and,-6.846372127532959,5.857482462454255,6.431053643641561,7.128460306133690
5.522,said,-9.741044998168944,5.449080942238307,5.729274789623535,9.076021395648398
5.523,that,-10.013050079345703,4.981266696845982,4.829494830329354,10.002379619461292
5.524,he,-5.081137657165527,4.939847439390513,5.827950293594828,13.188257147881195
5.525,would,-11.104122161865234,5.148651796862712,4.882345626799628,14.427657402514519
5.526,try,-5.303742408752441,5.345910979491062,5.431368730327827,9.057705608617807
5.527,his,-10.549626350402832,4.362851649578040,4.502559487362113,11.000072208064427
5.528,best .,-21.664043426513672,12.495979146048935,13.422152997522659,30.135313393079930
5.529,I,-4.873230457305908,6.519883222996932,7.028388733840723,3.200021004339848
5.530,was,-2.892072677612305,5.934101906438229,5.659155669819619,5.235555703347194
5.531,so,-3.790828943252564,5.618829371403874,5.558809273108142,7.633739119070857
5.532,happy,-3.792749404907227,5.034718019506403,5.367717642163972,8.691539195096116
5.533,when,-0.004972709808499,4.994008645681961,5.464405453061897,10.487658925503071
5.534,he,-2.777435302734375,5.365502490365275,4.941972090502879,13.393791545075448
5.535,started,-4.407351993955672,8.173863020369946,8.034624464305105,15.467077691868472
5.536,to,-2.161204338073730,5.788541544405112,5.606466289359199,18.430692742177200
5.537,cut,-7.546050548553468,4.399368372030096,5.076285663637313,20.479519687354976
5.538,my,-1.903363227844239,4.174391819074355,4.536930393753215,22.491568789349145
5.539,"hair ,",-4.255952045321464,8.605879106065727,8.442072939641616,32.047687499265891
5.540,but,-1.171337842941284,4.477428359443118,4.028335013103290,5.109687112033334
5.541,just,-5.501242160797119,4.655048565059436,4.983942191683632,8.644359001646350
5.542,as,-2.450151443481445,5.184398499256367,5.201459441555491,9.752943036657847
5.543,he,-0.963871896266937,5.490590061139248,5.462835364796994,13.013464545394552
5.544,started,-4.950525682885201,8.446066132993863,8.500369127448609,15.120624159501498
5.545,to,-1.693302631378174,5.560210704996751,5.245298514280390,18.155578922418453
5.546,"cut ,",-7.119921147823334,10.296068938763302,10.918923555356622,29.405858336227638
5.547,the,-3.265873432159424,5.429914643854049,5.189955839326304,11.257802377828138
5.548,"matron ,",-20.875542283058167,14.441250535633712,14.733113958758599,25.472682706849554
5.549,who,-13.329298019409180,4.788037112916324,5.309513023964515,13.999993364986802
5.550,had,-13.421311378479006,5.463490017792493,5.761158697625643,15.330170754503042
5.551,been,-8.082740783691406,3.039261841894641,2.737250528626103,18.344899360185511
5.552,watching,-4.801927537191659,8.463329984727393,9.271301586242254,20.781565645628085
5.553,me,-10.945479393005373,5.064792242238301,5.211390633348431,22.138288205682805
5.554,and,-11.659519195556641,5.298195868913662,5.480410838223985,25.146148778680644
5.555,had,-10.680259704589844,3.460307092695758,3.901482403265136,26.082937844918533
5.556,a,-6.366623878479004,3.736071936696988,4.116865630067712,13.001036628892296
5.557,look,-10.429561614990234,4.422057520027218,5.128870210172614,28.670050853454477
5.558,as,-10.716379165649414,5.015039446059343,5.502735208728819,29.712788687717374
5.559,cold,-14.954704284667967,4.255992761573647,4.357819485355464,31.023006209675998
5.560,as,-7.586456298828125,5.012454089043437,5.344854515381427,26.686614585362967
5.561,"ice ,",-32.493292808532715,13.483738596017307,14.028882351571252,69.525576008147567
5.562,motioned,-24.112668991088871,6.883539835605787,6.350636931000457,36.999636468251815
5.563,for,-9.313875198364258,4.749607088930079,5.397781372391448,37.999999795952270
5.564,him,-13.267936706542967,4.293903827407513,4.526367662938586,39.000000001779398
5.565,to,-2.117961883544922,4.988637545369953,5.120672842336812,15.161392612977505
5.566,come,-10.863062858581543,4.504106576022544,5.044676710740843,18.052318501234460
5.567,over,-10.392600059509276,5.066569196902403,4.990153170933652,18.061252630336131
5.568,to,-7.230003833770753,4.991403050013759,5.620844663082251,21.058366007141629
5.569,where,-13.277734518051147,9.080329286869734,9.071542545364220,23.000243067355090
5.570,she,-13.580934524536133,4.613277570018828,5.737959291460379,25.005633006581512
5.571,was,-11.151346206665039,3.970465047888685,4.555602905683227,29.953904603742050
5.572,standing .,-28.358024120330811,16.348220070562597,17.018491668538221,68.000649477437577
5.573,She,-5.398102760314941,6.513097172475808,6.651384949829806,3.124724563176501
5.574,whispered,-10.841610074043274,8.582866978192065,8.422681769111358,5.292055445750999
5.575,something,-15.649592399597168,5.745620994222287,5.871385540736919,6.310496998870796
5.576,into,-10.857090950012207,4.717850200230481,5.311994802573117,8.372475365921932
5.577,his,-12.246652603149414,4.248835335183826,4.046432250559712,9.000490374935067
5.578,ear,-8.009154319763184,7.696614591276267,7.993746623882247,12.154861089904060
5.579,that,-11.897613525390625,4.354850067794962,4.007061691704415,13.119204543427946
5.580,caused,-21.769428730010986,14.182928713536672,13.822262948273456,12.028559435711115
5.581,the,-10.212318420410156,4.298940698360367,4.086648404646060,18.274482996652342
5.582,barber,-14.010994911193848,3.925852068708439,4.104319643833811,20.991648409122746
5.583,to,-9.437542915344238,4.092095942770592,4.653861574064047,21.995552299710059
5.584,shake,-9.909977912902832,2.796197255299503,2.504590156054931,22.993309341640977
5.585,his,-10.639823913574221,3.470720117247701,4.184041732266662,20.736953055351282
5.586,"head ,",-19.862815856933594,9.534066610597961,9.658303675793984,48.039856762574502
5.587,like,-9.795051574707033,2.663970202894048,2.594144499704365,26.047123940508488
5.588,he,-14.814452171325685,5.420004772147643,5.894485758647552,26.387644342482144
5.589,was,-11.968852996826172,4.084093112169333,3.938754323457392,26.992999251407671
5.590,telling,-13.083473205566404,5.539278885272862,5.768999519611193,30.429671229801546
5.591,"her ,",-22.852687835693359,9.130695229430632,9.503940515631289,61.679091641431505
5.592,`` No '' .,-41.778860970101960,34.159943354983014,34.763529133572632,135.830126468151889
5.593,In,-0.854278802871704,5.446170861282591,5.128128755821979,3.052227717314575
5.594,"response ,",-4.244168404489757,9.965614561395819,10.068051454097620,9.739958146912731
5.595,the,-1.471262574195862,6.251544520491965,5.161437735359262,6.297786581374468
5.596,matron,-15.113423585891724,9.530765353414509,9.763973653800273,7.240570791049517
5.597,walked,-22.546154022216800,9.305345885115624,10.037736213894592,8.821192601027366
5.598,over,-8.452268600463867,4.463001329865653,4.813250347668500,8.187874357445912
5.599,to,-9.078513145446776,5.600340852371372,5.657941746952977,10.109569892442405
5.600,a,-8.853553771972656,5.166207070956678,5.425142005861050,12.147234253053096
5.601,little,-7.950938701629639,4.955560542237615,4.882645981136872,14.123717776818795
5.602,man,-6.525610923767090,8.418173137086775,8.697964163036586,15.201099112465124
5.603,sitting,-13.151946067810060,5.047846606599881,4.743126136439097,16.114857879889104
5.604,in,-7.406317710876465,5.015088387222863,5.155757115148201,16.488597782780545
5.605,an,-10.380565643310547,5.282365779556773,4.973854475782852,18.000464866340369
5.606,office,-8.147494316101074,4.333887329217128,4.597381785606554,21.170635866044176
5.607,chair,-7.481002330780028,3.876233939069653,3.757816629187962,22.104722582168165
5.608,that,-13.968934059143065,4.299413920775379,4.043633446073756,23.062178767473238
5.609,squeaked,-25.467511177062988,13.035461890062802,13.967211539566348,21.330896122120873
5.610,as,-11.759256362915039,4.420403311764182,5.067604251528138,22.000149352711183
5.611,it,-13.736362457275391,4.725760807215998,4.811315474626058,23.000649153771182
5.612,rolled,-15.846641540527346,8.849067118514386,9.069576721531144,24.000086260625395
5.613,around,-3.633447647094727,4.450480766077519,4.406762836888777,32.036286341446186
5.614,the,-1.183103561401367,5.241326034001164,5.358780543332101,34.232856243889408
5.615,floor,-11.480506896972654,3.327474299509356,4.151001524293720,21.225070114684399
5.616,and,-9.845701217651367,5.078502525658212,6.013132993307483,39.121172473590434
5.617,spoke,-12.974011421203613,4.661430782414842,5.763013620616309,41.200814025833957
5.618,to,-7.599574565887451,4.271521201243107,4.617320882741226,42.159343085626347
5.619,him .,-23.851223707199097,11.758406556418940,11.818748025486334,82.998289528686598
5.620,It,-3.523702144622803,5.975466083379700,6.746003274069055,3.255935461031633
5.621,was,-2.202806472778320,5.612470929407762,6.038403578106284,5.170998584181224
5.622,the,-0.658436298370361,4.654374689687168,5.139628252350222,8.036003707131753
5.623,little,-8.431603431701660,5.162444965961890,5.166998152698238,9.000343807921684
5.624,man,-5.109132051467896,7.923581536296751,7.861706634742530,10.106736414325383
5.625,who,-0.065885588526726,5.259882488420781,5.293945485784176,10.968807905566717
5.626,then,-5.424134731292725,4.536418059324729,4.944677589363410,13.616034211877599
5.627,walked,-4.795240420848130,6.239937328016590,6.765870435612071,15.841029842613175
5.628,over,-3.977271556854248,4.893053350505663,5.318465660818314,17.536110403624214
5.629,and,-2.680299282073975,3.970834289801248,4.487643247484813,18.321072381325628
5.630,said,-6.549260139465332,4.198102775922686,4.197839760512752,15.699066028775759
5.631,something,-3.233369350433350,4.665990584992810,4.925626469364683,19.910238545784193
5.632,to,-1.721747636795044,4.558201881837721,4.381407121950284,24.477331381111608
5.633,the,-1.469368934631348,4.637954094767489,4.991587237290148,26.333890549461049
5.634,man,-5.196094751358032,7.363033388679782,7.949615690220491,27.645928748899490
5.635,who,-0.051009714603424,5.010520319540838,5.333665576500490,30.040454881908587
5.636,was,-1.901816844940185,2.544988226962628,2.668637643931135,33.116054935640534
5.637,cutting,-7.515660524368286,8.534191902630079,9.045651255793020,35.050552831718115
5.638,my,-5.127612113952637,4.241349281905442,4.712692661296253,37.089399891914283
5.639,hair .,-3.936081905616447,12.253787508435011,12.284755373513045,44.080203474736180
5.640,The,-1.652928352355957,6.216193485653642,6.231108800665612,3.459354033097218
5.641,next,-6.235956192016602,6.195685878542977,6.339582135215181,4.357603433765688
5.642,thing,-6.251535058021545,9.120024765025097,9.398945286771561,5.954306820247702
5.643,I,-2.076087951660156,4.666587796950160,4.268067136247475,8.124313376877456
5.644,"knew ,",-5.065386774018407,10.440535335147437,9.985667180873993,14.682162888531899
5.645,the,-4.042494297027588,5.450566319126408,5.129141013743563,6.705451006142898
5.646,man,-4.329711914062500,8.839889269099507,8.789946633789727,7.810347006725955
5.647,who,-0.053829152137041,5.599027466086378,5.677515430372533,10.307751096954695
5.648,was,-2.300571918487549,3.229489436497382,3.111741494603953,13.296222784405918
5.649,cutting,-7.820840716361999,9.401813668214206,9.782940473783851,16.064479227850526
5.650,my,-3.487376213073730,4.531076525948863,4.838746490315279,18.086166239473254
5.651,hair,-4.006995677947998,3.968359767206196,4.082271076791602,19.076766416897371
5.652,told,-5.485278129577637,9.744572709476646,9.739730875782953,5.338176894976999
5.653,me,-0.202605366706848,4.202884709029536,4.226355915430023,7.037257777510718
5.654,that,-1.121889591217041,4.621947852253983,4.510340012288720,9.148608000882517
5.655,he,-1.120949029922485,5.268731558656616,5.001182224585059,12.164926495432207
5.656,was,-1.255360841751099,4.877864589538802,4.959247008586400,14.212217344603632
5.657,no,-3.708151817321777,4.976185122572749,5.729098792379280,16.316556367676082
5.658,longer,-0.010244996286929,4.592903094687946,4.573226204945193,17.201974197132454
5.659,allowed,-5.498964309692383,5.227013421702520,5.010681886597543,18.106680465091323
5.660,to,-0.010778070427477,5.206040510044201,4.793418713052977,21.108994760325032
5.661,give,-5.798686027526856,4.548744479397206,4.800838832112447,23.114145134618926
5.662,me,-2.077153921127320,3.792968643313669,3.941387070244760,25.104318572725749
5.663,an,-4.126967906951903,4.667780808238938,4.935713888887447,27.467605479617593
5.664,Elvis,-12.083306312561035,4.859348500558612,5.995680931402483,28.294640118352078
5.665,cut .,-21.941781520843506,11.328567304747216,12.170735129982772,59.252573992696526
5.666,`` Why,-3.741678795693588,22.990341933290239,23.074327742764087,6.110448386568651
5.667,not ? '',-14.521984033286572,29.105261738844980,30.192705693420031,18.034051922670905
5.668,I,-15.100487709045410,5.486570855596159,6.207015648084233,9.007179368039163
5.669,cried,-15.253370761871338,14.256075215285252,15.929139679501278,10.079003171458551
5.670,desperately .,-19.658240079879764,14.259081120084126,14.661929338944473,25.690056279922558
5.671,The,-1.652928352355957,6.216193485653642,6.231108800665612,3.459354033097218
5.672,kindly,-14.874499797821045,10.382925165774193,10.222955046731483,4.851262087496420
5.673,barber,-12.321628570556641,5.241475037938909,5.308070810375053,5.412625074283365
5.674,stopped,-18.639974117279049,9.703374342091321,9.414626531229331,5.031361964977894
5.675,by,-8.373314857482910,5.948879403248045,6.021124155700009,6.000316710418566
5.676,the,-10.082026481628418,6.193143894454217,5.952933329423527,8.241924108807487
5.677,matron,-19.961810111999512,9.870640639920063,10.117349193941262,8.971374354219455
5.678,did,-10.305137634277344,4.601999096644955,5.736640878255942,9.000004506623377
5.679,not,-5.352495193481445,5.103528630341833,5.009071073309756,10.308968418603797
5.680,"answer ,",-20.083976745605469,9.341711030311695,8.903249667022708,19.653468683404462
5.681,but,-5.140938758850098,5.476283528342688,5.525595061505530,8.935662201473953
5.682,from,-11.429820060729980,4.735467539488607,5.043149705622124,7.006365664595029
5.683,his,-10.347387313842773,4.901137630718896,4.644068705721289,8.849424441192363
5.684,"expression ,",-18.484749794006348,10.687842763408156,10.570499584950575,22.016133131211472
5.685,I,-7.608577728271483,4.072195053226031,4.958493256247482,14.278268583562980
5.686,could,-14.104983329772949,4.077314219242846,4.183819883409487,16.000003863659273
5.687,tell,-16.533758163452152,4.096322191765005,4.078507137199601,16.000015893938514
5.688,that,-3.909503459930420,4.563891500235925,4.785477134698152,19.290943746535351
5.689,he,-12.468519210815430,4.542022662778725,5.513308472573089,22.510917112739914
5.690,wished,-13.203131675720215,3.980689078285440,3.959547501875056,24.681392719038637
5.691,he,-13.111975669860840,4.715411794098771,5.437310318056229,23.482692587326799
5.692,could,-12.775887489318848,4.726032878124593,5.439458800639547,28.017436668362532
5.693,cut,-8.005299568176270,3.403870964290997,3.553907782939984,31.588714973150807
5.694,it,-12.770860671997070,3.921836657070877,3.938159353062110,32.574397756557715
5.695,as,-10.782526016235352,4.394729284548626,4.910017070748951,31.153552654620892
5.696,I,-11.760869026184082,4.720557194970834,5.321345634030872,38.927546088236497
5.697,had,-6.164088249206543,2.963225089592929,2.880196115808348,40.999862964072257
5.698,asked .,-34.874682903289795,17.543723919684709,18.713205908806753,87.324312214637814
5.699,Within,-5.704084396362305,5.937555060124816,5.788147610910076,3.063073600286912
5.700,a,-2.009390354156494,5.455965216072847,5.379091617278582,5.281512598268871
5.701,few,-0.861545681953430,4.282973415353070,3.932474112059217,6.259396079998973
5.702,"minutes ,",-3.165635794401169,11.484760980615579,10.811458168250178,11.548877628760710
5.703,it,-3.695391654968262,5.469151656202508,5.913840217962552,6.242299427446937
5.704,was n't,-4.561361551211121,22.899955675348970,21.795670547750397,17.187159486032748
5.705,an,-14.436824798583984,5.581593279019860,5.187235528970208,10.204302693592494
5.706,Elvis,-13.581980705261230,6.110773389109101,6.286227598495231,11.226005967935279
5.707,"haircut ,",-21.624279022216797,12.143316225979003,12.576951965203019,27.503735439284597
5.708,but,-7.926881790161133,4.895914607120255,4.933240848286693,15.173154919560394
5.709,a,-6.967086791992188,4.566248642720762,5.000560290935878,16.220710616854362
5.710,short,-8.048547744750978,5.196269207111016,5.195243133354281,17.247873979032693
5.711,buzz,-17.893108844757077,8.834351992214527,9.279000165414134,17.999887741899290
5.712,cut,-10.712181091308594,5.873277132026129,6.274782868018807,14.862316946305215
5.713,that,-5.694056510925293,4.412564610071930,4.775108234788898,17.999264574751113
5.714,the,-7.819452762603760,4.743942278906862,4.916682085272630,19.037717424422961
5.715,barber,-10.154967308044434,4.582628893107167,4.808346333231523,19.991630619802283
5.716,had,-12.135395050048828,4.382117437610044,4.951412572529431,21.055988730906360
5.717,given,-15.706762552261353,8.349822596808119,8.607415175253001,21.933708687216750
5.718,me .,-18.789228677749634,14.556143995184989,14.539778152880842,34.948851243151793
5.719,When,-0.057549852877855,6.076412383427700,6.237477393603897,4.052596691218262
5.720,he,-2.464729785919189,6.159255684819679,6.115840752830835,7.071702645460100
5.721,finished,-5.579103946685791,5.079271416558856,5.427101819997920,9.074553304911712
5.722,shaving,-9.861564397811891,13.697484054516902,14.134419994133911,11.986311379360592
5.723,off,-10.234914779663086,4.983819748230903,4.905658100934760,13.051718802893669
5.724,all,-9.938915252685547,5.109597340859342,5.352212837867560,15.056781853714789
5.725,my,-6.232600212097168,4.422987415907910,4.603410087514567,17.025055088920688
5.726,hair,-4.991971969604492,4.230108514863658,4.357733175181091,18.067526541183959
5.727,and,-5.293971538543701,5.309491442984336,5.886051270550838,19.043539429477807
5.728,made,-11.126632690429688,4.783992148441624,5.617489139045103,20.122137511569559
5.729,me,-10.703049659729004,4.510786626755940,5.388530681901751,20.999997056079909
5.730,smell,-10.005640983581543,4.549604792132025,5.011662269781760,21.829856309166022
5.731,real,-10.301639556884766,3.618493765467219,3.806340778162725,20.408237093212534
5.732,good,-5.902327537536621,4.460074029306028,4.373164862092142,22.021914709026518
5.733,with,-13.872456550598145,4.806668360344196,4.901112538775394,23.012751047979851
5.734,his,-12.797261238098145,4.601987317956507,4.748059477930236,25.663483924583147
5.735,"powder ,",-16.409715890884399,12.422156789959299,12.571658984860882,56.930333471552167
5.736,the,-7.506123065948486,4.148836110953612,4.912331019602870,29.931361678278432
5.737,barber,-24.107479095458984,3.416195014170269,3.368300115599412,29.999996579351745
5.738,handed,-16.772728919982910,10.580466905377497,10.072160201007780,7.797824937081407
5.739,me,-9.015617370605467,5.817341615287063,6.309171943618622,9.040827882046141
5.740,a,-15.544040679931641,5.091037927938308,5.438495458827525,17.729461118290200
5.741,nickel,-12.470659375190735,9.445721332054664,9.614511397449492,8.993572743033667
5.742,and,-11.701432228088381,4.551755170442218,5.884197568567326,10.175643816046248
5.743,told,-16.130407333374027,8.085473519500331,7.945829959456349,12.272958489608845
5.744,me,-8.173027992248535,5.212178372016797,5.461638358593311,13.176339625017686
5.745,to,-9.909643173217773,5.000566937686033,4.677142869370432,13.995618904228609
5.746,go,-4.421938896179199,4.904434672187773,5.055290873742617,12.298565451746128
5.747,outside,-10.726288795471193,4.900914858159384,4.668081680956082,13.554021734294416
5.748,to,-0.280409544706345,5.345442197115454,5.279436594320301,16.739513164874598
5.749,the,-9.770872116088867,4.507445676739747,5.203816211723064,19.073326193159094
5.750,snack,-15.439089775085449,4.594959005670114,4.437649656149707,20.001944063063604
5.751,machine,-13.092309951782227,4.385359882448199,5.079002022779037,23.111008046194147
5.752,and,-11.937538146972654,5.076543441664758,5.925801215470947,25.039628071533443
5.753,buy,-10.127691268920898,4.017123682597472,4.423419927134025,26.005610253092012
5.754,myself,-14.765221834182739,9.585787125488887,10.306431027995568,27.013428748983642
5.755,a,-11.168659210205078,4.508397624840597,5.193776030811977,28.100465074568113
5.756,candy,-15.163410186767578,4.410366040545510,4.742888791042741,28.999999925200267
5.757,bar .,-19.560374259948730,14.134954220552192,13.643591315082485,54.655464428395632
5.758,I,-4.873230457305908,6.519883222996932,7.028388733840723,3.200021004339848
5.759,handed,-11.076769351959227,9.581081097859716,9.352560028641168,5.602182003879848
5.760,him,-1.769816994667053,3.549172864174100,3.210649414789082,7.615283810056055
5.761,the,-2.557464122772217,4.299363720807453,4.533404498545340,9.883543816443556
5.762,nickel,-10.725890636444092,7.736802905558393,7.492062191168475,10.000540792128779
5.763,back,-2.071335792541504,5.029226100306267,5.368821148115066,11.076789624618080
5.764,and,-3.962679624557495,5.500117447399123,5.944999711735278,12.154169406786108
5.765,told,-3.344102144241333,9.525188686626825,10.083679736217347,9.521029981868788
5.766,him,-0.362649142742157,4.233544792431498,4.106528541150722,10.598959198746671
5.767,that,-1.730467438697815,5.463997852559460,5.614555260292941,12.669479634961450
5.768,I,-1.599327087402344,5.114572829939572,5.278672142440816,15.731894706131964
5.769,was,-1.296054482460022,4.560740407495602,4.365119407945247,17.740432806523753
5.770,not,-3.376076698303223,4.568853880316062,4.427236508340677,18.762237425058846
5.771,hungry .,-8.006926840171218,18.359383081792590,18.866701044499543,29.492863699047106
5.772,`` I 'm,-6.605001716790866,37.709939498922168,36.452711174299040,13.657971578958321
5.773,so,-10.242469787597656,5.699902881112255,5.962243366671807,7.845265324768651
5.774,"sorry ,",-9.389902524650097,19.965001835529836,19.884962015696807,20.709938089846801
5.775,"baby , ''",-33.522327899932861,23.377096169493079,24.003377140667602,36.659322171318436
5.776,he,-12.617179870605467,5.642730685309568,5.518115301218054,7.936185129202005
5.777,"said ,",-19.414508819580078,10.197976807644800,10.211547500446816,20.594882195622610
5.778,as,-11.566583633422852,4.464301890191023,4.084151779274746,12.999118183988450
5.779,I,-10.181263923645020,5.450897696283913,5.431028229549887,15.000564309160731
5.780,climbed,-17.708396434783932,9.931700685513286,11.275599400191224,18.110133589043979
5.781,out,-10.369924545288086,4.766426689808319,5.186132841106044,19.789544227950238
5.782,of,-1.267475128173828,4.757543997996262,4.529356211560136,21.995690679912528
5.783,his,-11.501089096069336,3.776795211607512,3.842624091027906,23.996789184559947
5.784,barber,-12.561271667480467,4.207165072494589,4.359240070330034,26.035212386296891
5.785,chair .,-22.903454542160034,11.019169052051911,11.046186483156340,55.053016769001303
5.786,`` I,-4.737508735535812,23.867805277916236,23.573958283951185,6.814012939598449
5.787,am,-4.219623565673828,9.455443300789140,8.470640605972319,6.823460492370930
5.788,not,-1.868879199028015,5.571768499304936,5.518875957372179,7.814367542488818
5.789,a,-0.731484889984131,4.838767655303808,4.906613801274103,10.071998070964529
5.790,"baby , ''",-26.783377590822059,23.615051304444123,25.293606690717102,21.633476328308884
5.791,I,-2.936878204345703,4.828420184688746,5.263254658238589,9.073067688323619
5.792,"said ,",-7.930336713790894,8.956221028944441,9.750978163001857,19.982719684679406
5.793,as,-2.882487058639526,5.510261012721676,5.517820604377557,10.954139957808799
5.794,I,-0.416832029819489,4.596937692138902,4.780967313009715,13.989449159357779
5.795,wiped,-11.783141136169435,4.188187805184438,4.484184257432876,17.592216946847966
5.796,the,-3.315287828445435,4.080457897335907,4.349522205866518,19.112972071852827
5.797,tears,-6.489593237638474,8.421038005055571,8.937685992165941,20.010318493363982
5.798,from,-3.099725723266602,4.447634456708538,4.496415882249940,20.356482915184735
5.799,my,-0.349634557962418,4.681943793934344,4.805410376558352,22.196373693898963
5.800,eyes .,-3.797460004687309,14.543454179716180,15.450543403041767,33.914132170637572
5.801,I,-4.873230457305908,6.519883222996932,7.028388733840723,3.200021004339848
5.802,then,-4.622736930847168,5.116905790061923,5.220438049148616,5.098069100432483
5.803,sat,-6.085370659828186,13.026309062785645,13.529517910803804,7.613571375425741
5.804,down,-0.369192540645599,4.581871401826219,4.730911657745292,9.581003333192660
5.805,on,-1.433797597885132,4.528241017331037,4.382885946552857,11.562736374284793
5.806,the,-1.321796298027039,4.922921021345616,5.140649650774660,13.811250652313351
5.807,floor,-2.973552465438843,4.677288600436282,5.238255088035551,14.873253384119902
5.808,and,-0.180247887969017,5.325523493162388,5.089050318513737,9.019607625638002
5.809,brushed,-10.959038734436037,4.661479099309867,5.562590832525399,11.112428334377118
5.810,away,-8.630277633666992,4.194631775537856,4.631027139517101,12.177621665932966
5.811,the,-15.238185882568359,5.621816158900809,5.896504697049602,14.021850450768593
5.812,hair,-11.240479469299316,4.640251928114330,5.221402678452201,16.289359074793932
5.813,that,-13.094882965087891,5.221903170262874,5.175272878372311,17.318707988068851
5.814,had,-14.575318336486815,5.336828145031321,5.274482050630092,18.314989833953632
5.815,accumulated,-11.176490639918486,6.466695847487023,6.821317934799461,23.049907840144801
5.816,on,-9.497777938842773,4.301764536066476,4.365209875726463,24.109750024366694
5.817,my,-9.502806663513184,4.273067798081188,4.366955581989848,26.999744386969290
5.818,shiny,-11.893640518188475,4.750468935384316,5.094998254650520,29.019315142758050
5.819,new,-5.165610313415527,4.901734701787972,5.045882829264028,30.024208205017381
5.820,Buster,-13.485712826251984,7.178443754631853,8.772161636633271,31.020866565316357
5.821,Brown,-5.717382907867433,3.850787329445923,4.277072114978081,32.042705084856919
5.822,shoes .,-19.381714344024658,11.382209476322011,11.369480062622845,67.118875100921741
5.823,My,-7.544108867645264,5.936641835674836,6.260718528162347,3.416975121735572
5.824,head,-8.068436622619629,6.341002131481321,6.172900630201100,4.444953627432993
5.825,was,-1.908480763435364,5.582650094512805,5.141374852903781,5.378949034690032
5.826,no,-5.515326499938965,5.810998820194518,6.233076308665796,7.447699208708914
5.827,longer,-0.254977494478226,5.113460233386125,4.780128816102300,8.313866784904425
5.828,in,-0.645753860473633,4.650196529801229,4.592492152749466,9.344099183691553
5.829,the,-1.280358672142029,4.718626838570527,4.535204912486705,11.486702336436892
5.830,"clouds ,",-16.025333821773529,16.214340211016424,16.893869823610110,26.014806162762902
5.831,and,-1.923488378524780,6.088066242987058,6.239773950568793,14.396884459510060
5.832,I,-15.759851455688475,4.980948702523111,5.822258157038809,15.527395296086846
5.833,got,-13.769698143005373,5.874840221001704,6.843450402767036,7.343888227546378
5.834,up,-11.741093635559082,5.919190462404258,5.803427369776906,9.264145588226606
5.835,off,-6.452550888061523,5.547981113544113,5.432972548180780,11.768086276794536
5.836,the,-10.760783195495604,5.636267396047126,5.600861123463791,13.919695436313416
5.837,"floor ,",-14.912507057189941,9.660154071337612,10.012721756080550,32.380621149242643
5.838,brushed,-23.666589736938480,5.187702614816380,5.215121132698784,13.336463254212312
5.839,off,-10.014027595520020,6.099898043972689,5.826754690349834,16.134520937027411
5.840,my,-9.556921958923340,5.749586673509413,5.792400279350902,17.190159175244492
5.841,short,-11.279547691345215,4.967250237991699,5.440146791359066,16.020145446466568
5.842,"pants ,",-17.502038240432739,15.770406420167392,16.522226507061955,38.072259838696851
5.843,and,-7.526741504669189,5.415969445841443,6.081823125792968,21.057815369327756
5.844,walked,-15.036907196044922,8.868950494785818,10.487386294966734,22.064504457610756
5.845,sullenly,-34.259390830993645,11.053612104605230,10.869702038884348,23.253987442069025
5.846,towards,-14.783918619155884,9.882127282863854,10.065450207497326,23.977261145931305
5.847,the,-6.966117858886719,5.972953477902657,5.901813509701277,17.273301987491870
5.848,door .,-21.521513223648071,19.058315454027543,19.906418878353428,39.022403971077281
5.849,The,-1.652928352355957,6.216193485653642,6.231108800665612,3.459354033097218
5.850,matron,-15.071335077285767,9.033205914224805,9.182813559996864,4.486432521709537
5.851,was,-13.737487792968750,4.715392556811000,5.439878889269562,5.742759561532253
5.852,smiling,-11.100060462951660,9.497383579596967,9.598165458736910,5.417078056729194
5.853,at,-8.381137847900389,5.618641283169455,5.701701867595992,6.004079312587573
5.854,me,-9.747335433959961,4.934166409892090,5.130861110056020,7.007090638747760
5.855,sort,-12.375299453735352,4.489060494729175,4.112669589200157,9.005413812434712
5.856,of,-10.731032371520996,4.546297073184023,4.348185062676188,11.000000001444898
5.857,funny,-11.056615829467773,4.430357650707870,4.581368308067626,13.019722403052073
5.858,like .,-18.733237385749817,12.048792942323821,12.203518167150229,31.976531191825572
5.859,The,-1.652928352355957,6.216193485653642,6.231108800665612,3.459354033097218
5.860,barber,-13.745780944824221,5.837420961592518,6.531847219576735,4.445609141527999
5.861,upset,-14.289262771606445,5.613637708711902,5.431149935703359,5.501299632825205
5.862,by,-10.322571754455566,5.974711041436051,5.873968914557749,5.530604368080941
5.863,the,-11.702918052673340,5.734001738641889,5.386184106220363,6.998957889804883
5.864,matron,-14.758768796920776,7.248561087040157,7.477763705668621,8.239845135477106
5.865,said,-10.691246032714844,4.774100595584931,4.536987466154704,8.356593336294191
5.866,to,-6.312550544738770,3.458873973907429,3.974439587146397,10.073560809301933
5.867,"her ,",-21.848478317260742,10.500071834137579,10.666469933541887,17.712340901108409
5.868,`` You,-16.860737321083434,17.089380223634006,17.022583402103841,25.328322913328918
5.869,are,-9.665883064270020,4.574982582167896,4.544457548443176,17.979394725716556
5.870,just,-10.990797042846680,5.514513484768038,5.583019115275935,10.071098431068265
5.871,a,-10.133418083190918,5.319219159829523,5.722758787169165,12.021276154757393
5.872,damn,-7.077251434326173,4.197854607145270,4.501116108320655,15.011744589081086
5.873,"bitch ,",-18.072304248809814,15.335878221482275,14.983510598795068,35.041866257902733
5.874,lady . '',-25.456994429230690,33.352105928494197,33.219451234824227,60.039443776589685
5.875,She,-5.398102760314941,6.513097172475808,6.651384949829806,3.124724563176501
5.876,yelled,-11.746965765953064,8.563100869398351,8.693737998757161,5.453639420845231
5.877,back,-9.608115196228027,5.309569488481642,5.969448236375634,6.537656919798594
5.878,at,-5.159067630767822,5.579108452281681,5.567512566374278,7.097726143526612
5.879,him,-15.350479125976562,4.984262568686286,4.683223855966680,9.047059032983169
5.880,at,-9.349246025085449,5.609816647008466,5.768768451245808,11.245424715603257
5.881,the,-9.712285041809082,5.882059413311932,5.827305993930564,11.160067066385775
5.882,top,-9.323037147521973,3.760825636395776,4.036599136003636,14.026042374212947
5.883,of,-11.352827072143555,4.981339930630883,4.778964360836278,14.915677706853444
5.884,her,-15.945581436157227,3.852458659654961,3.670834935841717,16.569435667660244
5.885,"lungs ,",-15.246894001960754,13.543360287825308,13.503268269109507,38.748507396839003
5.886,before,-9.753488540649414,3.791822514322318,3.930162871244302,20.882130786893423
5.887,walking,-16.810259222984314,10.840556593579128,10.571673598920523,13.163037231991350
5.888,toward,-5.815056800842285,4.965391161310666,4.915086063889982,14.994489956754510
5.889,the,-8.570000648498535,5.161735649403212,5.293984690933405,17.000033067132012
5.890,"office ,",-24.928718566894531,9.437299714088969,9.747929104187678,41.030521364354819
5.891,as,-9.737183570861816,3.911048832698837,4.297548928580473,23.083213130083081
5.892,fast,-12.431018829345705,4.678612009897599,4.771271075864719,20.924510282701370
5.893,as,-1.950151920318604,5.892358246980421,5.867395495076605,22.717613552043371
5.894,she,-11.603103637695312,3.808591758228202,5.132440443053639,25.039992767448364
5.895,could .,-25.249334335327148,14.095161070094385,14.556978219148553,53.179108977960183
5.896,To,-1.193354129791260,6.444844871272637,5.649328811201277,3.864917987645378
5.897,show,-5.593548774719238,5.832976724656055,6.351645130427758,6.055952017917598
5.898,his,-3.973122358322144,4.798796408264502,4.566666987929273,8.556641746447154
5.899,"anger ,",-6.527453292161226,15.614471903340458,14.676148625535482,13.529529646287054
5.900,the,-2.073311567306519,5.430211949869038,5.039871734820029,6.275521712252568
5.901,man,-5.115946531295776,8.618565697194120,8.563675093313622,7.486045222942293
5.902,hit,-7.262143135070801,5.057723361867934,5.571967399739469,8.340122163638039
5.903,the,-1.296113848686218,4.831222799501732,4.865733594405473,10.447769674330015
5.904,wall,-3.774978160858153,4.712110285004856,4.951655265324641,11.462641646675722
5.905,with,-0.671912491321564,4.139296317771119,4.574489652792990,12.177664757340336
5.906,his,-2.864083766937256,4.850288968738181,5.392030728268326,14.568529545015053
5.907,hand,-2.950104713439941,4.211862301897848,4.953652131294015,15.429810407829480
5.908,and,-0.236285328865051,5.394703733320037,4.924015213233996,10.766465961168873
5.909,then,-0.040603119879961,5.383786209547028,5.527404223161416,11.890991676772359
5.910,walked,-4.895975127816200,7.423241457145910,8.040467512870263,13.670938045719815
5.911,outside,-6.023763656616211,4.864175492661214,5.016405769881191,15.685101720569859
5.912,where,-0.029113675875124,9.452544779920306,10.211358311742352,18.602342341017817
5.913,he,-0.413653582334518,4.850361098718965,5.085873533035778,21.603849775497274
5.914,stood,-4.316393345594406,9.785791542564958,10.006252484344426,23.620608265352999
5.915,against,-5.137305736541748,4.391467364953606,4.457626121085863,25.296134627062010
5.916,the,-1.287221550941467,5.011433439450892,5.169256376678344,27.725462396938468
5.917,brick,-8.883356571197510,8.890276844482775,9.589735236359925,28.719456463680938
5.918,"wall ,",-2.645389258861542,9.175472818257116,9.280718807186382,48.324568224630468
5.919,smoking,-7.375195145606995,9.013213768784750,9.497033033744811,25.666618754390750
5.920,a,-2.746821880340576,4.941542102189588,5.327855124347828,28.547696695529574
5.921,cigarette .,-3.464727582293563,12.586450016239532,14.095020185380260,36.385524906752359
5.922,I,-4.873230457305908,6.519883222996932,7.028388733840723,3.200021004339848
5.923,understood,-7.677575162495486,15.191911639752840,14.433524644705518,5.183599177392580
5.924,right,-4.730595588684082,4.809842427938528,4.799399975321219,7.194765249457357
5.925,there,-3.217335700988769,5.320966465629647,5.519645510948896,8.013573144455629
5.926,my,-4.140362739562988,5.019001857837758,5.080790060905243,9.756195582656662
5.927,haircut,-13.422153472900391,5.514502473623086,5.161166547879178,10.001064377801992
5.928,was,-13.011491775512695,4.077099474425939,4.954113694339334,11.004173265522834
5.929,something,-13.792052268981935,5.967945362508250,6.292414055610474,11.964507420066983
5.930,that,-4.182881832122804,4.650436304625223,4.676387339837802,13.027196270829997
5.931,had,-14.116391181945801,4.858814194314635,5.144392314996575,16.956753082508410
5.932,been,-8.098807334899902,2.791729231399338,2.631678847000764,20.013116336116568
5.933,out,-8.246301651000978,4.119666470151921,4.926297474845001,22.013595608804646
5.934,of,-0.437565028667450,4.808836916709458,4.640691639342256,23.888317527988729
5.935,the,-9.915430068969727,4.136464936376266,4.282054892252680,25.000149149696192
5.936,power,-9.209631919860840,3.533583480826451,4.078608508703547,28.040220690583158
5.937,of,-8.045302391052246,3.549338238054403,3.441363189588809,29.027999396546072
5.938,the,-11.280189514160154,5.128014830359277,5.209089363492454,28.513796111426249
5.939,barber,-12.922584533691404,3.873444727464087,4.056529070341528,33.060488507707930
5.940,and,-3.382909297943115,4.273461327029096,4.312980382900727,34.021439863761060
5.941,then,-10.724343299865724,3.399182765516869,3.259982195405573,35.020546494503186
5.942,I,-10.376358032226562,5.087311860175070,5.785344144361920,36.023035335004785
5.943,slowly,-10.765624601393938,7.169935112488894,7.207523826135339,36.986764249958959
5.944,walked,-15.277956962585449,8.420610912490272,9.313730093818528,37.918882777463608
5.945,outside,-10.415115356445312,5.015812701828782,5.002725189533130,34.062817215781287
5.946,to,-5.472559452056885,4.512860153103572,4.412365304415074,40.137688158565936
5.947,join,-11.745379447937012,3.943891468448877,4.366403583738352,43.372550762883641
5.948,the,-8.827456474304199,4.253345753441507,4.651240104769758,46.094462496246436
5.949,man .,-16.897933483123779,16.700857126029483,17.818490400515749,98.070521466955142
5.950,He,-3.091049671173096,6.821128250995057,7.122151286628733,3.089313103261496
5.951,looked,-8.619655728340149,8.982930508521731,9.250006604693542,5.534225104225300
5.952,"down ,",-3.865931302309037,10.048789271023477,10.134753807687609,14.790592326706522
5.953,smiled,-4.987620687112212,8.342423371701496,7.994192444824723,9.025164719906789
5.954,at,-11.769972801208494,4.937494234130813,5.362397648353503,10.267508649074184
5.955,"me ,",-22.836826324462891,9.762935681562713,10.842348859307553,23.067371360720639
5.956,then,-8.116399765014647,2.411364127489207,2.242313733140162,14.999419613160756
5.957,he,-12.360989570617676,5.378840211365696,6.532256939948867,12.039071409466837
5.958,patted,-18.318120002746586,14.342282370907036,15.300579216420415,13.480468550155926
5.959,me,-11.485098838806152,5.499972415585228,6.005400153527272,14.000000998119676
5.960,on,-10.916197776794434,5.120468714130776,5.310037169444542,15.000002703079716
5.961,the,-0.957623302936554,5.202223539303708,5.371687315609020,19.254806157891199
5.962,top,-14.070571899414062,4.793030353011567,5.169867088907329,21.119694787027949
5.963,of,-11.912305831909180,4.937837449962000,4.931409470360125,23.426947255387621
5.964,my,-9.274914741516113,4.523021779743950,4.746151223993278,24.464807433369856
5.965,bald,-19.503039836883548,8.357562791066817,8.511998752787559,25.578102500190774
5.966,as,-8.647079467773438,3.620057586265264,4.542329543607615,28.663253340931245
5.967,a,-12.194142341613770,4.619566638033478,4.883865521262766,29.901771413923573
5.968,coot,-12.538407742977142,9.788226360558717,11.167057035749920,30.832975806454371
5.969,head .,-23.430022716522217,12.821889104394636,13.648721880025096,63.243589747181396
5.970,It,-3.523702144622803,5.975466083379700,6.746003274069055,3.255935461031633
5.971,was,-2.202806472778320,5.612470929407762,6.038403578106284,5.170998584181224
5.972,a,-1.793869495391846,5.652907311660521,5.850153681040768,7.758013063490379
5.973,fact,-7.257101058959961,5.392513992674852,5.623796004250688,8.842188413778146
5.974,of,-0.050656102597713,4.582626089288857,4.224444379859992,10.133736546642655
5.975,my,-7.403292179107666,4.795250634640804,5.141737824020939,12.221411932906449
5.976,life,-0.586010038852692,4.632952373403421,4.757586417277377,13.125661677536016
5.977,that,-0.130062714219093,5.156543365257996,5.100898348196231,10.056063595472876
5.978,I,-1.306891798973083,4.901986296256267,4.807346950599538,12.882968936107748
5.979,was,-1.705931305885315,4.335920151506564,3.838001589155911,14.807963278469195
5.980,not,-2.344529151916504,4.551413567424778,4.335834066889902,15.932029708069713
5.981,gonna,-23.488328933715820,8.421999965845277,9.604497723873306,17.034605138663373
5.982,have,-9.662382125854492,4.514369913399134,5.263665854186875,18.009681635974378
5.983,hair,-11.661766052246096,4.722168785727195,5.303558970889365,19.006952390313455
5.984,that,-11.285989761352539,5.724740245998506,5.633477476845227,20.001777287083389
5.985,was,-10.889734268188477,4.397639449892145,4.195088335060356,20.999703619378170
5.986,anything,-12.097009658813475,4.975978125073412,5.092460255699001,23.000012719172453
5.987,like,-8.293219566345215,3.469772761453885,3.684100257712959,29.253384302859253
5.988,Elvis 's,-27.241499423980713,17.073615533175410,17.789045928001418,66.177039398491530
5.989,anytime,-13.457799911499025,10.157654428497468,11.246716025327141,36.574072869727033
5.990,soon .,-13.734897375106813,11.871894811125784,12.819829513064636,75.563619200385219
5.991,I,-4.873230457305908,6.519883222996932,7.028388733840723,3.200021004339848
5.992,then,-4.622736930847168,5.116905790061923,5.220438049148616,5.098069100432483
5.993,looked,-5.664704918861389,8.993961300146086,8.960835084520671,7.410278368353312
5.994,up,-1.216396331787109,4.996950735215376,5.346537693642524,9.563258999616878
5.995,at,-2.128865480422974,5.073694697614481,4.774377000805205,11.671405032491474
5.996,the,-1.815068244934082,5.247221856580412,5.242596985614032,13.769537930359002
5.997,barber,-10.828141212463381,4.190712579100393,5.240532240597074,14.645996090155673
5.998,with,-12.576028823852539,3.913787921364368,4.709677330261919,15.666905779843946
5.999,my,-13.405602455139160,5.522784278315046,5.622789838263120,13.849809845351350
5.1000,wet,-10.912554740905762,4.456353453601243,5.125330639484940,15.536760427418219
5.1001,red,-7.030084848403932,9.122898258018584,9.472696417970916,16.010957487490469
5.1002,eyes,-6.002144813537598,4.747556671448028,4.816332339970762,17.006168766352626
5.1003,and,-4.741840362548828,5.672701173107472,5.764907297528112,18.001938767477625
5.1004,"asked ,",-21.261969566345215,14.191389911101624,14.535101668221159,27.999333411957508
5.1005,`` Do,-6.815302567556501,21.658216176557382,22.476641357964784,21.000069260961567
5.1006,you,-8.933652877807617,5.272791791149032,5.226053770569254,13.043438036438346
5.1007,know,-14.028882980346680,5.441725793480301,5.850503213999755,15.010543794045448
5.1008,if,-8.591465950012207,4.900041599987784,4.832187556978008,17.003187722995509
5.1009,Elvis,-17.490684509277347,4.800402753518453,4.883691216362072,19.001211270556301
5.1010,Presley,-14.507175445556641,4.127188426993952,4.051078261944843,20.000006373677611
5.1011,has,-13.702485084533693,4.889586369661468,4.869175419855229,21.000000253166608
5.1012,green,-15.425976753234865,4.649265013471607,5.012576795976019,25.246349845942802
5.1013,bones ? '',-36.083672404289246,25.595923696431772,24.931132901139947,76.917016823333199
6.1,This,-4.522065639495850,6.167534451953133,6.325319729993812,3.261062476449923
6.2,is,-0.719415009021759,5.994266424785790,6.028397715765022,5.176972521390871
6.3,a,-1.327028036117554,5.265572569207248,5.573055954845499,7.929158862079031
6.4,story,-4.124115467071533,4.912733780650974,6.341860208426193,9.097539752288279
6.5,of,-0.346863329410553,4.397158079118351,3.870820818097595,10.169611169536509
6.6,how,-0.067347370088100,4.978497626540550,5.194627140637528,13.145473698470500
6.7,Mr.,-3.725123276468366,9.813698325766945,11.031252856762505,16.512686586865669
6.8,Sticky,-18.572985649108887,10.779523189842930,11.734995418340500,17.584309610213598
6.9,got,-16.029413223266598,4.522407815262933,5.044188587864982,18.919451759295534
6.10,in,-12.577751159667967,4.635305580860918,5.116374501477861,19.974365447638547
6.11,Abby 's,-22.292143002152443,13.455392886102308,13.209950855451451,39.087875915928862
6.12,fish,-16.471101760864258,5.006294901087575,5.731768884631764,20.028260273822532
6.13,tank .,-24.762445926666260,12.936527568119942,13.591993124457506,43.000218860122501
6.14,`` He 's,-7.222391727296781,37.057027344420845,36.236478613355423,13.522561754513262
6.15,very,-10.476526260375977,5.557316194229448,5.077440312203506,7.852935163645169
6.16,"small , ''",-23.511019587516785,27.451007840326614,28.955232667970176,26.161489675596094
6.17,Abby 's,-28.337685883045197,15.192091002534362,14.893381758706527,26.468809883584406
6.18,mom,-14.097289085388185,4.983902021708366,5.203035858164129,15.476465926333391
6.19,said,-11.025905609130859,5.579295172437668,5.596748019719350,14.038701430561623
6.20,as,-10.078306198120117,5.584160645809512,5.832318752107438,15.004794480973294
6.21,she,-11.397522926330565,5.071183056865761,5.147352295931381,17.909716883838843
6.22,peered,-25.969012260437012,7.640381926679161,7.433565839662021,19.410763845224107
6.23,at,-10.819158554077148,5.312674980795956,6.080105963044572,16.000009923086814
6.24,the,-7.709587097167969,4.696833359972661,4.582075874456472,17.135332099573180
6.25,tiny,-13.426370620727539,5.333772467659215,5.522377329803697,20.103857651786051
6.26,water,-14.051184415817261,7.417187428041419,7.986441715646134,22.067221250535962
6.27,snail .,-31.240262508392334,13.129187140844291,13.097971478208049,47.951304995653267
6.28,Abby,-11.094477653503418,4.863508870421332,6.018668837297732,3.747565479642037
6.29,said,-12.027268409729006,5.612254782188432,5.737446882016966,4.625134486903614
6.30,that,-11.863464355468750,6.634343904061693,6.528518257006116,5.564361768022718
6.31,he,-10.875985145568848,5.619903858486439,5.262520024181484,9.090746891731495
6.32,would,-10.754112243652344,5.510939109747222,6.374634751374156,10.670461066374818
6.33,grow,-7.555809497833253,3.519428586184368,3.183626766309633,12.869643393476512
6.34,and,-9.822943687438963,5.094147712348379,5.221254561572495,14.685685728271089
6.35,then,-8.767985343933105,3.999369875149549,3.794682076001610,15.477121738574336
6.36,pulled,-16.460844039916992,8.481750712757345,8.393906266699569,16.381026977883092
6.37,her,-10.268401145935060,5.066699580881594,4.839640753601673,16.075982158393249
6.38,pajama,-15.239810228347778,8.724931055409089,8.564146562976497,18.612973430406424
6.39,bottoms,-8.517649754881859,10.315771369524663,10.278395812845414,20.052825733464008
6.40,up,-11.068694114685060,5.973435325186088,5.949697276371615,21.018153305431106
6.41,again,-8.108113288879395,4.894018914646732,4.777843352644606,22.010582834762467
6.42,before,-11.143672943115234,5.783839751467623,5.603133301988811,23.024515750444031
6.43,she,-11.601218223571776,5.513557145306405,6.208835679429858,24.041483657612748
6.44,got,-15.011942863464355,5.172939623021898,5.436775569857926,21.000000829478559
6.45,into,-11.746039390563965,4.583863677762687,4.516109932505517,23.004304529134952
6.46,"bed ,",-30.085911750793457,13.385829438206803,14.149272527481649,53.000143334221335
6.47,for,-8.987835884094238,5.086397373162451,5.613497595937731,30.032325125368711
6.48,they,-15.232049942016602,3.959304405397904,4.747357730929950,32.000035874370013
6.49,were,-11.518329620361328,4.167998483839733,4.133914210405599,34.000041920824358
6.50,always,-16.419946670532227,4.676766945245401,4.541255600962831,31.333902232195314
6.51,falling,-14.755688667297365,4.139895044187774,4.055484182349918,22.479734066562568
6.52,down .,-22.890236496925354,11.501081795804154,11.333050122062470,54.020605524765664
6.53,"Usually ,",-7.128007411432918,19.122487178042949,18.196118585435460,7.282124037652725
6.54,Abby 's,-20.367331185858347,17.785234969512754,17.677791720792165,14.452003323763916
6.55,mom,-21.509037017822266,4.901575224327797,5.630272522186814,8.113046357320759
6.56,got,-12.627796173095705,4.911634184330780,4.531162796070073,9.162782660871503
6.57,up,-7.930440425872803,4.894799791067352,5.692851844180526,10.484636462497267
6.58,at,-12.003349304199221,5.808513704996670,5.890409242119214,11.763311848380306
6.59,the,-9.770060539245604,6.192823222465411,5.608345023063484,9.991807713489537
6.60,crack,-17.116481781005859,5.394568620145034,5.416070639238749,9.001393902129493
6.61,of,-6.227072715759277,5.078911942848448,4.672389896528753,11.000674911678507
6.62,"dawn ,",-18.942805290222168,14.829984007294247,15.227521508668335,29.153618893225016
6.63,but,-7.862815380096436,5.554783708756029,5.555137112487110,16.054131260294739
6.64,it,-8.342829704284668,4.006508130596734,3.937150612114865,19.226147796586801
6.65,was,-15.226647377014160,4.670729084748342,5.139205970373950,20.179832138106079
6.66,Abby,-24.443506240844730,4.543472752663564,4.571933172843348,20.997841899117802
6.67,who,-12.089569091796875,5.692290168932887,5.502872681251245,16.758254708145529
6.68,jumped,-13.003946304321287,5.069282701650511,6.026859451755705,16.992702450377401
6.69,out,-9.400958061218262,4.827490871344447,5.395759531467239,18.995490902483603
6.70,of,-9.972811698913574,5.333921215791119,4.970121397265435,16.000342053119660
6.71,bed,-13.675507068634033,9.116262435975194,9.265289022714633,17.002436089496545
6.72,first,-14.631716728210449,5.335306700991513,5.551158576891759,20.272269779269184
6.73,the,-8.984581947326660,4.061380145233914,3.785426827968673,23.112481274127070
6.74,next,-9.674309730529783,5.455508813500846,5.190913845785858,24.011807719889930
6.75,morning,-15.324370384216307,4.810131742421812,4.877678383657831,26.015855629818720
6.76,and,-9.664021492004396,4.678511102832721,5.669677605408466,28.009604564617558
6.77,switched,-12.853489398956301,8.476498851610316,8.919165711222266,28.070230801957841
6.78,on,-9.496330261230467,4.472826843883341,4.596185687869021,28.009484202771610
6.79,the,-6.120299339294434,5.098891391906744,4.934126511835045,29.013514063171922
6.80,light,-9.264115333557127,4.473773111811523,4.137996172433064,30.007774743071380
6.81,in,-10.140233993530273,4.402651075167311,4.511039868713604,30.532011903012123
6.82,her,-10.269616127014160,4.204800041746480,4.031613034458728,25.998925816490736
6.83,fish,-19.536388397216800,3.616350843172222,3.390644866432741,28.001374478391963
6.84,"tank ,",-20.622563838958740,10.742222148805213,11.879840486457379,61.663407233040999
6.85,which,-13.006643295288086,5.214967809066988,5.355378389075956,31.999990412602720
6.86,contained,-13.417786061763765,7.618165914184872,7.697901224106147,33.999974194389317
6.87,three,-6.702073097229004,4.889945508033497,4.819553999935023,33.999607899481809
6.88,fish .,-21.706392288208008,11.843747615794781,11.709324776777812,48.017450504696953
6.89,At,-2.780373811721802,5.767618461651245,5.566398876401395,3.136050542062083
6.90,"first ,",-4.701425135135651,11.403729514881700,10.752931712497787,8.628718647945799
6.91,she,-3.825986146926880,5.732566663141857,6.096212963503080,6.514290855815895
6.92,could,-4.306859493255615,5.158003388952727,4.968792833430854,8.195497492145039
6.93,see,-3.572239398956299,5.115497495010975,5.596807048373643,10.197261356590010
6.94,neither,-9.102413177490234,4.378557410251601,4.695949282916336,12.212631631676087
6.95,hide,-11.373518943786619,3.930355209171773,3.800071597523189,13.097340344510741
6.96,nor,-3.983727455139160,5.113694005049660,5.130393201294869,14.178412770424133
6.97,hair,-7.483627319335938,4.117559963783382,4.390140083322261,15.681960742440875
6.98,of,-6.023837089538574,4.750090900595596,4.637003381997174,17.019743563881349
6.99,the,-2.065227270126343,5.148104720530319,5.315586495918763,18.409705158030526
6.100,"snail ,",-18.762576103210449,10.185864550496220,11.554594978155912,37.866971267808765
6.101,but,-7.742292881011963,4.680124028744955,5.049690967735644,19.990303838594350
6.102,then,-7.047480106353760,3.732768823172036,3.554186819697845,17.997982844699951
6.103,she,-11.868844032287598,5.043085169547166,5.529960419536763,18.521126526223352
6.104,spotted,-18.171809673309330,10.207604942693278,10.338683792695708,19.328096179354571
6.105,him .,-30.354218959808353,13.497913584132764,14.310923062233043,45.140805878686265
6.106,It,-3.523702144622803,5.975466083379700,6.746003274069055,3.255935461031633
6.107,had,-4.190362453460693,5.885143105814650,6.344733550679942,5.171657735936994
6.108,taken,-5.821474075317383,9.381427206434767,8.747367598076677,7.268070236935186
6.109,Abby,-16.081449508666992,4.136842336281859,5.662925615020865,9.354320584739137
6.110,a,-11.261519432067873,4.873636383417224,4.891068565954245,10.258085819018982
6.111,while,-11.970293998718262,9.489533871761150,9.422225195687124,11.012818966899953
6.112,to,-9.665431976318359,5.622660154128880,6.111026122032901,12.000001650961455
6.113,find,-11.991312980651855,4.936644211231734,5.105058236524694,14.942836106178195
6.114,Sticky,-23.549783229827881,12.566064556375569,13.240033422776392,15.843184328640110
6.115,because,-16.582302093505859,9.674234642622483,11.183879577363957,17.001593829253501
6.116,he,-11.517762184143065,5.559567809293126,6.518152243851961,18.002121140616712
6.117,was,-12.877360343933105,4.988993476543677,4.977910758779625,19.003172709548096
6.118,clinging,-22.817109584808350,8.621247727864029,8.602953045400321,20.100312948512293
6.119,to,-9.043540954589844,4.818033223100450,5.592783181983943,22.077621235127225
6.120,the,-8.981037139892578,4.120624303012308,4.072715171558255,23.344057502995053
6.121,glass,-8.758517265319824,4.152425054114529,4.078078386417257,21.042051398474506
6.122,near,-13.091262817382812,4.742167891302102,4.586492909308721,22.018418292133479
6.123,the,-9.243623733520508,4.922775508861124,4.948673874292557,24.317224256508908
6.124,"bottom ,",-14.926430702209473,8.491439510846870,8.888106198843300,60.664827523133482
6.125,right,-7.774055957794189,2.865419039184565,2.767294058948648,29.000000483192693
6.126,next,-5.707201480865479,4.992138249713631,5.507700700359812,31.712704364199208
6.127,to,-7.701110839843750,4.437886704377211,5.000727277601348,32.579038360800588
6.128,the,-15.431425094604492,4.681027753505635,4.591279546081911,30.716488732356741
6.129,gravel .,-31.645796298980713,21.160763091781149,21.066465558630632,63.007530897197967
6.130,At,-2.780373811721802,5.767618461651245,5.566398876401395,3.136050542062083
6.131,school,-8.849943161010742,5.906682879386818,6.101635758676019,5.220956320965688
6.132,that,-0.013539625331759,6.184876990759388,5.741812213295058,5.370474278795893
6.133,"day ,",-2.047431796789170,15.519189098749029,14.987605083337609,12.187216315920555
6.134,"Abby ,",-21.160621643066406,9.716521230192001,11.686328495642464,17.815739830377854
6.135,encouraged,-14.270936250686646,10.272620057787520,10.374138826284618,10.318057289178617
6.136,by,-8.475644111633299,5.936897817577318,6.138899755866582,11.000472970597649
6.137,her,-12.145153999328613,5.705444739407243,5.322393416148247,13.000008857246305
6.138,"teacher ,",-13.511236190795898,10.541830839107798,10.341687468175202,31.102281955952208
6.139,wrote,-14.155569687485695,11.488154568090261,11.817615942472957,16.911929667805165
6.140,excitedly,-24.400684356689450,10.877069442685961,11.415867957894120,14.063115678982131
6.141,about,-6.041168689727782,4.767228689015822,5.000226032269294,15.119324979100107
6.142,the,-9.115735054016113,4.574463100098638,4.530079396296247,17.834359782171770
6.143,small,-15.022196769714355,4.767697121481514,4.912315395684672,18.928916257059022
6.144,and,-10.838953018188477,4.531106891572608,5.164692392647653,20.208056286758872
6.145,mysterious,-12.636349678039551,4.018931931144543,3.818030787421868,21.095161815095388
6.146,Mr.,-14.829804173670711,8.951173928907476,10.162578267298947,22.003352044230851
6.147,"Sticky ,",-19.848492860794067,15.813616920193997,16.644219169327993,46.236031498271046
6.148,who,-10.145908355712891,4.382201748055216,4.713421830483989,25.227881374067135
6.149,you,-12.752371788024902,4.716384795671881,5.356287522477144,26.543804103904190
6.150,could,-11.166545867919922,5.016431008203899,5.215494829831854,27.667714295890192
6.151,mistake,-12.783725738525391,5.050452378387991,5.036179375269723,28.608595145027870
6.152,for,-8.425579071044924,3.937944913350182,3.965546991942621,21.656171400769690
6.153,a,-10.146498680114746,4.736269509367558,5.007350520458262,24.433127424164681
6.154,piece,-12.608208656311035,7.013249792909710,7.040954883243918,26.001125190150965
6.155,of,-10.293148994445801,4.287976513260737,4.247943575842990,29.093308456739859
6.156,gravel .,-29.338268041610721,18.184529361700669,18.013966193116598,65.061814238575721
6.157,He,-3.091049671173096,6.821128250995057,7.122151286628733,3.089313103261496
6.158,seemed,-7.822633166797459,9.932106877851014,9.104490266394821,5.201595595652934
6.159,an,-1.866386890411377,5.699189475279452,5.488468080303331,7.791454374817275
6.160,ideal,-3.239104270935059,5.505456174804957,5.995668144588731,8.871233349285479
6.161,pet,-10.228184700012207,4.958331042234648,5.757947606104593,9.670872492706437
6.162,for,-1.040503621101379,4.880290041766806,4.508017841720875,9.945802820928694
6.163,"her ,",-7.927056550979614,10.628935432936091,10.627622265146183,20.972431590298029
6.164,some,-5.606077671051025,5.120469754249412,5.626194999637956,15.664415858722286
6.165,of,-0.000518187705893,4.216858067138039,4.540617976159538,17.883695314051355
6.166,the,-0.291414201259613,4.949755544075293,5.076736405085106,20.687511162415941
6.167,girls,-7.341251149773598,8.638641353094641,9.176536927316805,21.983180432348281
6.168,in,-0.528791308403015,3.302433581565892,3.326423434324257,23.340251172179499
6.169,her,-1.757032155990601,4.043802505421214,4.426693686172085,25.464290919216371
6.170,class,-3.878805518150330,7.408186276936477,7.881813699382247,26.600139367878239
6.171,"teased ,",-19.637575149536133,16.190294171171537,16.635937601257538,50.468645774793103
6.172,because,-10.220249652862547,8.453096735070702,9.372566396196943,17.793677181519602
6.173,Abby,-18.876117706298828,4.620726896916961,4.724477447774962,18.996750020568310
6.174,was,-12.906916618347168,4.848260072156614,4.670173034429621,20.000849116202499
6.175,also,-12.107327461242676,4.499900435701711,4.433983975342282,21.001424831687558
6.176,very,-13.303318977355955,5.343357340088626,5.223078356325842,20.221490505315206
6.177,small .,-18.423340320587158,13.240957706686389,13.766797381717836,44.001305193942905
6.178,That,-4.288662433624268,5.846706585606485,6.101714405391387,3.184729691369745
6.179,"evening ,",-8.745181441307068,12.669920169088449,12.141452821149176,8.296598177674140
6.180,Abby,-12.853225708007812,4.860308714400817,6.249086991404631,6.647060076405911
6.181,turned,-14.843816757202148,5.142975376863377,5.825855622436732,7.482712773677722
6.182,on,-11.124917030334473,5.583763627515599,5.572986974502821,8.329530669354186
6.183,the,-3.197648286819458,6.388596620740469,6.262826259266879,9.290589068369846
6.184,light,-11.679247856140135,4.815984630211538,5.373999281501791,12.510479594330988
6.185,and,-3.695926189422608,6.153461263401161,6.293647917963248,13.323024928590751
6.186,found,-16.482875823974609,4.163737613333227,4.862503661563954,14.282918334946494
6.187,Mr.,-9.463417817838490,10.633989477751863,11.677271836808181,11.020746573064644
6.188,Sticky,-15.895732045173645,11.539731645300298,12.081303488980188,14.069049271188369
6.189,clinging,-15.221623182296753,9.614242116681252,10.171625685684429,15.061706083510108
6.190,to,-6.601837635040282,4.732577030655822,5.343301290740821,16.098994253369938
6.191,the,-7.250684738159180,4.797918516751706,4.552335174294219,17.089903965545357
6.192,pond,-9.842290043830873,9.043702886520981,9.124838616650337,18.193952878172279
6.193,weed,-9.449641823768617,8.238307730918141,8.357532217086645,19.695526351448692
6.194,and,-9.582496643066406,5.706457178095082,5.476143724655040,20.992434882375537
6.195,bobbing,-18.487137556076050,11.814471524564896,12.191776988509947,19.000020351461092
6.196,about,-9.255129814147949,5.180812664683909,5.803926256193920,22.404321478721773
6.197,in,-10.254637718200684,4.430394992703975,5.100869837130026,23.197194330720709
6.198,the,-10.682409286499023,4.000928181772310,3.852889883065221,24.650326354080647
6.199,air,-5.119146823883057,3.959508060344030,3.801115670936788,25.445410790673023
6.200,bubbles .,-24.105189681053162,16.546722639522834,16.275054198571553,51.548080561416135
6.201,`` That,-6.482920369981002,23.264950864516624,23.245443070922256,6.683300257243104
6.202,looks,-6.470309399068356,8.507128364075081,7.970606623491579,6.781426463039463
6.203,fun ! '',-33.388318439712748,29.711828625133194,31.751459595334161,20.588798787554516
6.204,Abby,-23.993257522583011,5.959157476612494,6.337642533287054,6.884486542514613
6.205,exclaimed .,-21.173503994941711,18.417130058973516,18.515487290841520,23.730972750873583
6.206,She,-5.398102760314941,6.513097172475808,6.651384949829806,3.124724563176501
6.207,tried,-7.521766185760497,5.411254812497469,5.937017413240476,5.457522955199244
6.208,to,-0.071054846048355,6.076321157920924,5.673818614887682,8.432704996459828
6.209,imagine,-8.094168663024902,4.896296854145029,5.106032968338383,10.341029005845247
6.210,what,-0.268385291099548,5.102605199072759,5.184437176197418,13.381037848398707
6.211,it,-3.519122123718262,4.821752617068910,4.798319104123968,16.460517559221202
6.212,must,-8.863314628601074,3.969915162518805,3.444066751236074,18.264362786189320
6.213,be,-1.059988260269165,2.597404633459465,2.458512402630743,20.262180754077630
6.214,like,-0.259082704782486,4.666127613173539,4.614029855379335,22.190589379832772
6.215,to,-0.037213884294033,5.149711342011248,4.924074681524417,25.103284309103426
6.216,have,-3.442423820495605,4.924429273276792,5.037604624172602,27.091787415192233
6.217,to,-0.016734344884753,4.559942356356463,4.392720661173673,30.054526534189630
6.218,hang,-8.183679342269897,7.844266346831335,8.280989531394217,32.151272362234408
6.219,on,-0.244559839367866,4.081040882085440,4.349674747208701,34.124977774851786
6.220,to,-0.143737882375717,4.845254857093042,4.777592106059299,36.097230998413430
6.221,things,-6.250728845596313,9.003478459292488,9.554520970953183,38.399131673927720
6.222,all,-2.704293727874756,5.203740637870987,5.725345878281666,38.349253819777452
6.223,day,-3.454484045505524,8.203002126800165,8.967438472936113,39.062927062996600
6.224,and,-6.550726890563965,4.453569486072485,4.647109904952972,40.157430167134201
6.225,decided,-17.086544036865234,3.702495427471829,3.424849466005136,40.895471424659092
6.226,the,-2.048600196838379,4.303918443225297,4.511318733934706,37.531486458642895
6.227,answer,-5.543411254882812,4.852378881046516,5.063703039332379,30.419795989484896
6.228,was,-2.400071859359741,3.055506077318355,3.312137276930351,33.138180838524519
6.229,that,-0.586761534214020,4.631891722032226,4.552821686902272,34.197117105390113
6.230,it,-2.483760833740234,4.231302093077194,4.424517897356210,37.334537873171847
6.231,was,-0.883316934108734,3.678982002333617,3.711316198561943,39.615212189703811
6.232,probably,-4.311298370306758,8.007257228690380,8.847611018677497,41.549318222677591
6.233,very,-5.556958675384521,4.402467857633542,4.301575367284546,43.697729949450427
6.234,tiring .,-30.225045248866081,20.542762633456380,21.271933805880199,88.514090635294934
6.235,Abby,-11.094477653503418,4.863508870421332,6.018668837297732,3.747565479642037
6.236,told,-18.816787242889408,9.835163628062576,9.542503130324423,4.716505954160692
6.237,her,-13.164863586425779,6.298844559396057,6.787209249873240,5.990690595018972
6.238,mom,-9.314816474914551,4.782590802778562,4.659491401127928,7.740329421880298
6.239,that,-11.385635375976562,5.382274412651798,5.332898775391137,8.934111213254976
6.240,she,-10.954162597656250,5.046375230917363,5.272888724696617,9.978131630791236
6.241,thought,-13.664195060729980,5.487654605587280,5.589232143489447,9.351752920277919
6.242,Sticky,-18.060302734375000,11.839227570214586,12.943961863174676,12.432271914635727
6.243,had,-2.586840629577637,4.441790895205156,4.121331807588644,14.359856772137420
6.244,grown,-11.849669456481935,3.953126088642291,5.065470636581129,16.026259180794330
6.245,a,-10.319475173950195,4.412307758751036,5.099549900665741,17.014195654736508
6.246,bit,-5.796338558197021,4.432080985579701,4.613653438457251,18.011601566415948
6.247,the,-11.118284225463867,4.367238710468220,4.855971264161855,19.415307617514785
6.248,next,-11.844493865966795,5.329638240117203,5.321415376176733,21.000003540305460
6.249,day,-6.102781295776367,7.675621485973594,7.869415067430295,24.230186500971069
6.250,at,-12.507662773132324,4.815356832803039,4.848784802037431,25.334880085007118
6.251,breakfast .,-25.059968322515488,17.655423821683815,18.368948235527597,54.624448063219447
6.252,`` Just,-7.684586248276901,22.637786734160755,22.497255632769562,7.095625117413602
6.253,as,-1.056751012802124,5.334958116027091,5.086061710137213,6.437282829679501
6.254,well,-2.950736761093140,5.765705652587362,5.527469722608032,6.420239024509582
6.255,if,-6.285420417785645,5.748960290952795,5.478321540092135,6.416720437032831
6.256,he 's,-5.733861319720745,16.680458164467147,15.809625837289886,20.775891078566371
6.257,going,-11.336594581604006,4.843283734488776,4.735407212281173,12.368624393430537
6.258,to,-3.326841592788696,5.224406988978648,5.063631570606722,14.399604168345920
6.259,be,-4.481053352355957,4.476489808277641,4.372872946571730,17.543244383316761
6.260,gobbled,-11.463030815124512,4.972475109734081,5.614293870580739,19.592250786914040
6.261,up,-6.668500900268555,4.721693002709968,5.287693389476089,20.999560201009434
6.262,like,-10.985292434692383,4.112427480987945,4.099103506390928,21.999948106396054
6.263,"that , ''",-41.432217597961426,20.917204834324622,20.126692629883699,74.999968506883960
6.264,her,-9.517410278320312,4.210955233832141,4.479925805306263,29.918346477363318
6.265,mom,-22.019582748413086,4.925398510480106,5.033723206192859,18.289093491603182
6.266,responded,-11.079579532146454,10.129124972978904,11.218444021039511,6.999953577154675
6.267,who,-10.686369895935060,4.646455685785218,5.286016948802256,9.067427157702943
6.268,was,-13.190336227416992,5.003387368051756,5.354857420190704,11.056894708821680
6.269,busy,-13.109110832214355,4.466414251470074,4.524095019856240,12.084396997364497
6.270,preparing,-16.168746948242188,9.518169289719046,9.732065693737077,11.237887560926582
6.271,breakfast .,-28.202618002891541,17.963551678436257,18.703821583693276,29.316927144966428
6.272,Abby,-11.094477653503418,4.863508870421332,6.018668837297732,3.747565479642037
6.273,whined,-28.101402044296265,21.461713464894292,20.923599810908865,4.632679137279888
6.274,that,-8.595432281494139,6.213161454043798,6.356369057118314,5.313497273818472
6.275,she,-10.115015029907227,5.701795231074843,6.151227743899027,6.453344535501575
6.276,did n't,-26.857385456969496,19.908125188852097,23.175493607022869,16.140786996512070
6.277,want,-6.518865108489990,3.740131348369849,3.682047619762222,12.065848221989233
6.278,him,-14.155323982238770,3.880929118580425,3.698521161722486,13.056453050898847
6.279,to,-5.072703361511231,5.324439589806785,5.497501656239939,14.061597997317008
6.280,get,-6.954882144927979,4.809388476573695,4.702384700610937,15.028813509332759
6.281,too,-11.985954284667967,4.124389268379109,4.547300744501547,17.041301767164608
6.282,big,-8.989989280700684,4.583768295897492,5.338589801015725,19.027271390496885
6.283,or,-9.903032302856444,4.841080045919155,5.139513362594728,22.059808373435079
6.284,he,-8.161605834960938,4.054859667565530,5.789429382437816,24.238129961622327
6.285,would n't,-13.950359229148491,19.342391571308916,20.958585928549503,53.032160250122878
6.286,be,-7.966450691223144,4.688629106305133,4.578830133910484,28.004863934063515
6.287,cute,-11.910228729248047,4.652751324912682,5.444724337442518,29.000243810087351
6.288,anymore .,-21.328322410583496,16.751442091771413,17.242860691855949,66.884768363280983
6.289,`` Small,-11.801793298600387,23.685486244870042,23.804604819443412,6.914274152044735
6.290,"things ,",-7.070576429367065,15.961762024340338,15.719805283579600,11.612440749947819
6.291,not,-4.353293418884276,3.708320900460283,3.465918418776659,7.888801397288193
6.292,big,-3.532446861267090,5.224425483385782,5.305691408160446,10.027869893733898
6.293,"things ,",-4.790237918496131,14.650306582891112,14.163863325069048,22.045097049026186
6.294,are,-0.935564100742340,3.286817436091189,2.890388581472930,7.009310399660915
6.295,"cute ,",-14.457265853881836,10.166585270802388,10.219620852899087,19.185960362361783
6.296,right ? '',-37.036272417753928,23.048651066874925,23.236919373194340,27.999998780251698
6.297,she,-16.827367782592773,6.172499660654834,6.288752081401584,6.000000000057907
6.298,"asked ,",-26.913541316986084,15.768300747192097,16.760107728266668,16.001382664770148
6.299,half,-12.372431755065918,4.490993112656076,5.437674366225918,11.094562744803618
6.300,to,-9.091355323791504,4.902277909405901,5.435265990371118,11.999308364792395
6.301,herself .,-21.495892524719238,19.476411149770307,19.134714366777374,22.360712669646631
6.302,The,-1.652928352355957,6.216193485653642,6.231108800665612,3.459354033097218
6.303,next,-6.235956192016602,6.195685878542977,6.339582135215181,4.357603433765688
6.304,day,-0.958203911781311,10.439737182931900,10.209286295985603,5.147172215150526
6.305,in,-1.540884256362915,4.172265974946264,3.690729393531065,5.387537207697483
6.306,art,-13.505296230316162,8.675471855465226,8.813165285441457,8.086909426305686
6.307,"class ,",-12.143378227949142,15.958300083831054,15.466045835734942,13.629657221529047
6.308,Abby,-12.447183609008787,4.755124462953455,6.336767667994226,6.538901985556969
6.309,needed,-13.872732162475586,5.494417012827228,6.113057618912960,7.508232748283445
6.310,two,-11.028683662414551,5.668765687391063,5.744590637863853,8.000366142706019
6.311,pieces,-7.792396545410156,8.385401535562693,8.572120449643876,10.556295201551373
6.312,of,-15.984142303466795,5.730843194114481,5.399166086847458,11.316140061338933
6.313,paper,-16.763504028320312,5.156553407801601,4.955737988193889,12.205276733540799
6.314,that,-5.686029911041260,4.735684026307958,4.588344094423786,14.248532514676061
6.315,were,-15.606932640075685,5.851133712842389,5.309035441713047,12.411930632375956
6.316,very,-13.258172988891602,4.298416494747797,4.036692171066365,18.530975231321840
6.317,"expensive ,",-11.131765365600586,10.050848160234997,10.300284497459323,43.301841616805397
6.318,to,-6.870996952056885,4.541977996345417,5.291332765776378,22.997990727233681
6.319,draw,-10.156846046447754,3.940788131038979,4.302841510873296,25.963618503660609
6.320,an,-6.636775016784668,3.865508940708831,4.427741876467351,27.966765191070124
6.321,"elephant ,",-14.056619167327881,9.135878787883595,9.331460748602696,60.994135509664247
6.322,but,-8.535838127136230,4.650980536494144,4.557307348787935,31.996330774524932
6.323,the,-9.211191177368164,4.866076832030607,4.560528338882672,21.001231404482372
6.324,teacher,-12.408750534057615,4.139993433704841,4.013227783297382,27.756461155978588
6.325,did n't,-13.111825460811815,19.343609261179871,20.674921982383875,66.146590784153972
6.326,mind,-9.201163291931152,4.366149460798644,4.239093210343063,35.046823566974005
6.327,Abby,-19.394412994384766,4.052234581030548,3.928810919730269,35.904973253842051
6.328,using,-14.847882986068726,8.255091966858490,8.420345681361086,36.621963150817329
6.329,the,-10.515644073486328,4.321899923505703,4.241945296385227,37.560779401342174
6.330,expensive,-12.673983573913574,4.467611854707723,4.301859176581382,29.002420129370002
6.331,paper,-9.405116081237793,4.829161028304982,4.841209558258328,32.026246002532318
6.332,because,-18.622042655944824,9.624210375205736,10.342880705019461,32.165305472469576
6.333,she,-13.719263076782227,4.985941544459802,5.884831876396808,33.998638134077567
6.334,was,-10.062966346740724,4.394149512505948,4.679263699940194,36.964497875251020
6.335,pleased,-13.578403472900391,8.795649009637449,9.041138339321721,38.391743450211941
6.336,with,-8.419134140014647,4.823011101306472,5.158927742038036,38.948478389531694
6.337,the,-10.317889213562012,5.307306318015968,5.634680536771637,37.762572829994134
6.338,drawing,-13.397907257080078,5.000521262698915,5.704046295904119,40.068171658541544
6.339,and,-12.269832611083984,4.669574660312664,4.808839887599264,42.075817718923695
6.340,wanted,-10.697074055671694,6.471716898248068,6.455431860492602,44.062986720361309
6.341,it,-12.527701377868652,4.765412304243309,5.240718658310066,45.794428888573378
6.342,on,-9.358614921569824,4.824510024087815,4.865732550565299,48.417792502329540
6.343,the,-6.241650104522705,4.034716267324640,4.023772325105003,49.437372175372239
6.344,wall .,-14.643493175506592,11.047501107574288,11.229292462155014,98.452209661151699
6.345,The,-1.652928352355957,6.216193485653642,6.231108800665612,3.459354033097218
6.346,"teacher ,",-11.619906604290009,11.500197247992686,12.024990476179937,9.392650740426518
6.347,who,-0.064980596303940,6.233213482316764,5.981937156934463,8.108532731324381
6.348,was,-2.539729118347168,3.649317012213390,3.707623090228158,11.162151259140911
6.349,always,-4.262607097625732,4.052979654145600,4.556901187467330,13.166023563370304
6.350,very,-4.140604496002196,4.998669921581528,4.730415885987528,15.248653954480087
6.351,"encouraging ,",-9.064087025006302,10.503438748479972,10.101069231634018,24.427113089446266
6.352,remarked,-8.493113756179810,9.333717295800980,9.202927857139645,5.217996001081447
6.353,that,-8.632356643676758,4.703161666902449,5.096238096771332,6.286113937334336
6.354,the,-8.154970169067383,5.456704823154381,5.475680073151798,8.554413348954569
6.355,drawing,-12.189221382141113,4.030334313287069,5.102877339183224,11.459602130742073
6.356,Abby,-17.739334106445312,3.204016895194957,3.954347034109265,12.068708905914256
6.357,had,-2.045425415039062,4.644434121920437,4.941748853650632,13.030148712332947
6.358,made,-8.312584877014160,4.664240440762486,4.794284036778501,14.068698397548694
6.359,was,-3.141551494598389,4.651048885179745,4.752811247090636,13.027441879769663
6.360,very,-12.266822814941404,4.456770949522691,4.672631787337443,15.076008694059365
6.361,creative,-15.534440040588381,4.304563187955283,4.934145646298957,13.072390514309067
6.362,and,-8.353819847106934,5.140938608970147,5.631048047111918,15.012679412963715
6.363,beamed,-17.388910770416260,12.029891125975425,12.280085930381508,16.018925970582799
6.364,at,-13.295715332031250,5.384097435998398,6.057557663622521,16.257686023002158
6.365,"Abby ,",-20.031027793884277,8.597500004586951,8.161654423538391,38.314793729856540
6.366,giving,-15.610238552093506,8.485619691363620,8.350369332896019,20.793416251481013
6.367,her,-4.038581848144531,4.773391867503809,4.822187409395094,23.207710809669557
6.368,the,-8.975866317749023,4.633771532006405,5.170557438786606,24.143944965005694
6.369,seal,-12.702962636947632,11.071988838343946,11.263747323396304,25.090698313966183
6.370,of,-12.327518463134766,5.950218674152807,6.084211276950715,25.393797442935675
6.371,approval .,-18.198123693466187,13.987725344771668,13.831349343315322,57.696998914379797
6.372,Back,-6.057366371154785,6.409891764636326,6.516835025911338,3.061013444247368
6.373,at,-2.136528253555298,4.677710166063794,3.837256534531248,5.055705187272220
6.374,"home ,",-4.308727338910103,12.863716148828484,11.592788406018162,11.143017493568630
6.375,"Mom ,",-13.906473636627197,9.946594939888218,11.866152245931582,13.487737544669086
6.376,convinced,-14.208646656945348,10.484420106295950,10.572247481079836,8.160313847579134
6.377,by,-7.636223316192628,5.366685785044711,5.880831946935724,9.000000014991134
6.378,Abby,-18.990314483642575,5.713446857980228,5.632858519127446,10.038287755282044
6.379,to,-7.491064071655273,6.283412444683321,6.267088883325175,11.000000020151308
6.380,clean,-17.097528457641598,5.712663173052956,5.754355429938314,12.000000001281800
6.381,out,-9.452974319458008,4.626052936069773,4.495167820320376,16.401824865781229
6.382,the,-8.831230163574219,4.881346715894058,5.436132363110193,16.001402827280554
6.383,"tank ,",-29.322875022888180,9.788536503089098,10.314886457485468,38.424652020195182
6.384,was,-9.294141769409180,3.636058937786418,3.974505865548018,21.155912807106056
6.385,cleaning,-19.119138121604923,8.559598946107640,8.531570223852768,21.577784205685536
6.386,with,-9.413216590881348,5.378016778895457,5.577132725360452,11.245141611133207
6.387,a,-5.447273254394531,5.136305819983399,5.163438006788090,13.212167453789348
6.388,special,-14.976007461547852,5.055843396260783,5.768610227764269,15.020550732965901
6.389,"vacuum ,",-20.619739532470703,9.374558222724684,11.072325396626791,37.000033332706977
6.390,or,-4.805963039398193,4.920505269621120,4.895798608131662,20.190884476479994
6.391,`` hoover '' .,-55.890538572781225,48.414782747268767,48.919203911776037,78.045957832141255
6.392,`` Where 's,-6.877899172632169,36.065344932713359,36.758687569858786,13.301054491427188
6.393,Mr.,-13.627352386713028,9.838141244126678,10.669027298777293,7.510564331019576
6.394,Sticky ? '',-38.880758404731750,36.821962617833393,38.250555148653994,31.631592436826587
6.395,Abby,-16.683403015136722,4.608608015502621,4.746808159954567,12.466076698332564
6.396,asked,-13.954875946044922,9.923806236734618,10.156671252587149,13.363201969052986
6.397,first,-15.404627799987793,4.834512509833250,5.335247478772629,9.955147570999131
6.398,thing,-10.689370155334473,9.076784827908003,9.415761424540424,11.266057606262322
6.399,when,-18.535251617431641,5.691673709803137,5.912595609055272,9.502853872099617
6.400,she,-3.874543666839600,5.919968882113924,6.250125677757822,7.995820709366229
6.401,came,-21.119709968566891,9.997266505083259,10.207961682760175,8.998542902333186
6.402,home,-13.857609748840332,5.209561002436971,5.203654613464163,10.775303473795061
6.403,from,-11.976126670837402,5.472779734793336,5.281828691907119,10.059813776746948
6.404,school .,-31.193713426589966,14.642642122627189,14.492445901763254,26.445892541199733
6.405,`` On,-6.091683587907028,21.905152480689900,21.783750915424005,6.606986005422453
6.406,the,-1.153521537780761,3.748644729382858,4.008263518910041,6.852980836722367
6.407,"side , ''",-24.043594606220722,30.158798925967847,28.790475634312262,21.107573932948334
6.408,Mom,-6.814122200012207,5.635828018890527,6.396270880198162,9.132122132238763
6.409,replied .,-27.326327085494995,18.690216108850478,18.955765881127945,20.045650016511395
6.410,And,-4.462661743164063,7.562476449759510,7.561504212388304,2.055395740512078
6.411,then,-1.658702135086060,5.933811617251044,6.381262852892120,4.031298090894865
6.412,she,-3.375001907348633,5.977084669602371,6.298930588901944,6.059937793519130
6.413,"added ,",-7.824641466140747,11.048543177854393,11.902371315865000,17.162483056116436
6.414,`` Do n't,-1.881924992825134,35.224751518440812,36.403002383730360,37.221963097262332
6.415,worry .,-21.281002998352051,13.405030719905540,13.391371162383075,32.160029078177125
6.416,I,-4.873230457305908,6.519883222996932,7.028388733840723,3.200021004339848
6.417,went,-6.324114322662354,9.019925551764500,9.458209133127406,5.528222590824249
6.418,extra,-10.009048461914062,5.211016856678910,5.265641710111685,7.025984714634173
6.419,slowly,-7.423357442021370,9.550590896276550,9.193401431937806,8.156372182113964
6.420,since,-9.853132247924805,6.014698030209618,6.366557854766620,9.031497986829583
6.421,it 's,-8.118515088222921,15.682155844828543,15.474247175023613,26.134333150043734
6.422,better,-13.208055496215820,4.824360956403071,4.613071654036485,15.008657690334587
6.423,to,-7.521763801574707,5.880493247779714,5.647927049569343,18.010166542612733
6.424,be,-9.227762222290039,4.518710715864975,4.791390314118937,21.030198587978557
6.425,safe,-11.373367309570312,4.590715840601746,5.466010501798158,23.029835129712481
6.426,than,-9.490305900573730,5.219400139025182,5.223205600910704,24.273541365361424
6.427,sorry . '',-38.292545682284981,31.883705826400842,31.749302203144062,78.676225186901902
6.428,Abby,-11.094477653503418,4.863508870421332,6.018668837297732,3.747565479642037
6.429,looked,-19.309274196624759,11.086375850413118,10.061218321758238,4.851870722008274
6.430,on,-11.102690696716307,5.455001055054708,6.160528068900733,4.016025310338892
6.431,all,-8.481888771057129,6.162341647555227,5.319682268556877,6.125954454576005
6.432,sides,-10.058149337768556,4.296216313806392,5.219499797431687,9.156911212115757
6.433,of,-14.540794372558596,4.769907987685795,4.378389870099782,10.188109738305947
6.434,the,-11.064009666442873,5.582307292311373,5.337805037150299,9.383042953245852
6.435,"tank ,",-17.859927654266357,8.874602104893444,9.436699016462168,29.381083666000197
6.436,but,-4.183352947235107,6.073878522910258,5.511550461031916,6.878650983379592
6.437,there,-15.237998962402346,4.165412690689339,4.055960645677493,9.391142586882674
6.438,was,-12.266695976257324,5.166842020253255,5.897122014719066,7.655488183372772
6.439,no,-9.161692619323730,5.109109785962019,5.606057917065838,9.423170524455276
6.440,sign,-8.222072601318361,4.859237466283790,4.427803482048466,11.000626358675316
6.441,of,-15.392633438110352,5.825066596463532,5.504181587614214,12.000006002602330
6.442,the,-12.307109832763672,5.079797414904504,5.445796032475231,14.231233968595545
6.443,water,-9.770556926727297,8.337255262209407,8.297088040101062,17.180722756529367
6.444,snail,-14.500293731689453,4.711276217153203,4.673955099637844,18.132373435464466
6.445,that,-12.197908401489258,5.071524520307657,4.859103970046032,19.051916155735011
6.446,she,-10.918251037597656,4.817766896213174,5.558346987117948,20.068604629958521
6.447,had,-14.325061798095705,4.405348412393606,4.598089954986691,17.056061977884731
6.448,discovered,-16.026825428009033,9.999699376087587,10.808083984248896,20.061717338725547
6.449,a,-10.021890640258787,3.415058472768966,3.883326132753838,22.052116326864780
6.450,couple,-9.663197517395020,4.946291510847967,4.937172995995581,24.105175882918058
6.451,of,-10.665961265563963,4.599221557109610,4.673710480699423,26.892423412564451
6.452,days,-12.752250671386721,3.781856112940986,3.731743848876689,28.848085786533169
6.453,ago .,-22.620425701141357,13.335161560357657,13.227990659106771,60.000881802669227
6.454,She,-5.398102760314941,6.513097172475808,6.651384949829806,3.124724563176501
6.455,was,-3.248141765594482,5.972521717488170,5.919539638473682,5.265100455506252
6.456,very,-3.793354988098145,5.698148279516452,5.177632988465160,7.424796107361555
6.457,sad .,-6.068626172025688,14.557916132361999,15.248582358455632,14.356451354608481
6.458,Her,-7.535875320434570,5.882943226595096,6.224571023602402,3.501213334914015
6.459,mom,-8.465536117553711,6.033004319015586,6.292371158545363,4.515162234948620
6.460,said,-12.919466972351074,5.655682381540426,5.515763398911675,5.688006496500943
6.461,to,-8.243827819824219,4.809274321067563,5.522153214296557,5.960031692663828
6.462,wait,-17.344757080078125,4.625862780450935,3.888041014740279,6.002406574050648
6.463,a,-5.785184860229492,4.866689083118173,4.807969312256338,8.078562734607855
6.464,few,-7.431159973144531,4.814476297278643,4.598955849060349,10.298514480077678
6.465,hours,-2.126864194869995,4.895662706400127,4.981968845599170,11.228504519231565
6.466,until,-16.705410003662109,4.913351754314260,5.007947465997129,12.212748129212912
6.467,the,-12.101243972778320,5.271241245915221,5.760593576709262,12.134372800820866
6.468,water,-9.946107387542725,8.825517094350259,8.867662232837565,16.636114265738879
6.469,clears,-17.422193527221680,8.930973284363093,9.166197043942633,17.609673881475416
6.470,to,-5.808097839355469,4.622043498498224,4.464024583737516,18.195269626130365
6.471,take,-11.276979446411133,3.987629804631001,3.706093818079465,19.345330060961963
6.472,another,-13.131143569946287,4.592096539005500,4.303092816319820,21.126073658095763
6.473,careful,-11.676934242248535,5.287592885183264,5.702579344125883,24.954755056874571
6.474,look .,-24.169200420379639,11.662181692359184,12.240280514680917,48.722872735619305
6.475,That,-4.288662433624268,5.846706585606485,6.101714405391387,3.184729691369745
6.476,"evening ,",-8.745181441307068,12.669920169088449,12.141452821149176,8.296598177674140
6.477,Abby,-12.853225708007812,4.860308714400817,6.249086991404631,6.647060076405911
6.478,went,-19.300565719604489,9.123030627604424,9.524649240723775,7.635555326100152
6.479,up,-10.177158355712891,6.101559063079529,6.503562545147550,8.477782366335745
6.480,to,-7.972483158111572,5.401431316531379,5.070754545078988,9.895276417722403
6.481,her,-11.975502014160154,4.822643655677720,4.834231896071317,11.863469777847275
6.482,bedroom,-9.444612145423891,8.152705331851749,7.947704634595932,13.738565374884262
6.483,to,-5.542758941650392,4.722163736707596,5.414392250623147,14.458873053246649
6.484,check,-9.663981437683104,4.344351585892365,5.321156388497482,13.972954594430131
6.485,the,-7.489905357360840,4.403358393499923,4.708269173982120,15.993219068824629
6.486,tank,-12.417011260986328,3.874968289939128,4.090711491727573,18.052929193829414
6.487,again .,-20.173273801803589,15.153844092157446,14.765733397480126,38.085085984588964
6.488,The,-1.652928352355957,6.216193485653642,6.231108800665612,3.459354033097218
6.489,water,-8.887100458145143,8.953578768303359,8.951674346319212,4.442546802513382
6.490,had,-4.548544883728027,5.800429736049272,5.600074029576333,5.374346884167119
6.491,settled,-8.345814704895020,4.732748092629283,4.882309466821434,7.425735112402434
6.492,and,-1.231728792190552,5.717788254818058,5.565566862454776,5.059286905846117
6.493,looked,-6.893817298114300,8.689334215505504,8.439474435062673,9.302505381701717
6.494,"clear ,",-9.237467050552368,10.403142809080585,10.856554055500052,22.077974801788194
6.495,but,-4.384778499603272,5.191728150414103,5.027231005199912,12.338598326240765
6.496,Abby,-14.201553344726562,4.573681162917683,5.910603133571942,11.519225224460941
6.497,could,-13.406280517578125,5.034615782680838,4.861871415293963,14.158048105149883
6.498,not,-6.617417335510254,5.651077948069721,5.431521430933604,14.713003258265195
6.499,see,-16.638734817504886,5.499362416140139,5.599630968426896,12.048192310115175
6.500,Mr.,-11.079690322279930,10.823299917788011,11.852187901362738,14.395571753114146
6.501,Sticky .,-26.462414741516113,19.882370356101120,19.911724026338195,35.942836130986599
6.502,Abby,-11.094477653503418,4.863508870421332,6.018668837297732,3.747565479642037
6.503,kneeled,-34.289409637451172,10.467737560408217,10.129457413690208,4.621238120547328
6.504,down,-12.209090232849119,5.706788377977574,5.349519993325021,5.001330315208206
6.505,to,-11.707326889038086,5.579306050045918,5.417835777297887,6.006369180957037
6.506,have,-13.521912574768065,5.608717201592741,5.625265181813615,8.351306845764809
6.507,another,-13.135976791381836,5.945350100739920,5.409312012350393,10.193381084616856
6.508,look,-5.948944568634032,5.078027390801023,5.427696683122291,12.011188892684727
6.509,in,-9.947779655456543,4.383406719252856,5.160110227878620,15.151689558993828
6.510,the,-7.705583095550537,4.171409402613048,4.122926028663165,16.154859299341712
6.511,tank,-20.108274459838867,5.033207180769471,5.524898827299539,15.882567379381552
6.512,that,-6.187199592590332,4.065960698609331,4.121853238976098,19.105563763960195
6.513,her,-9.274257659912109,4.707508496023112,5.035030274837029,20.216881158845950
6.514,mom,-17.032030105590820,4.951370686902816,5.339035066634777,22.953331399512052
6.515,had,-13.156764984130859,3.799804462193772,4.545599140744321,26.096381021919747
6.516,cleared,-17.936488628387448,5.641275455924664,5.834092487805724,27.989858237525183
6.517,so,-11.871560096740724,4.008993936322905,3.930272119556594,28.996646364953929
6.518,"thoroughly ,",-27.654053211212162,11.517480730415315,11.281989450743623,57.058213227307121
6.519,but,-7.754027366638184,4.566589338319487,4.428686408868380,32.033701009757273
6.520,Mr.,-12.173549801111221,9.426753373438270,10.817694137153003,33.771636146233810
6.521,Sticky,-34.766980171203606,11.277418590220151,12.283515598924513,33.999997972302758
6.522,was,-9.662954330444336,4.189998277440083,4.061790018116653,33.979892291764216
6.523,still,-10.916431427001953,5.251204416646782,6.169130052300027,15.902192891477073
6.524,nowhere,-15.991661548614502,10.397633294228273,11.538449362405565,16.891539365030006
6.525,to,-10.778329849243164,4.814991907335898,5.213739977971025,17.950386606609445
6.526,be,-9.208726882934570,4.229762439321396,4.305112155067695,18.893212660988809
6.527,found .,-20.962252140045166,10.794916105998269,10.749753547348071,35.889743793316384
6.528,Abby,-11.094477653503418,4.863508870421332,6.018668837297732,3.747565479642037
6.529,was,-15.255747795104980,5.764613805396925,6.067907470383473,4.725755755806921
6.530,a,-8.411746978759767,5.942386576961675,5.907827092117317,5.534444056647343
6.531,bundle,-11.976709365844727,4.522183066784176,4.298713366692489,7.595695879899791
6.532,of,-13.337695121765135,4.842461724438317,4.356784080901710,8.468221180231586
6.533,nerves,-14.004839658737184,7.875263726308098,7.395059083233932,9.454193999440113
6.534,as,-6.402399063110352,4.955849430774959,5.064801823531669,9.473272074232996
6.535,she,-7.771871089935303,5.165984373954240,6.065695922380518,12.731505900915966
6.536,descended,-19.951998233795170,9.948495689952463,10.851263577027421,13.574062876097694
6.537,the,-10.538446426391602,5.299794146792265,5.800545613664916,9.358295898057589
6.538,stairs .,-28.066200971603394,16.339176368210545,16.144301261186840,25.439333956903376
6.539,In,-0.854278802871704,5.446170861282591,5.128128755821979,3.052227717314575
6.540,the,-1.995965600013733,4.840317821000258,5.326303404880397,5.340242167800149
6.541,"study ,",-7.234968584030867,11.247885999003152,11.453795919971359,11.088960565388703
6.542,surrounded,-12.253492351410387,8.295135509424219,8.039917085041868,8.881997109940711
6.543,by,-0.018510105088353,5.003439673777160,4.633230616434228,10.886780252168979
6.544,books,-6.076600074768066,5.239295832205056,5.389907077992724,13.892218038488592
6.545,and,-0.885017216205597,5.999518287671687,6.048739347564335,14.768384303602259
6.546,"papers ,",-5.462577707134187,9.713280370905899,9.273042860919126,25.793410666982695
6.547,her,-8.944082260131836,6.674227408475978,6.135507889649178,5.368442461976280
6.548,mom,-10.361078262329102,6.309495126659037,5.852103214412713,6.568429452313405
6.549,was,-13.717988967895508,5.079134027851988,5.388867046819439,7.953765313844653
6.550,working,-11.579833030700685,5.836138810819731,6.087701503039905,7.479740572330395
6.551,and,-8.825466156005859,6.103562704980187,6.302146607863804,9.737754791834011
6.552,she,-12.343544006347654,4.589448897100175,5.500696976920993,10.330633847415706
6.553,looked,-15.689343929290773,10.663105634977370,10.754513834385591,11.128397070787422
6.554,impatient,-13.407856941223145,4.499638115246595,4.296420027886823,14.175926362549546
6.555,when,-10.631741523742676,4.369691145474427,3.931128783543262,15.076306548060494
6.556,she,-13.107002258300779,4.796773008047711,5.787014771696406,16.030131543128878
6.557,saw,-17.456733703613278,5.766765709524520,5.932335214411497,18.046298800027650
6.558,Abby,-14.977106094360352,4.324994390639484,6.065051221277213,23.108945043583514
6.559,in,-7.548556327819824,4.458255931994835,5.024045193859267,24.785714266102811
6.560,the,-1.707550883293152,4.698185762574306,4.976773142207198,25.703896639543355
6.561,doorway,-10.405569076538086,4.710643219766424,5.001265611554865,27.023483504508640
6.562,and,-10.424820899963381,5.399018335495403,5.233158595528296,27.030710008701078
6.563,even,-8.673619270324707,4.563366185760628,4.538071637084456,30.850794498395910
6.564,more,-7.184195041656494,4.532646112958225,4.647494989369489,32.036125537158767
6.565,worried,-11.617916107177734,4.677227758982681,4.754869756824437,32.611421506482053
6.566,when,-12.646699905395508,4.997526678685013,5.612984194603128,33.132576591795839
6.567,she,-11.730531692504885,4.568250662504911,5.421524848154186,33.990480372928637
6.568,heard,-18.370106697082520,8.070485467660648,8.273140360648053,32.081884955802394
6.569,the,-8.433761596679688,4.475714584155085,4.305651660879286,33.998233786089017
6.570,bad,-16.307668685913086,4.330919298019717,5.262962733583787,29.033455584115966
6.571,news .,-24.956180572509766,12.893372409838692,14.016501309735755,62.535018040901861
6.572,`` He 'll,-10.695654599843692,37.108949220823995,36.477149023004152,13.293581976291355
6.573,turn,-17.953355789184570,5.963014847900637,6.008882546984613,7.510728633405553
6.574,"up , ''",-26.198728904128075,25.124536076289246,25.778457131973006,25.903997558992867
6.575,Mom,-15.420698165893555,4.981158398280568,5.559132186352744,14.182918171450710
6.576,"said ,",-16.495535612106323,9.412606809914120,10.159406714411475,31.000615172925549
6.577,and,-11.579324722290039,4.209978875843345,4.421798816720691,17.995864685416500
6.578,that,-9.339960098266602,4.244473850190732,4.090318387754661,17.999983249758447
6.579,was,-8.977627754211426,4.763510692787666,4.684135360733110,12.665105606738914
6.580,that .,-15.104009449481964,14.355046648209846,13.827075214693156,25.818442537722241
6.581,"Then ,",-4.478325724601746,12.987009768056808,11.946446998403164,7.056933422040912
6.582,to,-4.863147735595703,5.260724168048140,4.945819391695100,6.768489888358062
6.583,add,-5.431803703308105,5.447962814617354,5.861074076138652,9.072029731393323
6.584,fuel,-5.022670269012451,4.840013170807173,5.288856176542272,11.024382611302149
6.585,to,-0.083526566624641,4.924591382830968,4.770158557153589,13.025812639555841
6.586,the,-0.707146406173706,4.033817329586508,4.087507257570858,15.260778404753628
6.587,"flames ,",-16.089156523346901,22.453514420134649,22.839961233898514,33.766388147561493
6.588,she,-18.113021850585934,4.409283424704482,5.313021943733840,17.999996026272932
6.589,raised,-14.318891819566488,11.509947933469007,11.921159810981667,9.300262954813078
6.590,her,-13.195955276489258,3.775390535003500,3.756418069026575,11.127237418532252
6.591,tone,-12.892200469970705,4.946578920338165,4.768011739133398,13.609225254667145
6.592,of,-11.290205001831055,5.102868523045801,5.356715264518631,14.697194789719354
6.593,voice,-15.387528419494627,4.778519080511424,5.128193059030526,15.878697712462245
6.594,and,-9.380940437316896,5.654023432212428,5.851049334294029,17.000192023838597
6.595,said,-8.232000350952147,3.234534383491070,3.434067103792309,18.888331712588609
6.596,"dismissively ,",-38.018402576446533,20.871344364606074,20.359739622919768,30.345902062601240
6.597,`` For,-13.451693564202285,19.820200466013620,19.962152207565950,35.999756060594777
6.598,the,-6.078705787658691,5.133352289584066,5.080391050713338,19.613752392730802
6.599,time,-12.650377273559570,5.171214982985771,4.932916206520455,20.000013198030850
6.600,"being ,",-17.389733314514160,9.886122387736815,9.906967596132606,48.038419848493668
6.601,go,-6.762041568756104,3.458687160444620,3.225134014844959,25.159727129446694
6.602,to,-8.091428756713867,5.497433519830283,5.372523297312303,22.000556741706923
6.603,"bed ,",-21.664100408554077,14.051628542566906,14.356580851530801,51.124219126276913
6.604,Abby .,-12.508542597293854,12.950172655966096,13.980722084352900,43.003422393575761
6.605,I 've,-24.682632684707642,17.788304294374541,18.122148391520199,65.786178511642873
6.606,got,-15.856401443481445,3.761502120349962,3.777094956675780,35.124931440395926
6.607,masses,-14.007711172103882,8.897689524370769,8.859949472255670,35.587701322749346
6.608,of,-10.984078407287598,4.358474762141855,4.262135103778071,37.013724003342070
6.609,work,-6.671539783477782,3.814562841140147,3.663108260557963,38.091410889287602
6.610,to,-3.917926311492920,5.153832092437919,5.117701627117818,40.053479847289935
6.611,catch,-5.871554374694824,5.104815723613005,5.298078645612606,35.999591778081779
6.612,up,-8.698287010192871,4.894688379277667,4.961670678448408,36.999136169143597
6.613,on . '',-24.966862916946411,24.484011185319929,24.068268608391143,118.516768504571900
6.614,Abby,-11.094477653503418,4.863508870421332,6.018668837297732,3.747565479642037
6.615,had,-14.332971572875975,5.889337352943937,5.771117154298418,4.788433609787252
6.616,a,-7.904718399047852,4.585420673812898,5.125908820898815,5.078036483165358
6.617,quick,-11.324189186096193,4.451829096148176,4.801951685986057,7.494065081010912
6.618,temper,-9.693839073181152,4.634123851939277,4.679573042491381,8.407524130976759
6.619,and,-4.991510391235352,5.016861147117951,5.240197591017773,9.326394162162217
6.620,she,-11.088124275207520,4.609940973114993,5.194883823011619,10.330667069201064
6.621,was,-12.974970817565918,3.871089738406551,4.371815556417525,11.279350474358285
6.622,angry,-10.956231117248537,6.315604942212907,6.273946663838135,6.253808680860336
6.623,as,-10.709956169128418,4.458132843855330,4.879816204697097,8.706287812698553
6.624,hell .,-23.650201320648193,18.279993422216364,18.852256276100906,23.532350172156807
6.625,`` You 've,-9.699848243883025,36.941709684050473,36.077801568425826,13.604125306484665
6.626,hoovered,-35.723600387573242,19.016842601271481,19.322378433705502,7.975900425380721
6.627,him,-11.154875755310060,4.619567035919783,4.625130623832518,9.001331297689378
6.628,"up ,",-14.412353515625000,11.328929169113263,11.637111905563138,21.001445952879273
6.629,have n't,-23.643678125517908,20.412678582071742,20.494622169668620,29.131481291622045
6.630,you ? '',-43.610385417938232,27.299191382648331,28.471361501458727,29.623202715999724
6.631,she,-12.611868858337402,6.475175984460147,6.492995663796416,8.081486385028738
6.632,said,-8.964943885803223,5.960032940704719,5.949693421674695,9.003737274507056
6.633,accusingly .,-26.151284486055371,21.164760845452648,21.902222933658052,23.151270678687531
6.634,Abby 's,-16.480437926846207,19.567628838920822,18.632138031799279,9.100060425122882
6.635,mom,-22.612794876098636,4.906880112833699,5.345909770032487,5.268087853296402
6.636,denied,-15.019865036010742,5.474774289563763,4.467663036442441,6.343130041076617
6.637,Abby 's,-19.282825323753059,21.263614386884363,20.762891076342104,12.245132080832491
6.638,version,-11.399988174438475,4.954974707648882,5.192152216864725,5.416232046603532
6.639,of,-12.105996131896973,5.960965159979496,5.766796089588984,7.952438411264724
6.640,the,-5.804278373718263,5.551954743086834,5.446759355635091,8.966858096271759
6.641,story,-4.727264404296875,5.644775881439839,5.979659676918647,9.511136752274275
6.642,was,-14.286947250366213,4.543429048730224,5.118749821844196,10.618797706863022
6.643,true,-14.028679847717285,5.226417658526752,4.920957347234502,11.918424310679631
6.644,and,-9.753229141235352,5.074527454254987,4.853485439974374,9.371335526778626
6.645,said,-13.799644470214846,4.535443991207443,4.808740057850713,12.994076761016743
6.646,that,-6.393421173095702,4.670096785461887,4.167850318601309,14.079842666829462
6.647,she,-11.913053512573242,4.142516251454944,5.340302575608146,11.815785842764285
6.648,was,-10.592178344726562,4.262157730984796,3.867102837547711,12.003808634273328
6.649,"careful ,",-27.380991935729977,9.373641798752260,8.950375998850779,28.887101553240086
6.650,but,-8.620169639587402,5.457041509663289,5.394428002048341,16.008269288943580
6.651,because,-17.776860713958737,9.600384067876794,10.839059921331806,19.133647441709648
6.652,Mr.,-13.763935891911387,9.947608921553508,10.645634162790863,21.034100478045517
6.653,Sticky,-12.768042027950287,11.542638382118330,11.910863827794342,23.000032067780023
6.654,was,-10.936657905578613,5.002937394837566,4.854072078336742,24.531533351680498
6.655,so,-8.512776374816895,5.356157578662082,5.496167374050887,24.996367606206626
6.656,small,-14.515482902526855,3.888283758193615,3.763699485751262,27.999614832569726
6.657,he,-1.970330834388733,5.208504580826834,5.165357927753067,22.979197569061022
6.658,was,-18.335260391235352,5.025368728128809,5.118633392349314,23.284195166757890
6.659,hard,-10.854605674743652,5.124736363381786,5.411811701744956,23.976350014337488
6.660,to,-7.183269500732423,5.055440010853402,5.900599233372414,24.445767068119842
6.661,see .,-19.431988358497620,12.419447889847580,12.969794413289275,49.507441077397083
6.662,`` What 's,-3.998828755840805,33.171154984241909,32.167420154395472,15.522095008975395
6.663,wrong,-12.923446655273438,5.201265041180474,5.227635635175814,8.827897966003160
6.664,with,-7.262668609619142,5.209318208768182,5.019222986158519,11.395688531799236
6.665,being,-11.643225669860840,4.655524611000568,4.684941620008897,13.154343592136554
6.666,small ? '',-40.613759040832520,29.508955702657083,29.870824617666067,38.049237197395527
6.667,`` Nothing,-10.658892831681442,23.446967392269507,23.254129594903763,7.061136391449299
6.668,at,-4.603734016418457,4.760998567475308,4.558707681977838,7.573383334007118
6.669,"all ,",-1.497159729711711,10.026527366606111,9.895995926820374,13.876232353464747
6.670,but,-3.882126092910767,4.716176990415731,4.326256246424192,6.449945551456838
6.671,it,-1.452449679374695,5.133774008353778,4.786407088982942,9.206377236813312
6.672,makes,-4.479557037353517,5.389447179609977,5.290195502646437,11.109784470653207
6.673,things,-4.387531280517578,9.508854204014696,9.384770562540306,14.136097521249877
6.674,hard,-5.678302764892577,4.948694145319854,4.799681928196076,16.200909473767496
6.675,to,-0.007053238339722,4.833463210893330,4.493843418797237,20.241691588398584
6.676,find . '',-21.285278382711112,28.903141742805168,28.426709438492907,42.076762295788640
6.677,`` Or,-12.110136232255170,23.646511091896738,23.555405760286760,5.150099477079366
6.678,"notice , ''",-23.857651352882385,25.137843177204523,26.902682334730301,17.200171731114079
6.679,Abby,-10.217633247375488,5.050021861913435,6.349255600969979,8.225314512150987
6.680,"said ,",-19.062675476074219,10.519553557044848,11.235799533729271,18.299904480566724
6.681,suddenly,-16.767901301383972,10.384338449939886,10.524921852668641,10.000003659885859
6.682,feeling,-13.111338615417480,4.532862637616526,5.286073089610062,13.984943383142586
6.683,like,-6.790135860443115,4.122221616282757,4.187953049890236,14.977233903149743
6.684,the,-9.500209808349609,4.822245705650825,5.147911744393961,17.005786777268330
6.685,"small ,",-12.931870460510254,8.206876499772864,9.106588669156244,39.662541627834457
6.686,overlooked,-10.200235866010187,5.901290253629083,6.420632567894129,21.015178023746799
6.687,Mr.,-7.627815707586706,9.171240725156400,10.183377161942603,22.009894115920371
6.688,Sticky,-16.588783502578735,12.472513069614914,13.612219544741773,23.009249169778109
6.689,herself,-16.431767821311947,10.585032998497082,11.284875017578411,24.006144505673809
6.690,and,-8.748666763305664,5.725160512620860,5.830564953794927,25.004444178931717
6.691,storming,-16.021585941314694,8.965146333550338,8.957873190463339,26.005962727966690
6.692,from,-10.257617950439453,4.847391005326604,4.888773541942451,27.006555930736688
6.693,the,-7.682446479797362,4.769894537937578,4.700243019937576,28.005386534470095
6.694,room .,-17.893604755401611,19.111089831342326,19.629900405351133,38.396136320528761
6.695,The,-1.652928352355957,6.216193485653642,6.231108800665612,3.459354033097218
6.696,door,-10.006758928298948,9.120631630188909,9.083163916156217,4.448132828532966
6.697,to,-0.391303390264511,4.559742060555876,3.729803155995053,6.159737299483117
6.698,the,-0.929751753807068,5.554492479576097,5.460278215914989,8.390523683908683
6.699,bedroom,-9.451993465423584,9.036815064137439,9.374530769794617,9.397789656414316
6.700,opened,-5.794286608695984,8.598937463052646,8.347660319120731,5.331075882563859
6.701,a,-3.382171630859375,5.689371067577385,5.620962418776995,7.817423460187711
6.702,few,-4.592690944671631,4.989715639097279,4.889054004972058,9.200967130515886
6.703,minutes,-2.221546649932861,3.867112806520030,3.644360490118684,10.215271989170283
6.704,later,-0.241504892706871,5.097626290125402,5.079694602712296,9.228565795294546
6.705,and,-1.739060401916504,5.565174560379681,5.468366531271851,4.108433641940083
6.706,Mom 's,-14.253152806311844,17.850766105822320,17.333730693229803,16.198576489231229
6.707,face,-17.161653518676758,4.004501778809441,4.517410551312370,9.017502504139435
6.708,appeared .,-24.986032247543335,19.497560952106952,18.942766125062679,20.949983694652161
6.709,She,-5.398102760314941,6.513097172475808,6.651384949829806,3.124724563176501
6.710,was,-3.248141765594482,5.972521717488170,5.919539638473682,5.265100455506252
6.711,there,-3.875658512115479,5.026516578073531,5.601539583848760,7.254324638771242
6.712,to,-0.414773225784302,5.331213924447068,4.701231562616420,10.236482205852571
6.713,try,-4.551433086395264,5.041815690619097,5.541353145709407,12.242396685189686
6.714,to,-0.052506733685732,5.709575051521534,5.405196187180315,15.222760261544392
6.715,make,-3.316970586776733,5.720478955398209,5.858218023322364,17.208275944396849
6.716,up,-0.077900514006615,4.468529226041708,4.698249494805594,19.209207767524365
6.717,for,-0.020066820085049,4.845040597857519,4.799440813726168,21.202372750770678
6.718,having,-2.716380238533020,8.553937758175170,8.599437527442111,24.160468473107766
6.719,been,-1.869581222534180,4.267565907764120,4.023438492612767,26.175839455968827
6.720,insensitive,-9.069468498229980,9.286848383693821,9.645649043381658,28.267095976139625
6.721,earlier .,-27.277065277099609,16.948119711638789,16.712481466692822,60.123206346642206
6.722,She,-5.398102760314941,6.513097172475808,6.651384949829806,3.124724563176501
6.723,had,-4.188725471496582,5.691231082693484,5.956318864952909,5.273134443199491
6.724,put,-6.110434532165527,4.820368298281152,5.401153971513836,7.378942374646638
6.725,her,-2.086490154266357,4.640828607423144,4.491897580836558,9.587054581242224
6.726,work,-5.041071891784668,4.686113821212699,4.937052482422684,10.493928105210991
6.727,on,-0.775799095630646,5.053451084753322,4.969459278497040,11.400968977388310
6.728,the,-1.314142823219299,4.687070434017858,4.813002657539879,13.506872050171742
6.729,back,-5.727346420288086,4.906894609387236,5.754467447455252,14.668727643382942
6.730,burner,-1.064435750246048,8.506423437347175,8.035286167283100,15.382192409798016
6.731,and,-8.904888153076172,5.651799116094308,5.563179633226998,16.424398259381668
6.732,occupied,-22.281463801860809,10.272121162911297,10.273473195200918,17.294030786061189
6.733,herself,-12.369675159454346,11.170002663273721,10.837995901648057,12.999924224471036
6.734,with,-11.115632057189940,4.114826511953805,5.289677232830866,12.844631666813928
6.735,Sticky .,-35.169691562652588,22.411286938321865,22.198490747523920,28.596707155647650
6.736,"Abby ,",-20.576030731201172,10.295895125069926,11.240836294801149,8.142819674129967
6.737,who,-12.799736976623535,5.928435839758858,6.388785254178940,5.312265517550006
6.738,was,-10.668480873107910,5.715234675083575,5.786187364651072,7.984080698703255
6.739,breathing,-17.265666007995605,6.929165957920216,6.790129916761442,10.997411365536101
6.740,fire,-8.897836923599241,8.682347168867521,8.865536455824373,12.101919517039663
6.741,all,-5.267556190490723,5.730709248879600,5.787598949070977,14.229808197548625
6.742,on,-10.924322128295898,4.876760495677163,4.827545605424223,16.471492739508285
6.743,account,-14.450027465820312,4.711676764298880,5.287521776893090,18.169011178456774
6.744,of,-12.689225196838381,5.099310616125173,4.766029212638689,18.806839205190442
6.745,the,-11.268135070800779,4.599808997019852,4.677062664988737,19.000042894348336
6.746,little,-8.043841361999513,3.965968925684406,3.945710125462323,25.404869484313000
6.747,"snail ,",-21.325665950775146,9.320428727393118,9.422634268329844,53.038089467801072
6.748,tried,-11.041693687438963,3.811718573644408,3.960801781359242,28.011686927991519
6.749,to,-12.888286590576172,4.229096799746050,4.693098128480064,29.002852741853232
6.750,ignore,-8.640055656433105,3.437062062787197,3.335703514800083,28.376762250934281
6.751,"her ,",-21.801506996154785,11.838522915391927,11.222485385703870,14.016840250688800
6.752,but,-8.820414543151855,4.658555661422148,4.930779537805372,12.457675275903179
6.753,it,-16.720951080322266,4.203293263071855,4.933853112837152,13.000027639207707
6.754,was,-10.644793510437012,4.829273713132691,4.925909672651124,13.999963403825625
6.755,hard,-11.754243850708008,5.385826075449960,5.567368604151423,10.040251646373086
6.756,when,-10.692225456237793,4.946650740233185,4.790632708995656,12.826735165048134
6.757,Mom,-13.895426750183105,4.491859194006056,4.751973821461610,14.014276882184472
6.758,walked,-22.472060203552246,7.449809293724473,8.805173849722991,18.653881624519446
6.759,over,-11.724251747131348,4.582272373814726,5.416380376394383,21.632046110802364
6.760,to,-11.237018585205078,4.326250488107812,5.402046691518847,22.591605530270051
6.761,the,-8.962659835815430,4.218797793558467,4.104590171639218,23.452684792641573
6.762,bed,-15.678294658660887,8.215951069251961,8.663752586144131,25.451438044777731
6.763,and,-10.677408218383787,4.974277930867097,5.126938935719490,27.390318908082691
6.764,sat,-12.877971649169922,9.741781799929967,10.408175024838393,29.400576635586727
6.765,next,-12.528903961181641,4.620691721794405,4.782062484732037,30.364900896621105
6.766,to,-7.038949012756348,5.077483368537744,5.215573365824024,31.354937034684511
6.767,her .,-19.288247823715210,13.959742366232920,13.866564723154337,60.956144076527252
6.768,"Mom ,",-15.602389335632324,10.822111023892273,12.615805451683670,7.804657632234282
6.769,who,-11.719397544860840,5.520454175396338,5.412200995982389,5.208304263261534
6.770,Abby,-17.421030044555664,5.877066290748851,6.491317722418501,7.264300636999319
6.771,still,-13.042411804199221,4.158648094899314,4.659287310475368,11.977928051642019
6.772,strained,-18.121710300445560,13.327034042106733,13.125167819122726,11.175280137909818
6.773,to,-10.898471832275391,5.681929875335609,5.938721207863910,11.000427968848937
6.774,remain,-7.774527549743652,4.759568069585083,4.618527546710373,11.999994578598898
6.775,upset,-12.922620773315430,5.196286196269749,4.583579441449626,8.005522659830673
6.776,"with ,",-16.765909194946289,11.540716247581074,11.297714543400444,22.000002162054479
6.777,had,-11.181726455688477,4.181734175585573,4.269465173641609,15.000002783605945
6.778,gone,-10.815451622009276,4.681547739634622,5.175774522923712,18.252308728539468
6.779,out,-6.722122192382812,3.473708040900388,3.193847582104784,18.001727015694218
6.780,to,-4.123286247253418,3.893503552220912,3.743504645940614,19.035780141783480
6.781,find,-12.241036415100098,3.803601754846000,3.687168592202445,22.000180813427615
6.782,her,-10.730845451354980,4.122016925799536,4.744592859953550,25.000241542433308
6.783,glasses,-12.907043457031250,4.677125802220587,5.144069011222635,27.039666864289551
6.784,in,-8.480139732360840,3.568582097446986,4.549203525308723,29.058784003314013
6.785,order,-10.033364295959473,3.851787487252706,3.764005742413268,31.000078798551360
6.786,to,-3.106861114501953,4.556618675940489,4.468897883468046,32.000909533140749
6.787,search,-13.296648979187012,4.721519546476462,5.090356300060624,34.215934649534631
6.788,for,-8.397954940795897,4.397069763286019,4.608434880078049,36.999990765286704
6.789,Sticky,-18.999785065650943,10.023697730676279,11.202434145978888,37.002730280120687
6.790,more,-11.300733566284180,4.458766900862606,4.698957509537722,39.276619009480918
6.791,effectively .,-27.702039480209351,18.350035391741457,19.271441110408674,83.309764678431321
6.792,`` This,-6.089652261613082,23.115462614917330,23.128036498476604,6.870316122493421
6.793,is,-0.307627588510513,5.310006013030713,5.293731274890587,6.846218231168341
6.794,my,-6.440002918243407,4.593850490141789,5.059147595051963,9.199613148357386
6.795,new,-5.455974102020264,4.960806755920805,4.935944570842387,10.028266080118240
6.796,and,-8.573513984680176,5.521253899955290,5.696552606264862,11.069452972870836
6.797,extra,-7.508033752441406,5.417403711164313,5.852569079904304,11.635047252959845
6.798,powerful,-13.277890205383301,5.321700869149837,5.184637900054351,12.771765146011894
6.799,pair,-11.470176696777346,4.930656339976184,5.283568417233504,13.694597295982607
6.800,I,-0.441802889108658,4.398113225958769,4.158849788963090,12.733597107245428
6.801,have,-2.674768447875977,4.097347440483338,3.856223200572050,14.853792001902736
6.802,for,-2.213357448577881,3.270039723144420,3.121405247299367,16.698694553489069
6.803,important,-11.344374656677244,5.035751089956377,4.927660888659730,18.102625936139329
6.804,occasions,-6.279793946072459,7.829147907985064,7.911077975923670,19.074865911389914
6.805,like,-2.415214538574219,3.536121017183008,3.562784210193271,21.007376621092011
6.806,snail,-13.950946807861328,4.799336374051051,5.119419151929199,23.284023135894635
6.807,"hunting , ''",-30.104589223861691,24.312123530715255,24.851406780962666,75.142117297912364
6.808,she,-14.430047988891602,6.142222222500978,6.315595848076231,8.077996631400776
6.809,said .,-20.565405964851379,13.774329601645931,13.112215684559610,21.084349338005186
6.810,She,-5.398102760314941,6.513097172475808,6.651384949829806,3.124724563176501
6.811,smiled,-10.114966392517090,8.584160412961957,8.881006081312993,5.731804873326928
6.812,at,-9.434883117675779,5.332234368090626,5.619850473437912,6.527773169810137
6.813,"Abby ,",-31.254318237304688,10.286882043930865,11.752053386467288,17.279264883828741
6.814,trying,-12.273218154907227,3.952094527065453,3.583322051991401,10.000000283820103
6.815,to,-9.757669448852539,4.844453715820155,5.489656466867545,11.967797256787968
6.816,butter,-13.204478144645693,8.906895369063642,9.059793300313066,10.986726122917403
6.817,her,-11.093406677246094,3.899905466408234,4.282844107814324,13.739984185419571
6.818,"up ,",-21.013695716857910,9.018829890465943,10.147914063010159,35.266313641660389
6.819,but,-10.275151252746582,5.414160110167745,5.377945006065904,20.063611442765328
6.820,Abby,-22.044065475463867,3.906371496193653,3.738838961172216,21.995529499059483
6.821,did n't,-18.939251370622515,21.980159838313227,21.758268540456669,37.328266581578347
6.822,smile,-12.541979789733887,4.620857469399475,4.401591434793962,17.000013844410383
6.823,back .,-22.301073551177979,14.604707357736880,14.475992243846626,37.993733898830612
6.824,Abby,-11.094477653503418,4.863508870421332,6.018668837297732,3.747565479642037
6.825,believed,-16.204504970461130,11.249873359945106,11.495274247381339,4.659836985129477
6.826,her,-13.029389381408693,5.625348293495740,6.182432431022126,5.947793835560919
6.827,mom 's,-17.933735303580761,16.697102045033574,15.659707950790615,16.150204683418636
6.828,idea,-15.821525573730467,5.188183551436548,4.911140145824543,9.456835158212499
6.829,would,-4.267391681671143,4.951066481495586,5.051012555327463,11.256190080333614
6.830,not,-8.897812843322754,5.349626804926778,5.047676718098738,12.329414114220061
6.831,"succeed ,",-25.592425346374512,11.234360870227981,11.121291461045551,23.429763884510187
6.832,but,-3.674842834472656,3.971022907001951,3.760756326012921,11.999992898329207
6.833,then,-11.320962905883787,4.548512025561410,4.482793334091401,14.000000274626816
6.834,she,-10.362196922302246,4.412064243047432,5.345500612828297,15.000275524755216
6.835,had,-9.641392707824707,4.210087355573621,3.971294536526778,16.000743395373284
6.836,an,-9.512993812561037,5.589222115085065,5.558883016339873,17.281770067155836
6.837,idea,-12.348678588867188,5.824945142554888,5.567656179866207,12.008472999179551
6.838,of,-9.909524917602539,5.148983796263278,4.894148447921782,15.387756334027774
6.839,her,-3.837064981460571,4.810891033022344,5.015484177616913,17.465096426365626
6.840,own .,-14.687532901763916,14.750774568655505,14.752933356233514,38.352171608495439
6.841,`` I 've,-7.956987618385028,37.226277679797391,36.570063584994138,13.742941413558926
6.842,got,-15.369889259338381,5.341050682434014,5.619430830218962,7.328395899882072
6.843,a,-7.820125579833983,4.394539839602610,4.890108239907763,9.978459151240754
6.844,magnifying,-12.997995391488075,22.477070085134137,22.580703888714208,12.172163336061207
6.845,"glass , ''",-27.949559926986694,24.268773630995714,23.862843492207926,41.315438682867310
6.846,Abby,-16.072624206542972,4.202777542613381,4.964404322221461,16.695571606732141
6.847,suddenly,-20.660204887390137,10.336298604799245,10.608726194836217,12.707050474842534
6.848,remembered,-15.907447338104248,9.633524391988566,9.220647827486166,8.028202809771246
6.849,and,-12.094353675842285,4.812924119612837,5.183150673348599,15.334259223718623
6.850,rushed,-13.351728200912476,8.177463481844395,8.262177701179509,17.078448493407905
6.851,off,-8.162544250488281,5.459464351536646,5.322404042614483,12.615082670850770
6.852,to,-4.987370967864990,5.736913824217912,6.104929493510809,13.028616334005056
6.853,find,-15.721088409423828,4.480511264405632,4.338031626037029,14.002770491945427
6.854,it .,-17.102574110031128,14.559457846455178,14.658559992174663,33.001189844231291
6.855,On,-3.128455400466919,5.730897980859837,5.441122211391993,3.070646966679048
6.856,the,-1.323534965515137,4.698565907195838,4.605079673268247,5.353219769068361
6.857,floor,-7.378486156463622,5.014294347631957,5.186769602201687,6.808101906530900
6.858,beside,-6.660141944885254,5.803291577121897,6.105378832613473,6.001343031044607
6.859,each,-14.909798145294189,9.668170918823973,9.200570744114636,7.001309241159228
6.860,other,-7.667561054229736,4.987554310317666,4.883770807796735,7.998991455813912
6.861,they,-9.791866302490234,5.648644365355238,6.047599294017978,7.719289742216351
6.862,"sat ,",-28.134500980377194,19.560568490192669,17.984572667707365,13.141373092729470
6.863,shuffling,-14.647158384323120,16.868591287031553,16.370811931517121,8.051275668018071
6.864,around,-10.444142341613770,5.142703450054647,4.936104278956497,9.007582127412119
6.865,the,-7.591154098510742,6.225208296678907,6.045522041657208,10.054992911840960
6.866,"tank ,",-27.933625221252441,9.323097782771113,11.151736966637348,26.256093274111123
6.867,looking,-8.756596565246582,3.591594678995240,3.501807762362044,15.162759939271993
6.868,all,-12.966405868530273,5.318270933274087,5.557043625232628,15.785188030559686
6.869,over,-10.273677825927734,4.842939912666528,5.730724422033499,15.162326114886126
6.870,the,-9.040493011474609,4.595897227987443,4.807696730856037,16.167186408674578
6.871,place,-11.474974632263185,3.665200711054119,3.596931496644685,17.168638652149227
6.872,and,-11.158063888549805,4.636952080696744,5.416331879391008,21.215410300647672
6.873,peering,-18.347153663635254,6.718948036143451,6.143045244633369,22.111208688636975
6.874,into,-17.017208099365234,4.193136742871983,4.810897704942874,23.840767816139032
6.875,the,-8.048828125000000,4.680622691300347,4.485350344087016,24.589131131541123
6.876,corners,-10.323367118835449,4.512589381309224,4.510558480626493,24.157517662383643
6.877,among,-6.257406234741211,4.318133500876332,4.092278653911420,20.786572764183550
6.878,the,-1.408009290695190,5.389699445449481,5.453022596183868,23.615220754879442
6.879,big,-5.311548233032227,5.283537359939249,5.512001829291054,24.492194717475968
6.880,pebbles,-15.288227528333664,9.949312560722934,9.950871287379254,25.673076119605774
6.881,and,-10.025825500488279,5.914373839526210,6.057995725650820,26.998985223821201
6.882,the,-1.735195398330688,4.162061505387221,4.207557946686789,28.007708130632281
6.883,pond,-9.685227751731873,7.879278770333332,8.468250843444768,29.091737634496447
6.884,weed .,-25.117014646530151,15.066301232714785,15.623784877963503,60.868732047106143
6.885,Abby,-11.094477653503418,4.863508870421332,6.018668837297732,3.747565479642037
6.886,tried,-16.789073944091793,5.589671098035519,5.730041880714746,4.733106498423422
6.887,to,-8.340600967407228,5.782876218445320,5.717764113705409,4.363170970730298
6.888,"imagine ,",-18.392490386962891,9.423967051518751,8.351120622159343,15.094832868018937
6.889,if,-8.265795707702638,4.845445003398869,4.476665625685769,10.007928800209674
6.890,she,-11.525097846984865,4.468662599672523,4.496980840684528,12.001096797755981
6.891,were,-12.454187393188475,4.959270636048953,4.940007647078242,15.000914391824812
6.892,"Sticky ,",-33.676404953002930,17.685412384136526,18.110475860328066,36.125866747837833
6.893,a,-5.538446426391602,4.284033381785689,4.803483419877758,20.201046410151392
6.894,little,-3.556062221527100,4.228274424964054,4.338942645797961,22.073514094075797
6.895,water,-21.873229980468750,7.728896896979015,8.153375031873454,23.999180727905454
6.896,"snail ,",-20.260629177093506,10.701754321185085,11.389097790537658,49.261661767099177
6.897,where,-11.370850920677185,7.202147941566359,7.758940693333397,26.198000935805375
6.898,would,-11.440283775329590,4.506214312757344,5.020617251968775,27.276259712985365
6.899,she,-10.134749412536619,4.261626128011247,4.641704264404772,28.281966378591388
6.900,hide,-17.204465866088867,4.495928856847696,4.440091504978050,25.042310920200798
6.901,out ?,-24.478851318359375,12.118408289963156,13.097035706260813,52.169472210097638
6.902,At,-2.780373811721802,5.767618461651245,5.566398876401395,3.136050542062083
6.903,one,-3.396942377090454,4.771343446871014,4.245151409364906,5.276082587073025
6.904,point,-0.368165463209152,5.662523518911751,4.793272860215068,6.216328713985446
6.905,she,-4.759111881256104,6.257960522562339,5.831314192637922,5.155373091165201
6.906,thought,-5.258870601654053,5.870382875421535,5.837400084578293,7.208465524966352
6.907,she,-1.318854928016663,5.139767493658941,5.365948862568281,11.266589219057719
6.908,saw,-6.302490234375000,4.567900779203378,5.328251678984142,13.296146183204945
6.909,"him ,",-7.875844478607178,8.653521240583977,8.262537060919334,24.838214888640522
6.910,but,-1.133516430854797,4.514066031685799,4.123093145951327,6.469864074676599
6.911,it,-2.480369091033936,5.695997511246500,5.385136270299590,8.427118960519486
6.912,was n't,-1.818821191677671,22.873883598264747,22.691206733464533,21.777211367051883
6.913,the,-9.372325897216797,5.696674848898281,5.905279557385977,12.845541482164831
6.914,water,-8.675415515899656,9.748221430124401,9.691984740324116,14.663612897364199
6.915,snail .,-28.483320236206058,15.166372285897820,15.539367277075991,34.115085542825909
6.916,It,-3.523702144622803,5.975466083379700,6.746003274069055,3.255935461031633
6.917,was,-2.202806472778320,5.612470929407762,6.038403578106284,5.170998584181224
6.918,a,-1.793869495391846,5.652907311660521,5.850153681040768,7.758013063490379
6.919,large,-7.159314155578612,5.534405346124167,5.706322850706448,8.973712768759901
6.920,speck,-16.230750560760498,7.698923494755737,8.359696476279503,9.682129531130489
6.921,of,-14.093807220458984,5.601266205563422,5.447828905199279,11.603882932325645
6.922,dust,-22.023659706115726,7.883603140037382,7.465306732285716,8.940502695984970
6.923,that,-6.306571006774902,4.443408998560412,4.709508576138179,12.168881295367596
6.924,was,-17.149131774902347,5.235986557904738,4.905448284340559,11.564210962033169
6.925,deceptively,-17.134410381317142,8.874141601508196,8.657372520240850,18.506157110729237
6.926,bobbing,-13.220942497253418,12.381399369698991,12.150253764723365,17.015898181510252
6.927,around,-13.517681121826172,4.499620074176837,4.436570569200245,18.021643484508790
6.928,in,-10.584977149963381,4.950768255907276,4.817087423192747,19.018909655057694
6.929,the,-7.430321693420410,4.975155382815743,4.830605477003977,21.073226010150023
6.930,water,-8.522915720939636,8.647167344330981,8.808812923490468,22.116311049192166
6.931,like,-13.931207656860352,4.974980635082755,4.926717856265066,23.127645538632496
6.932,a,-7.576019287109375,5.355063571546713,5.274174298675499,23.983510653580836
6.933,live,-14.107553482055664,5.544316573613021,5.600214651997769,21.426758307604683
6.934,animal .,-23.477431535720825,12.654401267601541,12.967143287780331,48.455864599528859
6.935,They,-4.217763900756837,6.440059799503674,6.808608391731434,3.136232103890133
6.936,were,-3.134542465209961,5.776388440474769,6.087692542203697,5.190630065368453
6.937,ready,-5.010430335998535,5.195903624504254,5.457144980073156,7.250115193863538
6.938,to,-0.009594872593880,5.408125027529778,4.845500921676319,10.242832606243566
6.939,call,-4.845916748046875,4.287133822362573,4.874539101843244,12.265096175412381
6.940,it,-1.249551773071289,4.299170593478562,4.201153711086178,15.030646940190096
6.941,"quits ,",-14.304538041353226,13.372396498990685,13.888186145922909,35.023091032467896
6.942,when,-15.903381347656250,4.430104010935195,4.421132760882315,19.005779803351306
6.943,suddenly,-16.305468859151006,8.736640551409659,8.664232777161098,10.936280525475867
6.944,Mom,-14.871423721313475,5.028803156708907,5.553822916370682,11.044267892858144
6.945,"cried ,",-25.775643348693851,19.971824473532358,20.596774370658526,32.450681452561298
6.946,`` Ah,-22.539620634910534,17.171786232168166,18.219597004454819,41.067916055725718
6.947,ha ! '',-36.427021622657776,28.735904395700523,29.968586671908440,70.999405087820350
6.948,Tucked,-9.363352600485086,9.374393153610551,9.227250788732134,3.732833365065852
6.949,in,-6.668595314025879,4.733904093699008,4.836270309293144,4.436750282673374
6.950,a,-8.622782707214355,5.304808206034622,5.571281190230750,6.598477612889187
6.951,curve,-11.923403620719910,7.323033207203921,7.120067434156983,8.886763635469354
6.952,of,-10.064196586608887,5.538895080009599,5.456967484250768,9.860226676431337
6.953,the,-11.074670791625977,5.929597828996807,5.701166871365626,10.815140857240049
6.954,"archway ,",-24.263807654380798,16.366803856930673,15.318922179560158,28.591623415831556
6.955,perfectly,-11.342634439468384,7.180020392168549,7.065759128941008,15.746563726956005
6.956,hidden,-21.175357818603519,4.986885105658899,4.659520622000033,9.929405129911730
6.957,against,-11.731906890869141,5.331099910149272,5.112190501107762,8.921376912244414
6.958,a,-7.450898647308350,5.912929767712238,5.822824804553997,9.595679394432373
6.959,pitch,-15.027917861938475,5.344305603125407,6.313458142986947,7.998741547701849
6.960,dark,-9.395234107971193,5.466672395252330,5.709911598927173,13.014780853833349
6.961,"stone ,",-7.206064343452454,14.202763113254409,14.862317170181971,20.950904315978939
6.962,sat,-15.165898084640505,11.541086848830572,12.276254642677401,13.764038829061899
6.963,Mr.,-10.915104592218995,11.406626982802605,12.505993276350839,8.123391601682219
6.964,"Sticky ,",-34.952053070068359,19.988943229700805,21.620900999689063,19.699623118480396
6.965,safe,-11.630888938903807,4.532573990459177,4.458773314775486,12.323885017114597
6.966,and,-5.724192619323730,5.961299663090482,6.322084798738064,13.070533838025494
6.967,sound .,-15.914585590362545,13.131040695877314,13.136223569566610,29.135047210637730
6.968,"`` You ,",-13.707800588486862,29.294946519272415,28.997016562906058,12.851623137434469
6.969,I,-1.078524112701416,4.836499378638392,4.456534828450294,8.053071823010317
6.970,can,-2.237365722656250,5.233434685527553,5.323700471079519,9.239031386916057
6.971,always,-2.170136451721191,4.347912900165601,4.709968221442104,11.077833530538097
6.972,count,-5.045621395111084,4.730361226005284,5.189693750133206,13.165867708528696
6.973,"on , ''",-15.074588081799446,25.323810786071107,26.054595121327427,29.493252362483133
6.974,Abby,-12.073423385620115,5.488558664458568,6.533526188644638,11.342731454477393
6.975,said,-10.647161483764648,5.375596293370398,5.450915412101895,12.261520204283727
6.976,to,-7.212315559387207,4.972212507407320,5.269623950646761,12.942737734122559
6.977,her,-13.628034591674805,5.200468792857651,5.195873611209303,14.008321009663437
6.978,"mom ,",-12.347890377044678,9.251777267593461,10.470577432304523,34.069813969715518
6.979,with,-8.844017982482910,3.596126839029241,3.855616106367870,18.770808243245387
6.980,relief .,-30.799890995025635,10.488670658431086,10.430486906890168,37.936517246277994
6.981,Then,-3.511779069900513,6.099443320222187,6.057052913474799,2.974602023277294
6.982,she,-3.086150646209717,6.008346628232008,6.203810951500667,5.029036798482458
6.983,noticed,-6.542647927999496,9.284048862046774,9.195082812083132,7.120700059329928
6.984,another,-4.148802757263184,5.275533476955078,5.360361513692268,9.966585776851421
6.985,water,-9.594481229782103,7.483344009293853,7.927763746690303,10.697110544361095
6.986,snail,-13.140512466430664,4.372580278883926,4.617192152959142,11.666246657791465
6.987,was,-12.087435722351074,4.150333370246779,4.862714802392508,12.718653631113591
6.988,right,-12.053322792053224,5.201277590488257,5.518126556340578,13.892523179026474
6.989,next,-5.760721206665039,4.597750636529606,5.505973930729859,13.615660688515847
6.990,to,-5.578262329101562,5.250762333082021,5.136207937862840,15.085656781665639
6.991,Sticky,-27.688138961791989,11.403731289481881,11.437959688623907,16.001856742549116
6.992,and,-11.914100646972654,4.559439695439027,5.759633471542032,19.341999423428369
6.993,asked,-11.479781150817873,7.921134907925789,8.446110760805100,20.252193787011823
6.994,where,-9.312570691108704,8.206256980752872,8.418343519817396,21.226692066497659
6.995,this,-12.133887290954590,5.078753681640710,4.871849624678371,21.955560348930049
6.996,new,-10.175605773925779,5.493514291525408,5.349235163118040,22.999969085868191
6.997,addition,-17.569297790527347,2.974472052892300,3.857233771893194,25.900629492817487
6.998,to,-8.432363510131836,4.565946706305200,5.681058941732092,29.042441311449704
6.999,the,-7.915446281433105,3.971948667581758,3.842528723509179,30.106375979168234
6.1000,family,-7.358967304229736,4.096943751411851,3.948606642864343,23.067770998572076
6.1001,could,-15.541988372802734,3.501262818696102,3.223874469286907,23.000003153571402
6.1002,have,-9.418355941772461,4.291540629204483,4.604573323361599,25.351956540752148
6.1003,come,-7.178333759307861,4.430933100645881,4.812528263262718,26.216496583095928
6.1004,from .,-22.823677182197571,13.255036296131127,14.207583349439664,51.343585416375767
6.1005,`` I 'm,-6.605001716790866,37.709939498922168,36.452711174299040,13.657971578958321
6.1006,beginning,-12.784812927246096,5.207804393641268,5.152193960165653,7.885811825179451
6.1007,to,-0.846123516559601,5.963494185847606,6.058479611602553,9.100046556651119
6.1008,suspect,-7.526531219482423,4.886435774349068,5.327279961660222,12.813769365701274
6.1009,the,-8.586784362792969,5.053407655442811,5.135172556405323,14.867206553500885
6.1010,pond,-17.495764732360840,6.988884860155240,6.813035914265545,17.176024701717278
6.1011,weed,-11.050896406173706,6.332645189656521,5.958975904351622,18.143885572637600
6.1012,is,-13.241452217102051,3.863707321013428,3.982237934184556,19.109521096559984
6.1013,"guilty ,",-21.096334934234619,10.020677176589267,9.765097810613002,42.578834757517960
6.1014,do n't,-16.345210313710595,19.232609492035230,19.392752772256262,45.000621636548324
6.1015,you,-17.959634780883789,4.791402289536276,4.868588258138820,17.543706304334332
6.1016,think ? '',-32.068727493286133,27.971054773828868,27.904101475634981,23.466767580195850
6.1017,replied,-16.233148694038391,11.865978422828707,11.725801446314021,9.014348040228199
6.1018,Mom .,-17.456034421920776,15.247747118083444,15.913221739091608,24.275332260290917
6.1019,They,-4.217763900756837,6.440059799503674,6.808608391731434,3.136232103890133
6.1020,both,-2.561613082885742,6.125822749973255,5.080736937716777,5.237825416548501
6.1021,laughed,-9.307780265808104,9.097849057864755,9.382882040276609,5.229317291421605
6.1022,and,-4.796785354614258,6.065720556313376,6.798566569989277,6.345833690837120
6.1023,climbed,-18.095630705356601,8.430765489471785,8.600570956494982,7.302772101729115
6.1024,into,-9.457216262817383,5.679391647572754,5.503107471843672,8.300645547917345
6.1025,Abby 's,-24.327007412910461,19.673456299566674,19.312898557779931,22.292378794052709
6.1026,bed,-18.795036315917969,8.696363208063794,8.903236050400061,13.000147859771328
6.1027,together,-12.449302673339846,4.805396885387708,4.522039758120219,13.101789812574440
6.1028,"and ,",-6.687423467636108,11.013094730706509,10.869007072608825,32.545113575549394
6.1029,though,-6.212865352630615,4.623015292837218,4.386676238342413,16.678550226230993
6.1030,it,-18.108579635620121,5.767494715276697,5.919827966671740,12.709003154516045
6.1031,was,-12.000736236572266,5.639865409627162,5.286197053303997,13.155560630764738
6.1032,"cozy ,",-27.603109359741211,10.216735507099139,10.267009418906660,30.706074918244482
6.1033,it,-11.047883987426758,3.990368723961751,4.879626476702648,19.645269822905611
6.1034,was,-4.588811397552490,4.066047587396515,3.835360478084890,22.788615616952111
6.1035,a,-7.941385269165039,5.297341176202759,5.553391444774453,23.777016666758808
6.1036,bit,-3.347352981567383,5.205935339412550,5.384607876608571,24.702121507713464
6.1037,of,-11.753252029418945,4.769784967982797,4.737315761232773,27.520838997357121
6.1038,a,-7.284323692321777,3.996177100434955,4.388523512070146,30.052202799124327
6.1039,squeeze .,-18.658755779266357,11.452300283009965,11.478550868117976,65.077085736579420
6.1040,`` Budge,-19.454544267533496,32.392713738160289,32.319297026068412,6.944773865810442
6.1041,"up , ''",-32.829497039318085,26.313409849241054,26.973056749097381,18.143819537778867
6.1042,Mom,-18.774816513061523,5.377924633694347,5.958179680698329,11.130970324708240
6.1043,"said ,",-6.993308544158936,10.142609800114815,10.603345452928810,25.032218043249010
6.1044,giving,-10.138109683990480,8.902916650653626,8.708216765275504,9.030793285434513
6.1045,Abby,-22.866136550903320,5.644745989485785,6.033829828350225,6.058763006595624
6.1046,a,-8.170165061950684,4.168879240393373,5.151970927172123,13.000211118896349
6.1047,push,-10.223275184631348,3.935804177343888,4.668307382352384,12.001956343543974
6.1048,with,-9.288311958312988,4.827348629898288,5.041652334072326,13.001225826566069
6.1049,her,-6.917335033416747,3.602676203912552,3.444458470211792,16.026596420200313
6.1050,bottom .,-22.393437385559082,12.246017792221849,11.841282947879696,35.008951451411519
6.1051,`` I,-4.737508735535812,23.867805277916236,23.573958283951185,6.814012939598449
6.1052,ca n't,-31.243824612756718,25.668537600898489,26.885295764817378,13.532823888396221
6.1053,because,-7.854176044464111,12.162736058920515,12.773021385253461,8.152467935735162
6.1054,I 'm,-27.649139404296875,20.618863321841392,21.301322198429059,19.173801473740980
6.1055,already,-13.592720985412598,5.170742113682457,5.984390458460425,13.010811066300001
6.1056,on,-10.176967620849609,4.660335707903693,4.791568218380234,15.009280856904711
6.1057,the,-8.634764671325684,5.258142018108366,5.091003887383665,16.004233473059120
6.1058,edge . '',-38.144610166549683,26.923350018125408,26.295122290476346,61.138465578049939
6.1059,`` Good,-11.656230172990037,23.391623857374519,23.372384662593298,6.702814910285657
6.1060,"heavens ,",-21.771138668060303,14.838068290124944,15.504991711469991,11.346968924050454
6.1061,you 've,-26.506278991699219,18.374527811069377,18.924250346074803,14.059231762656061
6.1062,grown,-11.105209350585938,5.149442050243183,5.305715511437947,9.605098555683179
6.1063,then .,-19.451025128364563,15.439461206980070,15.577411677908543,22.193377520668751
6.1064,When,-0.057549852877855,6.076412383427700,6.237477393603897,4.052596691218262
6.1065,did,-2.001843452453613,6.067956884075823,6.082021233331314,5.014890258012525
6.1066,that,-4.405705451965332,4.730476315634046,5.074106355123662,7.045447294685433
6.1067,happen ?,-0.265919758472592,14.649153847402955,15.242413029041529,15.006030585048286
6.1068,You,-6.231128692626952,6.233941915441048,6.404582656790120,3.222836775759857
6.1069,could 've,-11.057913303375244,20.177395214084864,21.130003775768131,12.465040224371101
6.1070,put,-12.427234649658205,5.518979751121607,5.736837460750749,8.144807905162576
6.1071,an,-9.380225181579590,5.753212095291437,5.804026538321887,9.640428464299873
6.1072,elephant,-7.710917472839355,4.438754325824626,5.027668520731805,12.453907662959688
6.1073,in,-10.719207763671877,3.980629680228221,4.579111391093626,13.439500502072230
6.1074,here,-9.314099311828613,4.386567594423582,4.162349389591506,14.470947028651734
6.1075,last,-12.561490058898926,5.454511029170039,6.213596827474199,14.406998098440466
6.1076,time,-8.685601234436035,4.857652523144961,5.192515596676469,16.547049208871151
6.1077,we,-6.782743453979492,4.942235222115356,4.915826354339688,14.776437510511606
6.1078,did,-13.958697319030762,4.937980749699231,5.248114051384301,17.473835555023573
6.1079,this .,-16.685772180557251,12.409257516949324,12.686174358629643,43.780963786252329
6.1080,Before,-5.061598777770996,6.308174783561556,6.082609757556669,3.069251431670275
6.1081,I,-3.902653217315674,5.556812942075648,5.767788982738581,5.978724195021366
6.1082,know,-5.497870922088623,5.011668983361194,5.173018401713930,7.950014248830018
6.1083,"it ,",-1.228191018104553,10.266106131542838,10.056378993358678,14.213392565503096
6.1084,you 'll,-6.927865812554955,19.094271281498777,18.899133986041186,14.229865776287177
6.1085,be,-10.388010025024414,5.869824988051211,6.013645703886040,8.557418610366707
6.1086,all,-8.924461364746094,5.553272189365454,5.912209283620406,10.814121988088980
6.1087,grown,-9.435055732727051,4.595695122100341,5.324022790990678,12.008551090445053
6.1088,up . '',-32.936427395790815,28.799165745501401,29.432488690554820,38.053918934638830
6.1089,On,-3.128455400466919,5.730897980859837,5.441122211391993,3.070646966679048
6.1090,her,-7.761461734771728,4.916139565856222,4.752245535504247,5.507915860287438
6.1091,mom 's,-10.458833028744268,15.826929808671251,15.873288372844190,14.415856711935202
6.1092,chest,-19.452166354283690,14.584055159942558,15.178691828299556,7.842738082244987
6.1093,Abby,-19.709846496582031,5.854960092842753,6.026112338304353,8.852360549627694
6.1094,then,-10.179903030395508,5.186908563946214,5.557968806195571,7.717574264188200
6.1095,put,-13.345925331115724,5.590781384147936,6.205799686797396,8.085683729743543
6.1096,her,-10.686759948730467,5.539025121819132,6.075806709361113,9.053536964001474
6.1097,head,-11.808016777038574,6.279559954126311,6.326146428794342,7.087253143965096
6.1098,and,-12.092411994934082,6.061675523805317,6.693804148648727,7.999525781873496
6.1099,smiled .,-23.282943367958069,19.836388296590844,20.441564240331392,21.008610794122397
7.1,The,-1.652928352355957,6.216193485653642,6.231108800665612,3.459354033097218
7.2,text,-9.918869018554688,5.547498155823162,6.173193991361678,4.669958061129828
7.3,message,-13.086956024169922,5.178038354981613,5.453634090639828,5.268176376112722
7.4,said,-5.235678195953369,5.466641984872153,5.164008187789258,5.112731748829213
7.5,that,-1.594395637512207,5.134829223716387,5.421196285668695,7.187616899051538
7.6,Lucy,-13.968352913856506,11.999764729221052,12.678834649306687,10.456194875679708
7.7,Josephs,-13.202309608459473,8.442011776127275,9.283120280109102,11.754930923023558
7.8,was,-12.435454368591307,5.349316704325132,5.699855677379645,12.836212130877106
7.9,a,-10.190901756286619,4.807011913509678,5.448480242568377,13.785283451847080
7.10,failure .,-23.722775936126709,14.557513823020717,14.263847009900864,28.592507167677397
7.11,It,-3.523702144622803,5.975466083379700,6.746003274069055,3.255935461031633
7.12,said,-2.266554832458496,5.687078711108312,6.191759572338837,5.032971558955981
7.13,she,-9.235178947448730,4.959842382889870,5.743525896243477,9.145527755383203
7.14,was,-2.311325788497925,3.878674335524233,3.590490875371505,11.252912269568693
7.15,"ugly ,",-16.207279682159424,9.891838322230576,9.910725336488843,27.241513194901813
7.16,had,-0.641348183155060,4.306903402916713,4.419323659501800,16.156484862792144
7.17,no,-1.649056196212769,5.155523922519778,5.291639954250766,19.431177248397447
7.18,style,-9.931129217147829,8.265633247263644,8.124060046486106,20.083130660851648
7.19,and,-1.110932350158691,5.083812615580118,5.017685109011619,18.515367747486728
7.20,the,-4.310347557067871,5.031712710239209,5.116971380835955,21.715050513346682
7.21,world,-5.452077388763428,4.097379260417891,4.072499734987722,21.450558285100637
7.22,hated,-8.716059595346449,11.781394744725675,12.391915634990401,22.147120969251837
7.23,her .,-21.725960254669189,14.575704333725252,14.551304325304379,48.531731057174639
7.24,At,-2.780373811721802,5.767618461651245,5.566398876401395,3.136050542062083
7.25,least,-0.000585742061958,5.270503954532119,4.647951667992523,5.206132532579506
7.26,that,-2.013773918151855,6.019725691284249,5.670692367861210,5.000696389866294
7.27,was,-2.751565694808960,5.644865275875463,5.427680164808304,7.005612334452715
7.28,what,-0.007413140963763,4.739169891354403,4.745899811956716,10.028688863459497
7.29,it,-3.276681184768677,4.802423204445065,4.891241899641734,13.094977297822403
7.30,said,-4.882605075836182,5.074769753150910,4.923698185082084,15.036210536666234
7.31,to,-0.553126275539398,4.591208112465901,4.426557302021579,17.181408152986627
7.32,Lucy .,-24.714150190353394,19.561515060306114,21.278055317482636,39.963340456070739
7.33,It,-3.523702144622803,5.975466083379700,6.746003274069055,3.255935461031633
7.34,said,-2.266554832458496,5.687078711108312,6.191759572338837,5.032971558955981
7.35,that,-2.685965299606323,4.818345779382461,5.179965503174044,7.248689941714535
7.36,and,-10.263137817382812,4.907916306647311,4.853664571380554,9.592270775421763
7.37,a,-2.926068782806396,4.698307818749520,4.732743810303612,13.423666767631245
7.38,whole,-9.094592094421387,5.133584569821987,5.326313991820756,14.691368896808404
7.39,lot,-3.132115602493286,3.961875056484442,3.832960602119050,15.722286800205186
7.40,more,-7.248135566711426,4.435187475115800,4.171960350674238,16.376137906861885
7.41,that,-0.054259441792965,5.008063265235175,4.894918932426509,16.812944078790480
7.42,she,-8.963358879089355,5.603142571336724,5.821932785696549,19.876083285992628
7.43,was,-3.608117580413817,2.780824194199336,2.850896355594259,21.836549177570681
7.44,struggling,-7.783979296305915,8.731265778235269,9.050649966383476,23.843160984552942
7.45,to,-0.005989104975015,4.346407765520470,4.197378839948935,26.842157720558511
7.46,understand .,-4.884441317175515,12.719066297118321,11.900852247796706,35.742678000042361
7.47,The,-1.652928352355957,6.216193485653642,6.231108800665612,3.459354033097218
7.48,actual,-8.425083160400389,6.258233236644586,6.202423210266992,4.623134514350731
7.49,text,-8.158474922180176,5.525649550587111,5.553608475989728,5.647246605250793
7.50,of,-0.067106507718563,5.012623297678585,4.512770964107376,6.075108020433756
7.51,the,-0.402899205684662,5.492426639438651,5.343773534698792,8.238103496736489
7.52,note,-7.304161071777344,4.952310710251229,5.523383413443363,9.127888203982598
7.53,said,-5.096468925476074,6.137799187806120,6.561925708507812,5.079642155924325
7.54,that,-1.364430546760559,5.109478045383799,5.474157949374032,7.138416332204707
7.55,Lucy,-13.701069116592407,12.207125653482597,12.612487838891369,10.444864109178056
7.56,better,-11.817434310913086,5.042574712442239,5.295526253968061,11.602167467092853
7.57,not,-4.973796844482422,5.213784318328162,5.372634556416375,12.448574138136562
7.58,show,-6.993396759033202,4.237620433679268,4.488004816607678,13.003059646320930
7.59,up,-9.568369865417480,4.791168240267561,5.067568134036375,15.071431597410795
7.60,at,-7.960947036743164,5.305332900462815,5.470120749974347,16.822602229279127
7.61,the,-10.731416702270508,5.022920258745652,5.042246336536640,19.000129977544717
7.62,party,-9.601432800292967,4.586210879902646,4.901545787742354,21.330627341028546
7.63,"tonight ,",-20.694212913513184,12.782682067220463,12.439663566893692,45.260907608673307
7.64,because,-7.956335570663214,6.869172249099433,6.408199653968911,22.348852002657843
7.65,it,-10.563274383544922,4.558692837065244,4.438547028168563,24.486255090629967
7.66,was,-12.405208587646484,4.213741034009798,5.088463831194352,27.662347418036688
7.67,going,-10.309563636779783,3.948273405315469,3.745037000682939,29.491606440414877
7.68,to,-2.636668205261230,4.530619069797154,4.440905018932363,32.025688169173065
7.69,be,-3.189563751220703,3.641565160565956,3.553592879222693,32.671704233297852
7.70,bad,-11.163856506347656,4.993779504419827,5.350357775923682,34.472993970678019
7.71,enough,-4.458147048950195,8.539947218177533,8.641971720313244,37.001161809985881
7.72,already !,-29.789077758789062,12.540231804679934,12.703679511787897,78.004883625666878
7.73,"Lucy ,",-23.361172676086429,19.635679816717573,20.886997198138406,9.126652404133559
7.74,who,-12.261128425598145,5.006830348017664,5.359616915834378,6.130123861580099
7.75,had,-9.723398208618164,5.997591624326692,6.057613497970936,8.463240760195117
7.76,started,-5.543159592896700,8.265144534772638,8.075023510133532,11.453571198295972
7.77,receiving,-7.522813796997070,4.449277873169971,4.165362989441554,13.359917916586216
7.78,these,-11.877317428588867,5.392441114215361,5.508272682394670,16.379187803109115
7.79,messages,-12.003576390445232,8.068353892603097,8.340992841436115,18.527809989608642
7.80,a,-12.497870445251465,4.955633756503534,5.125345355660927,19.935130712749924
7.81,few,-8.457923889160156,4.569052456842340,4.857574318821318,18.533839599880746
7.82,weeks,-3.113281965255737,3.333546403926473,3.131597168588765,19.579457240620066
7.83,"ago ,",-22.126488208770752,8.686246520173238,8.248890854852714,40.814624533599584
7.84,tapped,-21.351655483245853,9.156346458043178,8.809816365412983,19.201587617468807
7.85,the,-10.927495956420898,6.575153949378153,5.796579089141314,5.828334692460184
7.86,mobile,-13.211278915405273,5.350081657247551,5.221600705627394,7.358838182732795
7.87,screen,-9.191895484924316,4.341316901741604,4.066171488912881,8.154772549479128
7.88,to,-8.933797836303711,5.378025061382591,5.623861162430266,9.448917968022712
7.89,make,-10.228495597839355,5.506019814522631,5.467098881249024,11.982220334890876
7.90,the,-7.107767105102539,5.718050188527620,5.614296932208394,13.982396472844615
7.91,message,-8.755891799926758,3.977753347475717,4.088439006812627,14.234425588566687
7.92,disappear,-14.496693611145020,3.625901634597739,3.807162835409378,15.100337791980500
7.93,from,-10.808388710021973,4.892581671901818,4.751572208494263,16.000266690444885
7.94,view .,-23.462652683258057,13.350018984684816,13.925021480181236,40.126239453553687
7.95,She,-5.398102760314941,6.513097172475808,6.651384949829806,3.124724563176501
7.96,only,-6.229624748229980,4.876776505296789,4.670270517150112,5.579497525940531
7.97,wished,-9.515542030334473,5.808619042573142,5.622953926204056,7.279228965474792
7.98,it,-12.940222740173340,4.508104329083840,4.860776427185657,8.249763810445398
7.99,was,-12.001337051391602,4.813376298194799,5.531312491602629,10.400162477490378
7.100,as,-9.118804931640623,4.969024009892085,5.550405115213971,11.999957958591395
7.101,easy,-6.846671104431152,4.645605773024144,4.347825538925689,14.189718588397238
7.102,to,-9.435977935791016,5.433696724080452,5.607007298729473,15.294954473038207
7.103,tap,-12.124254226684570,4.196724761518650,4.713602702350349,17.988828352414128
7.104,her,-9.149189949035645,3.287715462455487,3.323733957822411,19.970940307564405
7.105,heart,-8.170545578002930,4.537895098210844,4.941797232119095,21.960036314258691
7.106,and,-2.153840541839600,5.261457058437990,5.712121012413193,22.956424395811425
7.107,erase,-22.377975463867188,3.785631521333937,4.016134107701606,23.110801217042972
7.108,the,-8.650320053100586,5.208044995721402,5.257331876575384,23.999752971829576
7.109,trace,-9.314746856689453,4.685726268342453,4.456180368854853,24.999530169557072
7.110,the,-2.444103240966797,5.086509936505684,5.116059431422483,26.772989043627589
7.111,message,-7.867470741271973,4.763788280498083,5.062256533277107,27.669982477829127
7.112,had,-13.801975250244141,4.043015936544155,4.964902995815573,30.401749753285941
7.113,left,-7.926732063293457,4.148829299464849,3.951891830856685,31.822784126488489
7.114,there .,-22.990054249763489,11.382946991373531,11.723668724492374,66.908653327353633
7.115,`` Was,-7.691670617936325,22.569852757132388,23.003088833657770,5.368424142382816
7.116,that,-2.776639938354492,4.618376147934288,5.206029787718336,5.382077149760780
7.117,another,-6.030800819396973,5.167016295369809,5.725328496496235,7.797410262129564
7.118,one,-5.270695686340332,4.981124682475653,5.094069739678588,8.774623958811556
7.119,of,-0.587271213531494,4.934482600651583,4.991960718979630,10.467803479525523
7.120,those,-2.005634689470753,12.993954117020971,12.753646213915374,12.735866539809505
7.121,messages ? '',-24.239982171682641,31.514368227323271,33.853864213100820,30.200713605577882
7.122,her,-16.396188735961914,5.088480572186833,5.481531176877997,9.522147643825711
7.123,mom,-11.445088386535645,5.439398882848509,6.506391026000673,12.258247313484139
7.124,"asked ,",-20.254710674285889,14.670328931370296,14.868896831830998,28.970852274484042
7.125,who,-12.608629226684570,5.183920147872575,5.573652460017711,13.192186493623867
7.126,was,-11.336833953857422,4.913874294398519,4.923502176918689,15.266578566669848
7.127,driving,-17.226594924926758,4.877930594446863,5.574251660527517,18.016772227155524
7.128,the,-9.858091354370117,4.222496374524797,4.279839374959644,21.165182275995427
7.129,car .,-15.216247320175171,12.176157762971709,12.507803157398840,47.122285813468352
7.130,Lucy,-17.551739692687992,15.155134708441631,15.552175873903501,4.134093983957052
7.131,confirmed,-14.313125908374785,11.598272890682127,11.438026684649367,5.079429730783700
7.132,her,-11.949412345886230,6.001258030307668,6.248938167432464,6.104358979124999
7.133,mother 's,-10.641769057023339,20.413028698052440,20.050385453371966,15.000000002827445
7.134,suspicion,-21.979003906250000,5.814434736314424,5.607083069192215,8.999999178591221
7.135,was,-13.816016197204590,5.818678371292417,5.954054313991397,9.999999880761207
7.136,founded,-16.860350608825687,11.951887276379082,12.259433010398128,11.901633405570927
7.137,as,-10.941942214965820,4.644204764266662,5.119790365066039,4.957758602301825
7.138,she,-10.210682868957520,5.038093454230448,5.545879445639216,6.000429997898800
7.139,answered,-15.913707733154295,9.705867921864815,9.755204969721786,9.007379418973915
7.140,"dejectedly ,",-33.845808267593384,23.234161983111626,23.037191596001275,25.089302998741822
7.141,`` I 'm,-24.391068755674496,30.499788182634219,31.706275781260469,48.186457337810381
7.142,sorry,-9.399617552757263,11.184951763968805,11.134352939279346,18.999727470999513
7.143,to,-9.773406028747560,4.780274079653376,5.050764674482047,19.738379581129049
7.144,say,-11.632609367370605,4.682099326642722,4.717777829368627,21.392959162597748
7.145,it,-10.340614318847656,4.102872110549038,4.707445778843613,24.259975762365883
7.146,was . '',-27.715334653854370,23.311507585644677,23.253955886699618,82.195011513597692
7.147,`` Have n't,-8.197198350307644,38.230014253469285,40.980404266922271,9.668955314961270
7.148,you,-12.336026191711426,4.608756668450348,5.583407573283999,5.247081094821233
7.149,reported,-13.113283157348633,4.786398123476221,5.505668435145471,6.122489309844958
7.150,it,-2.738573074340820,4.990348400942005,5.024727133412202,8.297090041638057
7.151,yet ? '',-36.836632609367371,26.621989141466070,27.333397686820661,34.406423294859707
7.152,asked,-16.674719810485840,8.233299677556408,7.982706181582760,14.968987923304939
7.153,"Jill ,",-23.500388622283936,9.345503794116059,10.460049631914156,28.940000820616362
7.154,Lucy 's,-26.232112884521484,26.241155359839063,27.096189051759104,31.510352908644414
7.155,older,-17.503396987915039,5.265568477766858,5.230148570981919,17.797269611767458
7.156,sister,-7.724934577941895,5.242018709781869,5.156736254961369,17.582207741291310
7.157,who,-10.597935676574707,4.349577133301815,5.139193961884773,20.254432878322056
7.158,was,-12.162852287292480,4.083943728051286,4.826483679753365,21.521126889390029
7.159,sitting,-9.235176086425779,4.918374258110053,4.958994527355189,22.945797040486930
7.160,in,-7.539053440093994,4.638903982848058,5.300173866535620,23.979330238788613
7.161,the,-10.795085906982422,5.038020290790726,5.503206009344968,15.611846302372840
7.162,passenger,-11.654522895812988,5.081047417478739,4.935028340065675,16.964859286267910
7.163,seat .,-30.481949329376221,12.843607525528597,14.211983335424375,37.407817711286100
7.164,"`` Yes , ''",-20.789677022872638,42.774533088326535,42.336336689858598,18.180752366005255
7.165,Lucy,-10.437714725732805,14.328468074997874,15.067348902614516,8.356326619883605
7.166,"replied ,",-22.922148942947388,14.117703741486748,15.679688749375099,18.633779258664948
7.167,lying,-16.358194589614868,16.067443459098396,15.723999295723985,10.000029049805997
7.168,through,-13.411150932312012,5.205067940929512,5.290272526173620,12.489602946582712
7.169,her,-12.593707084655762,5.402275525221070,5.491828270192078,15.000608142585593
7.170,teeth .,-18.582767963409424,11.910376492853578,11.703550968051152,36.021201852073958
7.171,That,-4.288662433624268,5.846706585606485,6.101714405391387,3.184729691369745
7.172,Lucy,-18.882072687149048,13.205999184715884,13.606798764935670,5.729546637301684
7.173,should,-11.644420623779295,5.384274192590923,5.902827146375269,6.366885393444082
7.174,not,-7.382872581481934,6.379292095699194,6.181476563999869,6.002922576535862
7.175,let,-9.602241516113279,4.782316970841263,5.134431745422677,9.912905308592793
7.176,the,-9.856014251708984,4.585458607719755,4.459340670533743,11.120271629526739
7.177,messages,-11.758718580007553,8.896152759077102,9.304148854732590,13.731706383532069
7.178,get,-17.686603546142578,5.746833635693135,5.472099092566235,5.107720590863502
7.179,to,-8.426572799682617,5.002612872626922,4.680662760397235,15.937337176379641
7.180,her,-10.170354843139648,4.129401584643409,4.394702826599849,17.628068257353579
7.181,and,-10.489345550537109,5.419719195641396,5.636672993826256,19.000152638125211
7.182,that,-9.440286636352539,2.642918316869781,2.369729774514253,21.016689279942533
7.183,the,-7.179318904876709,4.366647698881886,4.319132943613367,22.881115485329413
7.184,sender,-15.986126184463501,8.684218603253825,8.404977345420736,23.000330351031689
7.185,was,-10.668846130371094,4.215605949664061,4.652544828116758,22.988665790602131
7.186,only,-12.903991699218750,4.928226346047643,4.690937203020924,19.848586427352632
7.187,jealous,-15.471767425537109,5.346997360175495,5.596816673468890,5.028710854387236
7.188,were,-11.665141105651855,5.525471357813567,5.373576279745882,7.000001305541290
7.189,Lucy 's,-28.183306932449344,27.369021247421145,27.647460106672611,20.323156527179538
7.190,mom 's,-21.192941188812256,20.048343278323138,20.758080848419691,19.283008514454522
7.191,"arguments ,",-24.736637115478516,17.443603601648718,17.442514527938940,17.270288727909122
7.192,in,-7.287102699279785,3.792101591217860,3.879888166700624,13.391404152811546
7.193,an,-11.942388534545898,4.537690407696174,4.100513241231662,14.519493482955600
7.194,effort,-14.145488739013672,4.820314407422132,4.502486501633991,13.930825856515353
7.195,to,-6.652758598327638,4.436876100384205,4.473085639650509,18.796921930288214
7.196,comfort,-11.224250793457033,2.870139387263337,2.734832658295363,19.907823698187350
7.197,her,-11.417564392089846,3.885616346027128,3.964210526241009,20.819013718635734
7.198,daughter .,-14.452963784337044,13.928212274581394,13.805173095770616,30.877871469972732
7.199,Lucy 's,-20.469634162320293,28.779128054742898,28.202833737119619,9.580523778729052
7.200,mom,-20.734983444213867,5.672161643413050,6.101573039100241,6.148822231852534
7.201,suddenly,-19.507131099700924,11.641182782954321,11.813922586240555,6.985524100430099
7.202,felt,-11.419734954833984,6.058316146404014,6.250625015907962,7.830841334242018
7.203,"guilty ,",-21.489645004272461,12.220966641730794,12.446270022988386,15.332573696810865
7.204,for,-9.416598320007324,5.536020805141091,5.551644085178848,7.210433243805840
7.205,she,-9.652503967285156,5.307077263458278,5.770077787209410,9.000025506161043
7.206,had,-14.765996932983398,5.625141296576618,5.278089762583582,4.061913249018239
7.207,been,-12.464976310729980,6.027860410559474,5.761623208931668,12.143533545445509
7.208,the,-2.988034725189209,5.601948114006602,5.794156440522289,14.337794573620885
7.209,one,-11.480207443237305,4.642595700438019,4.753102736481170,17.217379197843414
7.210,to,-2.897122859954834,5.446604830763737,5.420879943956251,18.369270077709611
7.211,buy,-12.990135192871096,3.290156369649663,3.008748500458811,20.000139511796192
7.212,the,-6.114892005920410,5.327201433344221,5.463421331227321,22.447083944625433
7.213,phone,-17.346191406250000,4.391262399138779,4.872368399600950,23.425725454366571
7.214,for,-6.655675411224365,4.489763032065086,4.659924796072763,26.932107636391841
7.215,Lucy,-14.289643317461016,12.131196494455452,13.667629674713005,28.900404499973650
7.216,just,-11.548297882080078,4.095966945683106,4.993740935097116,29.886334690930568
7.217,a,-8.939113616943359,4.361256404035405,5.429135515717945,30.878513019477644
7.218,couple,-7.735535621643066,3.972015627006233,3.784578176081956,24.368764992290568
7.219,of,-5.695902347564697,3.698032709497647,3.532634451007321,25.001821453294074
7.220,months,-12.616592407226562,4.517683943571319,5.247906043098494,34.919781004078651
7.221,ago .,-32.945200443267822,11.487599114252152,11.431281886559649,71.003428953700109
7.222,She,-5.398102760314941,6.513097172475808,6.651384949829806,3.124724563176501
7.223,then,-3.110700845718384,5.522396821819370,5.871130968119410,5.059175438711137
7.224,admitted,-7.298656463623048,6.021622115445111,5.998676801346903,7.208404836326700
7.225,her,-3.668819904327393,5.289611184091626,5.467027100415610,10.574499234629585
7.226,regret,-9.257188796997070,5.041497287849889,4.702074060258044,10.010148375445581
7.227,about,-7.576268672943115,4.523365818332553,4.218266265767816,11.333802174710453
7.228,the,-0.976189732551575,4.760396891020240,4.879734718392823,13.882478302805390
7.229,phone,-5.750165939331055,4.457797131459278,5.215977880980907,14.504103976924533
7.230,was,-6.904426574707031,3.680932589084867,4.405140167961410,15.654742834160132
7.231,still,-2.416024446487427,3.603267323885960,3.718339147608893,17.985832582276014
7.232,bugging,-12.022811770439148,8.653203268294151,9.322949493133766,19.998047522932712
7.233,her,-13.883936882019045,3.980137367925793,3.921468775310293,20.993216113554436
7.234,out,-8.215793609619139,5.014210917690872,5.558962312166972,21.998717997603030
7.235,loud,-9.468861579895020,5.334985890027518,5.732475702741112,24.099385869934245
7.236,as,-7.024797439575195,3.795042486913781,4.761952412932840,25.134728747921372
7.237,she,-12.182641983032227,4.263329117772260,5.020633821825147,26.018752625237731
7.238,"sighed ,",-34.293626308441162,14.129768106351982,14.438770226110279,58.424297310415568
7.239,`` I,-15.662354463340307,18.104976011749386,19.127773522915902,67.043433424191079
7.240,never,-12.524662017822266,4.484432012732427,4.439047383758762,35.000064499775235
7.241,should,-10.171519279479980,3.983376437506402,3.846511391539117,36.000036812318783
7.242,have,-11.778071403503418,4.068892255719379,4.538598116993012,38.207848361433676
7.243,given,-15.803830683231356,7.442794667016432,7.988690786679384,40.974454943952438
7.244,you,-11.155445098876953,4.518145915200959,4.563358186506420,41.352605222834796
7.245,that,-11.601176261901855,4.454003683764537,5.039792612450455,44.250222821766414
7.246,phone,-9.825466156005859,3.509492220506041,3.911454587821022,46.230614739083784
7.247,Lucy . '',-31.505202218890190,32.445037366321529,33.550701639664524,150.579256474815395
7.248,"`` No ,",-8.008315606890394,27.237945686037190,27.434184606405360,12.116416329140765
7.249,it 's,-2.699582112021745,19.107779893384102,17.366319204044313,17.103796951179071
7.250,fine .,-20.948562622070312,14.342082307925665,13.881263748757643,22.950557524905875
7.251,I,-13.966546058654785,6.265780044315903,6.426543700807795,13.222240068059239
7.252,love,-10.483705520629883,5.902501759197519,5.992528145479256,11.893474155137145
7.253,"it , ''",-25.971554800868034,24.838284285562377,25.799918970382798,32.630625755450687
7.254,said,-11.689001083374025,5.165607133412617,5.348922218865320,14.546534346564377
7.255,Lucy,-14.456933498382568,14.189110157336449,14.488071214837213,18.733612345003053
7.256,knowing,-13.009808540344238,4.940905777192056,5.457477277976137,20.813652758594891
7.257,that,-5.097965240478517,4.359165226572070,4.256820700075135,21.951839387154241
7.258,affording,-14.254880607128145,7.377749595542422,7.791679638735110,24.031360957392373
7.259,the,-10.576049804687500,3.741193263197369,4.088971706799958,26.000009451653977
7.260,phone,-11.053337097167967,3.837885141376410,4.377687931065713,27.000000000019995
7.261,had,-13.308256149291992,4.224872589108235,4.940477371212463,28.000000000020265
7.262,been,-11.784800529479980,4.672905919547018,5.393901982256395,33.222899491855429
7.263,no,-9.842844009399414,4.987972122987085,5.323207243579047,34.270420388753266
7.264,small,-13.665174484252930,4.327982500621770,4.413146219725986,35.098475626969631
7.265,thing,-11.921994447708130,7.565786479836173,7.701205080417780,32.067478356024978
7.266,for,-11.175384521484377,4.842792822771977,4.925354931089076,34.234055021956053
7.267,her,-9.451411247253418,3.250968783971373,3.116945859221228,35.244701378548825
7.268,mother .,-23.068260192871094,11.747530265875202,11.483680931596762,73.016183801384273
7.269,It,-3.523702144622803,5.975466083379700,6.746003274069055,3.255935461031633
7.270,had,-4.190362453460693,5.885143105814650,6.344733550679942,5.171657735936994
7.271,been,-0.856322646141052,4.896923688803493,4.561368650306465,7.164696850899869
7.272,nothing,-7.914596557617188,5.830296806573541,6.383495138272643,10.038705994968874
7.273,but,-0.088405005633831,4.574836911137948,4.190286649799205,11.517277129806605
7.274,trouble,-10.449369430541992,4.077829141914630,4.859152821914521,14.068538415027133
7.275,though .,-7.421798453200608,14.563142051550027,15.188660659333763,17.041786872420680
7.276,Lucy,-17.551739692687992,15.155134708441631,15.552175873903501,4.134093983957052
7.277,did,-10.826036453247070,5.364407615285332,5.862557388564119,5.082178782867518
7.278,not,-5.717505455017090,5.723284482361825,5.482094727311168,6.053787050338074
7.279,know,-14.591450691223145,5.894348140730250,6.295081858674940,7.104781746068324
7.280,who,-7.888131141662598,5.397325256220671,5.558604982101411,8.159653647474718
7.281,it,-10.720192909240724,4.568318753803607,5.373691057550597,11.052854601452287
7.282,was,-12.468424797058105,4.190457500745697,4.999226365990405,14.041562355878961
7.283,that,-11.538951873779295,4.679759977918823,4.592425813661575,16.029672315427739
7.284,was,-9.387491226196287,4.608451362294741,4.254688251598839,18.991232467711448
7.285,sending,-14.210941672325134,11.451086104415538,12.495537409248927,21.038459874177772
7.286,her,-8.725433349609375,3.247606610924159,3.092982957516103,23.127000035389923
7.287,the,-2.689022064208984,3.938983444504753,4.152231298363117,26.364326882565514
7.288,"messages ,",-22.214349031448364,11.403661488709885,11.654707709023036,57.684596461072232
7.289,and,-5.071515083312988,3.727421627806239,3.504877748987183,29.979538669702951
7.290,she,-13.764617919921875,4.589352901985349,5.469850672370097,30.998856515490893
7.291,did,-12.080220222473145,5.716897283516962,6.330202678111688,10.673630791910245
7.292,not,-8.357245445251465,5.004627416106391,4.902081837224496,15.502800115927878
7.293,know,-8.743848800659180,4.974953264868910,4.808944723786120,15.795764946657233
7.294,how,-7.163823127746582,4.829999564394638,4.754168163420568,14.955260766038373
7.295,they,-13.776956558227539,4.921697863116520,5.380666993500687,17.725972119178618
7.296,had,-12.679645538330078,4.024273116906040,4.606993644093799,22.494245402505413
7.297,got,-5.047930717468262,4.362171505229482,4.124788698602639,24.475168967901009
7.298,her,-12.794882774353027,3.975117251642975,3.954430532558677,25.701102659540830
7.299,"number ,",-17.360130310058594,9.658738478957151,9.351190111776045,56.685223946059239
7.300,but,-5.940492153167725,5.155755477242081,5.000747205226592,24.975107580588155
7.301,whoever,-19.213578701019291,7.836796292796834,7.631278305916003,28.220492791124094
7.302,it,-10.130799293518066,5.133273799209850,4.916330851938715,14.136281058914301
7.303,"was ,",-26.693550109863281,10.108215565117151,10.230882601512951,35.519656472743456
7.304,he,-9.970784187316896,4.986253778983325,5.916253943229960,20.006608293435914
7.305,or,-10.244359016418457,5.065977388930014,5.142630959822950,21.000214153658408
7.306,she,-3.575375556945801,4.990852555785293,4.707275119254973,17.952436023901857
7.307,had,-15.523827552795410,5.350200063028479,5.224738855044134,18.991277874583101
7.308,slowly,-17.405566215515133,10.733908196581355,10.724551673765079,20.936919130699888
7.309,taken,-10.861821889877319,8.416274716934288,8.638402197100946,19.014466585755624
7.310,over,-7.185481071472168,4.940651624488951,5.228661895208981,20.963999631193683
7.311,Lucy 's,-30.749207377433777,25.589621646710565,25.567663326405338,47.330641148692273
7.312,life .,-21.772726535797123,12.792922673635438,12.886729692209396,54.802373559942481
7.313,She,-5.398102760314941,6.513097172475808,6.651384949829806,3.124724563176501
7.314,was,-3.248141765594482,5.972521717488170,5.919539638473682,5.265100455506252
7.315,getting,-6.360300540924072,5.117423707786203,5.224173904623830,7.290923636050025
7.316,several,-6.055739402770996,5.047910675181533,5.463665974763226,9.847292329220961
7.317,texts,-11.600129101425409,7.718519086151431,8.005635341850347,10.867512914520182
7.318,a,-15.241935729980467,5.209134299364441,6.131244471126601,11.712061888200680
7.319,day,-9.152255296707152,8.134828238721525,7.764968486722306,11.980622955279804
7.320,"now ,",-18.532662391662598,10.697945197054249,10.431053649703884,25.441134664700822
7.321,all,-11.998292922973633,5.377879422473774,5.317908654914848,12.000024300288384
7.322,of,-10.064154624938963,4.935146280451319,4.662695242546731,13.057579392696645
7.323,which,-13.241436958312988,3.923695625771047,3.710649292039808,15.080232880527062
7.324,were,-14.183115959167480,4.369228486191636,4.542736271005615,19.285072158849193
7.325,abusive,-14.850453376770020,3.953481542318010,4.362217721205031,18.032212216856141
7.326,and,-10.363740921020508,5.530205849392511,6.010988995881633,19.787800053077603
7.327,hurtful .,-23.999784469604492,16.736993635969373,16.526348068550945,42.479248208058522
7.328,Lucy,-17.551739692687992,15.155134708441631,15.552175873903501,4.134093983957052
7.329,wondered,-19.196160316467285,11.142848560990135,11.554399391711476,5.051438626264883
7.330,what,-9.532773971557617,4.527251914692367,5.293472181714914,5.999925369576144
7.331,the,-8.716794967651367,4.753627278125118,4.996096600004805,8.598695554988304
7.332,person,-10.664128303527832,3.924200814211795,4.375181265679700,11.513116624378009
7.333,who,-13.878975868225098,4.351302666713773,4.584025890855258,12.526320438229860
7.334,was,-13.455005645751953,5.489964950402847,5.376913766446051,11.945278136513386
7.335,messaging,-22.980606794357300,10.688147813625749,11.103277916244581,19.176710260679201
7.336,her,-10.271200180053713,4.003523713947514,3.884960523054849,18.779783541687941
7.337,might,-14.095442771911619,5.578058227843879,5.398776179306619,19.996019280272449
7.338,be,-6.348691940307617,4.718389475270684,4.604238584069943,20.999793551868613
7.339,thinking,-13.410495758056641,5.410345938798028,5.270745719468295,23.000276146289931
7.340,or,-11.128271102905273,4.967754027743920,5.274548117239052,13.632694095429573
7.341,trying,-9.629851341247560,3.494933945581399,3.346813514065562,14.992628487327631
7.342,to,-0.054501049220562,5.022534340656434,4.798469589495277,17.195146292286697
7.343,achieve,-13.952549934387207,4.344199585638767,4.135495339658497,18.014893448036450
7.344,with,-8.483192443847656,4.413533844483291,4.264621202847857,19.023337592523923
7.345,all,-9.942564964294434,5.838779980580058,6.091517047176525,22.001031713290068
7.346,of,-10.561433792114258,6.363156173119791,6.430399070231593,24.000396257504807
7.347,their,-11.503864288330078,4.418694471423357,4.484676329902054,26.000383261482710
7.348,hateful,-12.524307489395142,8.047756880336792,8.376346683961803,28.015931175212593
7.349,messages .,-29.000034213066105,15.535551898125316,16.576092939283875,64.069106524745251
7.350,As,-1.945397377014160,5.854118068254997,5.424356409953837,3.085487213962984
7.351,the,-1.377348423004150,4.843877616279972,4.967876718458453,6.208479384184370
7.352,car,-6.842007637023926,4.616744597715527,5.115176728582263,7.173889681137316
7.353,pulled,-6.060750365257263,5.619980847681293,5.869394485007580,8.104396520857588
7.354,up,-3.074328422546387,5.203910513196719,5.256336371514450,10.080131992910909
7.355,outside,-6.418434619903564,5.116441163182607,4.807533306024615,11.998953771107619
7.356,the,-0.904892086982727,4.644716945131577,4.543157921534776,14.271567908201311
7.357,"school ,",-7.655719611793756,10.625719150430040,11.487995925385647,19.575305506211716
7.358,which,-0.008466304279864,5.177280904812052,5.063459257459299,18.880235604637296
7.359,looked,-7.269235849380492,6.765702900906148,6.753461219243047,21.440845813860964
7.360,like,-0.572746098041534,4.627546428965874,4.485773598080577,23.598919053235157
7.361,a,-0.844582319259644,5.478759975847448,5.473306184214946,25.945335537871230
7.362,large,-6.587922096252441,5.307354255085085,5.443410780303383,27.034856536719357
7.363,shadow,-9.578207969665527,4.432905657058567,5.019925474289849,28.144458404978447
7.364,in,-1.411202192306519,4.261108071538612,4.397090080027096,26.840609337282270
7.365,the,-1.055428743362427,4.611613956921707,4.680271992922276,29.065682216790432
7.366,darkness,-7.187697649002075,9.630886959683490,9.863982698720363,30.160705322801853
7.367,of,-14.603062629699707,4.643546015116813,4.769509417862793,31.139697073456286
7.368,a,-12.387837409973145,4.504083529777547,5.601020006357293,29.219725165131944
7.369,November,-9.848793983459473,4.048835393078929,4.506257531623703,33.204943171290431
7.370,"evening ,",-12.184082984924316,7.310024103923631,7.454822854650068,69.127273860521484
7.371,Lucy,-24.702711820602413,13.953830430713598,14.412343285285838,16.002564175997659
7.372,felt,-12.234832763671875,5.855994796162663,6.167932681373745,6.160243559184912
7.373,a,-9.907246589660645,5.238988182661461,5.803633548746058,7.168581083666369
7.374,shiver,-9.561023175716400,13.586355774170880,13.919288391193378,8.001962657601299
7.375,run,-13.951865196228027,4.367608486143383,5.317109850460616,10.333617408670683
7.376,down,-8.323535919189451,4.163304700771308,4.233280936199364,11.090663898000548
7.377,her,-9.911983489990234,4.881861012819824,4.689759704640191,12.142255713407614
7.378,spine .,-31.387414693832397,21.540059579165458,22.016615249196299,26.760038078342710
7.379,Hastened,-23.133564472198486,15.101144459704047,16.105462760049900,3.269947992927656
7.380,by,-8.944043159484863,5.961402213883648,6.289762546925322,4.149058791771325
7.381,"Jill ,",-30.706048965454102,9.673626743327473,11.482525122374664,11.658641779997275
7.382,who,-10.607252120971680,4.982507225041878,5.367056367003045,6.000000081300402
7.383,did,-12.399581909179688,5.088922023835687,5.154556751813501,7.000000004824837
7.384,not,-12.834354400634766,4.465763783152612,4.158367408727091,12.823641319154305
7.385,want,-12.677862167358398,4.438121478931894,4.767664194844964,15.048875944832005
7.386,to,-2.923254728317261,3.915209445370831,3.648605440923591,18.057414082849071
7.387,be,-7.591538429260254,3.101397382102339,2.869575968465509,19.161636868510357
7.388,late,-12.209412574768065,4.724270092255419,4.814335881913465,21.176412743932239
7.389,to,-0.058915410190821,4.979400569852660,4.757479250880301,24.145044466510921
7.390,her,-10.670480728149414,4.138684673686678,4.533231149744638,26.173322170841132
7.391,own,-7.413903236389160,4.843798208018537,4.924900123398242,27.000709868593749
7.392,"concert ,",-27.525001525878906,9.756077624004929,10.090749087494178,59.000104377652860
7.393,Lucy,-11.293085709214211,9.441174475128944,10.217662684836807,32.013359983577082
7.394,hesitantly,-26.069614887237549,6.443992946932010,6.297819279529330,34.040924040906525
7.395,stepped,-21.272247314453125,4.500458960671256,5.275285886709309,30.438551546731844
7.396,out,-10.963246345520020,5.234302936504954,5.557469196449473,6.178760909452263
7.397,of,-3.053137540817261,4.970696021801870,4.450750190883130,7.087926571726028
7.398,the,-10.641719818115234,4.623271289318498,3.901633691108218,7.999861821411474
7.399,car,-11.836545944213867,5.937358007373565,5.483011834801460,8.999975808765273
7.400,and,-5.810104846954347,5.725989787033244,5.610961587056842,10.994015514993620
7.401,walked,-15.607970476150513,7.800147610171957,7.389525115521268,11.001949227150693
7.402,toward,-6.346475601196289,4.951908033043956,4.647512099617830,13.002416209224013
7.403,the,-1.080981731414795,4.881092541859939,4.970829126173612,15.004743185660010
7.404,school .,-12.253828763961792,14.772163273836769,15.117447065925919,27.307874784359843
7.405,It,-3.523702144622803,5.975466083379700,6.746003274069055,3.255935461031633
7.406,was,-2.202806472778320,5.612470929407762,6.038403578106284,5.170998584181224
7.407,Jill,-15.898766517639160,4.004670067632259,5.717307405965410,7.498766104129532
7.408,who,-11.211107254028320,5.514730669703540,5.972857011393813,8.408877304000997
7.409,in,-14.945975303649902,4.980363742332084,6.006241012032841,10.041384083388852
7.410,her,-14.588152885437012,5.132654523559972,4.963600413606822,13.013422855860512
7.411,final,-10.915095329284668,4.900169288039169,5.584552038309377,15.443786637751195
7.412,year,-3.316447019577026,7.181515353419168,7.675444766732178,16.773315707005189
7.413,of,-13.592299461364744,4.957411324074839,4.636358355342709,17.888597859064838
7.414,high,-15.878561973571776,3.972302736357063,3.767092564104047,17.023063172329998
7.415,school,-4.087602138519287,4.495804703750709,4.307311442774396,19.006806523242897
7.416,had,-11.657320976257324,3.751372650537293,4.356820181889836,21.776930043815561
7.417,become,-8.582856178283691,4.024267646269012,3.715540678240406,15.742823515854793
7.418,involved,-5.622588095080574,7.857549378830573,8.575717586541895,17.625759990727111
7.419,in,-5.113547325134277,4.791761758242030,5.052996873276512,19.431475022586323
7.420,helping,-14.182874679565430,4.400163877100132,4.350122152467550,21.312705256358587
7.421,organize,-5.482758522033691,4.154177779915777,4.367019644310323,24.187811712052024
7.422,this,-13.077968597412109,4.473312559680795,4.604960312231098,26.938215787228746
7.423,year 's,-6.823794938449283,15.905877081146462,15.580283230031570,59.851906303654900
7.424,school,-19.312841415405273,3.908353947122158,3.864783206408076,30.058428678204063
7.425,talent,-12.301059722900391,4.411413141865872,4.348427708188194,31.184926443390623
7.426,"show ,",-18.750121593475342,9.837689710840625,9.740704183680544,65.286210312902242
7.427,and,-5.127043724060059,4.340179742813906,4.166989108578177,32.526789142739034
7.428,she,-14.224043846130373,4.423435256043541,5.499674253643332,27.026461651910733
7.429,took,-12.806854248046875,4.925735882652415,4.966620735417531,26.433686392190186
7.430,her,-2.200668573379517,4.255607355407419,4.098437993809216,15.971798960563135
7.431,position,-10.335936546325684,4.577151838683332,4.607991460787328,17.018211583156162
7.432,very,-13.361391067504885,4.881694574444992,4.720206014496378,27.593041678604774
7.433,seriously .,-15.590709686279295,19.986500963725732,19.764376285690737,48.059609315623931
7.434,Lucy,-17.551739692687992,15.155134708441631,15.552175873903501,4.134093983957052
7.435,hurried,-14.546557545661926,9.000379690803506,8.960885734922984,5.084148255735367
7.436,behind,-11.867090225219727,5.313629340235448,5.077791590811188,6.109646168450513
7.437,"Jill ,",-28.958659172058105,9.765894250347120,10.815093350964567,15.267562065391068
7.438,pulling,-15.663128852844238,8.654387477980759,8.689303221333242,8.630020952120672
7.439,on,-6.816230773925781,4.960473911979963,5.380302964279156,9.576650110458036
7.440,the,-12.934053421020508,5.411645624160402,5.318193569782352,8.982776765574545
7.441,"worn ,",-23.533142805099487,14.930903452681324,15.361776485093678,22.853131868302427
7.442,oversized,-9.922130107879640,9.001174280531810,9.840103498992679,16.009246365287176
7.443,coat,-7.137757897377014,8.464955567219576,8.687993511346008,12.468882829481533
7.444,that,-11.300957679748535,4.981258718124352,5.313242146547211,12.573019746095390
7.445,had,-3.626449108123779,5.065912172078937,4.961847796300523,9.847095443384310
7.446,originally,-19.291758537292480,11.019709720415648,10.630299288386787,10.027865102375440
7.447,belonged,-13.538213014602661,10.413499634390504,10.106391831511699,16.090859412691348
7.448,to,-13.998198509216307,4.886792894880215,4.994549034271524,15.773436594762433
7.449,"Jill ,",-26.561786651611328,8.629059743309574,9.627637366838902,37.037036075120561
7.450,in,-7.382444858551025,3.229604217249009,3.099848559404737,21.000114247797306
7.451,order,-9.611619949340820,2.332088670636438,2.046711451631873,22.000144327231165
7.452,to,-6.552031040191650,3.973860253685638,3.875573611652875,23.000165637346182
7.453,keep,-12.783216476440430,3.987592353146373,4.206666250428202,26.996276201078764
7.454,her,-1.704106569290161,4.719346638538426,4.766925925513993,28.044698759827586
7.455,dry,-9.254317283630373,5.425356624917621,5.796629345060700,29.090840174290253
7.456,as,-13.377570152282715,3.974258345023027,4.882745110609799,29.304409355977999
7.457,the,-8.859375000000000,5.032729121860392,5.063167316306942,12.501674669164801
7.458,raindrops,-21.125469923019409,13.833861309920190,13.987601533973251,12.411835675426106
7.459,fell,-14.600933074951172,3.781267473376895,4.459460433579887,14.870391477633035
7.460,all,-8.250211715698242,4.445450271295334,5.364423463465003,14.990160427830096
7.461,around,-13.132818222045898,4.884193460379300,5.242698386036294,16.127414196111044
7.462,them .,-25.039752483367920,12.845320053291656,13.940558183631431,37.694314804943701
7.463,As,-1.945397377014160,5.854118068254997,5.424356409953837,3.085487213962984
7.464,the,-1.377348423004150,4.843877616279972,4.967876718458453,6.208479384184370
7.465,sisters,-12.283022999763489,10.943455881387743,10.820961848440383,7.152019573962251
7.466,entered,-22.129631042480469,8.725377953228891,8.823688998919232,8.245420902311054
7.467,the,-9.124775886535645,4.611583683281061,4.735169622122277,8.386324762486488
7.468,hall,-12.519122123718262,7.366693850371664,7.286795801519397,10.106376219000669
7.469,where,-15.187198638916016,8.276406982036749,7.729886527895153,11.054608673538334
7.470,the,-13.276731491088867,5.047229411103632,5.761281605342322,13.050661700207989
7.471,show,-11.128621101379396,4.404184594215196,5.407997752717908,16.138638190478741
7.472,was,-10.696374893188477,3.681160958409088,4.026199448883133,17.141538410992926
7.473,to,-8.535788536071777,4.140812145380230,4.329094205230487,18.013439954812053
7.474,take,-4.317147254943849,4.356135695944053,4.271414550825034,21.000312194741326
7.475,"place ,",-13.691598415374756,8.815690989226397,9.050630514990290,48.000256353965163
7.476,Jill,-27.983888626098636,5.932407230460010,5.905374566310983,6.573819966221576
7.477,filled,-12.822465896606445,5.770411317443986,6.401754774877817,5.415834158240111
7.478,with,-8.887901306152344,5.351812558516125,5.401319404331487,6.010322567364686
7.479,excitement,-13.582092285156250,4.788447534942677,4.178830536259617,8.000250454577563
7.480,while,-13.711728572845461,10.394403293301901,10.163617077359095,9.037103015001744
7.481,Lucy,-11.673376917839050,12.629553625887814,13.998781136535698,12.247462756992705
7.482,regretted,-22.986013174057010,8.990380613867199,9.547132075226980,13.486894483324024
7.483,that,-5.891788005828857,4.954339284764852,4.946548440795769,14.931961766094632
7.484,she,-9.445616722106934,5.231876223935013,5.945450788085555,16.021247387928835
7.485,had,-2.377105236053467,4.479305044294009,4.380988153055124,17.030371573042586
7.486,promised,-16.172515356913213,8.109512295256692,8.244536540016563,18.038531793850201
7.487,her,-13.500832557678224,4.947696569702041,4.753406809211089,19.095573274878003
7.488,mother,-19.725933074951168,4.856590364950130,5.533910309418591,21.358001190301149
7.489,she,-1.041447997093201,4.771885906251937,4.744109108420818,24.259863843556410
7.490,would,-0.469934344291687,4.552788551727353,4.486321742930139,26.613299995615243
7.491,participate,-7.861136436462402,4.139950059224005,4.146650490537793,28.049488161494036
7.492,in,-8.698793411254883,4.306496534340325,4.419526151546727,30.170075500932391
7.493,the,-6.277232170104980,2.867232848504617,2.621585103070387,31.105759083667394
7.494,show .,-25.157516479492188,11.676880952675349,12.320925079514936,69.115169911460995
7.495,`` To,-4.741195402024459,23.360287684849691,22.773031889636840,7.366189932057546
7.496,waste,-9.916759490966797,4.922488423578831,5.371332558710415,7.586645241971365
7.497,your,-2.595145702362061,3.946714225278741,3.997313062094628,9.464316858900023
7.498,talent,-8.200037002563478,4.604512521124317,4.360049361424820,10.555104292478946
7.499,would,-2.723530769348145,5.187633915537812,5.233166049214511,6.545521268765858
7.500,be,-0.661022901535034,4.672053627412447,4.148606631365626,8.550450477440856
7.501,a,-0.735440015792847,5.383852597500613,5.471873309059869,10.866084466588688
7.502,real,-4.216605663299561,5.179471956121427,5.152179522574157,11.830602881465545
7.503,"shame ,",-13.607600688934326,11.316228814476858,11.919813055671240,26.104549363662855
7.504,for,-17.319673538208008,4.876559467778335,5.013342717329606,11.471989617244006
7.505,you,-13.802594184875488,4.925420173786471,5.023709889258310,13.963204509870502
7.506,have,-12.765403747558596,4.148496674726959,5.088832146175347,16.973398274372318
7.507,such,-12.768630981445312,4.507650432072515,4.938659880110800,18.705895970769038
7.508,a,-3.060633659362793,3.833042191997514,3.907645218193405,20.088109372880485
7.509,beautiful,-7.482913970947267,5.007405479789854,5.447355952152297,22.418199318905028
7.510,"voice , ''",-23.854131758213043,24.098671764258860,25.095990886605655,52.464645437838364
7.511,her,-15.274999618530273,5.050724969390599,5.229760158490485,20.558890394320962
7.512,mother,-10.522970199584961,4.284030654914588,4.824187541368042,24.184343614452001
7.513,had,-13.486802101135256,3.302681028564588,4.034022994842891,26.521559317409892
7.514,argued,-10.843430757522583,6.411471683319292,6.488734271523702,19.194489314609392
7.515,two,-10.285293579101562,5.061548556909164,5.004828724560879,12.892960164729097
7.516,months,-5.335570812225342,4.088704138656679,4.907921897677106,16.183621089979788
7.517,"back ,",-23.775689125061032,7.970731035691588,8.070485920679818,35.005605336725779
7.518,when,-14.649339675903320,3.170561165246186,3.073982060950113,18.959761023802233
7.519,the,-11.770556449890135,4.311804084338632,4.809862984170082,20.736408968945813
7.520,concert,-11.815921783447266,5.483709179578077,6.135686765420489,23.881743143024803
7.521,was,-11.044622421264648,3.433909193621737,4.380225083100608,24.093431283148238
7.522,first,-10.144083976745604,3.827632809431831,4.372379415816918,25.038809616173928
7.523,announced .,-23.916824698448181,16.067608917339584,17.396111866703386,55.997999135969692
7.524,Lucy,-17.551739692687992,15.155134708441631,15.552175873903501,4.134093983957052
7.525,had,-10.045318603515623,5.551465451690055,5.660490463048212,5.100242019721419
7.526,been,-8.348781585693361,5.767903584137804,5.605896722116874,6.159465938123819
7.527,considering,-7.803046895191073,10.975793405330403,11.211588384380779,7.034376596122375
7.528,"it ,",-19.536395072937012,10.740018760479803,10.723877978738269,21.049863177930831
7.529,for,-11.270585060119627,5.752615957286245,5.774904766520178,12.152252134441691
7.530,she,-13.454586982727051,6.049299971615069,6.725777997114145,7.290531325110578
7.531,did,-9.127430915832520,5.179423204472896,5.470010089440200,12.847301876795735
7.532,love,-8.643438339233397,4.740431936065142,5.038092887506221,9.226991343313600
7.533,to,-8.562118530273438,4.039412074837984,5.235638388495351,11.209827157302961
7.534,sing .,-22.546946167945862,19.816137439982658,21.283344725092288,31.959275188330885
7.535,That,-4.288662433624268,5.846706585606485,6.101714405391387,3.184729691369745
7.536,very,-4.021237850189209,5.752331621500940,5.154913795384722,4.554397633134224
7.537,"night ,",-4.468159526586533,12.623492368500809,12.538073299869350,9.155952631416946
7.538,the,-1.822982430458069,5.734286835214273,5.168981703900696,6.303324826643210
7.539,first,-2.013365983963013,5.348426389676471,5.589623762538498,8.108320584563552
7.540,text,-9.399859428405762,4.771868451242555,5.734214819346003,8.693141845307109
7.541,message,-13.265611648559570,4.797176217328898,4.927619192503812,8.734175900948802
7.542,had,-4.858462333679199,5.271460672618577,5.034279397647571,8.035048833879911
7.543,come,-2.085191249847412,4.531722040696625,4.720992358181097,10.031896520395245
7.544,through .,-5.141828177031130,14.876473927677129,15.247423559512885,21.022875750953560
7.545,`` How,-3.955041489480209,23.061094954314619,23.252245139502396,6.169536077477860
7.546,does,-2.919183731079102,5.114522798396774,5.041476807595537,6.100567560553570
7.547,it,-2.244429588317871,4.729893207190248,4.794106252526966,8.306438104869120
7.548,feel,-4.383612632751465,4.041489459355470,4.181561687293716,10.081720403664221
7.549,to,-0.074132598936558,4.494138039567763,4.284986996544657,12.949412226795015
7.550,be,-0.162068769335747,4.213269632127890,3.952213066814256,15.018959424988539
7.551,tall,-11.771926641464233,8.650991395517227,8.537030987185048,17.179492487275642
7.552,and,-0.719980478286743,5.293839540537991,5.569978062829867,18.197414767178746
7.553,lanky,-11.574329625931568,7.241728769648014,7.834790392714130,19.032839360786426
7.554,like,-15.096334457397461,4.370727404995947,4.926480289358627,20.954485241692073
7.555,a,-9.145226478576660,5.295793681038138,5.759993590231343,20.985471735245465
7.556,giraffe ? '',-38.581320084631443,39.182775703412226,40.449587728279639,79.141141781370507
7.557,it,-10.566520690917967,4.005923313618292,4.004306757345116,28.066609147495345
7.558,had,-16.856155395507812,4.190012390386124,4.686214407833313,13.666340328904328
7.559,"asked ,",-12.722875356674194,14.526447138828306,15.649050348848945,24.129615502313133
7.560,taking,-13.533059358596802,9.942656608673838,10.069933695280236,11.083498901939123
7.561,Lucy,-16.453942298889160,12.740944859237194,13.554569240810563,13.095053762470435
7.562,by,-9.411920547485352,4.502365402778532,5.413508733690372,15.110775290919571
7.563,surprise .,-27.960653781890869,12.754721073398869,13.167699084810966,32.999083122729367
7.564,One,-5.524330615997314,6.070616227423053,6.239826167544217,3.608662212288141
7.565,of,-0.012718868441880,4.279178968851256,3.975663914200074,6.205237537389870
7.566,the,-0.354536116123199,4.553925246333741,4.466673487780210,8.927905251807745
7.567,popular,-9.120262145996094,5.836651718053241,5.793211878569091,9.890901675831204
7.568,"girls ,",-14.452994432300329,15.262240824827348,15.240169878911722,16.456741365331592
7.569,Lucy,-10.327149003744124,14.838475755534851,15.078224518063516,6.175387626890467
7.570,had,-11.197520256042480,5.187030321436258,5.376772352923802,7.331107906610152
7.571,always,-13.469799041748047,5.578507648695779,6.196740532305335,8.251605567548902
7.572,known,-11.434396028518677,8.410120014881727,8.552716536769141,9.031044614909989
7.573,she,-11.112669944763184,4.886177433905099,6.167193694115253,10.033523627649682
7.574,"was n't ,",-34.775950190545700,24.426467839719304,25.081717094133712,49.481526908268734
7.575,but,-4.164225578308105,4.791705480862985,4.693891914032866,19.228044035452129
7.576,before,-11.096261024475098,4.159455027283006,4.100850932734447,20.234490896740386
7.577,the,-11.595710754394533,4.901082623263573,4.797469971938635,21.410460117378218
7.578,messages,-14.329022645950316,8.922665934827416,8.631380828738621,22.862957421954981
7.579,"began ,",-27.932318925857544,16.176165799365954,16.967749290822915,25.009379558659759
7.580,Lucy,-13.122510373592375,9.066493103473343,9.526440716410860,22.017774139091735
7.581,had,-4.574554443359375,4.242886145494588,4.193389505766871,23.063772508844515
7.582,always,-14.493548393249512,4.416947190638667,4.265285990424372,23.998021402854857
7.583,been,-11.859189033508301,4.710235830300618,4.513286454498878,15.004304429101735
7.584,quite,-9.718264579772949,5.560283471064029,5.389084528522064,16.004667302940529
7.585,proud,-13.319144248962402,5.264340153607116,5.211379110688316,18.280177017871786
7.586,of,-4.673907756805420,4.471623742956191,4.242577776071266,19.464058037907321
7.587,being,-5.142146110534668,3.677516488764874,3.532053569355922,21.963416976274885
7.588,a,-5.252957344055176,5.361440832295547,5.394664994103702,24.312791707441502
7.589,little,-3.478692531585693,5.172267385231678,5.581457767648464,25.492166282804693
7.590,different .,-21.545369386672974,15.152244564941835,16.207949039168401,57.661167633103688
7.591,But,-3.242481470108032,7.642223215404812,7.620934080685720,2.071554306574515
7.592,text,-12.676654815673828,5.571962001173597,6.415460525122455,4.395788958132745
7.593,by,-3.031833648681641,4.605944741971499,4.116936817553425,7.025039583700058
7.594,"text ,",-12.578006744384762,10.596467321806804,10.962551574361068,16.540229696647760
7.595,Lucy 's,-19.221341622062027,23.786325543401034,23.904830385430667,27.612169173602140
7.596,self-confidence,-27.504257500171661,19.749892716755561,20.525876267169107,14.999440606545653
7.597,had,-12.703888893127440,4.901021652757260,5.565759330228368,15.999852103244207
7.598,deflated,-14.614756457507610,11.485231504551830,11.412292069182316,16.543805458520634
7.599,"and ,",-13.368234634399414,12.361284380051401,12.377915082632933,36.529559828908098
7.600,in,-6.454436302185059,4.028942335640201,4.651884022612160,17.997733352254528
7.601,the,-7.926843166351317,5.220739902573198,5.089270829102087,18.999163281036019
7.602,"end ,",-14.457090377807617,10.011268298147140,9.754063238658429,29.055669210749151
7.603,it,-12.602460861206055,5.026571712195582,5.485467643779915,8.595174444363607
7.604,had,-13.108511924743652,5.605673134419826,5.107952046106637,9.920760041329563
7.605,taken,-13.697235107421875,9.361181042902473,9.384512520290032,11.740751344626560
7.606,some,-10.868972778320312,5.759042325344733,5.402466822447272,12.653980274714035
7.607,doing,-17.750301361083984,6.423774562424415,6.577378876898805,10.009729391681306
7.608,to,-9.156212806701660,6.147250351378990,6.335348719971059,12.078088473014786
7.609,get,-3.774446010589600,5.338266755292299,4.980841156163208,14.043791126031305
7.610,her,-12.800860404968262,4.509078073228678,4.928990077669508,16.000491956059488
7.611,to,-4.367330074310304,4.654062678053872,5.226126238344635,18.076966472048053
7.612,agree,-13.335818290710449,3.684672243019855,3.410225845891517,19.000158698724960
7.613,to,-0.062082007527351,5.177861008833264,5.256987265213093,20.307756962791352
7.614,perform,-6.408540248870850,3.966714626683197,4.490237399131694,23.000107651887991
7.615,in,-7.926854133605957,4.510871276196216,5.278282576483039,25.000187814488672
7.616,the,-9.305972099304199,5.296348896138396,5.275834845211469,28.082872539526871
7.617,show .,-18.676929235458374,12.818593828179077,13.477632320377975,62.209496247059612
7.618,"Now ,",-3.455193102359772,13.048073941410813,11.606099899772257,7.250950506173478
7.619,"however ,",-0.523378122326903,17.311082511543049,16.388274878617402,13.131252680277470
7.620,Lucy,-14.766319870948793,13.856725442675348,14.447033590080828,9.474517545675887
7.621,had,-10.501184463500977,4.981703884957652,5.127776361478523,10.751998610199324
7.622,no,-10.809784889221193,5.439176608602862,5.681725594004487,11.578620281705527
7.623,choice,-10.742688179016113,5.473014287838357,5.451513885773889,13.008479225107894
7.624,but,-5.064716815948486,4.300179048136525,3.873390572328651,14.048169859956172
7.625,to,-7.075788497924805,4.676750996278559,4.361742454586263,15.021143941933966
7.626,make,-5.385802745819092,5.251127843007086,5.260579457076632,17.999811386079280
7.627,her,-7.911854743957519,4.756937238772762,4.859525277364812,19.999752985623807
7.628,way,-11.623572349548340,5.061989103119995,5.113628059481545,22.397155507438622
7.629,towards,-13.965762972831724,6.808338039979787,6.391599508851249,23.306399667102337
7.630,the,-11.173530578613279,4.734393780954252,5.011260868488849,24.290571075418118
7.631,stage,-8.763830184936522,4.369136409861554,4.363086212222369,25.889531915718852
7.632,where,-13.518221855163574,8.448989903824398,8.766817783812312,28.044032124486929
7.633,Jill,-17.780443191528320,3.851724217059187,4.501831937620169,28.997647212703690
7.634,was,-11.765717506408693,4.421032733189000,5.027364261007169,30.604152803628587
7.635,beckoning,-16.206025481224060,8.378834699672854,9.116825164496216,34.823682823425052
7.636,encouragingly,-21.808477401733398,9.447834405986089,9.572977677904152,35.846113211130096
7.637,to,-8.168291091918945,3.880339996410477,4.023382080046527,36.788197894848402
7.638,her .,-26.198411941528324,11.166708643138881,11.862968016256724,75.298106389998054
7.639,She,-5.398102760314941,6.513097172475808,6.651384949829806,3.124724563176501
7.640,was,-3.248141765594482,5.972521717488170,5.919539638473682,5.265100455506252
7.641,the,-1.579766154289246,5.128918014643429,5.197799611328962,8.157027399805063
7.642,first,-1.375027656555176,5.266876987796151,5.709946517025854,9.177819965411423
7.643,performer .,-9.641257815528661,14.744809265976095,14.790470288845878,16.127889632245179
7.644,"Lucy ,",-23.361172676086429,19.635679816717573,20.886997198138406,9.126652404133559
7.645,announced,-13.032787758857012,7.514636612828523,7.752082057833062,5.982206520931824
7.646,by,-6.921893119812013,5.156891513523231,5.470980725415770,7.999995927043624
7.647,her,-10.055385589599609,5.260321172991029,5.035010175317644,8.533473991723707
7.648,sister,-5.947394847869872,5.913796639090150,6.201343715436510,10.167293659965004
7.649,to,-8.674193382263184,4.761696992675983,5.236391240140165,12.143710191325992
7.650,the,-10.844546318054199,5.707759019381893,5.632598683362437,11.151119349192793
7.651,"audience ,",-16.254764556884766,9.701217574152611,9.746934123260184,27.352282323320068
7.652,was,-13.411622047424315,5.264934973992978,4.934341659377228,12.432205726747332
7.653,all,-9.813741683959961,6.155026145594251,5.736720350837017,5.660241442636304
7.654,nerves,-16.159688472747806,10.213824187363764,9.294854188600141,6.198792487182753
7.655,as,-9.685314178466797,4.514638753349268,4.898718773148085,8.719179915507729
7.656,she,-9.111404418945312,4.221441248574346,5.004274648502316,9.192192374424245
7.657,walked,-17.220679283142090,9.561045807525117,9.784009749945204,11.044715261755634
7.658,out,-12.558300971984865,4.161427721003093,4.786246735263124,13.425859859253881
7.659,onto,-10.924504280090332,4.624584132021475,4.860875611903504,16.022417591873349
7.660,the,-6.470902442932129,5.050150294344706,5.007429965406404,17.999168060570025
7.661,middle,-14.410168647766113,5.175689777250616,5.597634585954133,17.001864114327351
7.662,of,-11.079378128051758,5.091369399983166,5.055958505622801,21.999122444221101
7.663,the,-5.471922874450684,3.991616487074603,3.916962115995210,23.115344061405725
7.664,"stage ,",-24.842146873474121,9.618803310727145,9.626649725934463,49.052166123154478
7.665,where,-10.465719819068909,7.055190530378458,7.152574915730397,28.057305850198368
7.666,there,-14.828800201416016,5.086117862629030,5.258503201199968,20.629199923006531
7.667,was,-11.463976860046387,4.507104300423257,4.368597924869674,18.023930749824764
7.668,nothing,-7.419500350952148,4.948404130283381,5.306622577098829,25.001806249529015
7.669,but,-9.534103393554688,3.078068418964186,2.736139188221796,27.035941221370898
7.670,a,-1.382559061050415,5.174143122561253,5.349459482787312,29.530494882238241
7.671,microphone,-22.741367340087891,4.017265244708258,4.052719695677380,31.198286376253620
7.672,and,-11.143256187438963,5.208577646062184,5.892130711169252,33.726093160521465
7.673,her .,-17.228331089019775,12.771660227663412,13.536564049058107,71.863818122573136
7.674,She,-5.398102760314941,6.513097172475808,6.651384949829806,3.124724563176501
7.675,heard,-8.654660224914549,9.794235371523046,10.061070566213141,5.410147640112713
7.676,the,-2.003133058547974,4.276666168952207,4.476237212143775,7.941243968881401
7.677,audience,-4.790857791900635,4.634801135471417,5.083681440555586,9.362698684878383
7.678,applaud,-5.661495208740233,3.803354800770365,4.486061296181584,10.059663067230048
7.679,and,-6.383319854736327,6.231390248625956,6.381197020013747,11.024348783188788
7.680,could,-11.537294387817385,4.818268196679342,4.907419639802511,12.026002857447232
7.681,feel,-5.082758903503418,4.898031079177442,4.841420575408307,13.002005909646424
7.682,a,-8.102291107177733,4.888501076783449,5.075766440887538,14.330025063548375
7.683,sense,-11.584246635437012,4.564232060092626,4.826144162135719,18.000267983312725
7.684,of,-12.487026214599609,5.029001412352693,5.179116465187906,18.999968818321140
7.685,anticipation,-18.949914932250977,4.942284051984879,5.263161462795629,19.999675640259174
7.686,emanate,-15.619707584381105,8.226391845057572,8.202091090726231,22.014347066373649
7.687,from,-9.054779052734377,4.866411555257558,4.628936175935928,23.005344386667318
7.688,the,-9.857087135314940,4.278609896577127,4.049356708969452,24.050065156977315
7.689,other,-3.130768299102783,4.531529671901238,4.459661152858570,25.054743576662890
7.690,side,-11.231554031372070,9.080536819815674,9.021322099922457,26.999894403199445
7.691,of,-11.454484939575195,5.247839036665968,5.186563039100673,30.893935931066252
7.692,the,-7.059897899627686,4.220657014477584,4.301868315187057,31.892645113735718
7.693,heavy,-9.529868125915527,4.319543677838158,4.314909920277787,33.142476529903988
7.694,curtain .,-29.475847482681282,12.817002272763402,13.546893296259629,68.720312244161875
7.695,As,-1.945397377014160,5.854118068254997,5.424356409953837,3.085487213962984
7.696,the,-1.377348423004150,4.843877616279972,4.967876718458453,6.208479384184370
7.697,curtains,-10.631249070167543,9.730104293363766,10.152243922419613,7.087961681904304
7.698,began,-22.230365276336670,10.200754741608517,10.922470447755606,8.072284720077821
7.699,to,-8.589406967163086,4.367755807066809,4.482178981724228,8.054448652982272
7.700,"part ,",-16.547015666961670,10.041083167998824,9.599059174400139,20.819293154693000
7.701,she,-16.171705245971680,4.400481468251122,5.018717583378071,14.741000015746216
7.702,cast,-11.043098688125610,10.310044379272142,10.582372796507920,6.410477758127872
7.703,a,-7.285377025604247,5.429640642774184,6.241970756637268,7.264932754548450
7.704,worried,-12.802254676818848,4.803253972733606,4.731142698890898,10.208236596942774
7.705,look,-5.493535518646240,4.275113831153806,4.385830630891629,11.128805685601053
7.706,at,-8.060702323913574,4.985974089984127,5.077131255739152,12.018652812962813
7.707,Jill,-22.437549591064453,5.284285547621313,6.472600814392396,12.081933553342676
7.708,in,-9.097954750061037,3.756579080224116,4.507602489759664,14.166557210722376
7.709,the,-11.538163185119627,3.891665049940364,3.648212153867611,15.135477436301473
7.710,"wings ,",-28.299642562866211,13.778643735184595,14.453633857812672,30.794884166480127
7.711,who,-9.206375122070312,3.415721387550156,3.482632281887596,17.505749787714063
7.712,assured,-15.362859725952148,4.459148601402906,4.207728639198537,15.996218030420421
7.713,her,-11.267268180847168,6.051045178957397,5.929372339840146,17.939685226550782
7.714,with,-9.105381965637207,3.833834243626955,4.502973805437410,19.014782075484828
7.715,a,-2.591763973236084,5.597214764837989,5.870372932828940,21.518345298330530
7.716,positive,-14.832384109497070,5.213800487019109,5.287494992273993,22.001173329724946
7.717,thumbs,-11.180088400840759,12.264744633790992,12.848456635527329,25.034192476685451
7.718,up .,-20.075478553771973,13.563768754118161,13.902798355101073,53.025882102267232
7.719,Lucy,-17.551739692687992,15.155134708441631,15.552175873903501,4.134093983957052
7.720,thought,-10.922254562377930,5.783831455421853,5.615260329251759,5.101576065116316
7.721,to,-12.960309028625488,6.297121913310456,6.476552826764282,5.292307822605752
7.722,herself,-17.975435733795162,9.732705575209934,10.106784054177314,7.917854004647213
7.723,that,-5.765337944030763,4.880787311090992,5.273932190642208,8.270136541372146
7.724,she,-11.262430191040039,5.403880242101899,5.612429647688473,6.162694227988544
7.725,could,-12.458959579467773,5.213132574076313,6.090272558385375,13.905358583851250
7.726,not,-7.965448379516602,3.288906661525461,3.242103535638344,14.703162368727307
7.727,go,-5.554753780364990,4.414487282957639,4.641573609061759,14.047269311548819
7.728,through,-11.071786880493164,4.989408739471399,5.228880681877867,16.079057292966368
7.729,with,-3.687582015991211,3.840862789038035,3.579467413318409,17.510241968475313
7.730,this,-10.041523933410645,4.601737194632451,4.834121612277442,20.628716862580433
7.731,and,-10.603153228759766,4.503128000907184,5.139034150809776,22.125934731199880
7.732,that,-9.026453018188477,3.255627742942604,2.914604697290125,23.072404408815412
7.733,"she ,",-16.473914623260498,10.281097636965537,11.029816760316482,29.430817997861386
7.734,unlike,-16.135414123535153,5.275371498212998,5.841458894508262,6.017311453526933
7.735,her,-13.877529144287109,5.952198058294679,5.524023198091833,5.143050035072894
7.736,older,-8.316280364990233,5.814638532684736,5.824306401488365,12.651521547315134
7.737,"sister ,",-9.755978107452393,11.099238887479320,11.834445090995850,23.154850033922187
7.738,was,-8.079564094543457,5.035263746906133,4.768282085750347,9.012914845939504
7.739,not,-7.016506195068358,5.973318294894724,6.086121177765107,10.007708101179055
7.740,confident,-10.741951942443848,5.326030175160166,5.234249092095365,12.526888168408361
7.741,enough,-1.661658421158791,10.012716630754737,10.208450258699921,13.932519830973394
7.742,to,-7.254897594451903,6.165454436901688,6.235354649319374,14.658407023541914
7.743,put,-9.454289436340332,4.112985966956408,5.004571526753932,17.480797712031201
7.744,herself,-12.292897701263428,8.784056748196736,8.483511203319843,19.324495256067845
7.745,before,-10.763626098632812,5.352479056951019,5.498099041144644,21.274986525435864
7.746,the,-11.194522857666016,5.210789586337754,5.611510212212468,23.976914518092517
7.747,judging,-11.161799364723263,6.767938850734872,7.192270904053238,26.036827921223818
7.748,audience .,-23.139933586120605,9.354340334496325,9.131693121746784,55.000359592869756
7.749,The,-1.652928352355957,6.216193485653642,6.231108800665612,3.459354033097218
7.750,crowd,-8.583504676818848,5.832908908488545,6.540335006285432,4.414567120996205
7.751,looked,-5.908602893352509,9.148558765325316,8.194147230234361,5.365089252249742
7.752,up,-2.004711151123047,5.337502985008500,5.713677936690285,7.542108190802853
7.753,at,-1.729346990585327,5.455597217483995,5.177316438851282,9.566082017131707
7.754,her,-4.599860191345215,5.061221435484095,5.130360980347237,11.636525682726676
7.755,and,-0.275194227695465,5.779697623750410,5.472569575028396,6.871128469303359
7.756,Lucy,-12.774093270301821,13.371989016562704,14.133975495831022,7.839760809237870
7.757,was,-11.867025375366213,4.705679039385928,5.079931231534409,9.177497022003235
7.758,ready,-11.050580024719238,5.566136473109962,5.774989481684765,10.693201151512699
7.759,to,-7.910597801208496,5.142001984382912,5.135410784826285,10.376636271158976
7.760,run,-6.885994911193848,4.560133175111036,4.812871019184113,13.063596430919912
7.761,when,-10.300701141357422,4.680831497413134,4.747833006156043,15.045113502104128
7.762,the,-15.224106788635256,4.371137008276032,4.709221394082816,18.732852216607878
7.763,first,-10.578498840332033,5.025378510343466,5.943332621543026,22.008057000575548
7.764,notes,-8.103218078613281,3.759345587702776,4.388165635073993,23.024755171355089
7.765,of,-13.911614418029785,4.021566673559127,4.090726596627547,23.545377566798397
7.766,the,-12.144245147705078,4.458953606191037,4.777321530263611,22.752846166848041
7.767,music,-8.814384460449219,3.914397170437101,4.300233722045816,26.870164542268629
7.768,sounded,-18.336159706115726,8.284650930293070,8.793257663428090,27.907461266613367
7.769,out,-8.609032630920410,4.216428490031691,4.802593892498531,23.812163407107672
7.770,and,-10.030321121215820,4.713652468023726,5.578279644642035,20.007017024624449
7.771,a,-9.565596580505373,3.136044332082438,3.205656979110926,22.219967967099475
7.772,sudden,-10.506847381591797,4.052483638020891,3.927278069707916,23.999999973733470
7.773,calm,-9.607302665710449,4.227868859702661,4.229405659494652,24.154331415878204
7.774,settled,-14.995991706848145,4.973165245302411,4.909492905212273,25.210082984342165
7.775,over,-8.060550689697267,4.827958452800812,5.406251975961781,26.946564316323531
7.776,her .,-18.878725886344910,12.815785380589180,13.206415863608669,57.093856964021874
7.777,She,-5.398102760314941,6.513097172475808,6.651384949829806,3.124724563176501
7.778,closed,-8.288397789001465,5.411640708996256,6.035317769183775,5.234289819050912
7.779,her,-1.274737477302551,5.115630640476653,5.410516183641623,7.689035012981213
7.780,eyes,-3.220683336257935,4.844541052275336,5.054541689394581,8.621709519935832
7.781,and,-0.384222418069839,5.544330567642664,5.339538735932901,7.110581814903483
7.782,shut,-6.937181949615479,4.243694496300401,4.587543681480248,9.131642225768685
7.783,everything,-8.513640284538269,9.538064027839154,9.478230799948770,11.196997291393137
7.784,"out ,",-3.004803895950318,10.474027754966176,10.439489943668043,23.283380749149281
7.785,including,-2.899295449247348,9.737247258691614,10.085794839802123,15.173963336461055
7.786,the,-1.951216101646424,4.969681633707994,5.304923807524126,18.052101267078399
7.787,"audience ,",-7.943618535995484,9.334717405829963,9.828139081491269,36.708693380543153
7.788,the,-0.498127698898315,5.175260274024937,5.402238096185568,21.552977191085567
7.789,nerves,-10.632260799407961,8.635104989918641,8.679082080650129,22.867282542865816
7.790,that,-15.540255546569824,5.330692179886085,5.199918093261076,23.456479568156716
7.791,threatened,-18.889381811022762,8.016893760474668,8.065795826036300,25.082728509225987
7.792,to,-4.192240238189696,4.374100004128831,4.418720159365319,27.016445452379390
7.793,take,-4.616466522216797,4.044138063107419,3.824692995616471,30.992813287984987
7.794,"over ,",-17.445454597473145,9.131176886624999,10.683683830558181,69.370178840462387
7.795,the,-15.532140731811525,4.399071309703691,4.443462673480663,36.330604954183400
7.796,text,-12.336265563964846,4.389373703951919,4.838125799562539,39.185649760406477
7.797,"messages ,",-20.617892421782017,13.633222013513974,13.962993827003890,67.293746267180438
7.798,and,-2.534659385681152,5.522244291713752,5.399444219076082,27.980545881427894
7.799,the,-9.402750015258787,5.423773165626524,5.481278989470580,27.998179772671730
7.800,way,-8.655008316040039,5.002623177728814,5.765929893354428,29.940177203266359
7.801,they,-14.015387535095215,4.996748694255968,5.402719081180821,30.421718203448190
7.802,made,-14.973037719726562,4.642426057390270,5.808891430625447,33.287999703790625
7.803,her,-12.021029472351074,2.438384358928575,2.980170073186235,35.944841553189008
7.804,feel .,-25.321390748023987,12.527545257590155,12.835541806314900,77.800085167925786
7.805,It,-3.523702144622803,5.975466083379700,6.746003274069055,3.255935461031633
7.806,was,-2.202806472778320,5.612470929407762,6.038403578106284,5.170998584181224
7.807,just,-5.120034217834473,4.559984918536141,4.787336066462098,7.647472018858537
7.808,her,-8.988493919372559,4.519225851393530,4.550593676056741,8.877324635370369
7.809,and,-3.885452032089233,4.988050129789332,4.897462502863257,5.860232555206523
7.810,the,-2.330248355865479,5.466561738738380,5.146968872534559,8.578997165783019
7.811,"music ,",-5.360743701457977,10.531694774515952,10.672931592643817,16.880710652837294
7.812,and,-0.687123417854309,4.218022549825741,3.988937907135571,7.604307563049077
7.813,it,-2.207613945007324,6.050908598949125,5.722821414188390,8.182710119378164
7.814,was,-0.636416971683502,5.812490899472997,5.822441594133688,10.026026391027756
7.815,a,-2.146322965621948,6.137099325221472,6.451208448851541,12.666478782827658
7.816,love,-5.150979995727539,5.732163090867161,6.324043477369468,13.788897659643862
7.817,story,-2.636908531188965,4.787091607896119,5.273947003834746,14.723659301063517
7.818,that,-0.026060756295919,4.976080375717567,4.871465534112239,15.984502589518227
7.819,had,-2.941327571868896,4.851456477760046,4.352850765927475,19.059186433769426
7.820,been,-1.299614191055298,4.202761944318587,3.948742139170522,21.076345050192650
7.821,going,-4.562666893005371,4.808545172726374,4.918569603575810,23.064918462719675
7.822,on,-0.048976633697748,4.913011680088576,5.239467717720473,25.058156365205001
7.823,her,-4.426041603088379,3.927785800894438,4.268979635726877,27.156457801410198
7.824,whole,-7.175494670867920,4.943523853435237,5.180646460109885,28.238744963221574
7.825,life .,-0.871129337698221,14.874695302076644,15.245797649945064,37.342309726838380
7.826,She,-5.398102760314941,6.513097172475808,6.651384949829806,3.124724563176501
7.827,began,-6.085469543933868,10.689784866035813,10.752094033125632,5.253176108420121
7.828,to,-1.131430625915527,5.862842597152316,5.587040764418017,8.196444319128902
7.829,"sing ,",-9.438315838575363,16.619290269117883,17.597875496081429,19.047567106720535
7.830,and,-0.459085106849670,5.301622540791739,4.881247850686751,6.317675078198770
7.831,all,-6.702484130859375,6.010433787549580,6.143342852583825,8.487442460529259
7.832,the,-2.028613090515137,5.436775352510422,4.951627316849692,9.416765995205044
7.833,pain,-6.869028568267822,4.173035827699085,4.021920673671143,10.373057262889713
7.834,and,-1.589184045791626,6.616141706839062,6.885423861361897,11.365832217210205
7.835,confusion,-5.717204093933105,4.898891812721041,4.591256103966519,12.320143767278266
7.836,that,-0.002356373472139,4.885838354735956,4.457019019626917,12.020005340860006
7.837,the,-2.858478546142578,5.787053235985186,5.728133809520066,15.137611894077160
7.838,messages,-11.825035572052002,9.067793688451882,9.882515492479511,16.194283677687132
7.839,had,-2.034995079040528,4.001646030618362,3.502647894779417,17.000699480813243
7.840,been,-2.374174594879150,4.534402025251391,4.146431971591173,18.833959130672632
7.841,causing,-4.649497215636075,9.462980096111302,9.081515601229627,21.023244866388389
7.842,inside,-7.343100547790527,4.831332043881893,4.927256523863420,23.013901915072278
7.843,her,-0.355089575052261,4.677291974021360,4.875428785971435,25.033837357090807
7.844,just,-3.471444845199585,4.790029408855629,5.042873309824409,11.314744288124265
7.845,flowed,-7.575204607099295,8.171330412851210,7.596423027093128,12.007844691744273
7.846,out .,-1.473782308981754,14.816937645866885,15.169507610257375,22.001634701289248
7.847,The,-1.652928352355957,6.216193485653642,6.231108800665612,3.459354033097218
7.848,words,-9.112537384033203,5.077936811522274,4.883173087080269,4.576550249511549
7.849,were,-2.051691055297852,5.634034875317052,5.450025334317314,5.148147564307144
7.850,not,-3.978886127471924,4.222198545634795,3.915088875517498,6.270224222781332
7.851,"important ,",-7.138573586940765,10.174097909870209,10.094900716591567,15.101333389806499
7.852,for,-2.341421127319336,5.201883572817938,5.032300359455586,11.058945066278822
7.853,it,-3.216332435607910,4.951779952588752,5.256601699421899,14.207290206889956
7.854,was,-1.367514371871948,4.510948927784208,4.424184317177841,16.043811840407265
7.855,the,-1.190117716789246,5.249087612313061,5.303984549457064,18.938444197423809
7.856,feeling,-7.328271865844727,5.630373233744813,5.595945700206599,19.803581909994691
7.857,behind,-4.281049728393556,4.209264679109904,4.192727136116367,21.068680637436675
7.858,them,-2.811998605728149,4.401841029998750,4.112396186146440,23.110291738663570
7.859,that,-0.078644268214703,4.836531027208520,4.749229984486333,22.049386658424702
7.860,she,-6.069970130920410,4.956648821563759,5.297536808956932,25.925627627219658
7.861,latched,-13.635692325420678,10.534492240127598,11.373794550041824,25.002380923415732
7.862,onto .,-23.772578239440918,12.129889294074228,12.028713112560489,53.022119066344260
7.863,Lucy,-17.551739692687992,15.155134708441631,15.552175873903501,4.134093983957052
7.864,was,-11.041616439819336,5.031374914472266,5.212655938191753,5.128192007740202
7.865,in,-12.681408882141113,5.524888814837558,5.268277843378823,5.584574300121144
7.866,the,-11.331534385681152,4.432288533987665,3.778746809820994,7.182041233706255
7.867,heart,-9.581704139709473,4.181787224721465,4.260508077986032,8.983626112154731
7.868,of,-9.690690994262695,4.962649620774910,4.432942190741918,9.976296024099328
7.869,the,-11.440518379211426,4.666483071849445,4.893126692029004,10.019452087033606
7.870,song,-11.609785079956055,4.267137856956040,4.230467337765941,13.251236208837815
7.871,with,-10.810179710388184,4.449643847213721,5.021333181515840,14.260066364449186
7.872,the,-10.223236083984377,4.888738675880445,5.154663082876048,9.724952560511301
7.873,rest,-10.975080490112305,4.253990737348607,4.786285534170388,12.522067685636447
7.874,of,-15.315709114074707,4.668764804588975,4.486217390065939,13.039592070643446
7.875,the,-13.058436393737793,4.006314101237637,3.923978805956715,14.999499747275207
7.876,world,-4.566963195800781,4.595470489268330,4.780465567830172,17.009108593145264
7.877,slipping,-16.385294198989868,7.527851468640591,7.380878351167532,17.998667438234285
7.878,away .,-24.785707950592041,13.657930747479082,12.841741637191825,23.842263605619678
7.879,When,-0.057549852877855,6.076412383427700,6.237477393603897,4.052596691218262
7.880,the,-1.543578147888184,5.124880016347121,5.067848587683961,7.232146750106086
7.881,song,-9.595293998718262,4.417387635342140,5.486724458120380,8.217651898515877
7.882,finished,-6.262930870056152,4.935111843475497,5.129473795885104,9.069886450288321
7.883,and,-0.477414250373840,4.794914167259512,4.334156414995039,9.232029339058784
7.884,the,-0.819816052913666,5.330399635799403,5.303327907449211,11.101185619917775
7.885,last,-6.291958808898926,5.008274110420751,5.270002748467506,12.215319500211859
7.886,note,-5.621795177459717,4.282736834059868,5.041055603896666,13.126717172054652
7.887,died,-6.142186164855957,4.505012383581355,4.413722636958628,13.003756549446015
7.888,"away ,",-6.249188672751188,9.728040932340168,9.069846199023630,19.041416516852625
7.889,she,-2.700498819351196,5.688836630808709,5.738287693499559,6.118792971055280
7.890,opened,-7.705962224572432,9.019811409885778,9.368840513931268,8.361628048595430
7.891,her,-2.369489669799805,5.428582143540414,5.408316047982516,10.531240141878360
7.892,eyes .,-2.448583599412814,13.894049131684511,14.136987681510632,20.578550217658652
7.893,To,-1.193354129791260,6.444844871272637,5.649328811201277,3.864917987645378
7.894,see,-5.493681907653809,5.856371903904519,6.364045615710022,6.044216129741334
7.895,the,-1.286686420440674,4.384550779405192,4.536991898054995,8.817389825920866
7.896,whole,-6.171538352966309,5.088421007179647,4.999598738320555,9.679516667970894
7.897,audience,-6.975455284118652,4.267624793924440,4.226978077282179,10.752299479725623
7.898,on,-4.349409580230713,4.609901060206106,4.314164259371797,10.617452946078515
7.899,their,-5.033059597015381,4.382145874103247,4.529366851177014,12.355626852050452
7.900,feet,-3.289207220077514,4.827104829661867,5.161408636186210,13.373799629442580
7.901,and,-1.630141019821167,5.256387991693193,5.212535767547115,10.321951615557564
7.902,the,-0.144782423973083,4.855262917115752,4.740365907396646,12.030383612976054
7.903,hall,-6.721154928207397,7.553989517754040,8.026254969183599,14.118976814488478
7.904,filled,-2.529848814010620,5.005244183255850,5.090870616044706,14.777694132606481
7.905,with,-0.043004136532545,4.479271600860384,4.135633736605265,16.928240084004592
7.906,cheers,-6.873098492622376,9.032256190356268,10.081032109773767,19.284777351081040
7.907,and,-1.333881735801697,6.302209395006233,6.533713323402977,20.094233803599643
7.908,applause,-18.505595802806056,8.011293067545212,8.642226090699985,21.066112622493147
7.909,was,-11.662747383117676,3.491259137335568,4.065364066167161,22.074734120343347
7.910,not,-9.867228507995604,5.057782197420286,5.280238916523833,23.078519483314519
7.911,what,-13.283789634704590,4.551390494817747,4.990360723286887,5.013642538784712
7.912,Lucy,-27.589972019195557,14.258965253829635,13.493767261504930,6.000000000000193
7.913,had,-12.660310745239258,5.153671264648437,5.606956481933584,8.999999999999977
7.914,expected .,-25.197066307067871,12.292405360657433,12.255097215846146,19.000266848919132
7.915,Lucy,-17.551739692687992,15.155134708441631,15.552175873903501,4.134093983957052
7.916,allowed,-12.609562873840332,5.991638440489974,6.158706445872387,5.091871653703907
7.917,herself,-19.794847488403320,11.237615288157340,11.721663575437471,5.999926813228470
7.918,to,-8.429145812988281,5.628353548780482,5.988922754488121,6.584493458510302
7.919,enjoy,-8.702724456787111,4.829262757999333,4.727690599285673,9.001799891621598
7.920,the,-9.091124534606934,4.380844747335328,4.714656494999379,12.007955809183450
7.921,sense,-9.672774314880373,3.489217965900007,3.665753519848232,14.192548127950484
7.922,of,-11.955277442932127,5.105255447847477,5.072260753844198,16.005735764785456
7.923,achievement,-18.697500228881839,3.916519281434705,3.785323421642757,17.007024160357968
7.924,and,-8.925183296203613,4.736795086739568,4.854830647863236,19.003756882015946
7.925,belonging,-10.772627830505373,3.179118456889839,2.887271144722065,21.000517591798531
7.926,that,-12.878783226013185,4.698591082513908,4.992252232841520,8.534518830347048
7.927,she,-11.466781616210938,5.155068930490716,5.642909114825049,6.270097632948728
7.928,had,-12.066003799438475,5.151740234292038,4.716239130167414,7.561357346602652
7.929,not,-10.134862899780273,4.868550607957165,4.826233501042479,22.984866302460212
7.930,felt,-13.300822257995605,5.000271030182783,5.601120168332589,28.877262791032113
7.931,in,-7.756866455078125,4.612657551504402,4.950642258956421,30.943961704898712
7.932,a,-13.689918518066404,4.140439171869817,4.257762562251806,31.983521455392641
7.933,very,-11.517131805419922,3.829153158326299,3.860091699024764,33.978525528844912
7.934,long,-11.876867294311525,5.157179652150284,5.704579157883352,35.981900106294781
7.935,time .,-14.565921068191527,12.215725749021871,12.325434129724371,66.215936390509682
7.936,Then,-3.511779069900513,6.099443320222187,6.057052913474799,2.974602023277294
7.937,she,-3.086150646209717,6.008346628232008,6.203810951500667,5.029036798482458
7.938,saw,-6.024708271026611,5.456461905440454,5.411789875676998,7.242370265112862
7.939,her,-1.630594253540039,5.040890889554109,5.027091792935979,9.986314671858249
7.940,"mother ,",-4.009962961077691,9.183044210803402,9.467678873293078,22.427223229023490
7.941,who,-0.095492899417877,5.510311450137836,5.806417335353850,14.297674163725974
7.942,was,-1.589827537536621,3.600250127722953,3.514634863278374,17.322158404285176
7.943,cheering,-8.837770700454714,8.579604586788227,9.306615076694369,19.204928059643184
7.944,the,-11.050304412841797,4.872351897501964,5.206263412866195,20.191679875096359
7.945,loudest,-14.963323800940998,12.949449328911696,13.363855348083064,22.315514792089001
7.946,of,-10.160748481750488,4.829094627792911,5.102371122716834,23.364208746072933
7.947,all,-6.371531009674072,5.376589123404848,5.401091973289615,24.339933017452921
7.948,in,-11.548490524291992,4.457398159191456,5.143501732696090,25.302244545492396
7.949,the,-11.915987014770508,4.613534892498291,4.876699659644923,24.106212939838585
7.950,"crowd ,",-19.640410423278809,8.095783729012881,8.896720325744866,52.606556568755757
7.951,and,-9.833806991577148,4.054295256994449,4.075111404815663,29.976955286372128
7.952,"Jill ,",-17.252215497195721,8.441695879130002,8.927368984974860,48.197002879393168
7.953,who,-14.507465362548828,5.661000848675911,5.551916088713710,11.900734836823828
7.954,was,-11.232471466064453,5.259024269200809,5.578232043622428,17.783202083481481
7.955,beaming,-21.116223692893985,13.890787752699193,13.876641350348759,18.627388766613009
7.956,at,-9.179610252380373,5.071951286255646,5.294713192065134,18.995998653830608
7.957,her,-11.341532707214355,5.442215523063395,5.390051604356130,21.887486603791857
7.958,with,-8.152535438537598,3.873627763528209,4.667535609533002,24.976599553705459
7.959,pride,-8.267795562744139,3.381476700768984,3.316096623736609,26.006765946035710
7.960,from,-12.701306343078613,5.053544163023061,5.007445505884371,27.038261066287941
7.961,the,-10.108223915100098,4.693944401547336,4.813441905524717,29.014364617646304
7.962,wings .,-26.084450006484985,16.908149276136591,17.477439071196077,63.019039994320501
7.963,She,-5.398102760314941,6.513097172475808,6.651384949829806,3.124724563176501
7.964,knew,-7.195623874664308,5.993108909730838,6.544519980764892,5.330325464417253
7.965,she,-1.165508866310120,5.171389521293240,5.307418512955699,9.411781392401824
7.966,owed,-8.617041587829590,8.391278734183103,8.589282013156703,11.392026891974190
7.967,them,-3.557725429534912,3.936409420483864,4.017977966938598,13.406167886667909
7.968,big,-7.905400276184082,4.788024240294421,5.433368330648231,15.556890604131690
7.969,time,-6.457508087158202,4.427932118422572,4.523179961022898,16.432344503381788
7.970,for,-1.408633232116699,4.470946599330981,4.450338511316128,17.415958929565914
7.971,reminding,-9.029576738481412,8.580482215097016,9.035492837830486,20.043029844319275
7.972,her,-12.931061744689940,4.863133154406373,4.885474291304889,21.030519268419834
7.973,what,-13.644485473632812,4.462860089538816,4.923464148856513,24.317806793250298
7.974,she,-10.996857643127440,3.908946782584589,5.171340720816556,25.084239113635093
7.975,was,-12.816724777221680,4.302670515739388,5.307819087363574,29.144893422175389
7.976,capable,-15.903513193130493,7.954316005028963,8.172389296835139,31.122556005904933
7.977,of,-7.768849372863770,4.640219667818875,4.556924276803893,32.000082558082354
7.978,and,-10.424622535705566,4.372222100105578,4.668870458322004,35.191797142665500
7.979,who,-14.110683441162109,4.756888167206945,5.251638428616960,37.783931649090718
7.980,she,-10.621822357177734,4.494192401019391,5.513293970988860,29.134400576401941
7.981,really,-13.590464591979980,8.078487466906793,8.566696749941419,32.934627141153470
7.982,was .,-19.491824865341187,10.653256484472577,11.062826984010874,72.454458208929623
7.983,The,-1.652928352355957,6.216193485653642,6.231108800665612,3.459354033097218
7.984,next,-6.235956192016602,6.195685878542977,6.339582135215181,4.357603433765688
7.985,time,-4.603569030761719,5.980812825487754,5.580160757296307,5.899341480369308
7.986,her,-6.894555568695067,5.266921786174372,4.821958686966816,8.030293438295166
7.987,phone,-5.210435867309570,4.182493962944132,4.638116055764472,9.040933854033778
7.988,bleeped,-15.069544196128845,13.906601859559107,14.332583944698555,10.025399434551963
7.989,she,-13.669723510742188,5.408564755762240,6.280528007696629,11.029980110158665
7.990,would,-10.467231750488279,6.084034929098788,5.949477481429006,12.019041554091448
7.991,tap,-14.230129241943359,5.050027188888405,5.444187754755937,13.972740440256331
7.992,the,-8.769993782043457,5.865347361072573,5.802110198348620,9.196287701912160
7.993,message,-11.331807136535645,4.010059163766137,4.616155905791870,9.283630791161519
7.994,straight,-12.594465255737305,4.591295721555196,5.269165050737543,18.255898627199546
7.995,into,-8.037931442260742,4.171485550921656,4.912768065737418,18.874469132316328
7.996,oblivion,-16.301696300506592,7.987763866738299,8.152135857127721,13.000012859128271
7.997,where,-12.204945087432860,8.928959926718553,8.904421788841910,21.645557481309492
7.998,it,-6.158018112182617,6.047284127378914,6.002033814267826,5.112161812932789
7.999,belonged .,-30.291097402572632,19.780157373314069,19.751049133982434,29.485424112103821
8.1,The,-1.652928352355957,6.216193485653642,6.231108800665612,3.459354033097218
8.2,Roswell,-13.961039781570435,7.830603058482177,8.587415715377105,4.812153400603767
8.3,UFO,-18.741587638854980,12.144006470816677,11.520471477506113,5.384281641690778
8.4,Incident,-21.177845537662503,14.647713397039338,15.379370812779767,5.023638674775865
8.5,was,-12.222876548767090,6.529097477081947,6.312564503005921,6.078502704287128
8.6,the,-11.020403861999512,6.346548560843601,6.584712570595137,7.038880584599383
8.7,alleged,-7.241414546966553,5.548595954445978,5.458235368853823,8.210670279086406
8.8,recovery,-8.994149208068848,4.507175864369128,4.280927415241930,9.835176254437972
8.9,of,-10.930270195007324,5.080866224117427,4.853938724439794,9.569884824493172
8.10,extra-terrestrial,-21.293546777218577,27.436729632028552,28.310382020473675,7.909290842370512
8.11,"debris ,",-20.004897991195321,17.587654134470995,17.606730265028194,19.193795013664655
8.12,including,-7.822009076917311,9.078210806105961,9.843374944804577,10.192208973034589
8.13,alien,-11.890960454940796,8.410789340595526,8.716222027707925,12.917561622772565
8.14,"corpses ,",-14.844105299562214,14.187762862625826,14.195345580320382,28.424049182867307
8.15,from,-9.129587173461914,3.617756751625840,4.370971889017397,15.582999086185104
8.16,an,-11.399836540222168,5.292144268339883,5.570219314428753,16.578106383847690
8.17,object,-9.252393722534180,4.309640697551780,4.070208405082723,17.718985861473804
8.18,that,-14.679843902587891,4.907882833435258,4.810644823383887,18.743810283437181
8.19,crashed,-15.834851741790773,9.517208535673779,9.097886723903800,19.287417969073360
8.20,near,-13.719757080078125,5.327102701150578,5.187837362690583,20.675479827644978
8.21,"Roswell ,",-34.640193462371826,13.032766250715751,14.121556762924168,32.010726894848673
8.22,New,-10.232847213745117,3.418179211261636,3.748939763055042,18.000000934472762
8.23,"Mexico ,",-8.917980194091797,9.358638452507263,9.365978276302259,41.010789310645947
8.24,on,-9.471940994262695,4.731693281917430,4.896607178518996,22.002582610694713
8.25,or,-8.280511856079103,4.720404433617569,4.805507254988793,22.996378674080731
8.26,about,-7.046406745910645,4.110414368841568,3.992887800794265,19.021277560189329
8.27,July,-10.498106002807617,4.912430915706191,5.449895497828053,21.213452223558413
8.28,"eighth ,",-29.166623353958130,12.260558653218514,12.289787017669767,47.970079138054189
8.29,nineteen,-21.834152221679688,6.343350730175263,7.064848580940349,28.040794331543587
8.30,forty-seven .,-40.229685068130493,28.016067127206433,29.102131293771308,62.995241229617974
8.31,Since,-4.162125587463379,6.087139313120877,5.767472843320888,3.078576088854959
8.32,the,-1.331021428108215,5.281975067892009,5.335789437502584,5.844471440465228
8.33,late,-3.785448074340820,6.112990395178657,6.778812332820842,6.191921695053376
8.34,nineteen,-18.137588024139408,10.194979155699622,10.148803889376904,7.174301933032009
8.35,"seventies ,",-27.625836849212646,17.463965890702450,17.416233663490090,17.772391918960203
8.36,the,-7.195633888244629,4.720684374363033,4.594792405939026,10.200056150430964
8.37,incident,-10.849294662475586,4.382939783883487,4.111860751034799,11.139079343347628
8.38,has,-13.448058128356935,5.080204918619551,4.938647555237668,12.198765194343341
8.39,been,-5.245659828186035,5.240414491877834,5.117712191938399,13.213156785773119
8.40,the,-11.489070892333984,5.276888886006941,5.218166067357052,14.992199094629806
8.41,subject,-12.363646507263185,6.259107880859586,5.956834109949175,6.380361508634072
8.42,of,-10.660321235656738,5.848715255059441,5.547530027116548,7.425207485880332
8.43,intense,-16.929019927978516,4.727843523989270,4.452239049317865,8.357932639239348
8.44,controversy,-9.227108001708984,4.497976863713178,3.818246172559705,9.052877547229572
8.45,and,-10.534299850463867,5.237170023744327,5.492487298904570,12.497706986235990
8.46,the,-3.924273014068604,4.525825736110688,4.097637910372399,14.032398136323811
8.47,subject,-18.289367675781250,3.793814695461696,3.416443275487881,14.000114166341364
8.48,of,-10.918243408203123,4.011618620371018,4.082935260030633,17.097583080088352
8.49,conspiracy,-14.790028572082520,4.488076727193689,4.091881073660090,18.138818622804816
8.50,theories,-15.720097541809082,9.568267270611182,9.606954902682093,19.089607779345030
8.51,as,-8.324839591979980,5.065880168154807,5.594213966340256,18.385735836924354
8.52,to,-10.319203376770020,4.537171081780615,5.393122048947531,18.420569483606897
8.53,the,-13.847089767456055,4.687675873615004,4.710149652473445,18.356306706794602
8.54,true,-10.005020141601562,4.382190858569047,4.164910403384788,23.993751867628628
8.55,nature,-4.157304286956787,3.499846434126633,3.414005474124444,22.800797725304001
8.56,of,-10.072934150695801,4.396495471420567,4.244662328892457,22.049293565938424
8.57,the,-8.009458541870117,5.320014177994555,5.674841253127371,21.702913415813235
8.58,object,-11.781627655029295,3.989240774591868,4.237866199071049,26.495576735764129
8.59,that,-13.671057701110840,3.953424413090195,3.807049330865377,27.497019796360153
8.60,crashed .,-35.316279888153076,14.703203156939859,14.403823183094238,55.429040871365245
8.61,The,-1.652928352355957,6.216193485653642,6.231108800665612,3.459354033097218
8.62,United,-7.452127456665039,5.826604739409838,6.464354243885619,4.570788734633035
8.63,States,-2.615049600601196,5.088012812084330,4.514591120468233,5.609661069730446
8.64,military,-7.339734554290771,5.765624025273559,5.608483100909059,6.581511377012853
8.65,maintains,-6.340013936161995,9.079619665795533,7.880396699092031,5.198469073375514
8.66,the,-2.437010049819946,5.329021878921461,5.253052555415368,8.525124327481468
8.67,debris,-12.343907568603756,8.509112745887027,9.039905263567276,9.856803086519886
8.68,recovered,-16.227413177490234,5.817454990455460,5.928383120833515,10.750759013511194
8.69,was,-1.169735670089722,4.187318179903282,4.586657625943492,11.006666471575082
8.70,from,-13.195574760437012,4.061192754673895,4.509285722582879,12.074845569638569
8.71,an,-8.694849014282228,5.777046878125608,5.683012956007273,14.015791338822105
8.72,experimental,-11.042541503906250,5.324322180314160,5.062983421283542,16.008272475526386
8.73,high-altitude,-12.480181753635405,13.702794903854196,13.792314201282080,17.034228099333593
8.74,surveillance,-4.941158294677733,4.839414222522064,4.706554880988457,18.072403999800997
8.75,balloon,-7.721124172210692,4.825123203767189,4.805908425593199,19.059936982677929
8.76,that,-11.662398338317873,5.489973069724544,5.266208909328406,20.015522457954248
8.77,belonged,-19.541259288787838,9.855974338009013,10.071760303804076,21.007126214454111
8.78,to,-5.913334846496582,4.670249708948448,4.811545022757313,22.002699346709882
8.79,a,-7.429145812988281,5.353270628974735,5.465018360653309,23.001312890083799
8.80,classified,-8.359559059143066,5.235532654775055,5.159036659997630,24.001032984992023
8.81,program,-17.883939743041992,5.131394692755809,5.542192638928793,16.000004650197596
8.82,named,-10.408875942230225,7.514537454025751,7.813222245826743,23.040318839036036
8.83,`` Mogul '' .,-60.714433503800592,39.466804653477801,40.300253072784756,100.940596291828868
8.84,"However ,",-2.401920590532427,17.711650165061833,16.213913459901974,7.179569697075139
8.85,many,-4.737870693206787,6.304001613137532,6.438400418852830,6.339552174565553
8.86,UFO,-15.712841510772705,12.233326480832460,13.018988936041415,7.344070407758164
8.87,proponents,-6.274947523810624,11.028792194159497,10.905829887098623,8.322701076482941
8.88,maintain,-20.052354812622070,5.554082781038677,5.501936434720637,9.399267183785618
8.89,"that ,",-23.142704963684082,11.718801905007901,11.643651925343123,17.494738016264925
8.90,in,-5.003308773040772,5.023662954275568,5.668728667698001,10.057073522516845
8.91,"fact ,",-23.985007286071777,9.362608814250747,9.338752258370530,24.938510931407091
8.92,a,-2.935936450958252,4.991965990220124,4.840679956800924,16.541410973432590
8.93,crashed,-13.931277275085449,9.288100168732512,9.151014791027675,15.063451113838155
8.94,alien,-13.960032939910887,8.501825633326838,8.270929098594348,17.701987909532004
8.95,craft,-10.237985372543337,7.062819379082106,7.215287774462854,18.368205831157344
8.96,and,-5.624358654022217,5.480114409969797,5.544384396329424,19.242911514161090
8.97,bodies,-7.270827027503401,10.794800087279294,11.192983405032997,20.292478063150803
8.98,were,-14.791965484619141,4.868360659287699,4.665366519798496,19.016147981194564
8.99,"recovered ,",-28.461006164550781,9.705761986467236,9.503526502634518,43.129804024823727
8.100,and,-11.986075401306152,5.071955621832203,4.977712398977968,18.000129041791137
8.101,that,-11.442493438720705,3.875705030138278,4.112442852063598,20.191111172415138
8.102,the,-9.208858489990234,4.622209834236334,4.614645033078143,22.001946177576365
8.103,military,-7.729077816009521,5.022652434991535,4.846618560127514,22.999703725623942
8.104,then,-11.500410079956055,5.838509930438786,5.891481341129075,14.431373581477207
8.105,engaged,-14.439753212034702,10.186376179042727,11.032337497587079,17.127894276926330
8.106,in,-5.373751163482666,4.664716681504088,4.920750214052903,18.112800606055238
8.107,a,-7.556930541992188,4.839447798647687,5.688489057772986,19.216668636980469
8.108,cover-up .,-35.821717023849487,20.435587255768674,20.665409152520411,44.109606322498585
8.109,The,-1.652928352355957,6.216193485653642,6.231108800665612,3.459354033097218
8.110,incident,-7.642201423645020,6.011289793342747,6.415221887456276,4.244225723091059
8.111,has,-2.710976600646973,6.176583772414858,5.515022341944008,5.158891371144087
8.112,turned,-5.357625007629395,5.477070798351590,4.968349911599577,7.144386809837547
8.113,into,-0.138558536767960,4.665038369605010,4.140281857007150,9.127349288141613
8.114,a,-0.483528524637222,5.075401153579244,5.170648168646013,11.665050827842153
8.115,widely,-5.000082015991211,5.680480318345302,6.099108010322466,13.525060959148345
8.116,known,-4.166305303573608,7.497952052741478,7.394808699480361,14.423541721842360
8.117,pop,-9.584829330444336,8.600018669816103,9.290623720385916,14.385061236749420
8.118,culture,-6.018573284149170,5.931444559322403,6.092204610955451,15.341979324418896
8.119,"phenomenon ,",-7.642745971679687,10.580148508608026,10.751756657665853,27.325054205852734
8.120,making,-3.269904613494873,5.583243503323840,5.590909421307229,13.102752568161304
8.121,the,-2.407215118408203,4.116564926929828,3.950807578770589,16.366380567334346
8.122,name,-7.513715744018555,5.149420720885384,5.222687429577541,17.443335338731110
8.123,Roswell,-13.005670666694641,7.133134832369986,8.312009313733572,18.192408794529157
8.124,synonymous,-19.003388881683353,8.694326458810080,8.899495607535361,19.331207613586571
8.125,with,-9.945772171020508,4.907647311484004,5.491965382352292,19.860083349759702
8.126,UFOs .,-34.635255813598633,22.098791226950389,22.390654557205345,42.987564607889524
8.127,It,-3.523702144622803,5.975466083379700,6.746003274069055,3.255935461031633
8.128,ranks,-8.796104550361633,7.826503661660876,7.997739738724547,5.157459583223941
8.129,as,-0.848459839820862,5.420827738924467,4.689615125214615,7.148373055055374
8.130,one,-2.244114160537720,5.255146143406206,5.640339999904055,10.144403169615087
8.131,of,-0.015212466008961,4.979819577206988,4.606041627973137,12.173088427291136
8.132,the,-0.203099861741066,4.241477465733333,4.679716573308644,15.147695149233813
8.133,most,-0.381865859031677,5.604357050018795,5.801146172533732,17.029986009232569
8.134,publicized,-8.367447598837316,7.100440498603438,7.648252415963391,18.052659871844355
8.135,and,-0.434696137905121,5.691617111693512,5.909366222113827,19.036480571566717
8.136,controversial,-1.880717039108276,4.226740749630448,4.030040297601800,20.071967197729791
8.137,alleged,-9.306862831115724,5.663191880201542,5.659057896636599,17.966991124459934
8.138,UFO,-16.897076606750492,10.202260839704488,10.726598069908981,18.932798355474656
8.139,incidents .,-25.224473589696572,16.389959067320948,16.368023160668518,40.572407030793798
8.140,On,-3.128455400466919,5.730897980859837,5.441122211391993,3.070646966679048
8.141,July,-4.283705711364746,6.105804880557457,6.436914093566341,5.079621020455226
8.142,"ninth ,",-18.029000759124756,10.955343686807822,10.234785378625606,13.159413800896747
8.143,nineteen,-27.652997016906738,8.339480345675739,8.450743042147561,8.014949029031271
8.144,"forty-seven ,",-31.271520614624023,29.605033231130648,30.263276375606765,14.115455961206234
8.145,a,-6.301904201507567,4.910191456570586,5.118739098431932,8.572472936532675
8.146,press,-11.454230308532715,4.319467112268978,3.930629573454845,9.508347377312340
8.147,release,-3.640581846237183,6.079326470524287,5.906497696570843,10.481117712731145
8.148,that,-10.603971481323242,5.428507986391479,5.168171838838118,11.205622259850706
8.149,Roswell,-16.681625366210938,9.608653776293128,10.493243808828746,12.227917753092274
8.150,Army,-10.570876121520996,5.219893748609801,5.180232760555591,13.217725698350250
8.151,Air,-15.277556419372560,5.066293216044813,5.680972638086369,14.169664624478994
8.152,Field,-14.126926422119141,5.150581976551947,5.487813254546752,10.490742549137396
8.153,issued,-17.794516563415527,9.856591236551905,9.590780461956330,11.165527575996590
8.154,stated,-14.227475166320801,4.981353307302178,4.787519841479901,12.440283015120134
8.155,that,-0.012931416742504,5.040889788592565,5.000589424104184,14.007027541413475
8.156,personnel,-10.774711608886721,5.418409839672568,5.694815186804679,12.001316933184464
8.157,from,-13.995059013366699,5.098964821185779,5.624243653360582,12.999489951715436
8.158,the,-7.147641181945801,4.861098972321586,4.417155312015921,14.001298555209784
8.159,field 's,-16.193374859169126,18.606208089498733,18.142651554284296,31.270148470494973
8.160,Bomb,-15.654887199401855,3.975580965912657,4.475247737856781,13.936844054975893
8.161,Group,-14.866299629211426,4.738742135931173,5.424237215156904,16.074747423893939
8.162,had,-9.926891326904297,5.521005240329663,5.416606619635417,9.058063764580693
8.163,recovered,-14.826664924621582,4.857647614990421,4.812248063534535,11.732613200555965
8.164,a,-9.610774040222168,5.330855401336756,5.637499943037688,14.232754686204945
8.165,crashed,-12.984867095947266,9.508997569009331,9.704040929198863,16.948845675498983
8.166,`` flying,-14.489481687047373,21.622501152080247,21.380768948220240,37.051268031830467
8.167,disc '',-31.797921419143677,20.336576255236590,20.880173669831684,41.400413471257387
8.168,from,-10.960130691528320,4.567359088749661,4.465607447755663,22.014302121095891
8.169,a,-9.517847061157227,5.280856476568345,5.232677014022540,22.618988672053199
8.170,ranch,-14.358662962913511,6.386937837527776,6.813425004718070,14.709817778926659
8.171,near,-8.451610565185549,4.196082492995449,4.209107226807063,15.102338596605065
8.172,"Roswell ,",-19.101082801818848,10.466313871998874,12.722203911073052,38.858280927927495
8.173,sparking,-15.333140134811401,8.613181777208350,8.761821271720121,20.644740471020018
8.174,intense,-9.882618904113770,5.386163779832153,5.214300209541902,21.000522096610254
8.175,media,-9.935578346252440,5.345014233507488,5.508794000487328,22.000211571691519
8.176,interest .,-16.363411664962769,14.413147297286738,14.391304688547226,31.000478954129946
8.177,Later,-4.987804412841797,6.310784687210447,6.242369984611759,3.047067917922260
8.178,the,-1.892013192176819,5.517048711827591,4.533256133848717,5.141495781226945
8.179,same,-0.359503984451294,6.046782119555641,5.781729298047611,5.123177747502475
8.180,"day ,",-0.573156926780939,16.975622570749280,16.862086080576439,10.142732645422232
8.181,the,-1.704475283622742,5.785630873229302,5.140602417090808,6.308207981157661
8.182,Commanding,-18.451452255249023,9.371512061058038,10.339618302282409,7.563869393696432
8.183,General,-8.720302581787111,4.759172638637657,4.836707480231336,8.608497890351654
8.184,of,-10.271237373352051,5.774988113029469,5.434653917281069,9.766578491063964
8.185,the,-5.628134727478027,5.579909269825264,5.377988715611759,10.909534586475900
8.186,Eighth,-23.461011886596680,5.774629884447157,5.889561877235824,12.525744825205411
8.187,Air,-8.586179733276367,5.204043612076968,4.640748055064593,10.202983882316612
8.188,Force,-1.114280700683594,5.347590147708607,4.900719207685651,11.265640667845668
8.189,stated,-13.251693725585938,5.309204970832778,5.012059341628798,12.256336355654945
8.190,"that ,",-13.950412750244141,10.018007939179796,9.372287995195867,27.088788926200792
8.191,in,-7.164525032043457,4.293964742142570,4.447567564804600,15.048290095953245
8.192,"fact ,",-23.643321990966797,8.769886178014001,8.708045602102338,26.922413057572882
8.193,a,-12.004709243774414,5.731025363502338,5.637590307841991,13.487664826003304
8.194,weather,-15.012706756591795,4.804569230564770,5.075371812723069,13.537343016533875
8.195,balloon,-10.779872894287109,4.967112621686129,5.096658872611312,15.322193454461580
8.196,had,-13.748670578002930,4.743848311607473,4.487175847459978,14.399203983849119
8.197,been,-10.424996376037598,5.304928601244477,5.924251314538910,16.231590348988668
8.198,recovered,-8.800214767456055,5.107983355931794,5.308374368897907,17.373893925430419
8.199,by,-7.281352043151855,3.948474082834418,4.147520094473664,18.296765411631785
8.200,the,-8.253457069396973,5.240204447670012,4.930319046164959,19.171096719046933
8.201,Roswell,-16.075091361999508,8.121054189223640,9.222421893345057,18.268131946092332
8.202,Army,-13.690460205078125,3.612032316827776,4.313715676903269,20.078959285064894
8.203,Air,-10.586705207824707,4.400622859965440,5.004673666626339,22.002161807921304
8.204,Field,-13.400744438171387,3.869519293776018,3.800863166625732,24.000016622710422
8.205,"personnel ,",-18.681868076324463,8.783707575275518,9.748906222847134,55.082225459293298
8.206,rather,-12.393785476684570,3.974260933858113,3.885116713833630,29.065210356711610
8.207,than,-0.000120513330330,3.671831432972636,3.555034737645873,30.064861978895092
8.208,a,-4.993253707885742,4.057098775866718,3.992159689824426,31.095700221702362
8.209,`` flying,-13.176307558860572,19.113503468537960,19.361534082090646,65.326244866420666
8.210,saucer '' .,-46.567292481660843,30.846024962087856,31.230117438353677,96.067954486459939
8.211,A,-3.886285305023194,6.184910758476195,6.239092981792173,3.626192312481451
8.212,subsequent,-7.887631893157959,5.590165193941949,5.580828839487772,4.692066717507079
8.213,press,-6.701400756835938,5.745688147254099,6.280089358347140,5.542352523967493
8.214,conference,-1.380019545555115,5.791625895581020,5.802794799683304,6.693631985100248
8.215,was,-1.266446232795715,5.913073990092903,5.140346056538101,5.238897650184412
8.216,"called ,",-6.431063711643219,14.795960031673410,14.759791643735797,13.284215231884209
8.217,featuring,-16.230325683951378,8.504115627244012,8.983251423959429,10.983538550084393
8.218,debris,-12.187779605388641,8.112585544885393,9.308444388358849,12.007215605213934
8.219,from,-15.680401802062988,4.713593635018595,5.198368373855727,12.456476164850011
8.220,the,-11.307621955871582,4.894421287962902,4.967692915720606,13.995729980030186
8.221,crashed,-15.520141601562500,6.692457654154202,6.760934387825428,16.256969025835144
8.222,object,-9.723678588867188,3.117500334628267,3.000436525730422,17.001139364880533
8.223,that,-11.071478843688963,3.865721104954384,3.592420491625521,17.964044271072847
8.224,confirmed,-22.074023127555847,10.155154041697980,10.142749369383480,16.105631100924555
8.225,the,-10.188708305358887,4.985204965347029,5.184152970100908,18.973349713404378
8.226,weather,-9.994342803955078,4.197728287291025,4.101456120127964,22.033806590870125
8.227,balloon,-10.173727035522461,3.279336719088735,3.204153572799194,23.044622259030341
8.228,description .,-21.499526262283325,10.995135488637237,10.529041356739876,49.039708669730935
8.229,The,-1.652928352355957,6.216193485653642,6.231108800665612,3.459354033097218
8.230,case,-6.125831604003906,5.547385533506922,6.316914152394644,4.331436459847542
8.231,was,-1.824172616004944,5.624878335923611,4.811947739819342,5.139757145944121
8.232,quickly,-3.801817774121446,10.166346810018990,10.622006111405847,7.797964275734718
8.233,forgotten,-7.682830152800308,10.584614855605984,9.869395083674696,9.117918936634840
8.234,and,-0.625977039337158,5.276848129507057,4.962866513096404,7.398196107463868
8.235,almost,-5.307093143463135,4.316531134797898,4.404073572790892,11.268403444640811
8.236,completely,-2.844000220005910,9.387914225334633,9.842588354465104,12.941915148291084
8.237,"ignored ,",-5.077676534492639,14.441574156619033,14.353581557401265,25.081095469943037
8.238,even,-3.806461811065674,4.790128261762631,4.799983855653927,14.699586006417412
8.239,by,-1.139632582664490,4.201722432348086,3.841650127177492,16.553087084309265
8.240,UFO,-14.833891868591307,10.167140545951023,10.651044183089381,18.737799852309283
8.241,"researchers ,",-14.285222443286330,14.560509917791874,14.844141276343256,39.803648058165948
8.242,for,-10.396270751953123,4.303142711144130,4.494241725286656,21.274512111336406
8.243,more,-11.890205383300779,4.717026942405418,4.569738706400131,24.928946540628143
8.244,than,-0.031170273199677,5.853339129325559,5.563296451872418,16.499592479606587
8.245,thirty,-15.744142577052116,14.546577809581294,15.702327227363028,20.151467441753962
8.246,years .,-12.821796417236330,12.017989535170114,12.034840711661870,43.948250065770402
8.247,"Then ,",-4.478325724601746,12.987009768056808,11.946446998403164,7.056933422040912
8.248,in,-0.725462138652802,4.269014907411306,3.604423069738951,6.043819282684930
8.249,nineteen,-18.544551849365234,11.127516434854114,12.068106233012619,8.043698136517889
8.250,"seventy-eight ,",-30.521228909492496,28.249065931040029,30.501685829094342,19.024160432015911
8.251,nuclear,-12.116465568542480,4.694984868593713,4.517397414718679,11.014788287697415
8.252,physicist,-9.833736419677734,5.774960032327981,5.842840435956157,12.013327895162881
8.253,and,-7.968682765960692,6.005294208815244,6.045924306195388,13.007830477972908
8.254,author,-6.953033924102782,5.142423382700883,5.167647809661561,14.009139553001173
8.255,Stanton,-11.020240783691406,4.815958547307414,5.300254065267398,15.006065787510872
8.256,Friedman,-6.703860759735107,4.907138267713802,5.213300871424986,16.006184655992993
8.257,interviewed,-19.896210551261905,10.882442150542657,11.081763812441682,13.184252344156207
8.258,Jesse,-10.644498825073242,5.245221596788698,5.903525789429394,9.490449692070850
8.259,"Marcel ,",-21.780941963195801,9.578633356593905,10.966683323643345,22.857117802558847
8.260,the,-6.012872695922852,5.241732039117244,4.956417978924558,12.883016662534684
8.261,only,-6.871007919311523,5.144887461907847,4.765901672556678,13.802517539358229
8.262,person,-5.103030681610107,4.084540911994168,3.863117716550104,14.916443136643405
8.263,known,-11.325853347778320,7.854096989725734,7.955814201795943,15.903762989371279
8.264,to,-6.658832073211670,5.803869989789742,5.788310404530753,16.621495525026475
8.265,have,-6.076696872711183,4.084371682320533,3.767184327402058,11.533099457793156
8.266,accompanied,-15.269009105861187,9.857837279582744,10.587229718614790,13.752379956551266
8.267,the,-7.388833045959473,5.746903317051087,5.669802906635118,14.847353497343081
8.268,Roswell,-14.598638534545898,9.236301573691700,9.872199921152127,15.852057943534948
8.269,debris,-20.486376300454140,10.080229565437619,10.079483459664864,15.712866148310955
8.270,from,-10.947338104248047,5.017256400616659,5.440753239250326,17.499520968792428
8.271,where,-10.851586341857910,7.492639967464258,7.359436708410004,18.811912932278929
8.272,it,-10.568108558654783,4.951287803632841,4.737796668413962,19.558378548858801
8.273,was,-3.663508415222168,4.417978229423747,4.163463131789220,19.817566040400891
8.274,recovered,-14.407352447509766,5.127741710805965,5.043838268218990,22.384517345432229
8.275,to,-1.610986351966858,4.575340115095035,4.477641301094240,24.037690197970534
8.276,Fort,-13.994962692260742,4.718203585203325,5.769682681348443,27.039562092705211
8.277,Worth .,-21.081079959869385,11.046740921330450,11.822382519459730,59.310261673167489
8.278,Over,-5.147411346435547,5.984361523972213,5.828451518739003,3.165766863446468
8.279,the,-0.211984574794769,4.771530497765059,4.610932130707162,5.143264241012684
8.280,next,-2.217919588088989,5.713107276005269,5.085896675085211,6.150325414927043
8.281,few,-1.551021933555603,4.892561399754128,4.639438428937090,7.118618425124023
8.282,"years ,",-1.021540626883507,11.432449828643534,10.706587984947337,12.344587292882920
8.283,the,-1.620214462280273,6.065026209417247,5.442665966261810,6.510299048231437
8.284,accounts,-10.346720695495604,5.782520032716959,6.083105683393660,7.674716760667121
8.285,he,-1.298688888549805,5.410286790312437,5.178132061735101,11.220697244348257
8.286,and,-0.048078808933496,5.403367000020994,5.141567011094224,12.949589574144387
8.287,others,-3.072397708892822,4.066357104666569,3.820816160266701,14.513720105971586
8.288,gave,-6.910530090332031,4.745649334918097,4.687542990004378,13.079044734935556
8.289,elevated,-14.341203552670775,8.884508281769726,9.046479674960727,9.362813088760037
8.290,Roswell,-22.718362331390381,9.148826464277914,9.600206928924939,16.023026375615007
8.291,from,-10.573771476745604,5.175232112325978,5.550174396418027,16.997717494509672
8.292,a,-8.685921669006348,5.685625269493968,5.655177280649178,17.991353892700783
8.293,forgotten,-18.777034789789468,8.383680117835022,7.881354514270235,16.027521741401323
8.294,incident,-10.890788078308104,4.795653569665261,4.940489332595819,19.249394696113349
8.295,to,-12.317148208618164,4.535414618869082,4.048806484432272,8.048009334561179
8.296,perhaps,-10.555474281311037,3.272744081101485,3.065185374166231,17.093019442438944
8.297,the,-12.321220397949221,4.388222576170088,4.242529144468407,18.999990623621386
8.298,most,-4.807141304016113,4.708353303515782,4.663900948363042,17.180472472150676
8.299,famous,-7.659809112548827,3.643592807377158,3.487441331659387,18.011090641177908
8.300,UFO,-16.734999656677243,9.743450555534563,10.016060371252779,19.030507598727390
8.301,case,-11.460596084594727,4.249855853380518,4.329646536585869,20.033984997363998
8.302,of,-9.681072235107422,4.650317254593328,4.470622054973345,21.013034083127351
8.303,all,-10.027002334594727,5.608943226974215,5.598456849590352,22.009756550672389
8.304,time .,-14.721992492675781,11.889065032486897,11.779263489573879,47.023563646020492
8.305,By,-3.594417810440063,5.932683325115732,5.122307136910932,3.100630863735790
8.306,the,-0.278761893510818,4.608085599986106,4.621106858310551,5.832273644017012
8.307,early,-1.791149973869324,5.629151117770486,5.391907566836902,6.161502819411063
8.308,nineteen,-17.270965099334713,10.367611180528234,10.322036557628275,7.235479063105394
8.309,"nineties ,",-28.434641480445862,18.398689780153305,18.509296089171425,17.252107713086005
8.310,UFO,-15.588620185852051,8.950259489736851,8.670291919604452,10.108607324876264
8.311,researchers,-11.531577862799168,8.410849734220369,7.998451103614108,11.043337538601699
8.312,had,-15.638427734375000,6.184875960795701,6.029698273428222,12.049372850099745
8.313,interviewed,-18.990573704242703,11.134233512540105,10.713654273083637,12.999391861004284
8.314,several,-5.569527626037598,6.028849448949900,5.588783189254415,6.536362545148946
8.315,hundred,-6.103179454803468,5.548006873891707,5.301519815359113,7.443146308600141
8.316,people,-2.819937229156494,5.996319362529833,5.603231236096723,8.399526212285116
8.317,who,-17.455678939819336,5.586120712355462,6.170214162055732,9.204435141577306
8.318,"had ,",-13.814955472946167,11.465389518783848,11.189576747001979,17.132177141033154
8.319,or,-10.518329620361328,4.185235531960027,4.782090209281332,12.482126840580134
8.320,who,-12.253065109252930,4.749449369207906,4.874649486499156,13.461228151750774
8.321,claimed,-14.944836258888245,8.375705655315388,7.636797495870034,14.371874917274607
8.322,to,-10.216381072998047,5.104055498566195,5.141032661641722,15.579893444468913
8.323,have,-4.675386905670166,3.770413964830333,3.472113246911310,18.739515436791056
8.324,"had ,",-19.334951877593994,9.721395094220949,9.559834632704707,41.422437223234859
8.325,a,-11.063454627990724,6.074835454292598,6.113800143433722,23.978704807409397
8.326,connection,-14.866765975952148,3.574647437867144,3.612354722466101,26.844616844831570
8.327,with,-10.740618705749512,3.967136662746017,3.844316321244354,28.736085697169923
8.328,the,-8.175755500793457,4.948251068051704,4.908125061846326,30.085282121941923
8.329,events,-12.636863708496096,4.433796230738325,4.550215844935237,32.015029695205122
8.330,at,-14.455801963806152,4.968123277318332,5.027764298189339,34.439182627530563
8.331,Roswell,-14.793044805526733,7.440346976732257,9.108491597156419,37.058627150676024
8.332,in,-10.377782821655273,4.766347753157353,5.439961724487847,37.950933225404249
8.333,nineteen,-25.778612136840820,8.253278755452360,8.195542785156924,39.482142417590595
8.334,forty-seven .,-33.277959823608398,24.256672831220712,25.735891133000685,84.741263994399816
8.335,"Additionally ,",-6.276133145764106,18.420903247324176,16.462581439188838,7.187323882584285
8.336,hundreds,-8.454228401184082,4.538208209832320,5.501568349460999,7.119157866171175
8.337,of,-0.021218325942755,4.949041921088407,4.708857486546718,9.192576116590251
8.338,documents,-6.680246353149414,3.681884484126492,4.686915981750662,11.640113218251978
8.339,were,-1.180154561996460,5.364758989231952,4.730166219462653,8.241938472884128
8.340,obtained,-3.687913177323935,8.238445132100898,7.947340682614572,10.286293987552137
8.341,by,-1.341367959976196,3.958443466438614,4.081678114866231,12.292779105755908
8.342,Freedom,-11.707983970642090,3.565603232006522,4.777804312567284,15.078640642534314
8.343,of,-0.013514692895114,3.625103166911743,3.202927414305502,17.539309958536652
8.344,Information,-0.046991281211376,3.818102797238276,3.984954189868678,19.505992428045701
8.345,Act,-2.209102153778076,4.638197413685454,5.083135634236079,16.741193619374194
8.346,"requests ,",-9.067329853773117,14.029045309616679,13.630730829373737,32.291848936861136
8.347,as,-2.839084386825561,6.004301850083903,5.979506961991349,15.486472945911606
8.348,were,-0.921021103858948,4.578477435921807,4.472333567628112,17.817617385148878
8.349,some,-3.126027584075928,5.060770308013211,5.030527915593273,20.838209108289554
8.350,that,-0.126441255211830,4.703372845892623,4.674218236782403,23.970930392733326
8.351,insiders,-10.285845756530762,4.588757482515823,4.610271496758000,27.216912517048808
8.352,apparently,-3.250174283981096,8.345291116443638,8.296479401859804,29.024092257705828
8.353,leaked .,-6.080042644352942,15.554818640742383,15.929328427295751,40.030522687505318
8.354,Their,-6.728934288024902,6.241276377105708,6.556359871136245,3.365215449173837
8.355,conclusions,-7.103862941265106,11.388311818352056,11.234152573475807,4.127658967028212
8.356,were,-2.037195205688477,5.097380985588131,4.236737161935701,5.082241330152386
8.357,that,-0.248751372098923,5.468809673480959,5.459592173263391,7.180466479354093
8.358,at,-3.160143852233887,4.215826847966486,4.054417864755019,10.286846443770242
8.359,least,-0.000315378041705,4.353249575023561,3.957313623803080,12.099339422785649
8.360,one,-1.493874788284302,3.693710313470405,3.204450455931998,13.560768729906789
8.361,alien,-9.454523563385010,8.943421612202874,8.507826308169916,12.433514596346445
8.362,craft,-10.962597846984863,5.386020274234307,5.512987528117458,13.279125701293285
8.363,had,-14.507049560546875,3.541684692549136,3.198718571168812,12.032124691489926
8.364,crashed,-9.790660703554749,7.888166347114332,8.349376597442058,12.100452191555032
8.365,in,-6.695129871368407,4.911142654982794,5.104065895005692,13.000814068616533
8.366,the,-7.436934947967528,4.891819125474965,4.820977781018119,15.022875277587087
8.367,Roswell,-12.175598949193954,5.054069597084086,6.220321244208711,18.238808891508807
8.368,"vicinity ,",-26.954923105891794,15.377051661202287,15.597194900175843,39.400646263023944
8.369,that,-8.783408164978027,3.868277710135260,3.651806516000879,21.003142136845387
8.370,"aliens ,",-17.580266654491421,16.885025852541013,16.836434719645229,45.005794595834388
8.371,some,-10.831419944763184,4.470830688202305,4.471004452451852,23.948687500966464
8.372,possibly,-11.946136474609375,4.626493766226877,4.259972264098062,18.002779321330827
8.373,still,-11.173290252685547,4.821648005767352,4.689416998544721,21.002089315777379
8.374,"alive ,",-26.781175136566166,13.248472183448500,13.586659666851045,49.050574455136513
8.375,were,-11.043159484863279,3.940310619232990,4.092645833270697,27.005797414872688
8.376,"recovered ,",-24.245286941528320,8.591376496422647,8.249128876897199,60.001060766912147
8.377,and,-5.535233020782472,4.495012198794169,4.342112940838005,27.000000000000963
8.378,that,-11.403573036193848,4.642958684431249,4.565897978381152,24.000000009470337
8.379,a,-7.406227588653564,3.551216866817506,4.032410987429487,25.442725515962600
8.380,massive,-13.949710845947266,4.011170196618884,3.782088718672662,26.142141364711389
8.381,cover-up,-21.475337967276573,12.487163790283155,13.033929011597623,28.537976343214041
8.382,of,-10.251663208007812,5.295996094998171,5.248215090106495,23.387882759085976
8.383,any,-7.152880191802979,4.978446377728842,4.862638445044883,26.302152469097532
8.384,knowledge,-8.953806877136230,4.280057386211684,4.136543778064762,27.519409404532887
8.385,of,-14.298015594482422,4.181309561403856,4.362457014339118,28.203263144795109
8.386,the,-8.402643203735353,4.644869107694102,4.614709326796516,29.212824773268320
8.387,incident,-3.681949377059937,3.746462619696007,3.597358837965765,30.058130307187618
8.388,was,-11.102937698364258,4.139235929057836,4.173591539324471,28.126960615593909
8.389,put,-13.247614860534668,3.904537295234082,4.492632569495997,31.045899923198856
8.390,in,-9.057759284973145,4.322329088397821,4.685758914919856,32.111770970424701
8.391,place .,-24.640918970108032,12.560375065959079,12.717211516698972,69.351761358189577
8.392,Numerous,-11.092547856853345,11.486129411502581,11.922864717330954,3.548284588675176
8.393,"books ,",-12.971686840057373,11.020882683681950,11.502315912325649,10.234826916183749
8.394,"articles ,",-5.509670767991338,14.866682035561297,14.494738337999429,13.652842938099312
8.395,television,-8.057511329650879,5.005334449625530,4.913855960156950,7.999955843255469
8.396,specials,-10.515230892226100,10.410969975832893,10.602746900176305,8.995363107682120
8.397,and,-9.672417640686037,6.483000726860907,6.634050743395027,9.999836391536432
8.398,even,-3.602491378784180,6.195219993588287,6.055682182309044,11.999999999999973
8.399,a,-5.261663913726807,6.215522766113079,6.612713813781490,12.999999999999998
8.400,made-for-TV,-23.248051702976230,22.600794471551470,26.951547383733363,13.999999654985453
8.401,movie,-2.435927629470825,6.098029675804344,6.233029443834192,13.000011299244811
8.402,brought,-16.238103866577152,9.269969677198748,9.987790766187524,14.516687989426265
8.403,the,-7.816927909851074,5.695591517459805,5.689860105629116,15.576323933679536
8.404,nineteen,-18.791701316833496,11.172716518724872,10.932076659475721,16.951471298677355
8.405,forty-seven,-29.014762997627262,24.552562867785859,25.506532518598195,17.997361066146091
8.406,incident,-11.453346252441404,5.888291739506067,5.803430652657287,18.997913091982213
8.407,fame,-13.565361022949221,5.673069889732245,5.549586370733959,19.997900870525296
8.408,and,-4.226078033447267,6.010167986460327,5.962854542720359,20.997790918966533
8.409,"notoriety ,",-23.986474972334690,14.480249773781004,14.701393368772177,37.971296979777115
8.410,so,-7.626577377319336,4.681455034049510,5.006029111398173,7.648780741980544
8.411,that,-9.472379684448242,5.435830554047061,4.882522169468417,8.267761365870948
8.412,by,-10.922856330871582,4.796299041415217,5.044469011696994,9.611488207665758
8.413,the,-10.478899955749512,5.128177486261051,4.750977966089329,10.715074647479721
8.414,mid,-7.535315990447997,6.234851379617263,6.294426776980280,11.456069126471302
8.415,nineteen,-19.323503494262692,11.347433882417299,10.941446540415653,12.358274090279055
8.416,"nineties ,",-26.418468475341800,17.126554437785181,16.712222358968461,27.245417377256508
8.417,strong,-11.426953315734865,3.960967348211905,3.853675982173940,15.134367279276105
8.418,majorities,-13.554277658462524,8.742547910784577,8.602583177392122,16.164333707867893
8.419,in,-4.871918678283691,5.984308240673788,5.952813943745038,17.104332917758256
8.420,"polls ,",-18.024177789688110,9.572520694585396,8.915219231188843,28.615308767777186
8.421,such,-10.757366180419922,5.129765295542156,4.981734448021809,19.981999729414209
8.422,as,-1.507879018783569,5.279538071804623,5.153291829555045,20.981619691184637
8.423,a,-9.803281784057617,5.580225235532176,5.467333538989745,21.991592578961981
8.424,nineteen,-27.728574752807614,9.561170580508564,9.370904233949204,22.261155397997022
8.425,ninety-seven,-38.094462394714363,27.387285395338093,27.355468092054693,11.626790417688467
8.426,CNN,-14.637483596801758,4.813678623931414,5.348885747840032,13.997871421274931
8.427,Time,-14.185581207275391,4.819639288577606,5.124628283043302,15.988829360120899
8.428,"poll ,",-17.444425582885739,11.040289261038200,11.762246111693017,37.021586922630540
8.429,believed,-13.685341835021973,5.574912334949051,5.221576976045227,20.011406580864815
8.430,that,-6.425048351287843,3.659679241155210,3.538854876524065,21.458240044023317
8.431,aliens,-18.946785449981693,11.344874567945178,11.280409648340758,22.504120980710354
8.432,had,-11.795500755310060,4.918581784737079,4.896872400454003,23.582653306798409
8.433,visited,-16.342525482177734,9.056384579807855,9.178098646327186,24.597407295471960
8.434,earth,-12.312051773071287,5.163334516595198,4.986701965049705,25.019075154074478
8.435,and,-4.083805084228517,4.770392209491011,4.627319733940387,26.025180994303962
8.436,specifically,-16.461006820201877,8.099816183018257,7.981980601119543,27.058115368953448
8.437,that,-5.586699962615967,4.346730345642508,4.302933857564998,28.779648086068519
8.438,aliens,-18.545634746551517,13.090421551403081,13.175276222984133,29.999666321000792
8.439,had,-12.644083023071287,4.703042981982659,4.587218644284469,30.999841551647172
8.440,landed,-22.089079141616821,12.910561988680664,12.804567806584945,21.000048645748688
8.441,at,-10.720705032348633,4.450524272061823,4.351641705690422,22.000685133791301
8.442,Roswell,-19.014584064483646,7.699267287146279,8.430985970373170,24.999905445304979
8.443,and,-9.895320892333984,4.997808157115236,4.998186332547252,22.000033124134880
8.444,the,-8.991916656494141,5.012781337992402,4.928817482891696,23.000087165861537
8.445,government,-9.499157905578613,4.773409908282602,4.710294044646097,27.836790971377035
8.446,was,-12.004433631896973,5.101378058963038,5.277352265644853,28.675250181084753
8.447,covering,-11.578343391418455,4.189600951320887,4.017689920487953,28.841451202981435
8.448,up,-9.549163818359377,5.181112816337242,5.417102518960964,30.376284930870892
8.449,the,-10.468574523925779,4.565358926163529,4.464970652124610,30.898057581701490
8.450,fact .,-20.503538131713867,11.500308263485230,11.637454051224831,66.152399252921867
8.451,During,-4.557245609561504,9.885744237320113,9.425113325784402,3.086402138214645
8.452,the,-0.912150382995606,4.934159761508466,4.781190804792332,5.389471039957742
8.453,nineteen,-18.039508819580078,9.810628002960303,8.817879288737934,6.452287789079661
8.454,eighties,-19.679677009582520,10.922437228518882,9.972680526178960,7.308703536169630
8.455,and,-6.635456085205077,5.473515587434363,5.972039947301963,8.296516488458265
8.456,nineteen,-10.173788785934446,9.900916937777954,9.285063621506572,9.277769331558071
8.457,"nineties ,",-24.651659011840820,17.269441943534094,16.886737918722741,21.638505987634886
8.458,a,-8.550763130187987,5.685333693622698,5.953629401602550,12.389461744760695
8.459,new,-11.588390350341795,5.345073534853803,5.126011230523953,13.384540522939071
8.460,narrative,-11.432620890438555,10.904863202967730,11.541474811990980,14.395697216287566
8.461,emerged,-18.992788791656491,10.842354988487237,10.968024210908803,15.340730987658572
8.462,which,-11.429582595825195,5.423148508069448,5.186315329344542,16.299832835672206
8.463,was,-16.364517211914062,5.415836332494898,5.962034702784068,5.000000035966188
8.464,at,-11.562510490417480,6.294476503518911,6.329610342655474,6.000000081812888
8.465,strong,-15.543399810791016,5.883294730100375,5.855983965421151,15.908938229927326
8.466,odds,-11.762901306152346,5.151359358735955,4.954202450180568,8.013311293522051
8.467,with,-13.028676033020020,4.825442182038513,4.923582000211616,10.250397017481447
8.468,what,-9.516342163085938,4.008844401855535,3.628655705430958,11.274654189262991
8.469,was,-11.374680519104006,4.773073237126403,4.406826775638224,12.172846838290914
8.470,reported,-7.583603858947754,4.633914476293739,4.269722674262266,11.960919861670954
8.471,in,-10.414630889892578,4.792071646772862,5.097585186195691,13.999966753338214
8.472,nineteen,-23.625574111938480,7.732888037553757,8.252747554511295,16.480945351967154
8.473,forty-seven .,-34.511255741119385,27.569682659347521,29.280352179015086,40.957262689564317
8.474,This,-4.522065639495850,6.167534451953133,6.325319729993812,3.261062476449923
8.475,narrative,-11.333466917276382,11.226028240016305,11.524666203708367,4.305070142455338
8.476,evolved,-18.654870510101322,11.809968140629339,11.476869174307199,5.610075558471826
8.477,over,-9.817584991455078,6.144912759256399,6.570639349385918,6.523265172335980
8.478,the,-12.183119773864744,6.022584728067428,6.138243017514460,7.327424438880810
8.479,years,-9.569379806518556,4.684002476383884,4.591865489372871,8.067101418127244
8.480,from,-11.149938583374023,5.007928541845836,5.695297902621357,10.416653944438318
8.481,the,-6.855537414550781,4.936050462300169,4.640860561017294,12.012115206014387
8.482,time,-11.698883056640625,4.286701073795064,3.951690887512092,12.999696509389398
8.483,the,-0.963578701019287,4.301299309306001,4.460383524208731,14.985502502238221
8.484,first,-4.816817283630371,4.662142914507970,4.657274735545347,16.173903258040472
8.485,book,-10.557200431823730,5.423021710661026,6.023196701302237,19.605217075315469
8.486,on,-12.219038963317873,4.393872262566004,4.866110061685184,20.615830818386012
8.487,Roswell,-14.487997531890869,7.949731046731555,8.698842623765820,21.720985869116653
8.488,was,-12.517076492309570,4.217263187569087,4.341017408289616,21.647563679191901
8.489,published,-11.662453612312676,7.720668117404264,8.677573024414652,21.606960122117339
8.490,in,-5.870859146118164,4.160437799491249,4.597391740816494,22.407880548266220
8.491,nineteen,-23.498019218444824,9.010525518774854,8.802100856122818,24.103293818273094
8.492,"eighty ,",-26.047271728515625,14.204617514950947,14.055784718706430,42.050183563652190
8.493,as,-8.553803443908691,4.939613320221580,5.161704890235214,25.442784517441371
8.494,many,-0.758518576622009,3.861705196497796,3.698478903165105,26.653535283976087
8.495,new,-9.796769142150881,5.415939756126058,5.295691570271557,27.675081193218610
8.496,witnesses,-9.935565948486328,4.500533613775982,4.654141523216463,28.907680817220019
8.497,and,-4.387487888336182,6.076978680784370,6.070118001995142,29.925717111231471
8.498,accounts,-8.414091110229492,4.543336814415698,4.414711776960806,30.960117848694487
8.499,"emerged ,",-24.870499491691589,12.415407081469038,12.447025530226650,55.431305646366162
8.500,drawn,-15.491911411285400,7.756074557673527,8.502731644556714,32.061337632601678
8.501,out,-8.086729049682617,4.413084144467391,4.906247778183079,32.967511142717385
8.502,in,-8.422649383544924,4.303952208294799,4.643847777789238,33.982859085021332
8.503,part,-11.264673233032227,4.253825739085126,4.030182648090516,32.406179849225175
8.504,by,-16.664016723632812,4.346029134454119,4.246065265995008,32.969747709133173
8.505,the,-10.141906738281250,3.071681373771230,3.036764324626879,30.960024266291953
8.506,publicity,-12.577589988708494,3.620874668511082,3.648441420456513,31.912209345757031
8.507,on,-13.011590957641602,5.116322939405737,5.694493354457173,22.070556062523519
8.508,the,-6.297156333923340,4.871661561032941,5.075893769516592,24.002538727322751
8.509,incident .,-25.672402381896973,14.013107774192132,13.996766590670084,54.203280024413374
8.510,Of,-4.363322257995605,6.026617447868774,5.874136089202747,3.082666654674388
8.511,the,-0.391437083482742,5.286787613057641,5.152856242813139,5.590572234192681
8.512,hundreds,-6.624460220336914,4.880325512664659,4.573932568727356,7.085538217468756
8.513,of,-0.082736507058144,4.527338566415211,3.999233080882256,8.210677088500272
8.514,witnesses,-8.621698379516603,3.708778346391839,4.412691379666353,10.445088100607830
8.515,that,-3.223256111145020,5.279539954736602,5.132579275733679,11.246815679789595
8.516,the,-1.278096675872803,5.143426773150472,5.511940088735019,14.112599476243865
8.517,various,-7.784774780273437,5.074521117236119,5.259898082305599,15.029317425560812
8.518,researchers,-10.347554107778707,9.196893720000023,8.811132870367381,16.287628749608640
8.519,"interviewed ,",-3.237395053729415,12.251712460515053,11.666037977357142,20.389061077569998
8.520,a,-3.749456644058228,5.842997131566649,5.435949021367122,6.686831906251268
8.521,seemingly,-5.814422356881551,9.050855510140659,9.208316588344026,8.538388035454641
8.522,impressive,-7.431252956390381,4.047678857732199,4.492076558001930,9.690048564056420
8.523,"figure ,",-6.722250103950500,11.828919060596803,11.713532357754348,17.328750073266082
8.524,a,-3.523813962936401,5.922466645398809,5.529296521521393,10.511725251280801
8.525,comparable,-10.155803680419922,5.949577808589094,6.075529833586675,11.362130872917080
8.526,few,-9.401801109313963,5.051657682723892,4.949403944878621,12.223940025263605
8.527,were,-1.331488370895386,6.242189022132435,6.206707365734801,8.031434366622397
8.528,true,-3.762442350387573,5.566216585850536,5.623274689708762,10.001369581866424
8.529,`` witnesses '',-24.900891303856042,33.813974225499109,33.819822007004817,37.151684375550438
8.530,who,-0.063957370817661,5.109024575824787,5.418455646461201,14.455960239144336
8.531,claimed,-6.279354184865952,7.649035349408043,8.040534553124681,17.575418210612572
8.532,to,-0.007576776202768,5.110095060855278,4.906875429603816,20.584291180593514
8.533,have,-0.718884170055389,4.460825890830679,4.415199901559242,22.635180672022319
8.534,actually,-2.918595194784757,8.828588138566531,9.487562560186614,24.726875368879643
8.535,seen,-4.766308069229126,7.841756911957999,7.879175255929391,26.484627153505460
8.536,debris,-13.902277581393720,8.013899323758146,9.346407031081032,28.672767826633358
8.537,or,-6.060153961181642,5.783686199811227,5.853143193884589,29.378542282488123
8.538,aliens .,-31.479446351528164,17.788527669095316,18.406818292818095,61.633732741793906
8.539,Most,-6.126102924346924,6.121352288546713,6.101260866612817,3.570919515131452
8.540,of,-0.006086623296142,4.342536902644486,4.074183079164118,6.209802351904219
8.541,these,-2.775599002838135,5.618978136046119,5.308215921386202,8.239737218965086
8.542,so-called,-6.849240844778250,15.390117118820640,15.797757492070774,9.223182983454004
8.543,witnesses,-11.216644287109377,5.515282935525208,5.585930759627639,10.220912805883225
8.544,were,-15.182560920715332,4.999659440242253,5.505975160138063,11.243012945111165
8.545,repeating,-13.235038638114929,11.918241520043535,11.721815981188918,12.000030646414913
8.546,the,-10.601399421691896,5.630521456951882,5.005000109184637,5.013633374806952
8.547,claims,-11.591895103454590,5.037824129279999,4.237778349114670,6.000653782860651
8.548,of,-12.050983428955078,5.968520141338113,5.760150612298657,7.002510109150977
8.549,"others ,",-17.180080890655518,11.013817810673341,10.514604115076976,22.644676084122040
8.550,and,-11.134625434875488,5.409031287544648,5.163460473305663,12.593452807611758
8.551,their,-2.340368509292603,5.470606241398211,5.397195535588724,15.612671971274205
8.552,testimony,-10.469430923461914,5.173979268660612,4.971220821804857,17.709659869796990
8.553,would,-12.174483299255373,5.371460771536183,5.470008146039702,17.332320778422872
8.554,be,-8.167664527893066,4.938542232971086,5.372446026568269,18.710424906070767
8.555,inadmissible,-24.467195954173803,14.133411366962440,14.898749404966464,17.372211904455256
8.556,hearsay,-19.525177955627441,9.320946496624467,9.690955577758176,17.000023575614811
8.557,in,-5.488289833068848,4.989258453872717,4.931581273298665,18.157928526472485
8.558,an,-9.208032608032227,5.872736161509089,5.736600514178929,21.625593830421405
8.559,American,-8.321608543395996,4.368385664283926,4.617608600950907,22.497864373005985
8.560,court .,-18.585231781005859,11.835266815510117,11.826402593691480,47.767023037952953
8.561,As,-1.945397377014160,5.854118068254997,5.424356409953837,3.085487213962984
8.562,for,-0.797113537788391,4.847727753094927,3.905038538238172,5.060579261981154
8.563,the,-1.504049777984619,5.157571569552358,5.115244243044615,7.501466155934987
8.564,several,-9.760402679443359,4.761029127114801,4.442463007514649,8.891074283569235
8.565,accounts,-8.127644538879395,4.210084750147404,4.046426784549318,9.855197801858354
8.566,from,-4.596625804901123,4.151503116789351,4.242284869640192,10.432694947304403
8.567,those,-5.268372490158072,12.021295360168518,11.345933276267099,12.283181043157418
8.568,who,-0.666525244712830,5.051388296856251,5.277629279462363,16.069890155621202
8.569,claimed,-6.824020862579347,7.332282269417327,7.264853271275108,19.062611558557681
8.570,to,-0.022385761141777,3.854029471201626,3.647997234194305,22.066592755027141
8.571,have,-0.310873091220856,4.105230261725993,3.974570488164273,24.070269873598328
8.572,seen,-6.990952491760254,8.249666355603516,8.459180881020282,26.075857477793800
8.573,"aliens ,",-10.693584594875576,18.220181639581881,17.981053263421959,32.471149009700476
8.574,critics,-9.073570251464844,6.199907913328932,6.059411864769273,6.342232685536250
8.575,identified,-4.772205513902009,9.419296738486462,9.449112995265819,8.291519423383805
8.576,a,-2.574585437774658,5.547121901608167,5.571118702655798,10.941346446887302
8.577,variety,-4.141119003295898,4.480436583457378,5.054571100097657,12.100952760352948
8.578,of,-0.014599048532546,4.940375015685714,4.712073573879739,13.118382324713357
8.579,problems,-4.318979740142821,4.456369359916262,5.304716710898987,15.666497698680587
8.580,with,-0.848018050193787,3.785197167178581,3.657763981286556,18.024930715122004
8.581,them .,-5.758140572812408,13.365274493034473,14.118286798394227,29.058738264213375
8.582,These,-5.459286212921143,6.266473920492407,6.097844773608906,3.246661519338873
8.583,problems,-5.194627761840820,5.665443449668143,5.564621232943610,4.179308729858628
8.584,ranged,-8.751663684844969,9.140363124731929,8.649377689741469,5.069156137983424
8.585,from,-0.027654707431793,5.789362114702718,5.411520143982675,8.053330186628298
8.586,the,-1.878221035003662,4.966842048031465,5.089438266064830,10.835646695017356
8.587,reliability,-7.779769778251648,12.931073987445959,13.364330254007168,11.972505755091314
8.588,of,-0.012161862105131,4.201834675798398,3.767791411063578,12.980196200455625
8.589,second-hand,-14.058424592018127,13.741580880564154,14.627725886957938,15.108844215273152
8.590,"accounts ,",-15.052806854248047,10.364468371344305,10.181583822157606,33.136188191824935
8.591,to,-7.435181617736816,3.658240783017725,3.921881722987759,17.970873507369031
8.592,serious,-14.867300987243652,4.810157657803249,4.455818001960488,14.459758519958910
8.593,credibility,-20.829917907714844,4.740355654695115,4.811055201585963,14.130955544645088
8.594,problems,-7.233620166778564,4.619090983703252,4.835529030401910,12.002382664329900
8.595,with,-18.022842407226559,4.515963290691432,5.405794938278348,14.284386369552539
8.596,witnesses,-10.220388412475586,2.910937952631951,2.806217056938564,15.410408036462279
8.597,making,-14.022940635681152,4.721578941273141,4.917642469440095,14.969902116288221
8.598,demonstrably,-16.175992488861088,7.737952766621787,9.075319348414894,18.273916226432327
8.599,false,-9.503097534179688,5.010055555904366,5.031248586208512,19.000000062482073
8.600,or,-8.420706748962402,5.338283735248713,5.553869059946064,21.268240154063253
8.601,internally-inconsistent,-44.193200767040253,32.107065104785484,33.987130278862629,22.111905048977228
8.602,"claims ,",-18.886596202850342,11.073255652181539,10.779323211594713,51.017172510683849
8.603,to,-8.795710563659668,3.932359181663266,4.784952399805278,27.083588054083819
8.604,dubious,-9.461808204650881,4.185007784043955,4.003426012325850,28.051954284894535
8.605,death-bed,-20.102922677993774,12.284267517389694,12.690326376797454,29.403538624760838
8.606,`` confessions '',-36.357229887849826,34.658050552301589,34.816302850206100,94.139994406069803
8.607,or,-6.077897071838379,4.759657988575672,4.721908076087035,28.904169264679041
8.608,accounts,-11.274890899658205,4.358784984875949,4.594530741190587,27.975623160215182
8.609,from,-10.980278015136721,3.141451733253099,3.134130824460537,29.024150115068608
8.610,elderly,-17.057476043701172,4.487157077484524,4.543188534191847,31.156235497841877
8.611,or,-3.597706794738769,5.160698228556334,5.678616969242912,31.983037184163965
8.612,easily,-12.710127174854279,8.472513252838228,8.941949771972796,32.990253064980095
8.613,confused,-9.121748924255373,3.762833755044003,3.943091938282109,33.992335144996424
8.614,witnesses .,-16.824801921844482,12.966064212026430,13.116680787436806,70.937560093853563
8.615,A,-3.886285305023194,6.184910758476195,6.239092981792173,3.626192312481451
8.616,basic,-8.118663787841799,6.187056221919197,5.832594677164883,4.706229776970980
8.617,problem,-2.497526884078979,5.367257992237958,5.764561371296742,5.686154487097286
8.618,with,-1.378282427787781,3.250992194143137,2.446863519129928,6.186376751695709
8.619,all,-5.345012187957764,5.868466698265202,6.044281809034219,8.476563391291268
8.620,the,-2.557008266448975,5.488911482938829,5.187192321990826,9.827936255818694
8.621,witness,-11.345375061035154,5.505090670460013,5.645513247887429,10.001530935830106
8.622,"accounts ,",-7.423186035826802,10.327437300443197,10.370495963331312,15.804391782365292
8.623,according,-0.194828093051910,6.281954260890977,6.310583017173240,6.019928991095624
8.624,to,-0.000318118982250,5.537381979682728,4.778681211135744,8.020162658856751
8.625,the,-1.605576872825623,5.446469684720796,5.255818444162151,10.235952818496424
8.626,"critics ,",-8.980657273437828,10.678372546793474,11.105247946858976,18.268556195553575
8.627,is,-0.285609275102615,5.465601985614153,5.321550635795275,8.961458184729477
8.628,that,-0.141411766409874,5.244806143982141,5.408803264506497,10.979245501555233
8.629,they,-1.584490180015564,4.820431465308420,4.561526188679347,14.006140834927670
8.630,all,-0.760517477989197,4.787468355190700,4.452911160337463,16.634403602993117
8.631,came,-6.533342599868774,8.346137002177999,8.543218214975404,16.213290751790982
8.632,a,-3.512713909149170,4.052652777746135,4.215304183811614,18.781050132185825
8.633,minimum,-6.634127616882324,4.573892651670842,4.466358610473389,19.781429465010309
8.634,of,-0.070577956736088,4.094898328865217,3.921111675639897,21.044394320003363
8.635,thirty-one,-23.439479947090149,23.732507661257614,25.435607762452282,23.290139208494860
8.636,years,-1.358714461326599,4.855567910424235,4.900687735486519,24.235619622479142
8.637,after,-14.121095657348633,5.426174560657526,5.337845259144988,25.320230284667176
8.638,the,-7.998199462890625,5.518184797520725,5.577875583959980,26.150244435623041
8.639,events,-10.354006767272949,4.467538588942805,4.326600758374354,27.278578011568410
8.640,in,-1.371418833732605,3.379318287520091,3.425528920435801,22.703816421795203
8.641,"question ,",-18.381518363952637,10.287026668818630,10.988928875240692,56.575799460161775
8.642,and,-9.417531967163086,5.152488382102270,5.233390932735548,22.427883805504642
8.643,in,-8.288768768310549,2.661567339713589,2.408416583750322,23.007961850206719
8.644,many,-17.266384124755859,3.525582158509392,3.349023116956658,25.268319322498321
8.645,cases,-2.941694347857265,7.889096250002907,7.558614595161647,26.712323741408113
8.646,were,-10.880401611328123,4.857822722481481,4.701740580024108,26.873191313361826
8.647,recounted,-16.088455200195312,10.565902158080954,10.886118976589472,29.018617313152994
8.648,more,-10.320337295532227,4.919324896701641,4.879736880816671,30.150442049438219
8.649,than,-8.731983184814451,5.117743809796597,5.258217271421997,28.011902232567586
8.650,forty,-17.027815818786618,9.161634184119354,10.235150599651393,30.168350847100854
8.651,years,-11.049503326416016,4.908689329801718,4.898960554446762,31.036830905788239
8.652,after,-7.400702476501465,4.717026353008224,4.914214197966132,33.091378613632649
8.653,the,-6.927020072937013,4.770057304051064,4.655988195251097,34.331895916835407
8.654,fact .,-15.852932929992676,12.678942822152232,12.444248743006053,71.302684638479121
8.655,Not,-3.760989189147949,6.388067995339054,6.642293240436416,2.822224845340045
8.656,only,-0.005573566537350,5.889516330923585,5.328067796327343,3.994565077789098
8.657,are,-1.886035561561584,5.969719761460638,5.587725611932687,5.015445271854395
8.658,memories,-9.335078191943467,8.596102164618870,9.573418188262830,7.755527310743107
8.659,this,-3.859153032302856,5.155036756749838,4.724560226923204,9.285153471543893
8.660,old,-7.389078378677367,8.974712631171288,8.833709673327661,10.288988740458963
8.661,of,-0.687869131565094,4.882819840469236,4.369765480397296,11.189747686663027
8.662,dubious,-8.377971649169924,5.143172511057474,4.830181985740496,14.034021212347026
8.663,"reliability ,",-8.578074246644972,14.112685110032405,13.504137928917114,21.220438566288827
8.664,they,-1.126830816268921,5.240314009001324,4.941436323700372,9.050470833646651
8.665,were,-3.814286231994629,5.385251968603646,5.143897749861252,11.019771562528732
8.666,also,-1.423554897308350,4.295273766847873,4.688753933591121,13.005930043228854
8.667,subject,-5.479167938232422,5.528600926423767,5.928413254562862,15.025279742788641
8.668,to,-0.014835275709629,4.652809217060030,4.467905739715667,17.020955761416086
8.669,contamination,-10.067304834723473,12.706908745686984,13.170726645866248,19.385416361150789
8.670,from,-2.409749031066895,3.571625139565525,3.818704749612193,21.821525652622665
8.671,other,-4.167465209960938,4.275662192697353,4.300417698161676,24.185487107715840
8.672,accounts,-9.817128181457520,4.395209404925941,4.580280332980596,25.007503049471804
8.673,the,-2.340757608413696,5.018742529761822,5.035286438595858,27.902369641057483
8.674,witnesses,-9.379509925842283,4.696255718632819,4.645462586051832,29.199375447965213
8.675,may,-5.699837207794189,3.377684502522482,3.265058778837550,30.390578603781790
8.676,have,-0.310717761516571,3.118441480077149,2.975066056246279,32.321298690771869
8.677,been,-3.094856262207031,3.176241511046473,2.952165040249376,34.177878383793576
8.678,exposed,-2.735966647043824,8.371399214379018,8.478434267946923,36.409906881924002
8.679,to .,-0.199929341208190,14.508707869414284,14.194284378785259,47.391968589666668
8.680,Though,-3.223049163818360,6.619517412102450,6.134494134299942,3.069770788251679
8.681,there,-4.049046516418457,5.510245040273461,6.133769913071218,6.096104795025426
8.682,had,-4.992462158203125,4.454949001742096,4.044743184944472,8.109823350590727
8.683,always,-2.506148576736450,4.514894868910306,4.656817190171350,10.082558229012497
8.684,been,-0.003226315369830,4.352808802843973,3.877425266508293,12.081922332578785
8.685,skeptics,-10.937023639678957,9.718867313927005,10.301200056178820,14.758581541511711
8.686,who,-0.021379251033068,5.582119192724458,5.600658589213233,18.031133630972928
8.687,had,-2.240921497344971,4.171404641289580,3.979603762295226,21.044727526712133
8.688,many,-7.344014167785645,5.066135980179721,5.285872382322163,23.782404449084634
8.689,objections,-6.041639877716078,8.058506192890839,8.335621225726522,24.740584714262965
8.690,to,-0.149383470416069,3.803030018775162,3.448885693948136,26.060455622800969
8.691,the,-0.989506602287292,4.246524284172168,4.488695629460978,28.363876251301569
8.692,plausibility,-16.362983688712120,19.823174164001905,20.635688528249830,29.738345726926717
8.693,of,-11.680101394653320,4.987455126145628,4.984977006744972,30.505192296980372
8.694,these,-10.745906829833984,4.822449857870231,4.762443658142148,31.547920290319851
8.695,"accounts ,",-19.185519695281982,7.554874498159450,7.363032673422580,62.396872370323720
8.696,it,-8.222433090209961,3.869653028473075,3.917110879766761,33.354042867661363
8.697,was,-14.641386032104492,3.443200088476395,3.349516481276821,34.210087020395733
8.698,not,-14.565897941589355,3.318176952613317,3.146319322386180,34.955136074542288
8.699,until,-10.056216239929199,6.051043776100848,5.723368429450687,6.140111786270112
8.700,the,-11.333643913269045,5.947548972276778,5.466555419983806,8.022605367993590
8.701,mid,-9.303411483764648,5.919273809059309,6.339948488256924,9.042909348761668
8.702,nineteen,-23.285857200622559,10.050723360333077,9.474267405362779,10.000000270744275
8.703,nineties,-17.008484840393063,9.810199604664591,9.728301325742439,13.091228647909913
8.704,that,-13.458729743957520,3.882315974536704,3.535859527293514,14.030136107597757
8.705,a,-8.397230148315430,5.255406149715864,6.068434830735398,15.073584436773148
8.706,strong,-9.556683540344238,4.797724847684244,4.470736937844790,16.081527588491884
8.707,counter-argument,-23.732060909271240,27.626141806320771,29.164208621372385,17.369595013045700
8.708,to,-10.779004096984863,5.646426322991723,5.658304134667620,18.387407374935204
8.709,the,-6.755515575408936,4.837554247310644,4.702478951722473,19.325591498332265
8.710,presence,-12.724962234497070,4.823237547057429,4.685996010587637,20.092278487706338
8.711,of,-12.119038581848145,5.533705870725702,5.392821320013177,21.156064468887774
8.712,aliens,-24.958311378955841,12.822185394011052,12.450421529530187,15.984697819965039
8.713,was,-12.217478752136230,4.787194566865588,5.409218753314178,19.019705688073834
8.714,widely,-11.802160263061525,4.986868377572177,4.771282797178837,20.563546116079994
8.715,publicized .,-15.525496584654320,16.087226100970682,16.230002784564217,43.094964190835739
8.716,The,-1.652928352355957,6.216193485653642,6.231108800665612,3.459354033097218
8.717,General,-7.880963325500487,5.726500500076829,5.882022117215517,4.395642428921535
8.718,Accounting,-0.692713975906372,5.723209597291565,5.140345611683721,5.312631735051803
8.719,Office,-0.000104779479443,5.694878274041923,5.491572167171726,6.312616095148624
8.720,launched,-7.289184447901789,9.913684361188579,9.045832542607773,5.087562790862727
8.721,an,-1.460453987121582,5.794830511657090,5.610427838867830,7.985855719629493
8.722,inquiry,-1.406374741927721,9.167982692073616,10.187928673340288,8.977220776402637
8.723,and,-0.326031267642975,5.289508811124186,5.121432119634384,7.883746698696299
8.724,directed,-5.452484130859375,5.644616980767696,6.142981359437304,9.005477465367694
8.725,the,-0.936783432960510,5.538972596340524,5.277477197606123,11.311760390445279
8.726,Office,-3.342958450317383,4.237659985564245,4.938833623844858,13.076836827344467
8.727,of,-0.004728089552373,3.489260812969007,2.932960182391710,14.105112575250788
8.728,the,-1.105096817016602,4.324421956706035,4.182801960142100,16.916179449036314
8.729,Secretary,-7.084747314453125,4.267851775546305,5.214511311939668,18.262528092674280
8.730,of,-0.006726124323905,3.207657042637793,2.801052735658977,19.281162252919799
8.731,the,-3.999277353286743,4.503449209778519,4.469385112667262,21.522714177843625
8.732,Air,-4.805467605590820,4.817735418945363,5.024568063700831,22.397663618175894
8.733,Force,-0.810729086399078,5.020216308527392,5.128700558873551,23.393943691493014
8.734,to,-0.006553112063557,5.835859264725769,5.573854110363857,13.996874178577444
8.735,conduct,-3.200973510742188,3.663806060919561,4.205569577199712,16.008733470532611
8.736,an,-2.736294031143188,5.975140879301216,5.992009946810435,18.699665795196527
8.737,internal,-1.731363058090210,6.094287961238464,6.281674913920478,19.609822143132178
8.738,investigation .,-0.717991881739181,13.273114174414047,14.387067968550088,26.575065283519070
8.739,The,-1.652928352355957,6.216193485653642,6.231108800665612,3.459354033097218
8.740,result,-5.739579677581787,5.440179212232035,6.610880604818624,4.117289996431837
8.741,was,-1.449282050132752,5.644608638818243,5.261966632367112,5.072596650193040
8.742,summarized,-14.376543641090393,10.476426764107373,10.421981604571805,7.234056377798655
8.743,in,-7.509262561798097,4.173844959487647,4.068488722646583,8.486559674383116
8.744,two,-12.108268737792967,4.917297526782167,4.620156564378712,9.066422954899480
8.745,reports .,-20.465467929840088,11.430250748934979,11.171919952298826,25.548199418382360
8.746,The,-1.652928352355957,6.216193485653642,6.231108800665612,3.459354033097218
8.747,"first ,",-6.720425546169281,10.729329041888981,10.221556615836043,9.687031538507828
8.748,released,-4.188588023141165,9.321553785836723,8.869141470368469,7.025744082002472
8.749,in,-0.801849544048309,3.377673761539659,3.201222646214256,9.030538865511325
8.750,nineteen,-18.987418174743649,9.378943430063867,9.272068123104154,11.006769743765835
8.751,"ninety-five ,",-35.111549258232117,26.026055640188922,27.043172247439664,25.009979449192851
8.752,concluded,-13.513521313667296,9.293802918384372,9.902820390141883,14.006054518141232
8.753,that,-11.668737411499025,5.385413373060176,5.297236344271110,15.005935485487599
8.754,the,-6.836633682250977,5.805990952621460,5.728488491788603,16.019372841628222
8.755,reported,-11.021863937377930,5.111413854580836,4.952869802459340,17.020088368721346
8.756,recovered,-12.860290527343750,5.310928468001086,5.216460052401206,18.026503573614548
8.757,material,-7.582953453063965,5.960892132296157,6.066531667177414,18.988631109511559
8.758,in,-9.844674110412598,5.225074065884055,5.125143082539084,13.314097607269929
8.759,nineteen,-23.940360069274906,8.680145839235403,8.300589711834627,13.525398866556024
8.760,forty-seven,-35.631167888641357,21.916914099494299,22.598880576433157,7.002675351055426
8.761,was,-11.831418037414551,4.708746113708116,4.858480765031575,10.999962762208870
8.762,likely,-14.850527890026569,9.707725405809141,9.694237700187887,11.171313496100181
8.763,debris,-9.939402157440783,8.763606070514227,9.032434940514461,12.000000001217556
8.764,from,-13.596020698547365,4.379090786482857,4.710743427815708,13.000000000820934
8.765,a,-10.794336318969727,4.889367462046565,4.986163103541598,14.992615645366644
8.766,secret,-11.483795166015625,4.614676107428059,4.625375987954883,13.374577497065680
8.767,government,-10.063170433044434,4.543854818103274,4.212696428964570,14.475854793511386
8.768,program,-8.064711570739746,4.722212753876658,4.452677153926636,15.332621389609717
8.769,called,-14.557187557220461,8.683728901765082,8.758503092454394,16.921363480633765
8.770,Project,-12.037311553955078,4.273477213116371,4.298647658153047,22.471316633533050
8.771,"Mogul ,",-20.777806758880615,12.005770689359494,12.305558307996066,48.096815091749370
8.772,which,-12.215404510498047,2.959548750715769,2.848397549889537,25.674803804084483
8.773,involved,-6.805451482534409,7.623383414433566,8.113983199620883,21.203445474216334
8.774,high,-7.448018550872803,4.519189783808670,4.455069886672783,27.878288326428351
8.775,altitude,-11.376397609710693,8.152835925104322,8.389659244477686,29.999085855939011
8.776,balloons,-9.696252763271332,9.385163255231776,9.428160616006318,30.999999878412858
8.777,meant,-15.789223670959473,3.025555102735308,2.799291651921572,21.081717421298347
8.778,to,-7.114356040954590,3.734487077563283,4.870360653579827,24.134739775328480
8.779,detect,-12.445657730102539,3.235085333131549,3.147221899807961,25.182815704806671
8.780,sound,-9.905184745788574,4.415616678797754,4.510140251420906,26.178813903392786
8.781,waves,-4.935784878209233,8.363937225320361,8.240826208592827,27.215822325094976
8.782,generated,-6.722597711945128,6.522357518241388,7.231685192799286,26.608913036204800
8.783,by,-9.565391540527344,4.634679248850569,4.850986807343378,28.002301266262460
8.784,Soviet,-9.555484771728516,5.376632127706658,5.651639180335947,31.970559205657587
8.785,atomic,-7.320097208023071,8.924381742956944,9.568574419671279,32.967652973188464
8.786,bomb,-3.017933845520020,5.116303625355742,5.573504058299697,33.969237673039672
8.787,tests,-19.847719192504886,9.598354815762894,9.834719150138508,33.999995510888255
8.788,and,-16.259147644042972,4.936214817207604,5.705019824705870,24.268514619329640
8.789,ballistic,-15.304239034652710,7.060039857105771,7.407484359280912,26.402066257920559
8.790,missiles .,-21.410542488098141,12.327744627732603,12.734309975747532,67.562774501107839
8.791,The,-1.652928352355957,6.216193485653642,6.231108800665612,3.459354033097218
8.792,second,-6.291996002197267,6.095717397399905,6.181003980653843,4.525740124198713
8.793,"report ,",-6.758623898029327,10.058578818670773,9.999508975191226,10.356692487752973
8.794,released,-0.702086627448807,9.912808914288835,9.535313925024806,7.049851378578866
8.795,two,-1.491653561592102,4.893997547581937,5.075429425252213,10.047129675013394
8.796,years,-4.543563842773438,4.242759121597385,4.372527202053940,11.060551280217028
8.797,"later ,",-3.632034863141598,10.037364719168805,9.395765902421052,19.164518967916358
8.798,in,-0.582810938358307,4.222971579206286,4.242542922355542,10.907674340569693
8.799,nineteen,-20.717041015625000,9.641368215555829,10.029873817130335,13.274734949930480
8.800,"ninety-seven ,",-31.147749662399292,29.370075299316966,30.569491927647555,25.296836499841106
8.801,concluded,-13.498623669147491,8.655162683851390,9.079340637182492,13.199177155182731
8.802,that,-11.997566223144533,5.568324433290951,5.329211776028116,12.250054071752320
8.803,reports,-7.838163852691650,5.415648194193818,5.354122076822843,12.420083070041207
8.804,of,-15.703557014465332,5.139086178203000,5.056394548092056,11.424403657954773
8.805,recovered,-13.838592529296875,4.953498815093064,4.819894971470633,14.260133410415245
8.806,alien,-11.345683813095093,8.943470091880091,9.087779704768149,15.906380524594320
8.807,bodies,-20.312185246497396,12.864145273014135,13.084310176546181,23.982209315358876
8.808,were,-2.377230167388916,5.556494094854903,4.875023218118359,7.998173492405492
8.809,likely,-17.479034423828125,9.956449573750726,10.055840978789476,9.998493447508492
8.810,a,-2.976293087005615,4.917404504694066,4.749143780417255,10.291964670778233
8.811,combination,-18.714893341064453,4.573431578264745,5.208458620034620,12.003085057192214
8.812,of,-11.752298355102539,4.029910729585762,3.713760112599040,13.054811750089106
8.813,innocently,-18.519484996795651,10.984035116798287,11.095032594134093,16.952108167987721
8.814,transformed,-9.673164362087846,9.820203170167153,9.852255915388273,17.967244947523309
8.815,memories,-8.480043632909657,8.898288406150922,9.573532017008619,18.968196160330397
8.816,of,-10.557305335998537,4.302862345827100,4.310119474316932,16.088312763556434
8.817,military,-10.113873481750488,5.405526190797198,5.426137471762877,13.843995943534914
8.818,accidents,-10.619983792304993,10.633662883849883,10.868666633504017,16.000264271188716
8.819,involving,-16.608409643173218,10.004525142274000,10.090943640585387,17.000467058105187
8.820,injured,-14.837537974119186,9.756094276922331,10.530188993025606,18.013559805328114
8.821,or,-8.458683013916017,4.971312858501046,5.981499540629067,21.017696618930003
8.822,killed,-10.900507926940918,4.659799301397077,4.634163440725644,22.000001405954986
8.823,"personnel ,",-21.779561042785645,9.345166786200709,9.802086749869495,48.996409775730399
8.824,innocently,-19.667979240417480,9.396889935966827,9.246185705257972,19.558938138308264
8.825,transformed,-13.289497736841440,8.611853086179451,9.423690065952039,21.442277820287913
8.826,memories,-9.789089403580872,7.539363683783313,8.179805979520054,22.391788994951163
8.827,of,-9.804410934448242,3.661348654515538,3.606044528226585,28.999384975214557
8.828,the,-0.963081479072571,4.577172510543473,4.721186344227103,30.999556596987862
8.829,recovery,-9.177513122558594,4.666577731732298,4.934404274844182,31.999322796164947
8.830,of,-11.277936935424805,4.786894663821579,5.671508066380383,32.998887710007693
8.831,anthropomorphic,-21.742665193974968,21.989677588236290,24.143095220341145,34.001511893973479
8.832,dummies,-33.742767915129662,7.621799356756633,7.363552224360363,28.998781600342951
8.833,in,-9.354571342468262,4.759901265372645,5.260580899460703,30.345824289435111
8.834,military,-13.440371513366699,4.357479414698537,4.203781481749031,31.127993431318913
8.835,programs,-12.453914642333984,3.774557873143709,3.629783307263908,32.972754578019860
8.836,US,-13.576640129089355,4.563463069307752,4.872302680063702,29.851757043748890
8.837,conducted,-14.707599163055420,7.453555511964789,7.115320716054025,26.111381566628125
8.838,in,-8.030232429504395,4.685330566873369,5.222072871697342,29.170779480966765
8.839,the,-12.524205207824707,4.593345627423958,4.631952909912251,30.191453410116488
8.840,nineteen,-25.994346618652344,9.015781772457229,8.851578094692821,29.613045021875891
8.841,"fifties ,",-22.804677724838257,21.596755190666848,21.724649396214836,65.002641910051494
8.842,and,-5.686205863952638,3.350157631908944,3.227930894659911,34.000223634093473
8.843,hoaxes,-12.531369902659206,8.267873143167755,8.172316668037379,35.000236961119278
8.844,that,-13.581096649169922,4.385610460961082,4.297222529649757,36.000172016675634
8.845,various,-11.198348999023438,4.364511691770973,4.249939305905500,37.000065354123933
8.846,witnesses,-8.879804611206055,4.161130916733985,4.143756327687327,40.057400141233551
8.847,and,-3.564301729202271,5.101048674513074,4.968700809464107,41.106888535833242
8.848,UFO,-14.678507328033447,9.275617362150015,9.527443607513943,42.069473483637573
8.849,proponents,-17.899883314967155,7.731850335658487,7.642421728621827,26.736412676907857
8.850,perpetrated .,-24.831179022789001,15.607753993086042,16.986480180894986,68.525350682161445
8.851,The,-1.652928352355957,6.216193485653642,6.231108800665612,3.459354033097218
8.852,psychological,-10.427136421203613,5.552769739824866,5.774166215019692,4.845938132611241
8.853,effects,-2.823282241821289,5.247301427759052,5.086749114908656,6.026037967162194
8.854,of,-0.067112967371941,4.474228650462877,4.216846980166432,6.199750784534954
8.855,time,-9.517553329467773,5.344285268244290,5.878794033727693,8.335605198659426
8.856,compression,-17.449906587600708,9.571002727702325,9.842970116574039,9.261620099883906
8.857,and,-3.509536266326904,6.112771003309754,6.500164425207704,10.195283024736677
8.858,confusion,-7.453375816345215,4.938269883473673,4.842292378873452,11.165229543299880
8.859,about,-11.711629867553713,5.861174984105826,5.611522743804038,8.252448682713823
8.860,when,-9.662537574768066,5.363071685087528,5.393363816113029,12.771048117502367
8.861,events,-13.839166641235352,5.854474899635862,5.938141526361226,10.300463755677377
8.862,occurred,-18.918920516967773,8.725989040249919,10.134463758698503,11.182267541177010
8.863,explained,-13.987654209136965,8.821511856739331,9.864484393380762,20.625346361559888
8.864,the,-10.261212348937988,4.957290683185937,4.906964528860462,22.066036853809443
8.865,discrepancy,-15.414144039154053,8.036219671024073,7.942675931235393,21.653605848629908
8.866,with,-11.964025497436525,5.252469210719872,6.098303306486588,7.521589264949951
8.867,the,-11.359518051147461,4.341636236365418,3.850120348632176,8.301156993965888
8.868,years,-8.829271316528320,4.436742239406938,3.947208543479707,9.321186672762439
8.869,in,-3.856859922409058,4.378187455379595,4.270095810708732,9.782751631985150
8.870,question .,-16.022506713867188,12.992047686502660,13.198479202359056,25.464881478123552
8.871,In,-0.854278802871704,5.446170861282591,5.128128755821979,3.052227717314575
8.872,January,-5.611818790435791,5.643256445270373,6.179782186817559,5.098991173723639
8.873,nineteen,-21.216500282287601,11.751861171710990,11.806541295858068,6.072636000930557
8.874,"ninety-seven ,",-34.440939784049988,34.662370086443445,34.856437741513069,14.964382059672886
8.875,Karl,-13.410647392272949,5.650910962630467,5.975022010757638,8.730725660529059
8.876,"Pflock ,",-24.420529246330261,24.214706036252743,24.380424773609235,20.852617757743708
8.877,one,-9.157976150512695,3.777783365517001,3.832965343008728,11.658000183492087
8.878,of,-9.274056434631348,4.688927662095823,4.719367080336425,12.420272355056568
8.879,the,-5.638951301574707,5.697111801490417,5.664628778884912,13.374985906182596
8.880,more,-10.124392509460449,5.329424253797765,5.384395300862138,14.253264863570188
8.881,prominent,-10.978559494018556,4.940756800059754,4.831851961616188,14.999999984822161
8.882,pro-UFO,-22.496292591094971,21.738046179792825,22.374353410762726,15.999999598949302
8.883,"researchers ,",-16.682791113853455,17.649766445771316,17.563034530718681,34.999999934780476
8.884,"said ,",-22.842132568359375,9.935902070431876,9.875561583223647,25.956034837884310
8.885,`` Based,-26.631282924015977,23.616211494280343,24.640549971390641,31.869605447542884
8.886,on,-9.215891838073730,3.941873341636509,4.265369388781794,19.389465854474327
8.887,my,-9.071450233459473,5.248817845622948,5.237388751197866,20.448917657256619
8.888,research,-9.642766952514648,4.120177751955548,3.923344642917821,21.511332706948668
8.889,and,-4.480764865875244,5.745028908253661,5.790847059138947,22.482122353166609
8.890,that,-9.468652725219727,4.804408267661161,4.543199738273565,23.451290653146248
8.891,of,-11.186757087707520,4.880571543188342,5.030458485019929,24.491671246611361
8.892,"others ,",-20.467344284057617,10.321125795476110,9.998883682147895,51.860306609298917
8.893,I 'm,-27.518696784973145,18.204068096759077,17.203808052065455,24.028841318095054
8.894,as,-11.066266059875488,5.797260203061774,5.897592035548003,8.442399553230050
8.895,certain,-6.598508358001709,5.507905730802510,5.213101954568724,9.451968205231184
8.896,as,-1.573930621147156,5.709854743964647,5.444681751812637,11.000556315878429
8.897,it 's,-21.422376751899719,17.669709233322617,17.027806887121624,28.025979659656969
8.898,possible,-16.426231384277347,4.880396619699644,4.613837807280411,16.003014628087683
8.899,to,-6.347907066345215,4.238056817689033,4.721713538592413,18.002281598010267
8.900,be,-8.482972145080566,5.287442113398876,5.113627456256747,20.001180669035023
8.901,without,-5.226013302803040,7.997739582227156,7.869354988793813,21.222121798654914
8.902,absolute,-8.918619155883789,5.277148481889707,5.237392308304158,22.062283085447604
8.903,"proof ,",-27.089531183242798,13.302424956822124,13.337194750016051,36.503637039012780
8.904,that,-11.767582893371582,4.746346808036302,4.567726996660081,16.160660086096879
8.905,no,-10.314477920532227,4.915631252223820,4.830789556694982,17.213116710340177
8.906,flying,-12.771476745605467,7.625198720532081,7.546334126307067,20.132932979219252
8.907,saucer,-16.429861634969711,12.473398275775841,12.624347199198567,21.141010651235160
8.908,or,-7.986963748931885,4.573283755586390,5.124954334303204,23.155534839094290
8.909,saucers,-17.291562080383301,11.033757769284470,10.942643566544607,25.409814998300170
8.910,crashed,-12.185989618301392,6.452055032143518,6.613463602508718,28.043885552676958
8.911,in,-8.742783546447754,3.711386964549203,3.645986992032333,29.007349999421731
8.912,the,-5.173186302185059,4.558028610557944,4.581793193232222,30.095079633445732
8.913,general,-12.670560836791992,4.756510706676068,5.186965728913730,32.561918334537644
8.914,vicinity,-13.922318190336227,12.235390765162801,12.974155029981176,36.086944673624934
8.915,of,-4.106715202331543,4.194224411819490,4.150636658342618,37.998573611726592
8.916,Roswell,-13.447623729705811,7.907540090837647,9.576449672689412,40.352270715114301
8.917,or,-7.329773426055907,5.893672335367234,6.071168340617414,41.057780428427684
8.918,on,-11.519364356994627,4.588835363166332,4.529264166062339,37.753223413152881
8.919,the,-8.497610092163086,3.887392571705282,4.020525013641239,24.306660603307904
8.920,Plains,-14.696699142456055,4.870736609012082,5.184872592380269,35.221395686448325
8.921,of,-10.538239479064940,4.790475330334107,5.000827040638564,28.000058977228431
8.922,San,-11.758525848388672,5.388746949054867,6.128532176671783,29.000206232561268
8.923,Agustin,-23.314599037170410,7.227563305447434,7.168466740931215,30.000203724767299
8.924,in,-11.991596221923828,4.398684052012848,4.707713963491258,30.999513936131997
8.925,nineteen,-19.220170021057129,8.153226003757231,7.789549473283079,32.000208015039505
8.926,forty-seven . '',-55.023223638534546,43.637845411580010,44.027240592246265,102.068681936370638
8.927,He,-3.091049671173096,6.821128250995057,7.122151286628733,3.089313103261496
8.928,then,-3.115171909332275,5.395623046389345,6.095626328911693,5.057364299660000
8.929,"added ,",-6.280225753784180,10.924252248487690,11.976958007900093,15.134284141764422
8.930,`` The,-3.366391114517683,18.718538361238522,19.629030610166566,21.501237657144884
8.931,debris,-12.638179291039705,9.033400616709793,9.717133878844765,13.352143621438568
8.932,found,-17.621446609497070,4.829544427832912,5.350540937085121,14.265427610917172
8.933,was,-6.703342437744142,4.632809222392291,4.714786964176144,14.036199290544085
8.934,the,-12.498476028442385,5.227146810514268,5.303565646058154,14.901253502933876
8.935,remains,-10.864985525608065,9.231334454434601,9.588165309068930,16.612420930660448
8.936,of,-12.622047424316404,5.324770025637434,5.094796403323776,18.000398736519752
8.937,something,-14.537684440612793,4.356589842085107,4.283470210427507,18.104638594564282
8.938,very,-10.071445465087891,5.123987303357874,5.042137934754793,21.130056626728273
8.939,"earthly ,",-16.516490459442139,14.642548802682274,15.263727207478768,47.000998076454962
8.940,all,-6.287163734436035,4.752158692425891,4.979183402930099,25.000049361286305
8.941,but,-12.652336120605467,5.537829585172346,5.515252103240375,26.980125219531160
8.942,certainly,-14.356184005737305,7.443843985387279,7.495813601476010,20.404137828980886
8.943,something,-15.015499114990234,5.154467484155981,5.220079507978043,26.210189795175289
8.944,from,-7.579108238220215,5.194051501009556,5.238541387153157,25.883699467179646
8.945,the,-0.552725791931152,4.801156594648353,4.760912901979874,28.662063820544486
8.946,Top,-13.814575195312500,4.635414983257380,4.574138263899383,31.002694859099840
8.947,Secret,-10.895402908325195,4.663958794378735,5.212834442243631,34.261109697012770
8.948,Project,-12.315349578857422,3.874856331257334,4.077978325393482,36.207789934645220
8.949,Mogul . '',-42.148163914680481,28.862094075391497,28.540371299053138,114.673267174983295
8.950,Although,-2.264736413835635,12.800696217244464,13.047027419851570,3.073619754273389
8.951,most,-4.578353881835938,6.021302156294559,6.098404715347432,6.356649210098986
8.952,now,-2.182692289352417,5.430724719367880,5.930564215186761,7.964304037142912
8.953,agree,-3.907482862472534,5.300068321392871,5.397217004233455,10.043916202664366
8.954,with,-0.377059221267700,4.881836730963985,4.574168836934597,12.075548448714580
8.955,this,-4.430304527282715,4.603455529177377,4.476398076074767,14.225962191847213
8.956,"conclusion ,",-4.654355496168137,10.408206808599004,10.940579336075858,19.340726068324955
8.957,each,-6.876204729080200,10.627731784868104,10.011414774590492,6.342227604893787
8.958,"year ,",-7.559225797653198,13.337142900926576,13.361874222965282,14.634337749726114
8.959,during,-4.754341244697572,9.299685625011954,8.835329003839098,9.266090633187577
8.960,July,-7.898644447326660,5.884993077527639,5.769112774588301,11.173729159221658
8.961,Fourth,-13.694379806518555,5.989039309967202,6.027373272619742,12.162962452560786
8.962,"weekend ,",-10.361136674880981,11.883751042164032,11.516160404356025,23.760050551488369
8.963,the,-1.435528755187989,5.352683756136597,4.861527862091574,12.765399803976484
8.964,City,-9.806353569030762,5.889073216518841,5.885826846138338,13.738818915729153
8.965,of,-0.007347939535975,3.422116883840762,2.899781215263188,16.071376241143383
8.966,Roswell,-14.030774354934692,7.212637764202019,8.362349842970486,18.639377997238483
8.967,hosts,-18.915953278541568,9.744508069655456,9.704464821652349,19.537173810527229
8.968,the,-9.130726814270020,5.158798241499414,4.717075771103211,14.282631927975340
8.969,Roswell,-16.234122276306152,9.835993154697881,10.761729725510602,15.164080566320028
8.970,UFO,-15.733380317687988,11.436099767822089,11.346537190414510,17.355370400440396
8.971,Festival,-9.386070251464844,5.280729666425708,5.266599400966390,18.459601203608283
8.972,celebrating,-17.801621437072754,9.091565289043773,9.266734087704963,19.424126605123746
8.973,all,-10.100502967834473,5.525519398589180,5.700349456260800,20.377217698311060
8.974,things,-13.565467357635498,7.871495788057736,7.989847170889620,22.035853965233713
8.975,"UFO ,",-30.751274585723877,15.678771468494354,15.657371993063141,45.376909766262486
8.976,featuring,-11.432933032512665,7.870412521477560,8.563400762758581,20.997267887860065
8.977,prominent,-17.540506362915039,4.345643330825388,4.391442577601185,25.226789238464185
8.978,UFOlogists,-29.773629188537601,18.290995584735800,18.993619672380579,23.156915266086411
8.979,and,-3.487445354461670,6.102435347342558,6.489680647407115,24.384138797009911
8.980,discussions .,-28.548511505126953,17.081837720051034,17.252706456673508,51.753900913575677
9.1,Tulip,-14.448303266428411,9.396870553657193,10.195132282506234,3.421069256715207
9.2,mania,-11.848992347717285,9.905951434701347,10.113116375248454,4.166430102336991
9.3,was,-14.131654739379885,5.301671397332452,5.489253534635082,5.288763361472636
9.4,a,-10.308336257934570,4.904043953040468,5.114386252434493,5.577872237130626
9.5,period,-10.555423736572266,6.325972929096182,6.181960522326097,7.627289302802827
9.6,in,-8.765502929687500,5.033416036320734,5.166315617332571,5.055401476351343
9.7,the,-0.944757103919983,5.668764398193251,5.897446746949448,7.839889460942032
9.8,Dutch,-8.922504425048828,5.211767443407873,5.481110610525137,8.719196135345358
9.9,Golden,-18.408164978027344,5.580481610140562,5.877861208873211,9.291708832149229
9.10,Age,-9.714769840240480,9.092592737406006,10.779015340235439,11.544053395768357
9.11,during,-13.897948741912842,7.078797285351253,7.696897097831505,12.502096649060618
9.12,which,-12.740210533142090,5.231300347152533,5.017227511330411,13.155184215861599
9.13,contract,-10.094988822937012,5.272756319666998,5.055496855252000,14.152263324986658
9.14,prices,-14.586868286132812,5.602768026222904,5.027197440171467,11.106510555897710
9.15,for,-13.864440917968750,4.607882385481315,5.557690053694364,13.632050377350133
9.16,bulbs,-11.960220873355865,12.155738830916937,11.823735606323106,14.069507108877284
9.17,of,-13.859109878540039,5.560720299629871,5.303446201933582,15.351185324394811
9.18,the,-11.327601432800293,4.967914341020582,5.032513880744505,17.603694649363231
9.19,recently,-11.615170478820801,5.154387716584815,5.340824135198783,20.749583620129656
9.20,introduced,-3.607482993276790,6.571073860939608,6.976430664546903,21.841688246708312
9.21,tulip,-21.144176483154297,4.536921244330880,4.705593520017262,22.323658904017879
9.22,reached,-13.458773255348206,9.099494345009980,9.705194349363047,22.887823693954338
9.23,extraordinarily,-9.714553162455561,10.037574474549396,10.411313185540873,24.797651413718683
9.24,high,-2.569169998168945,4.064105783567043,3.964398165923039,25.751271434954614
9.25,levels,-2.774265080690384,9.286196978643998,9.046086793522411,28.104970657634468
9.26,and,-6.343536376953125,5.438248429401254,5.478587732127892,29.066211247875234
9.27,then,-8.331136703491211,4.539306366772140,4.418254872143555,30.064750748203807
9.28,suddenly,-16.948031425476074,9.541578176724505,9.676247307584953,29.989393290381628
9.29,collapsed .,-24.300507906824350,15.618677540269585,15.483717238517436,37.000135422331581
9.30,At,-2.780373811721802,5.767618461651245,5.566398876401395,3.136050542062083
9.31,the,-1.215423345565796,5.505275205174252,4.977662912716900,5.450858009944483
9.32,peak,-7.388576507568358,5.462469504925429,5.545165647764093,6.885678064507665
9.33,of,-0.055356923490763,3.978784835208552,3.419923747764677,8.087874886912411
9.34,tulip,-16.539583206176758,4.822576114336917,5.396818564587493,10.529228754066065
9.35,mania,-9.073719978332520,7.555154501676508,7.817640673476298,11.560392974975882
9.36,in,-14.611757278442385,4.988665386741456,5.290726472812184,12.750196588163913
9.37,February,-13.933275222778320,5.063439992429585,5.138237166280089,13.764253502548938
9.38,sixteen,-19.653759002685547,9.768061481267120,10.028382129559963,14.314129319727623
9.39,"thirty-seven ,",-39.132522515952587,32.797391938722093,34.315844610344229,26.674853618490978
9.40,tulip,-13.895249366760256,3.480275628962696,3.228241112653229,12.800889317392786
9.41,contracts,-10.192282773554323,9.575048906114661,9.123908913181774,11.778338000413806
9.42,sold,-17.033021926879886,6.231053689307164,6.629886039873348,5.235698007574818
9.43,for,-7.627953052520753,6.038142690041995,6.126605422703677,6.889303987502103
9.44,more,-9.942081451416016,5.250893184184365,4.829913792373018,8.325069402639205
9.45,than,-1.004588365554810,5.239487678868533,4.917718920365842,10.019521748388588
9.46,ten,-18.534448385238647,9.963203543143321,9.742896378549245,11.000248011178982
9.47,times,-2.823821067810059,4.530539989473091,4.362968921663096,11.999999999996824
9.48,the,-6.606483459472656,5.244232654571563,5.031559467315676,12.999999999999471
9.49,annual,-7.672715187072754,6.029157161712647,5.833922386169426,13.999999999999137
9.50,income,-6.999124526977539,5.581346026964131,5.418814251551924,14.997158408939132
9.51,of,-11.136917114257812,5.825975601466872,5.284961845972179,6.622986960903519
9.52,a,-8.500826835632324,5.466733162267847,5.518206398771615,9.008385507060453
9.53,skilled,-16.004057884216312,9.496679865713864,9.111095739378584,11.077353838767598
9.54,craftsman .,-28.466423988342285,11.311497505414835,11.424980829405257,27.188954542404439
9.55,It,-3.523702144622803,5.975466083379700,6.746003274069055,3.255935461031633
9.56,is,-1.846124768257141,5.356195530113091,5.435642911642519,5.133538266149774
9.57,generally,-4.206503748818250,9.898112432253706,9.942870128249195,7.099220988633112
9.58,considered,-2.547258377075196,5.627076320658351,5.504886175218881,9.120054458294675
9.59,the,-1.150213718414307,4.359863439220084,4.419049537999598,13.073352423509688
9.60,first,-4.021058082580566,4.782405321570997,4.638204385763487,14.100679511834599
9.61,recorded,-11.283851623535154,5.474657107427793,5.389099778817402,15.001021029883731
9.62,economic,-7.964912414550781,4.154303836974871,4.328075004706757,16.025266319172353
9.63,bubble .,-24.260849952697754,12.512752249080020,12.769603530722559,35.000294318639078
9.64,The,-1.652928352355957,6.216193485653642,6.231108800665612,3.459354033097218
9.65,"tulip ,",-19.400910377502441,11.673450970565970,12.255229347526353,9.824743170789359
9.66,introduced,-14.703657865524292,7.672531878459738,8.166393517498509,6.410372564525620
9.67,to,-9.609163284301758,5.682874012107836,6.105427622254684,7.132228372700072
9.68,Europe,-13.562636375427244,5.796875953154004,5.750908845797689,7.999999985067643
9.69,in,-1.846173763275146,5.018102588174745,4.613211828807809,8.980261986484063
9.70,the,-0.947164654731750,4.640068779253347,4.843586593873853,11.221867199527619
9.71,mid,-13.276834487915039,5.664504607966575,6.248063533525031,10.923301495313490
9.72,sixteenth,-15.380250543355944,15.943618720192669,16.377315743528108,13.237654554341052
9.73,century,-2.524786084890366,10.093493678534028,10.034840490674538,14.173290592048945
9.74,from,-12.034095764160154,4.774550512802835,5.388451112324737,15.135265212099789
9.75,the,-3.677648782730103,5.910481820230628,5.763668270622443,16.122402328726217
9.76,Ottoman,-9.212768875062467,14.272554997921633,15.228371734085734,17.106442461468575
9.77,"Empire ,",-12.434477329254150,10.745638728932047,10.679269578428199,37.169497269426479
9.78,became,-19.730381011962891,9.177613943455340,9.636927620161485,14.845054644098100
9.79,very,-11.231476783752440,5.043808018637432,5.076256386060997,17.266093838741778
9.80,popular,-5.472272872924805,4.678258465179341,4.671381959631693,18.342765949255465
9.81,in,-9.839183807373047,4.196745040496112,5.230604498038383,18.470093500674501
9.82,the,-9.143117904663086,5.049518980011649,4.864626125946564,19.714170542901648
9.83,United,-4.238257408142090,5.346066065738227,5.250526759034241,21.074536323007056
9.84,"Provinces ,",-15.952855765819550,14.647412815167229,13.938111455098785,30.642283935609179
9.85,which,-12.806802749633787,5.602916904189408,5.216205955051334,6.341947530657678
9.86,we,-11.275852203369141,5.680254628120259,6.363156337791530,7.163877162890363
9.87,now,-12.145379066467285,6.213366189699848,5.691563036110607,8.191205884182128
9.88,know,-13.369703292846680,5.357444883987696,5.228696669753192,9.404525947916275
9.89,as,-9.902328491210938,5.466134076552118,5.974974488025468,12.045510952308453
9.90,the,-11.508281707763672,4.301895696097357,4.211847398017156,13.082767848745814
9.91,Netherlands .,-22.176917552947998,11.902575101921462,12.183656942127838,29.276232039963698
9.92,Tulip,-14.448303266428411,9.396870553657193,10.195132282506234,3.421069256715207
9.93,cultivation,-14.497197207063437,14.824524453226633,14.490640263390885,4.254310104661134
9.94,in,-10.572189331054688,6.473280694996332,6.721148442322751,5.235069752792152
9.95,the,-11.009414672851562,5.984127881028161,5.771145488745002,6.100577170576888
9.96,United,-3.865636825561523,6.117140798702605,5.853552853455117,7.115604999537532
9.97,Provinces,-31.115825653076172,9.162221080958609,8.558740736306616,8.763717802164338
9.98,is,-12.336507797241213,3.490658907277358,4.577018601711655,8.359395194414518
9.99,generally,-13.259804606437685,11.691025833306250,11.216917713917669,9.541558985955039
9.100,thought,-10.780100822448730,5.054212228114582,4.798081147280572,10.567750009360322
9.101,to,-5.892147541046143,5.495813920632905,6.098425640772798,11.602057321797540
9.102,have,-6.106193542480469,4.880005285288152,4.809820123983418,12.717499783530901
9.103,started,-14.926269292831421,8.624468296836907,8.571592918005951,13.737039743822391
9.104,in,-9.733685493469238,5.306029133059257,5.115893331163127,13.974323054535038
9.105,earnest,-9.026431083679199,4.810297224184215,4.160827634410054,6.000382482402537
9.106,around,-12.783111572265625,5.366812232551268,5.214839625719526,7.000000674178609
9.107,fifteen,-20.316047906875610,20.784998462673087,21.885745188827549,11.389467169866331
9.108,"ninety-three ,",-36.414066851139069,27.070103352607006,26.871003344821837,28.016634138091920
9.109,after,-4.273066520690918,4.181344586830666,3.934566322221913,17.000065966552178
9.110,the,-3.740517139434815,4.480070379285934,4.609679083901179,20.487658064422337
9.111,Flemish,-21.447896003723145,7.838313736693923,8.055417919671326,22.006377224216610
9.112,botanist,-13.091888189315796,14.448319559072321,15.437504704190975,22.299785552774161
9.113,Charles,-5.743552207946777,4.511243106738915,5.057339593293248,23.309947048950161
9.114,de,-4.356946468353272,7.435430291807588,7.820220650837243,24.201805532710679
9.115,l'Ecluse,-55.608725190162659,29.161238189915174,29.523095028030198,25.847186992905531
9.116,had,-10.821841239929199,4.856643006727232,5.030102174353921,26.950628253160712
9.117,taken,-16.008951425552368,8.738141255340425,9.128462300680964,27.975059024892879
9.118,up,-9.050103187561037,5.254458187726395,5.173654551965930,28.991302943017249
9.119,a,-13.786526679992676,5.145735433299897,5.093479740055622,28.856285050651369
9.120,post,-14.920366287231445,4.666441762421425,4.997218132360177,22.000015129441728
9.121,at,-11.075703620910645,5.059559741111276,5.181187288162488,25.886986924586111
9.122,the,-11.606954574584961,4.333471740392628,4.126692051353842,26.919954982314330
9.123,University,-8.567497253417969,4.093520391216688,4.093380345835978,28.361392158097910
9.124,of,-5.950960636138916,4.225614550841313,4.104166091887532,29.331241245966226
9.125,Leiden,-22.673979759216309,8.629547679146365,9.205323620159682,29.387817372060052
9.126,and,-5.336615085601807,5.322080729405677,5.508950730072224,30.355290097260514
9.127,established,-9.583401679992676,4.079373852415493,4.350409397300933,31.337957835528460
9.128,a,-8.486059188842772,5.442396197000430,5.541804907183328,32.268296839518726
9.129,botanical,-17.159569323062893,15.746671726227946,16.682694708485819,29.869236231010809
9.130,"garden ,",-14.437020778656008,9.858889571319988,10.155805845719417,62.610660303203581
9.131,which,-11.084325790405273,3.174332174668212,3.027638809440496,32.627484905506734
9.132,is,-9.392843246459961,4.324043952746337,4.839650040895694,33.688179117329696
9.133,famous,-11.885534286499025,4.485664674496229,4.376284909537778,34.759402284366601
9.134,as,-10.870910644531250,5.062620378246701,5.689296184021021,39.770727814692137
9.135,one,-9.625579833984377,3.237833747090149,3.246076277760200,29.963098914042224
9.136,of,-4.641611576080322,3.879405980297779,3.728932840945265,32.018774286357697
9.137,the,-1.122496962547302,5.120506138204390,5.152866415499034,34.995228944578656
9.138,oldest,-5.998357534408568,13.078478916856758,13.858292511428768,35.997441417646364
9.139,in,-1.826061964035034,3.952198631358538,4.353340308433853,36.999058794831178
9.140,the,-0.452756524085999,4.123026666471141,4.159679785483800,39.034301171653645
9.141,world .,-17.816117286682132,11.887808999927355,12.518345498771440,81.034277368870335
9.142,"There ,",-5.339555680751801,12.747649323340232,13.165423898010948,7.311910559079590
9.143,he,-1.847150325775146,6.182316093745143,6.214318575356980,6.345360422672313
9.144,planted,-9.442908287048340,5.573492096007423,6.119297477420263,8.371141857746379
9.145,his,-2.991824388504028,4.987789425705629,5.285613600388941,10.679064790509855
9.146,collection,-7.367774486541747,4.405091249793422,4.765667087800331,11.837968565892766
9.147,of,-0.026157267391682,4.011049460147578,3.816492149811713,13.244796799485188
9.148,tulip,-12.524526596069336,4.785584677892718,5.705142265447593,15.651856175463452
9.149,bulbs,-9.922406520694494,13.718417035007539,13.538952511269493,16.603182759584428
9.150,that,-18.046424865722656,5.500349679601027,6.028613712108573,17.435032525029840
9.151,the,-7.934195518493652,5.201501010012515,5.704849623274837,18.581166625159565
9.152,Emperor 's,-34.156470060348511,17.493665741135977,17.861894130981860,37.806869075386672
9.153,ambassador,-12.580851554870605,4.425375344413789,5.083607593157819,21.466388050229600
9.154,sent,-14.054894447326660,3.889771837003094,4.579020031582304,24.988915885707026
9.155,to,-10.941366195678713,4.702015602280544,4.771031914126084,25.953706396267570
9.156,him,-9.926244735717773,3.833580749533358,4.007758062329624,25.432396797102911
9.157,from,-15.547048568725586,4.257180268816573,4.310198317203654,26.959391201333322
9.158,"Turkey ,",-25.464867591857910,9.104891449540192,9.010989476905770,51.025255736080553
9.159,which,-13.889017105102539,4.019864008690456,4.050781078407057,26.310376678514853
9.160,were,-11.010937690734863,3.807248078194888,4.039294840465100,27.486190927442927
9.161,able,-18.070289134979244,7.333778975187836,7.164737585253332,27.048293183836790
9.162,to,-6.528879165649414,4.269413519665973,4.186720170215963,29.015496673757987
9.163,tolerate,-14.126584053039551,3.357145449286813,3.182140218736990,31.166683690839942
9.164,the,-8.874550819396973,5.246088239623560,5.176685769106972,34.825690993669049
9.165,harsher,-19.120250701904297,6.994367928458106,7.143755093466178,37.712761146874641
9.166,conditions,-17.361540794372562,6.734179627581597,6.630052896349905,27.304904144815868
9.167,of,-11.850698471069336,3.474936129371965,3.366719498901453,42.000003757916453
9.168,the,-8.185556411743164,4.939511949860677,5.038250932822011,44.354854318384540
9.169,northern,-11.314163208007812,4.923826583816791,5.361472877645495,46.842270977227400
9.170,climate .,-26.169829368591309,10.917309789862658,11.098160741753182,97.034485578225443
9.171,It,-3.523702144622803,5.975466083379700,6.746003274069055,3.255935461031633
9.172,was,-2.202806472778320,5.612470929407762,6.038403578106284,5.170998584181224
9.173,shortly,-3.413877720129677,8.369357337132527,9.264321158884323,7.907695546671566
9.174,thereafter,-2.082960128871491,10.267463813450188,10.312006523477693,8.007931571176492
9.175,that,-0.001496148877777,5.677795962682158,5.640643812243964,9.795161159080012
9.176,the,-1.464132189750671,5.149563358322977,5.211947564148184,12.996820856143707
9.177,tulips,-13.664404153823853,8.698491733865900,9.281705691166660,14.006597386063733
9.178,began,-20.571333408355716,10.119553458940953,11.212852278183551,15.196398754376162
9.179,to,-9.164433479309082,4.935651427077702,5.586835283300887,16.093302750967673
9.180,grow,-8.796157836914062,3.845887391647248,4.090539508067417,14.875859055566735
9.181,in,-8.719218254089355,3.588375596083064,3.416055137749471,16.996206063389593
9.182,popularity .,-30.896160840988156,18.467448713534516,17.641497078775807,38.242916006079476
9.183,The,-1.652928352355957,6.216193485653642,6.231108800665612,3.459354033097218
9.184,flower,-11.199624300003052,8.633273553451081,9.033240035577826,4.473166729597629
9.185,rapidly,-8.092878341674805,4.800946338970044,5.505910353279083,5.586912180413772
9.186,became,-3.275963664054871,10.078357151584497,9.621077650312746,7.045051668319652
9.187,a,-1.367007255554199,5.607554165283415,5.458977094030888,9.532076261882489
9.188,coveted,-7.750629594083875,18.658285935843306,20.628273856473953,10.650089568866953
9.189,luxury,-6.798364639282227,5.712552998330756,5.919568559337473,11.397971467914774
9.190,item,-3.307039409875870,7.976000090537223,8.385282101458905,12.360482574805729
9.191,and,-6.482729434967041,5.485981704936314,5.267973204096467,13.253328329336195
9.192,a,-13.596493721008301,5.158030449179448,5.520818319006988,14.208756931932149
9.193,status,-12.386610031127930,5.137436519033724,5.386249167271043,13.231381411777745
9.194,"symbol ,",-13.021960258483887,9.513181711917660,9.178107786531118,30.001870965437682
9.195,and,-4.095457553863525,4.143391581011194,4.114043955543206,16.979978243533868
9.196,a,-9.037800788879396,4.242673257875588,4.872704947453399,17.880584968568378
9.197,profusion,-11.234952926635742,10.638046823256662,11.191062941857727,18.000136836450380
9.198,of,-12.873772621154785,4.562897531006363,5.114767477952249,19.022152862257109
9.199,varieties,-12.258839398622513,8.474886225380015,8.654930671805454,20.019556075243813
9.200,followed .,-24.397712141275406,17.184984957082762,16.825298553447951,39.736487504465558
9.201,They,-4.217763900756837,6.440059799503674,6.808608391731434,3.136232103890133
9.202,were,-3.134542465209961,5.776388440474769,6.087692542203697,5.190630065368453
9.203,classified,-8.517430305480957,5.865422205775356,5.773891482824242,7.087767295890893
9.204,in,-3.288867235183716,4.419557661468613,4.178123400654866,9.094906224614460
9.205,groups :,-15.780377388000488,10.305627189407289,10.216600033758318,23.904259417543400
9.206,one-colored,-21.510065078735352,15.189928979454505,15.355195060933552,16.292540194851785
9.207,tulips,-12.010196268558502,7.055418763628643,7.436230305286220,17.364823094259911
9.208,of,-12.785168647766113,4.303053546151246,4.936082113362088,18.054977927490050
9.209,"red ,",-16.598359584808350,14.736001415383756,15.060523123671008,35.954298997620185
9.210,"yellow ,",-13.599193096160890,9.243258552984301,9.054604934351355,34.365552871113323
9.211,or,-12.016231536865234,3.504010156661688,4.661516423892280,20.610314321038015
9.212,white,-16.090726852416992,4.542638883160895,4.354825695034312,21.302004102049882
9.213,were,-15.054875373840332,2.882471319730043,3.287931403802563,22.253372673030949
9.214,known,-18.640069961547852,8.633570437735267,8.808092232630500,23.429363052948972
9.215,as,-13.212490081787109,3.724915432752665,3.687920647761780,24.268385339795426
9.216,"Couleren ,",-41.020831108093262,17.829232430888222,18.777934604377069,52.252312449364410
9.217,but,-9.512427330017090,4.527020000106107,4.437409067108460,23.996353023563284
9.218,it,-13.751453399658205,4.556297643676924,5.395431176248903,20.728640628962971
9.219,was,-11.802241325378418,3.790731622047295,3.712826184357151,22.900104369307790
9.220,the,-8.080556869506836,4.396732441710031,4.228696524813729,23.906877572865909
9.221,multicolored,-13.750595211982727,9.138055762998839,10.047936269439100,24.649520414490517
9.222,Rosen,-14.523566246032715,3.630823620667013,4.179807619576779,25.664682667862579
9.223,-LRB- red,-18.713190194786876,24.375773672086549,24.875270879536963,53.296642501936390
9.224,or,-12.497337341308596,4.578637511996043,5.065095738470390,28.649193456693911
9.225,pink,-8.667275905609129,11.172044177716447,11.972169069920904,30.158061203464289
9.226,on,-9.902912139892578,4.701055257017198,5.158025953598295,32.162444784627404
9.227,white,-10.553217887878418,5.594825626164821,5.849620502069357,31.403684078352324
9.228,"background -RRB- ,",-25.740059077761547,29.987982346635654,31.124230728012737,100.145013156191652
9.229,Violetten,-27.305394768714905,17.124964464787126,17.458345317515285,35.177449031295858
9.230,-LRB- purple,-17.103041153372036,23.705076111982997,24.109095252585796,72.026549420108353
9.231,or,-10.775214195251463,5.573150633477535,5.511542798456483,40.999999986993522
9.232,lilac,-13.829274177551270,12.018220497737550,12.738353319676721,41.999964030502049
9.233,on,-10.448448181152344,4.523904137684887,4.536876683734729,43.000028407343500
9.234,white,-13.785196304321287,4.625464352560789,4.557712483301782,44.873715337520608
9.235,"background -RRB- ,",-26.138438470730762,30.645867788304045,31.806643754983721,127.071644099538531
9.236,"and ,",-11.655007362365723,8.382287869503715,8.093182117771917,60.898230868948048
9.237,to,-7.325687885284424,3.465542626696624,4.491720459630193,36.889033334096922
9.238,a,-14.192313194274902,4.343410539846573,4.204801098913842,37.040067748006095
9.239,lesser,-6.963455677032472,3.510883271647666,3.380215939841226,38.040752255473109
9.240,"extent ,",-9.261420369148253,8.059693429011020,7.729535645607887,62.708647542844730
9.241,the,-9.378152847290039,4.904032644623403,4.822822112641680,29.826520190967173
9.242,Bizarden,-30.476492881774906,12.269566716415785,12.466371953610333,43.985843788893696
9.243,"-LRB- red ,",-26.076584042864852,27.944081666772071,28.863805334116989,138.000015678089284
9.244,brown,-6.038634538650513,7.618617548752121,7.958670314113383,48.000001308016103
9.245,or,-3.293380737304688,5.363986403406182,5.363497298412585,49.000000412486457
9.246,purple,-17.325462341308597,4.460817625557151,4.441279698163330,50.000000427737461
9.247,on,-8.817379951477051,4.906731837168088,5.255076586175887,53.017961804985646
9.248,yellow,-9.310219764709473,5.596448534275949,5.754384579443754,54.015256649728315
9.249,background -RRB-,-23.042176734188615,29.206719205494053,29.930760321854269,98.324933130186452
9.250,that,-15.691420555114744,5.059107814817008,5.080925441756798,42.913748022524025
9.251,were,-7.855813026428223,3.197297572990732,3.109060764175164,38.999999992673381
9.252,the,-11.329811096191404,4.611400707085140,4.654541017078718,40.000046305679042
9.253,most,-10.410513877868652,4.956071655561252,5.063366108303634,42.972766375802692
9.254,popular .,-18.290511488914490,12.009782521131374,12.595698901910335,90.184334849712911
9.255,These,-5.459286212921143,6.266473920492407,6.097844773608906,3.246661519338873
9.256,spectacular,-11.569955825805664,5.979913064199910,5.559827470438262,4.339150634165471
9.257,and,-4.503479957580566,5.701876017039679,5.943466325038083,6.299988293304232
9.258,highly,-2.803586959838867,5.372486277838619,5.678087564356980,8.980608857710502
9.259,sought-after,-7.584908595541493,11.806159018791973,12.968746612214387,9.976697565572779
9.260,tulip,-25.994115829467770,5.475669593259664,5.286248097055751,8.634726043595339
9.261,bulbs,-23.113269805908203,17.006129402003140,17.236933512325844,8.998680661152038
9.262,would,-15.119479179382324,6.034262369865207,6.377784308539198,9.999071255478423
9.263,grow,-11.640081405639648,5.584315138967741,5.816544703738327,10.068658505661872
9.264,flowers,-8.495745658874513,6.087282342050064,5.935554722220522,7.026096660993026
9.265,with,-15.926170349121096,6.049671510515450,6.714105070900657,8.203040548547371
9.266,vivid,-12.259322166442873,5.986862585245492,5.931446576831362,9.037139495084311
9.267,"colors ,",-17.622093196958303,18.068737503006446,17.297200036074987,13.958936121744143
9.268,"lines ,",-22.265524864196777,10.098153412712303,11.127780142721880,15.163399301969758
9.269,and,-11.205662727355957,5.834060423905328,5.836710625211048,10.025564197538150
9.270,flames,-8.963732540607454,16.440129803624071,16.366361099895588,11.157481051190686
9.271,on,-14.723752021789551,5.191892653931271,4.991307317240402,12.000360356040911
9.272,the,-11.760304450988770,5.822601822836133,5.655533308536213,16.102015901487633
9.273,"petals ,",-31.192050933837894,16.564075906217951,16.367117642714746,33.852669721513166
9.274,as,-11.560701370239258,4.169634807836474,4.876772125604972,18.001106935835949
9.275,a,-8.316544532775879,5.339686115470003,5.660248017318039,18.997279696074376
9.276,"result ,",-16.067329406738281,10.365963935852053,9.949833869934089,41.000000000000014
9.277,it,-16.932237625122070,4.760603468661879,4.758899731789263,23.003437142173986
9.278,is,-11.523503303527832,3.552445249531353,3.273892043665360,26.002042877288467
9.279,now,-11.319295883178713,4.686149202512337,4.570102737951734,27.000048372612795
9.280,"understood ,",-19.849364787340168,16.043725937176813,16.547994896495304,53.005195787724737
9.281,of,-9.340939521789551,4.925380632543523,4.678265109627719,14.944727571927734
9.282,being,-10.894306182861328,5.121929211682816,5.022024939494681,16.790620438109670
9.283,infected,-11.771921157836914,8.712766799261320,8.619674618366878,17.769268329513242
9.284,with,-11.698905944824221,4.652812418289189,5.342463973415946,18.624858707156466
9.285,tulip-specific,-29.268016815185550,15.861673380292153,16.768663444257232,17.989096006586546
9.286,virus,-11.973812103271484,5.053602400112543,5.494870092015764,19.662152373984679
9.287,known,-12.414059400558472,9.499563446622544,9.255409502588268,21.537590044480527
9.288,as,-9.128634452819824,4.139018650505225,4.158253214912004,26.993453556892295
9.289,the,-16.079126358032227,5.120822600122279,5.321323595545748,27.047812161666389
9.290,`` Tulip,-25.430552793492097,20.833032655884505,22.328815045532757,42.396610548591994
9.291,breaking,-10.081293225288393,8.269799415098330,8.876420306449386,24.089294740615980
9.292,virus '' .,-44.484957933425903,23.062423531963752,24.325019917916936,83.249384920726413
9.293,The,-1.652928352355957,6.216193485653642,6.231108800665612,3.459354033097218
9.294,Dutch,-8.296341896057129,5.898467089475952,5.617023435312934,4.293560618558424
9.295,Golden,-14.092473983764648,5.707774679748495,6.430680078046549,5.247747725851901
9.296,Age,-4.768594950437546,10.779349257290633,11.381915485235247,6.249913143432902
9.297,growers,-13.320315122604370,9.378420639222051,9.602998386292480,7.181169473376868
9.298,named,-7.664419174194336,9.420150818937859,9.265060150175163,5.275368980789737
9.299,their,-3.531057357788086,6.510572654896947,6.182420919366082,7.700595587324622
9.300,new,-3.232274055480957,5.705619031743788,5.379268730166165,8.677467319329896
9.301,varieties,-10.555454730987547,10.315954223016806,10.947830645675417,9.365195331850030
9.302,with,-14.997230529785154,5.507159777720473,5.720160696777961,10.381122670495033
9.303,exalted,-24.452279388904572,10.317239864052386,10.215957866776039,12.002646327790425
9.304,titles .,-27.557891964912418,16.856941974234068,17.717476022498317,23.415819324980987
9.305,Many,-5.543409347534180,6.478430949512409,6.239843607132539,3.424720174522012
9.306,early,-8.702440261840820,6.627219035408581,5.991218724189737,4.413338992386953
9.307,forms,-10.503540039062500,5.553341553629054,5.316129440148815,6.020303044060404
9.308,were,-2.766381978988647,4.728438575941757,4.342508817309362,5.343720817688753
9.309,prefixed,-15.289965233299879,14.831169270441734,14.775513730859766,7.339472091814785
9.310,with,-8.690315246582031,5.807860669217770,5.591535216546903,8.219833748377386
9.311,"`` admiral '' ,",-47.484167280839756,32.284713024698931,33.415958261681574,49.448718416999277
9.312,often,-9.691279411315918,3.679842828359201,3.604039898179165,15.039907723858333
9.313,combined,-12.154355049133301,4.188498448583365,4.209974903830010,15.189822673971614
9.314,with,-8.602246284484862,4.377047293867372,4.645753265957744,15.003009858968330
9.315,the,-9.011354446411133,4.100273323507378,4.028558551833832,18.022974879579404
9.316,growers ',-21.781107500195503,16.246787919644760,15.363757126271462,41.105646018601156
9.317,names .,-19.560353934764859,9.775372510615982,9.408530399470628,47.128030888257101
9.318,`` General '',-29.848428449509811,39.150655053116601,40.129325323741540,11.851866938678533
9.319,was,-3.073680162429810,5.617087425221708,6.283558799600089,7.046038157117872
9.320,another,-5.955755233764648,5.427020336929880,6.043771904319412,9.560494978961453
9.321,prefix,-16.033926010131836,9.128885886637311,9.742950750216494,10.470914348193876
9.322,that,-13.308509826660154,4.955740067922835,4.985600324014286,11.350085407941599
9.323,found,-18.538734436035160,4.880807930757090,5.329962309651632,11.588731256845676
9.324,its,-12.783559799194336,3.618430504080017,3.353170325226348,15.447126411149769
9.325,way,-12.251309394836426,5.152139539523058,5.538844251421732,18.844452448876311
9.326,into,-11.440407752990724,4.214892531082400,4.076595117675127,19.198524499212123
9.327,the,-11.060361862182617,3.756807986681064,3.810457077808087,20.692795231136785
9.328,names,-10.121725082397461,3.597462365363195,3.257748557296400,22.593906889752976
9.329,of,-13.378399848937988,3.877746789545261,3.704532708233365,23.504659238452934
9.330,around,-6.990659236907959,3.700783149858709,3.549686278373826,25.099362278179026
9.331,thirty,-11.680937051773071,12.761236249658635,14.113111541530509,27.141419022551371
9.332,varieties .,-23.886596783995628,14.740924605810667,14.997067324384297,57.278903931451161
9.333,Later,-4.987804412841797,6.310784687210447,6.242369984611759,3.047067917922260
9.334,came,-1.587690919637680,9.741192373499624,9.583688296361453,4.895714234624747
9.335,varieties,-15.611406296491625,9.128681245050355,10.111520896752658,8.355000204038923
9.336,with,-16.372526168823242,5.503527723190516,5.663463282576719,8.957276211411582
9.337,even,-12.276430130004885,4.898680325062648,4.721219013171028,9.903283472583240
9.338,more,-8.323997497558594,4.901650355916390,5.435680670850939,12.820426533993912
9.339,superb,-9.520246505737305,3.791032350510679,3.801517374515357,14.378421061516294
9.340,"names ,",-12.403159141540527,10.741725859279860,10.898234511899947,29.150950448186194
9.341,such,-8.822694778442383,5.283439585462542,5.179133549029964,16.055254806079439
9.342,as,-7.612161159515381,5.682142250273656,5.547860393743646,10.052562414681963
9.343,even,-13.347102165222168,5.097296659317884,5.390115132902565,16.997046035677148
9.344,`` Admiral,-17.193662948895053,20.758032499341287,21.873877976529911,34.774012831529156
9.345,of,-9.924905776977539,4.238133336341483,4.636374303251233,20.067687902942602
9.346,Admirals '',-35.365110695362091,26.141566078500556,26.507208443605244,40.213396406125312
9.347,and,-4.281574726104736,5.330438303758854,5.842405947793568,23.102526363825394
9.348,`` General,-21.311221599578857,19.974166010861786,20.364978916961512,50.978851155949116
9.349,of,-11.108075141906738,5.042257304337548,5.097770282923087,27.573463039593626
9.350,Generals '' .,-44.489739179611206,32.183288509129056,32.227391635821100,60.537920768950997
9.351,Most,-6.126102924346924,6.121352288546713,6.101260866612817,3.570919515131452
9.352,of,-0.006086623296142,4.342536902644486,4.074183079164118,6.209802351904219
9.353,these,-2.775599002838135,5.618978136046119,5.308215921386202,8.239737218965086
9.354,varieties,-10.189161905786023,9.368075287528095,9.809041633255104,9.255785480775144
9.355,have,-18.087295532226559,5.047202997227436,5.773956794308469,10.286142576720714
9.356,now,-13.008763313293455,6.592617026637874,5.913004827724818,5.233698938025237
9.357,died,-12.727300643920898,5.642457278968874,5.671952210237903,7.637932848749125
9.358,"out ,",-19.553571701049805,11.598254717888619,12.053054660145740,18.941028942262339
9.359,though,-11.797308921813965,5.123469780086509,4.471621694461170,4.002080536420130
9.360,similar,-11.474006652832033,4.821988603983862,4.855495954022844,13.992647197607448
9.361,`` broken '',-33.517606764934499,31.727566350467402,31.397962403290094,48.228888435811818
9.362,tulips,-15.465231239795685,9.215351350477137,9.270425355915123,20.188465259374198
9.363,continue,-16.746852874755859,4.261596414370558,4.262796467924279,19.021960480139128
9.364,in,-9.545598030090332,4.763623714839075,5.024114152894843,20.027939379059962
9.365,the,-8.008085250854492,4.398358466787934,4.162505152318531,21.014124845248283
9.366,trade .,-21.227039337158203,12.353928940747018,11.977390863874904,45.017402401854831
9.367,Tulips,-22.609153747558594,9.160479055904167,9.570046907788900,3.468994654664354
9.368,grow,-13.384852409362793,5.569822706721101,5.290390257907943,4.717632345936970
9.369,from,-10.664919853210449,5.574790360103242,5.810210031972677,5.774815084365716
9.370,"bulbs ,",-27.106319740414616,19.848412336470961,20.076322039913983,12.664056671399347
9.371,and,-10.322571754455566,5.988874199004389,6.547584551996232,7.000001508052758
9.372,can,-7.508660316467285,5.645425497183740,5.485582055420903,8.000000365203874
9.373,be,-9.228522300720217,3.999374644740755,4.076255219343883,10.987293030888797
9.374,propagated,-18.033927917480469,9.014349979156297,9.216071573322949,11.973386504202844
9.375,through,-12.533760070800779,6.283722158480410,6.060940333696682,10.000178132540858
9.376,both,-9.337768554687500,6.222225742199112,6.046998985777048,12.087814904804974
9.377,seeds,-11.777578353881836,4.169934217361853,4.287860886951488,14.246041318416204
9.378,and,-4.145446300506592,6.009773747069604,6.286501279057045,15.006140219945712
9.379,buds .,-26.220446243882186,22.116905980667724,23.277360071712533,36.067735023295072
9.380,Seeds,-15.492883443832396,16.466799262635337,16.606785197085909,3.697875179223350
9.381,from,-11.573299407958984,6.408823038720199,6.578575900773584,4.602750800712842
9.382,a,-9.567828178405762,5.302192418916960,5.276493136741509,6.509979690059704
9.383,tulip,-12.415004730224609,4.509980882940573,4.787221273637778,9.486159451820523
9.384,will,-10.945756912231444,3.946533845054931,4.781653200976887,10.543953323370680
9.385,form,-11.885183334350586,4.146865465047926,3.942108778674128,11.412824318300506
9.386,a,-10.367975234985352,4.980206827124559,5.063808748863245,12.272269138667831
9.387,flowering,-18.878214597702023,13.681406205662926,13.383863291898873,13.112780165689021
9.388,bulb,-13.146028757095337,9.293017057029584,8.750445137689589,5.000148505503878
9.389,after,-11.144281387329102,4.516320883516757,5.349633366954014,9.568124217308627
9.390,seven-twelve,-26.437893271446232,23.552491275159330,23.848446341787110,10.423027569147976
9.391,years .,-16.773481845855713,12.900562080023299,12.533718706298213,23.832678834809357
9.392,When,-0.057549852877855,6.076412383427700,6.237477393603897,4.052596691218262
9.393,a,-3.391329765319824,5.014910706581354,5.035197814011776,7.337598967948852
9.394,bulb,-10.906924724578856,7.824944115961548,8.310676108122095,8.235480274362269
9.395,grows,-22.168601989746094,9.747468421618830,10.197912400604697,9.178465175363653
9.396,into,-12.220224380493164,3.385226652521430,3.880894544272170,9.146621160512195
9.397,the,-8.061127662658691,4.445689913100413,4.334949404616809,10.003070289268914
9.398,"flower ,",-17.448885798454285,13.002043178004879,12.872109935572860,27.360106061358206
9.399,the,-9.222898483276367,4.303663841712068,4.547878485699674,15.042149983764302
9.400,original,-12.078544616699221,5.776774584155900,5.755938828375880,7.177055548404320
9.401,bulb,-8.252732515335081,8.420718156033207,8.124027267106305,7.359148099343269
9.402,will,-11.911471366882324,5.836747809383907,5.972594405717233,8.014033395502516
9.403,"disappear ,",-23.859673500061039,10.617794360302138,10.429979362026575,17.800030902221252
9.404,but,-9.119816780090332,5.158779160028122,4.751457749306820,9.006160246033991
9.405,a,-9.870916366577148,4.022279512336663,4.297412380758916,11.016617000121251
9.406,clone,-10.004342079162598,4.941780583345452,4.614748687947418,11.984724683948324
9.407,bulb,-11.713162422180176,9.510876065070931,9.581618179356694,11.943290892143487
9.408,forms,-12.172372817993164,5.535357170208403,5.443046992571189,13.924638415223427
9.409,in,-16.249210357666016,4.968335660887861,5.362971055129979,10.267378591541968
9.410,its,-12.058105468750000,5.856017027566918,5.752518677264153,12.108605206123158
9.411,"place ,",-20.109839439392090,11.112665343445883,10.900576621767662,23.482185574421717
9.412,as,-7.292253494262695,4.881442293700639,5.340984561986502,13.053497552757454
9.413,do,-12.681245803833008,4.959723494201033,4.859200902174797,14.023608254312210
9.414,several,-15.875040054321287,4.172468584227452,3.823645005135490,16.006489623065132
9.415,buds .,-34.242441967129707,21.955762438606275,22.146784611161447,31.765638752840346
9.416,Properly,-8.173621291643940,10.109523859077356,9.745844415632858,5.032603732007178
9.417,"cultivated ,",-26.052965437993407,21.522619342122603,20.993966476952856,9.953311632881555
9.418,these,-12.142417907714846,5.185014230712945,4.845423208915792,6.841753835364861
9.419,buds,-20.978609681129452,13.430619144067274,13.414714298182945,7.119215061712744
9.420,will,-10.789968490600586,5.352010295723892,6.194600353423551,6.218787118815428
9.421,become,-11.853137016296387,5.706966174502716,5.328710380010663,8.019876890206241
9.422,bulbs,-14.817674554884436,13.594930120361008,13.368062611923563,8.234842578282874
9.423,of,-12.172642707824707,6.179461749694723,6.337722662149974,7.005616625258079
9.424,their,-9.340806961059570,5.563173528154622,5.338875045405653,9.022137066539107
9.425,own .,-18.836678743362427,15.310801727477514,15.616024612703431,23.000118259142983
9.426,The,-1.652928352355957,6.216193485653642,6.231108800665612,3.459354033097218
9.427,`` tulip,-18.488384366033415,19.284701162577583,19.006261440357221,10.114995010950800
9.428,breaking '',-32.467836707830429,22.987653423018386,22.913425317798168,13.812048221501897
9.429,"virus ,",-14.986783981323242,11.522905886189097,11.512206734650228,17.108336962735216
9.430,which,-12.078372001647949,5.388860587269889,5.069508531678981,9.995726905349883
9.431,many,-15.821578025817873,6.334699911227442,5.930069188886077,9.002092420761617
9.432,botanists,-24.149568438529968,17.716679317677702,18.005204861083406,9.846484964431337
9.433,have,-12.346300125122070,4.189486353484646,5.009682282935755,12.757052846541365
9.434,"studied ,",-17.621011734008789,10.647031532872633,10.436860096624640,27.960504860505353
9.435,spreads,-12.252697944641113,3.785373517244333,3.473546436947340,16.979245773548932
9.436,only,-11.955977439880373,4.438693268905801,4.428000885695902,14.801788890998425
9.437,through,-12.263523101806641,4.261601663121456,4.200192065532034,20.389944639118852
9.438,"buds ,",-23.822578758001328,21.086732264237245,21.136832765888290,30.725952936649282
9.439,not,-5.041680812835693,4.602078854055073,4.417535891096309,7.156296079388085
9.440,"seeds ,",-29.498517990112305,9.430440829279441,9.021584833446724,18.000116037862554
9.441,and,-3.044532299041748,5.660622952250590,5.882573847918628,11.001008584149240
9.442,so,-10.445379257202148,3.822248805905204,3.597110667017322,13.297999094132754
9.443,cultivating,-20.566687822341922,12.779904742271965,12.983002447388900,11.272315701577153
9.444,the,-2.009631872177124,5.293217503406806,5.349162434207390,16.637688268627521
9.445,most,-13.196791648864744,5.136348467911803,5.131774227508368,17.289756300484029
9.446,appealing,-8.304403305053711,4.842769941653025,4.737734854526158,17.441392182001284
9.447,varieties,-15.322874903678894,10.101404035181414,10.398203246485741,19.004436298047175
9.448,takes,-8.376295089721680,11.079248808535592,10.965187092139466,20.010936159850761
9.449,years .,-13.685916781425476,14.961999326420681,14.902556375210246,44.186684036546112
9.450,Propagation,-22.147410988807678,16.874060232449910,17.379031918092629,3.693898863621631
9.451,is,-11.234582901000977,5.559721843921889,5.873678140097317,4.431166072370229
9.452,greatly,-15.556679725646973,12.443441522006225,12.541570636245945,5.331928602526733
9.453,slowed,-10.644245147705078,5.803137623907732,5.930093975400166,6.347406374692699
9.454,down,-12.893504142761230,6.086989645058617,6.025910889144215,7.999759019788195
9.455,by,-7.865223884582519,5.580712624217212,5.672384365437504,6.015812752532340
9.456,the,-7.743634223937987,5.218909864920342,4.703647995314618,8.638654838071536
9.457,virus .,-30.953811645507812,15.354414268689567,15.003841447255230,22.000007787190857
9.458,Tulips,-22.609153747558594,9.160479055904167,9.570046907788900,3.468994654664354
9.459,bloom,-14.867796421051025,8.662155602907255,8.504091345043319,4.552481971182800
9.460,in,-12.851673126220705,5.837480538472693,6.198562819657212,5.645792470017357
9.461,April,-12.988762855529785,5.457574213393907,5.258690479096726,6.610022579039836
9.462,and,-5.018826484680176,6.022120906294563,6.533021234144112,7.376636094951071
9.463,May,-11.610310554504395,5.285516105395740,4.969888903124108,8.015991995382519
9.464,for,-9.334536552429199,4.480020499590012,4.260820694170509,9.054695626693158
9.465,about,-11.009215354919434,4.107780017572525,3.504653497363817,11.187834500450947
9.466,a,-3.049850702285767,4.975813781583486,4.591729849177439,12.306122348738830
9.467,"week ,",-21.675366401672363,10.691101776865844,10.451758094394682,21.873236592441515
9.468,and,-4.329209804534912,4.014649262122576,3.524967387469045,13.247476745150079
9.469,the,-6.250419139862061,4.134287260010153,3.816983145863483,14.426590906184055
9.470,secondary,-17.958660125732422,4.156471010276504,3.886734134257944,13.917893863949265
9.471,buds,-15.830867286771536,11.671694642291405,11.489034365468148,14.998314903019491
9.472,appear,-12.868938446044922,5.358583023313416,6.315081558426503,10.999945685415163
9.473,shortly,-20.033618927001953,11.620239058846048,12.121565569129087,11.181742049264995
9.474,thereafter .,-20.384901762008667,20.809782213791681,21.546602172098371,26.239532635768143
9.475,Bulbs,-18.359918951988217,25.194051999613460,25.111112536650378,3.506277556345212
9.476,can,-11.530550003051758,6.102063676622960,6.477560102084206,4.523745298325903
9.477,be,-4.973177433013916,5.340198679895728,5.611044188469411,5.159043383096007
9.478,uprooted,-10.316009404632496,7.889535958101143,7.712157897296977,6.943987652461980
9.479,and,-10.276041984558104,5.956145018695782,6.682453708827157,8.000000370127010
9.480,moved,-6.840656738728285,7.308308255962743,7.618526817421997,9.000000225386868
9.481,about,-11.335617065429688,5.659134495899619,6.007830988853033,10.000000489360843
9.482,from,-9.605195999145508,4.851244604922853,4.612379978233268,12.732746465569782
9.483,June,-11.347662925720215,4.509875990269221,4.310421096253449,13.034967902647324
9.484,to,-6.547091484069824,4.816842765328577,4.551901483732961,14.999837000836086
9.485,"September ,",-24.812194824218754,9.452000121803493,9.333532190954795,33.438737599294669
9.486,and,-9.904270172119141,4.939606368510783,4.724228019074544,20.876983434734090
9.487,thus,-12.547025680541992,3.758592155489457,3.852764561006163,20.218734603319941
9.488,actual,-17.122989654541016,3.744561209995886,3.535986499854523,21.803553898502287
9.489,purchases,-14.905411720275881,7.643243524792679,7.282399150372536,22.997339939885929
9.490,occurred,-13.779670953750610,9.599917960917534,9.937615429785344,16.469352586915463
9.491,during,-8.471917510032654,10.077927206537957,10.304413204912684,17.046147251211561
9.492,these,-9.546675682067873,4.711283806717226,4.830801618302288,21.371799902223454
9.493,months .,-24.591198921203613,14.022604636349115,13.862814543305984,43.240710974270080
9.494,As,-1.945397377014160,5.854118068254997,5.424356409953837,3.085487213962984
9.495,the,-1.377348423004150,4.843877616279972,4.967876718458453,6.208479384184370
9.496,flowers,-10.368738174438477,4.907489831638450,5.363796928927226,7.131702983108347
9.497,grew,-4.934211730957031,4.095173634183753,4.485236240332776,8.011988488361519
9.498,in,-1.665148258209228,3.893721599787491,3.651332879526360,10.000205876568740
9.499,"popularity ,",-5.937814421951771,14.384819757548147,14.498661700599714,16.108278053527403
9.500,professional,-8.582796096801758,5.517786733130378,5.234819433549582,6.148244889790952
9.501,growers,-8.506861597765237,10.042941724985051,8.952450483717536,7.165542484254634
9.502,paid,-5.806302070617676,5.715222787131326,6.329171914180884,8.067077590623907
9.503,higher,-5.284836292266847,5.592387904886428,6.016976351866758,10.406864728071898
9.504,and,-0.669193387031555,5.135676404411951,5.873486180538245,11.857214442084944
9.505,higher,-0.789114236831665,3.042071188868216,3.535817420788688,12.947272167828483
9.506,prices,-0.260613620281219,4.819779782607227,4.632479277025286,12.103266731848588
9.507,for,-0.072994038462639,5.043946136972004,5.290275753561484,12.020393613828082
9.508,bulbs,-10.130181539803745,14.305243062847536,14.522069876680264,14.356576780919493
9.509,with,-16.553516387939453,4.380664103265136,4.835677741840073,15.165353882313745
9.510,the,-10.854175567626953,4.624799899540354,4.901374357927977,16.030932001042498
9.511,virus .,-22.911982178688049,11.236381069067507,11.127632807613260,37.146745104180809
9.512,By,-3.594417810440063,5.932683325115732,5.122307136910932,3.100630863735790
9.513,sixteen,-17.235691070556641,11.159809090940067,12.026610813944066,5.113326837961094
9.514,"thirty-four ,",-25.512832224369053,33.838946465637221,34.245315605364880,13.154727647434431
9.515,in,-10.133852005004883,5.399260914082328,5.478399400992621,8.090604039173241
9.516,part,-10.421456336975098,4.673158096201353,4.418057213900116,9.094668494434343
9.517,as,-11.192905426025391,6.167363502636747,6.104847462437959,10.086577533875584
9.518,a,-11.271370887756348,5.821638893177319,5.684175071499465,11.023600526037793
9.519,result,-16.625242233276367,5.143472691328534,5.866634936580275,7.748361052207107
9.520,of,-10.932895660400391,3.974477708641895,3.878497582965446,9.925690244816833
9.521,demand,-11.664293289184570,5.565612676226261,5.276265367457912,9.177478064850169
9.522,from,-12.253099441528320,5.172881197452448,6.046683870870919,12.927447703241045
9.523,the,-7.761506080627441,3.899451867848369,3.757536942050273,14.089042969530196
9.524,"French ,",-28.035430908203125,9.741530029516479,9.646836301336407,32.506503364395847
9.525,speculators,-17.289995193481445,4.681914555145305,5.005823701410844,20.814135257779466
9.526,began,-17.364784240722653,10.571385731108064,12.003112331343422,23.434116695275250
9.527,to,-6.468747138977051,4.459693416259004,4.738954193990899,24.429529103815788
9.528,enter,-15.319958686828613,4.149633559649794,4.176247348258809,24.999960946741428
9.529,the,-2.434737682342529,4.560346108909958,4.569695849551153,24.780492633772692
9.530,market .,-23.869975090026855,13.933080510843133,13.242129655441826,23.010226482229282
9.531,In,-0.854278802871704,5.446170861282591,5.128128755821979,3.052227717314575
9.532,sixteen,-19.066361427307129,11.933436644795005,11.676304430358146,5.278065125555662
9.533,"thirty-six ,",-27.610020056366924,36.773338344525591,37.642987290852147,13.590071961552809
9.534,the,-9.059534072875977,5.416310340917243,5.327036288267059,8.206851990995796
9.535,Dutch,-9.998193740844727,4.111576216887673,4.045924602393812,9.176411557768512
9.536,created,-16.773110151290894,10.880941197846145,11.828799049710385,10.110150439611484
9.537,a,-10.763169288635254,5.939021924940840,6.376648113590766,11.081985654150886
9.538,type,-13.850989341735840,10.959273118786198,10.595482150244830,6.897017279439102
9.539,of,-10.197670936584473,5.835728348192246,5.320362035039008,8.065924551839002
9.540,formal,-13.300075531005859,4.676005451387850,4.638809468878272,8.951212195895664
9.541,futures,-12.789466857910154,5.499012062284835,5.412521256068535,10.804362057042534
9.542,"markets ,",-14.056243896484375,10.322607863399391,9.646224880726081,23.360820303082093
9.543,which,-11.234516143798828,3.287541227436310,3.021331846015560,13.016292513124528
9.544,merchants,-15.769675970077515,8.084217748875616,7.902304167039768,16.910392350716815
9.545,used,-16.580869674682614,5.221873355590254,5.066278056405640,17.974546996757624
9.546,to,-11.784106254577635,4.242941883539564,4.320192595661006,18.812987359389144
9.547,sell,-14.181934356689453,5.055387034743537,5.248201197577437,20.179761299977862
9.548,and,-11.448918342590332,5.133331470150548,5.572672182970409,18.013929223952918
9.549,buy,-2.946989536285400,3.391851977460416,3.254381657892222,25.012899115669427
9.550,contracts,-15.263877630233765,7.737895166597752,7.516296774923445,27.082754594144955
9.551,to,-0.673582375049591,4.424650188958633,4.278449136393347,30.029546208267679
9.552,buy,-11.775081634521484,3.027172544012339,2.825258347922166,30.996168847889209
9.553,bulbs,-23.369517564773560,10.457030570791867,10.400850323143985,31.996687163788195
9.554,at,-10.983632087707520,5.217411222936094,5.579871024906329,33.991744799337937
9.555,the,-12.641140937805176,5.026404877035401,5.118469667092358,35.026536172286320
9.556,end,-7.796162128448486,5.073977417844394,5.151604418188435,37.027173296539239
9.557,of,-11.246440887451172,4.544540267709572,4.479506634248955,40.037404858687438
9.558,the,-5.033569335937500,3.976025064883228,4.063448915953843,41.026288695110225
9.559,season .,-23.398683547973633,11.396854141490426,11.437633903440091,85.283345469898038
9.560,Traders,-6.098885399798746,13.507965829495568,13.907988588517275,3.128591694402575
9.561,met,-10.038139343261721,5.442287622008688,6.170796814114151,5.326031599346856
9.562,at,-3.265422821044922,4.788737825100059,4.358965517907849,7.420589761304563
9.563,taverns,-14.512823531404138,9.418657424762495,10.406205169662098,9.458531805375692
9.564,and,-2.874656438827514,5.579639634334506,5.802448400035763,10.269566738187127
9.565,buyers,-12.125700950622560,4.848669326144975,5.140082475193428,11.387688384827724
9.566,were,-13.452396392822266,5.262040785312618,5.661543896418523,11.179403300518901
9.567,required,-9.141322135925293,5.895634586594436,6.250248516866892,13.298606925510864
9.568,to,-0.261068582534790,4.723702474403185,4.119240142636248,11.033982882510402
9.569,pay,-6.255587100982666,4.974476792790494,4.687545469573013,13.294198135009413
9.570,a,-13.013657569885256,4.871105876350232,4.750387154568815,16.009237292531722
9.571,fee,-8.422379493713379,4.321865929884873,4.751860691454405,18.000831057010910
9.572,per,-9.508226394653320,4.941970752918916,5.815658563952153,20.368601696882191
9.573,trade .,-26.917037963867188,11.353364875144841,10.973979179172071,45.416623511309623
9.574,People,-6.451203346252441,5.907206511505035,6.602319678941750,3.711258141169324
9.575,were,-3.236177921295166,4.793767686686241,4.418499124673888,5.309455858929028
9.576,purchasing,-9.993498802185060,5.001813415257729,4.866087771780083,7.140098930141329
9.577,bulbs,-10.799544193781912,15.428723224710925,14.843629198038439,9.443293279135146
9.578,at,-16.316925048828125,5.421935375908996,5.912566400865346,10.321003726258754
9.579,higher,-13.748146057128904,4.613263855868240,5.116149318473612,10.935546493001670
9.580,and,-7.829461097717285,4.204745734395789,5.265304523678974,13.143983378043785
9.581,higher,-1.936274409294128,3.721711624904631,3.489817816446973,14.047843743975012
9.582,"prices ,",-15.066578388214110,9.111859255455480,8.208994984148978,31.003237889902536
9.583,intending,-22.682850837707520,9.715465711179689,9.217676552276323,12.000146537034190
9.584,to,-0.024362819269300,5.328180600584680,5.083352356216023,14.922585492196562
9.585,re-sell,-22.757032334804531,16.298517559764207,16.241662112014126,14.104216962109813
9.586,them,-13.596130371093750,5.558646758412727,5.520946754266236,16.261639453524076
9.587,for,-8.331257820129395,4.378270510188031,5.082939312708085,20.058886879909679
9.588,a,-11.524710655212402,4.556379352697566,4.598837331370397,21.018373095663254
9.589,profit .,-14.846609115600586,12.193195435619348,12.042365333420204,46.026055581783929
9.590,"However ,",-2.401920590532427,17.711650165061833,16.213913459901974,7.179569697075139
9.591,such,-6.050820350646973,5.940783865276552,5.964944834987418,6.275545331434751
9.592,a,-1.397044539451599,5.807926379147074,5.259919993540798,7.259758637350735
9.593,scheme,-7.472347259521483,4.907078142720948,4.912553320044923,8.197710887423217
9.594,could,-1.956141471862793,5.730342687429822,5.696831104903379,8.200544631286254
9.595,not,-4.971348285675049,5.735274504562184,5.872833037430898,9.231886716583872
9.596,last,-5.317573547363281,4.900693893918025,5.435001558393654,11.191403832356754
9.597,unless,-2.817237136645417,9.965861885892245,9.871401017816529,13.080201874119314
9.598,someone,-5.421808481216432,9.856092338628262,10.115631605939528,16.329310042139394
9.599,was,-3.265465259552002,3.016380394743098,2.837324499242501,18.200596924349391
9.600,ultimately,-4.873487114906304,8.898177413656672,9.586598146508413,20.102883546803803
9.601,willing,-1.808116078376770,4.338202225018168,4.581229930999559,22.066150567602111
9.602,to,-0.004793224390596,4.433720833680256,4.249800937295267,25.071423400704685
9.603,pay,-1.547814130783081,3.751984565615538,4.248488233983856,27.096085761993862
9.604,such,-5.241910934448242,5.046296532837633,5.085955385556468,29.153788712296539
9.605,high,-3.905952215194702,5.055897354915588,5.298635316489351,30.331446714607011
9.606,prices,-0.363305777311325,4.150034546825858,4.235186021748832,31.279676029200850
9.607,and,-0.572274863719940,4.848860896958878,4.716950963953504,29.123323029670750
9.608,take,-2.755513668060303,4.137515539213135,4.648795710830660,31.019094048278490
9.609,possession,-6.304938316345215,3.462948100875754,4.079192713642819,33.483810326597698
9.610,of,-0.003479856299236,3.349991614719297,3.454674533440715,35.508768578416436
9.611,the,-1.072682261466980,3.804476083332817,4.062941420042741,37.768078695860659
9.612,bulbs .,-26.871096193790436,20.499620693908426,20.845892609987590,78.259650536262143
9.613,In,-0.854278802871704,5.446170861282591,5.128128755821979,3.052227717314575
9.614,February,-5.870977401733398,5.611868706066232,6.115114677637076,5.084286362975129
9.615,sixteen,-19.618318557739254,12.244686831411723,12.142989092087809,5.907821471512627
9.616,"thirty-seven ,",-29.518277436494827,37.480444095992496,38.005850313766516,14.214156003662506
9.617,tulip,-16.136936187744141,3.693837464486725,3.283263315440792,8.339993735706269
9.618,traders,-8.021515563130379,9.819971035439636,9.339046640810269,9.310637502346513
9.619,could,-16.091300964355472,5.810392409195313,5.765144227916457,10.193583669235510
9.620,no,-14.607118606567385,5.734543504372031,5.840643410013059,11.153982355484722
9.621,longer,-5.122328758239746,5.850255991780034,5.699112101841553,12.083453403868205
9.622,find,-11.772071838378904,6.136151483139164,6.000125764288441,13.038937275729220
9.623,new,-14.220129013061525,6.090917939300116,5.939915728931028,14.023561541857974
9.624,buyers,-6.511912345886231,5.157017923159900,5.025970530827269,15.109385659071553
9.625,willing,-13.963330268859865,5.393755526715441,5.549751129020934,6.950861108589799
9.626,to,-8.924569129943848,5.566795761405080,5.440865141443171,9.071468433394411
9.627,pay,-6.254402160644531,4.875894664315392,4.450018445826374,9.999903762221477
9.628,increasingly,-19.721933364868164,11.481718609538856,10.968683021000741,10.004052944046377
9.629,inflated,-13.506896018981935,5.305241429447308,5.767826596081308,13.495371047806193
9.630,prices,-0.770158946514130,4.367429753335400,4.255080259542471,14.464799054232163
9.631,for,-9.610059738159180,4.599957104067904,4.981616726774684,15.002951216223471
9.632,their,-8.823972702026367,5.943345863924954,5.727134209220465,17.866461340983552
9.633,bulbs .,-29.809550404548645,23.604372103934516,23.771379999639276,41.842579334403737
9.634,As,-1.945397377014160,5.854118068254997,5.424356409953837,3.085487213962984
9.635,this,-5.452544689178467,4.869907397524091,5.005400947369727,6.226519730550756
9.636,realization,-10.434852600097656,5.167359160019417,4.909806844713200,7.148456340219733
9.637,set,-13.895937919616699,5.291802378681266,5.627504863549509,8.267719006548733
9.638,"in ,",-18.403608322143555,9.521551800002547,10.432417354572870,17.930506312308111
9.639,the,-8.677270889282228,4.806156117681625,4.762954197736517,11.963817752960653
9.640,demand,-10.501718521118164,5.977393907073639,6.193295937979403,6.589787138872903
9.641,for,-14.017190933227539,6.086434978716848,5.957634971102504,7.103223503114374
9.642,tulips,-22.894507259130481,11.213743173495590,10.778414415691246,9.003350800427427
9.643,"collapsed ,",-18.507659077644348,15.551898317543294,16.088756671844379,22.847121697647321
9.644,and,-7.719409465789795,5.511959764863259,5.932723292330913,12.384176510395037
9.645,prices,-11.589162826538086,4.622632269455296,4.432478993980746,13.999878794402564
9.646,plummeted .,-24.791528642177582,18.974257052770817,18.658850263117728,18.603228043707677
9.647,The,-1.652928352355957,6.216193485653642,6.231108800665612,3.459354033097218
9.648,speculative,-10.384345054626463,5.915809544905965,6.110888125026702,4.837453766646425
9.649,bubble,-5.525749206542969,5.096903910138961,4.573089300426221,5.628691665914658
9.650,burst .,-28.890979051589966,14.111318513197084,13.612294439168860,12.072248300662839
9.651,Some,-4.699104785919189,6.612690617123889,6.430541161622610,3.371305742179131
9.652,were,-3.724685430526733,5.564657240158679,4.878669428405876,5.218507733206280
9.653,left,-4.685403823852539,5.369289742632440,5.617257220233076,7.199842369552732
9.654,holding,-3.761483430862426,4.648541117501823,4.510842446604273,10.161516125147941
9.655,contracts,-5.263971670530736,9.363345906741454,9.381535254980331,12.707995269203765
9.656,to,-0.016587091609836,4.927603896117309,4.704383581364556,15.563908095037570
9.657,purchase,-3.170435905456543,4.706721022900315,4.874517257323429,17.638614803519786
9.658,tulips,-14.895907416939735,8.430998722714955,9.395196854173916,19.509022296449846
9.659,at,-15.317667961120605,4.870517991619604,5.509812917957251,20.623432263188160
9.660,prices,-11.285986900329590,3.978242564835369,3.826677416990260,21.533981402599849
9.661,now,-15.219337463378904,5.029615740885387,5.635812713319672,19.255209982799119
9.662,ten,-12.704745769500732,7.301643261475063,7.060287494360429,23.829501461449844
9.663,times,-16.236307144165039,3.972363639994869,3.893953747190935,26.068587367897525
9.664,greater,-8.308998107910156,4.743128299315308,4.606316818510338,27.000055433055511
9.665,than,-0.002309038769454,4.306418452294154,4.108694619178176,28.385840394844681
9.666,those,-6.247970864176750,11.090490318344109,10.683676737286735,31.296041250820050
9.667,on,-3.117700099945068,3.559816523226872,3.456914075380612,32.004144653940536
9.668,the,-0.986929893493652,4.482112214441327,4.680961560671599,34.117896192020609
9.669,open,-15.733087539672852,4.205121008121388,4.392937817518683,37.002218337788328
9.670,"market ,",-15.789075851440430,9.690774603642540,10.308923875891495,79.031771582792402
9.671,while,-14.473644018173218,7.058213635827062,7.011143813055563,41.006071549946427
9.672,others,-20.919687271118164,5.595053595123528,5.253001164163396,10.000019180417606
9.673,found,-11.659301757812500,4.268991924659451,4.176409516570930,11.999999697167725
9.674,themselves,-5.639825820922852,4.266575908277647,3.920082722951826,15.010642019610016
9.675,in,-6.243853092193604,4.674923791833677,5.166624329669047,17.033856382089287
9.676,possession,-9.705794334411619,4.296813405541422,4.057709463902425,19.002248839437069
9.677,of,-0.115045957267284,4.653662120558247,4.692378824262461,21.000225378082892
9.678,bulbs,-10.517296247184275,14.414671203250675,14.176137815818780,24.000203038360091
9.679,now,-14.135178565979006,4.404338406552673,5.292656509381448,26.000178667281236
9.680,worth,-11.215589284896851,7.891436657504642,8.066865634948901,27.005631707891503
9.681,a,-9.804365158081056,4.570672931789869,4.489742907899139,28.062813174846816
9.682,fraction,-15.097949981689453,4.879283262759233,5.760871375690727,24.322849764122502
9.683,of,-9.626832008361816,3.423832925858450,3.273196316046362,33.000003763761057
9.684,the,-1.763641238212585,4.596566244837748,4.642834573065018,35.521956858261674
9.685,price,-4.191648483276366,4.326017910370701,4.231787662880788,36.521285861991501
9.686,they,-17.757183074951172,5.227252717389828,5.637919342453285,37.284040315105095
9.687,had,-10.555316925048828,4.251758334998494,4.637445609457050,40.229986823797709
9.688,paid .,-22.791438579559326,12.841824517384424,13.118242378249111,82.397448830160627
9.689,The,-1.652928352355957,6.216193485653642,6.231108800665612,3.459354033097218
9.690,event,-9.056354522705078,6.080401268814037,6.624751685523663,4.492409548788462
9.691,was,-1.483221411705017,5.429251174540611,5.240455400447123,5.199226503535948
9.692,popularized,-11.418263782688882,9.810386166223273,10.055938054016279,7.022779665416813
9.693,in,-8.019373893737793,5.553263232469021,5.290060691017231,8.014552438114240
9.694,eighteen,-28.359344482421875,9.509857513259124,8.889457734328284,9.014435907194784
9.695,forty-one,-31.352930784225464,20.546691859582705,21.260058459950180,10.002884000050152
9.696,by,-10.173384666442873,4.593292322388352,4.336850653396129,12.000249611690677
9.697,the,-9.601286888122560,5.072396923824361,4.800844890809144,13.000045640955596
9.698,book,-6.056085586547852,4.165866671155324,4.392758567038672,15.173746937221484
9.699,`` Extraordinary,-18.416995264420621,21.847377479232286,22.610119828680325,33.141617951490019
9.700,Popular,-8.286325454711914,4.865017093375370,5.345492769525602,18.131175108924342
9.701,Delusions,-19.138688325881962,11.589695393439809,12.407623998804073,19.000002957106808
9.702,and,-11.171650886535645,4.338458357915629,5.137876423546328,16.846106009622748
9.703,the,-4.460241794586182,4.455770988273184,4.531058446139880,17.889750950167773
9.704,Madness,-12.944399654865265,7.738518829352354,8.359453641286237,17.818389332601971
9.705,of,-8.609761238098145,5.073630726151197,5.059497240640304,18.000880147347765
9.706,"Crowds '' ,",-39.202753096818924,30.686200181793893,31.288491095539449,60.025251503239147
9.707,that,-9.278467178344727,5.169510313652754,5.250375654568411,22.000582253677198
9.708,a,-8.175088882446289,5.601762199565870,5.568474518190841,23.001138836984957
9.709,British,-10.586422920227051,5.320074290115933,5.526259794773675,24.020579642066998
9.710,journalist,-10.622342109680176,4.827596054500410,4.869819865071327,26.000427655665554
9.711,Charles,-6.018485069274902,5.476699580408975,5.771987974467375,27.004146281123518
9.712,Mackay,-10.779531478881836,3.900910399330888,4.477112494433638,24.000006688254352
9.713,wrote .,-29.949048280715942,18.017192117197844,18.499300383316996,50.281254859682768
9.714,That,-4.288662433624268,5.846706585606485,6.101714405391387,3.184729691369745
9.715,crowds,-17.377079963684082,9.384133331107057,8.632667028471326,5.017661102386657
9.716,of,-0.807494044303894,4.208896671340796,3.755246212006980,9.001768380319028
9.717,people,-3.722375631332397,4.703084907819066,5.272081342713413,11.299610628230578
9.718,often,-2.328779697418213,5.207602264246828,5.235587839007434,8.054830085696640
9.719,behave,-6.052405595779419,9.255656406357783,8.668827671851817,10.032247800344972
9.720,irrationally,-23.012775778770450,11.072353685825927,10.553366273517225,11.016511456050491
9.721,was,-6.958244800567628,5.924136449062388,6.009461543876848,5.581083015735041
9.722,the,-10.607946395874023,5.649593021411982,4.971349709115129,6.426035185733265
9.723,main,-7.841082572937013,5.433823991321209,4.637594606503487,7.009550541291730
9.724,thesis,-13.444612264633179,8.100260419429924,8.102528476708674,16.993214788042419
9.725,of,-12.464087486267090,5.019411080233440,5.715436485866653,7.735454646820200
9.726,the,-6.789117813110352,4.646432397058038,4.416884796444165,8.966220719585479
9.727,"book ,",-17.387079238891602,10.431556803312578,10.036016411141148,20.446374722597540
9.728,and,-11.165588378906250,4.353190073097260,4.526426796708295,12.168720129159745
9.729,tulip,-18.379814147949219,3.321034526229731,3.348434515873108,13.077230158287589
9.730,mania,-16.044192314147949,8.646184775011870,9.385800024203416,13.501873445461891
9.731,was,-12.464934349060060,4.377766097784088,4.462347518149783,14.221450876659162
9.732,one,-4.972435474395752,5.214506974130106,5.331847394275587,19.707438844191220
9.733,of,-10.088821411132812,5.075673987290600,5.182872519891669,20.093549698151801
9.734,the,-5.731661796569824,4.289509164349578,4.123081867216039,21.044788092860049
9.735,primary,-8.249942779541017,4.547790338696745,4.468356554135231,22.259816289991669
9.736,examples .,-19.522969365119934,11.671428806813218,11.360675250985196,44.546187939784204
9.737,According,-3.669781923294067,6.350612119376006,6.544435754199110,3.024889170339672
9.738,to,-0.001555186579935,5.842142471654450,5.365732893586166,5.026791672144747
9.739,"Mackay ,",-20.951878547668457,9.275710531848544,10.564790727468779,15.817862098262973
9.740,at,-11.428553581237793,4.323595001155689,4.334202570345731,9.422340985375421
9.741,one,-9.171160697937012,4.233270364886186,3.980521090696580,7.934776530470687
9.742,point,-8.521071434020996,5.492217493362307,4.951428845422253,8.191308318938059
9.743,twelve,-19.233780473470688,19.421462766862646,18.847730291990594,9.187924999365928
9.744,acres,-16.498188018798828,9.189911983652502,8.949425288370943,10.261522983082527
9.745,of,-10.185602188110352,5.427175911336268,5.168688480956392,10.590034583672921
9.746,land,-11.368037700653074,10.231461374480464,10.239070138083472,11.753466728419030
9.747,were,-10.236149787902832,5.758961796881262,6.103158332309871,8.930429097726297
9.748,offered,-15.689125545322895,10.428255980247565,10.038921693702196,11.001728955879917
9.749,for,-10.214558601379396,4.628319220627193,5.392159591727526,13.551786780346534
9.750,a,-7.729551315307617,5.240374320025335,5.725581442816329,9.794361163676564
9.751,Semper,-17.342874169349670,10.485805278802106,11.517407028251419,11.000155042424456
9.752,Augustus,-16.635880112648010,11.112542747449751,11.185535165478258,13.000192006653984
9.753,bulb .,-23.641786098480225,16.481518488742218,16.634050158241028,33.244186302328785
9.754,He,-3.091049671173096,6.821128250995057,7.122151286628733,3.089313103261496
9.755,claims,-6.808258533477782,6.427869741955979,6.360881677616280,5.147431346231542
9.756,that,-1.035614490509033,5.241309774925644,5.524121887010512,7.191697378530742
9.757,many,-5.124983310699463,5.538053755207267,5.682060412000720,10.693638793391608
9.758,such,-5.165650367736816,5.220171395988257,5.318144470557175,11.343616799329656
9.759,investors,-5.004985942039639,10.020605625824226,9.855339997934250,12.219393229383915
9.760,ruined,-12.763452976942062,7.537035552447631,7.913578311727009,12.195766521461046
9.761,by,-12.077724456787109,5.770450317509940,5.925214171965039,13.096282890223460
9.762,the,-8.174110412597656,5.741871432161791,5.333531990280425,14.010075976429553
9.763,fall,-9.563009262084961,5.660638377882791,6.581788700365813,17.003679536171099
9.764,in,-11.922359466552734,4.205296496153784,4.175031410733220,18.508332482107274
9.765,prices,-12.813763618469238,4.631825567427729,4.420444629097029,18.515548618814144
9.766,were,-10.928466796875000,4.779734967924917,5.469839076453709,22.270003860905799
9.767,"desperate ,",-25.112092971801758,9.649772298566472,9.479792318779580,35.045118390950030
9.768,and,-4.731922149658203,4.981180217337708,5.011925704645281,17.000015745445225
9.769,Dutch,-13.975165367126465,3.283290494853103,3.289220097496122,19.000023004606835
9.770,commerce,-14.346812248229980,3.880834862780098,3.786359590386559,21.080220115156628
9.771,suffered,-15.375907540321350,7.745661797195066,8.129664647234693,23.000285869137997
9.772,a,-8.287675857543945,5.067364772760994,5.718865627650588,24.016798280264158
9.773,severe,-9.077231407165527,4.090299154709517,4.672905310006068,29.000204788781733
9.774,shock .,-18.300273418426514,12.044672415264973,12.019495878011437,61.055563727629966
9.775,In,-0.854278802871704,5.446170861282591,5.128128755821979,3.052227717314575
9.776,Mackay 's,-20.547268027621612,16.030154075472076,15.569337630912658,12.447000429819166
9.777,"account ,",-34.028420448303223,10.148626063238197,10.248274113208929,16.992789586067900
9.778,the,-10.672216415405273,4.897596773093950,5.133405529979025,9.778731121309416
9.779,panicked,-21.991809904575348,11.011629681963761,10.854592215282812,7.974919843458135
9.780,tulip,-15.777335166931152,6.059039924544750,6.517204981665264,6.719103168855523
9.781,speculators,-8.073771476745605,5.979948575725887,5.554011343562144,7.480941908399027
9.782,sought,-20.177230834960934,4.626812163260193,5.531942682065908,8.785565119321728
9.783,help,-11.835517883300779,5.736095287415973,5.603333909274645,9.059386935876180
9.784,from,-10.811648368835449,5.613450944794764,5.415876330430589,10.281560224194447
9.785,the,-8.486029624938965,5.822645933965153,5.473219437234559,11.410958701699656
9.786,government,-6.398648738861084,4.873998127098115,4.595557118703873,12.277832101518035
9.787,of,-9.676139831542967,5.215924962749853,4.794790031443378,8.006669524780737
9.788,the,-1.452540278434753,5.538211825914352,5.722611500024655,11.027973728682301
9.789,"Netherlands ,",-27.379899024963375,10.472590322111405,11.011177297258083,28.331666409929667
9.790,which,-10.127048492431641,2.443473762554835,2.156909468936647,16.415470575753734
9.791,responded,-18.751468837261200,8.796930252939996,8.368183322844121,17.008784467858472
9.792,by,-8.462875366210938,5.294329947397921,5.360003053223785,19.788228365994964
9.793,declaring,-15.419705867767336,7.488147281845668,7.866271206404531,20.806556631221227
9.794,that,-11.622108459472654,4.602808518767018,4.384508009707957,15.353097976434338
9.795,anyone,-14.052963733673096,9.519439869247966,9.465835702387123,17.407675589084178
9.796,who,-10.246318817138672,3.864283260922554,4.193201410632024,23.925928306762852
9.797,had,-11.700316429138185,3.977332448553801,3.829798807462127,25.860039034719986
9.798,bought,-8.388053894042969,4.756281691849145,4.877909100047852,29.158842652035769
9.799,contracts,-13.088804006576538,8.789419894996085,8.861151580488215,31.054278507013091
9.800,to,-11.078089714050293,4.656987786495133,4.944583224888579,33.585513238562768
9.801,purchase,-16.499595642089847,4.805442363024437,4.858265446454086,37.654053991138852
9.802,bulbs,-18.254005730152127,9.431520854781445,9.477445064796669,40.715639560616189
9.803,in,-7.583482265472412,4.532500313213992,4.967002287664477,42.727562841854464
9.804,the,-1.068228006362915,4.150212960168899,4.371791341927586,44.819292025263252
9.805,future,-11.909205436706545,4.063814649758073,4.208148613695813,47.697125515103949
9.806,could,-7.465230941772461,3.252789137149378,3.134666069723288,49.740084050997190
9.807,void,-15.340550899505615,6.361908258897794,6.521321521597812,42.016464922170641
9.808,their,-11.602675437927244,4.728653113878923,4.607076341439200,45.506161691547774
9.809,contract,-14.104619979858398,4.442829565924359,4.523745335392713,53.878168847010706
9.810,by,-10.195144653320312,4.540182558178295,5.237807468088874,55.949708858753681
9.811,payment,-10.734537124633787,2.765771900763268,2.578195736643980,56.946385016287934
9.812,of,-13.056349754333494,4.068034013314262,4.066050861784728,34.568504442523896
9.813,a,-6.860312461853027,3.432995266456322,4.124997120757603,37.008527040140756
9.814,ten,-8.703078627586365,6.474203454753096,6.368274155360010,39.042576523989290
9.815,percent,-7.803217887878418,3.444302290378200,3.378062217097531,40.099493977902796
9.816,fee .,-26.047841787338257,12.081750707102753,12.346174402567502,83.869972042531302
9.817,Attempts,-11.771572049940007,11.767262597801773,11.695936069887575,3.275529181332557
9.818,that,-9.445628166198730,6.595710349624296,5.878401483807298,4.039508921670729
9.819,were,-10.731637954711914,6.240440802377441,6.142547589149585,5.135737354644866
9.820,made,-12.224647521972654,5.924705826995850,6.405214477217287,7.010740944641578
9.821,to,-5.347517967224121,4.984234658728420,4.755596952328202,8.966897146016239
9.822,resolve,-9.429364204406738,3.950713806459617,3.554814405655058,11.396063072519887
9.823,the,-11.004628181457520,5.278840555436698,5.340936217477937,13.438966033518614
9.824,situation,-13.597373962402346,4.976285649222311,4.854488686239534,16.314274294322097
9.825,to,-10.371367454528807,4.229404223169952,4.977976063398740,17.998934203908650
9.826,the,-10.698062896728516,4.122028992310447,3.891663536523166,18.998996492391765
9.827,satisfaction,-19.026468276977539,4.747233567939634,4.882727638142113,12.005847144602706
9.828,of,-9.487063407897949,3.715979888781659,3.630704100139553,24.036767272112211
9.829,all,-7.969159603118896,4.063657862727251,3.923285369965461,24.585520431005936
9.830,parties,-16.042321924120188,7.099112274276425,6.882605177024215,25.438081370653201
9.831,were,-13.022842407226562,4.844529802506737,5.330191915946738,28.385077802273560
9.832,unsuccessful .,-24.332758426666260,14.170962802554605,13.811074252230041,33.706374006658386
9.833,The,-1.652928352355957,6.216193485653642,6.231108800665612,3.459354033097218
9.834,mania,-13.659332513809204,8.224226556297129,8.510695840893808,4.709207208274866
9.835,finally,-24.850080490112305,10.810684092117565,10.530884869091054,5.668885396060550
9.836,"ended ,",-24.830764770507812,18.601405697957777,17.433730765456630,11.292864881741504
9.837,Mackay,-27.350229263305664,4.224040228982507,3.920024133981306,8.005402990406031
9.838,"says ,",-14.715160608291626,10.683542381987390,10.946315964266084,18.999999642542260
9.839,with,-9.591053962707520,5.647911171687454,6.150334533190970,7.156079123277983
9.840,individuals,-17.082791328430176,9.976710170262491,9.611214080436394,8.062742115288442
9.841,stuck,-15.366215705871582,5.646479050780433,5.287652877700062,10.006311246149226
9.842,with,-11.408422470092773,4.666277676994771,4.354890357130678,12.005136434804248
9.843,the,-9.569333076477051,4.838774791783087,4.863215693480798,15.644310148746619
9.844,bulbs,-23.217097997665405,14.237951727577714,14.361242498596747,17.000000092401926
9.845,they,-8.454629898071289,4.442163272485663,5.116236656569540,20.234580959189898
9.846,held,-17.023363113403320,5.123271747745776,5.413681067578438,21.794375469247125
9.847,at,-10.279282569885254,5.148496965122960,5.372331522242536,22.922839076990360
9.848,the,-3.226928949356079,5.189678708125943,5.341845058642694,23.212557192432318
9.849,end,-9.086475372314453,3.454048395737945,3.631309638554697,27.322881024976091
9.850,of,-6.632948398590088,4.433750889384895,4.320074026959508,28.487077384398798
9.851,the,-2.239197015762329,5.172191408408686,5.299629292749943,31.514140463677982
9.852,crash .,-24.558503150939941,13.377045695405879,13.473665240714489,65.845723363892134
9.853,No,-6.476192951202393,5.980638636365208,6.127283690893600,3.311183373568333
9.854,court,-6.293064117431642,5.923134401545219,5.837809028812332,4.317828827217989
9.855,would,-3.221938133239746,5.222621877515748,4.147114884414441,5.176968077909686
9.856,enforce,-6.156608581542969,4.811847262987047,4.876581377262761,7.315061278305012
9.857,payment,-10.565559387207033,5.324727445880015,5.626264980852105,10.083620483717329
9.858,of,-0.475005269050598,4.312179753902576,4.624767621551713,12.348833173826756
9.859,a,-2.345258474349976,4.457841274324267,4.804186379987001,14.653695021463705
9.860,"contract ,",-5.768447443842887,9.994498498835112,9.900697321930757,22.432786931841520
9.861,since,-2.194542646408081,5.506847297339773,5.685608993888263,12.085592118852293
9.862,judges,-8.361221313476562,5.223873562656085,5.398770670911374,15.276576953689990
9.863,regarded,-12.401429653167725,5.716639467040832,6.177383770573697,17.022583053135627
9.864,the,-1.392603039741516,4.229894895635575,4.013775922475893,19.373222203373032
9.865,debts,-9.654834747314453,5.020584298759179,5.014997897371672,20.227875064691485
9.866,as,-0.057711452245712,4.692165884455845,4.464089117457927,21.044169971036567
9.867,contracted,-13.348609924316404,4.737171298215230,4.949431537589716,23.278027336903531
9.868,through,-3.806092500686646,3.943010265446201,4.211761143784597,26.026922419562467
9.869,"gambling ,",-10.533913254737854,9.584785527200250,9.549981419551584,55.631856263895855
9.870,and,-2.365651130676269,4.762229752392708,4.679541173311756,27.018295422419587
9.871,thus,-1.009960651397705,4.412428920803451,4.799085287084539,29.554614559028916
9.872,not,-2.734684705734253,4.952889999910347,4.893619612587725,30.348969120987164
9.873,enforceable,-17.582940101623535,8.241641404119671,8.988789015336993,32.080789034623102
9.874,by,-9.494469642639160,4.676974459212695,4.977645380346726,33.038368415811817
9.875,law .,-25.295284271240234,14.205044460074030,14.691131843657143,69.105946409666444
9.876,Although,-2.264736413835635,12.800696217244464,13.047027419851570,3.073619754273389
9.877,Mackay 's,-22.240087862839573,13.672788627617248,14.050201984063115,14.443521831477746
9.878,book,-19.548742294311523,4.540883990957807,4.988616502536122,7.690416019678628
9.879,is,-12.022378921508787,5.796259351768046,5.583035052473400,8.015449402039161
9.880,a,-8.064039230346680,4.981469167082442,6.034536663406279,8.783699708644491
9.881,classic,-12.550818443298340,5.276914311085493,5.349829244624492,8.999943692336307
9.882,that,-5.712650299072267,5.108934893727856,5.075116225407215,10.677570764855881
9.883,many,-6.390764236450195,4.497012611037978,4.173578593572402,11.889079073354845
9.884,publishing,-16.954116821289062,4.261130618571219,4.474458988090762,12.000109112066447
9.885,houses,-12.163659691810608,12.396116495178779,12.242630460366442,16.876051788866320
9.886,continue,-18.576696395874023,4.093100971133055,4.040439741379444,19.991636709494653
9.887,reprinting,-16.969103097915649,9.565543688713721,9.418663060870079,19.318883566147441
9.888,"today ,",-24.187907218933105,9.746254911560609,9.308381493605367,38.104075033994697
9.889,his,-12.635176658630373,3.280838053319703,3.029477244830427,20.013431677860488
9.890,account,-8.629226684570312,3.779880702560299,4.252972169138409,25.129531439323983
9.891,is,-13.144035339355467,3.178774880885073,3.155406054926407,22.079507666316442
9.892,contested .,-24.759154438972473,21.377712848266818,21.137285853297996,13.365007914252558
9.893,Many,-5.543409347534180,6.478430949512409,6.239843607132539,3.424720174522012
9.894,modern,-8.730926513671875,6.414186457567512,6.531436721032597,4.276329967011758
9.895,scholars,-6.607626914978027,5.958497503931315,5.722858804797737,5.246050073464702
9.896,believe,-2.992059707641602,5.568066136565553,5.340665716939264,5.082939423564564
9.897,the,-1.814364790916443,5.503612424299670,5.262119483924666,9.517693157924009
9.898,mania,-12.605028867721558,7.176162130250781,7.966649339281592,10.702948462646745
9.899,was,-12.568207740783693,4.293718842508873,4.266336648628449,11.569519149556324
9.900,not,-10.490030288696287,4.805352195884993,4.559148811047952,11.448058527664669
9.901,as,-8.822736740112305,4.552496347883781,4.552038236015439,12.590901893922984
9.902,extraordinary,-6.907402038574219,9.666545681769184,9.999009843732653,14.016460731976675
9.903,as,-9.104421615600586,5.890895744852990,5.806388537897375,15.010309058363664
9.904,Mackay,-24.456031799316410,4.807126118701778,5.140274207972289,16.870158536239220
9.905,"described ,",-18.128915131092072,14.415959930739231,14.637257555533985,37.338424777317151
9.906,with,-8.404317855834961,3.954610705147148,4.044336698116402,21.244861707789482
9.907,some,-14.757952690124512,5.630343192969779,5.833206061161738,17.543418183234767
9.908,arguing,-12.979373574256895,7.600228107700072,7.576642328442719,22.949379506388201
9.909,that,-6.167796611785889,4.416739369279634,4.513944578047155,22.946550734805442
9.910,the,-11.522958755493164,5.143655428684137,5.060542424411140,29.000005542220880
9.911,price,-14.611871719360352,4.293524903558272,4.240513563436199,31.860836124832787
9.912,changes,-9.288177490234377,8.149921135062895,8.396950028019491,35.186647889780616
9.913,may,-19.624547958374023,4.228328714566152,4.628214464362872,36.143036086646106
9.914,not,-3.264487981796265,4.447180534634048,4.281259391276220,37.163005710058385
9.915,have,-3.375071287155152,2.094518002631773,1.985976185230773,37.008579211529003
9.916,constituted,-15.885516777634619,6.422933840666428,6.705629582695310,38.985490357247492
9.917,a,-6.490338802337647,4.343793336100251,4.486517365281658,40.008391507710364
9.918,bubble .,-28.537318229675293,12.578538960502534,13.225390256061585,84.064571027694129
9.919,Research,-10.121277809143066,6.143299408567183,7.194351100044129,3.419621287084750
9.920,on,-1.057059407234192,4.153141271119357,3.703396221965916,6.248827487878081
9.921,the,-1.457930088043213,4.780069991141364,4.748134995507448,8.634100220664793
9.922,tulip,-14.007140159606935,4.821063770902080,5.023844821413247,9.393033600196288
9.923,mania,-10.108735084533693,8.019219856788428,8.297367346686064,10.371671623000637
9.924,is,-12.896512985229492,4.627266668323666,4.569579613429545,11.338023555261614
9.925,difficult,-12.304136276245115,5.645871566138498,5.768162475206180,10.948404741459887
9.926,because,-14.490312576293945,10.772623806448092,10.854130191883064,13.228702914431324
9.927,of,-11.304338455200195,5.487747348704112,4.913809786397775,5.412717144431684
9.928,the,-7.711884021759032,5.596375083409352,4.824434741467291,6.000395468341312
9.929,limited,-16.913782119750973,5.725018182003978,5.621451087580657,9.404933384489198
9.930,data,-8.202393531799316,4.869052480762456,4.572487489715094,10.247995764468778
9.931,from,-11.807389259338381,5.133021454442595,5.956973578800407,13.092459605253225
9.932,the,-6.152053356170653,4.158675955135680,3.805597006271018,13.873994330526562
9.933,sixteen,-15.587133884429932,9.287896692827783,8.594970613503982,14.854958357997056
9.934,thirties .,-32.939464092254639,22.348482958936600,23.045241850896261,33.252449589687444
9.935,"However ,",-2.401920590532427,17.711650165061833,16.213913459901974,7.179569697075139
9.936,some,-3.861022949218750,6.291413422410279,6.434206532899398,6.311785454963025
9.937,modern,-9.642033576965332,5.952222342397086,5.859202418871591,7.271149471614704
9.938,economists,-4.134424886724447,11.510079820572875,11.004556578206506,8.127050219389766
9.939,have,-2.888516426086426,5.093512936809748,4.830110755170957,8.070225162766523
9.940,proposed,-7.255648612930599,8.842827136180619,8.829395170366201,10.086103283848058
9.941,rational,-9.879350662231444,4.995264860242308,5.558485513461833,12.892057251680482
9.942,"explanations ,",-17.228927463293076,14.039445288962984,14.833660779132192,28.283635216519304
9.943,rather,-11.758913040161133,4.898123873786009,4.841675098693027,15.141506592511639
9.944,than,-1.521399259567261,5.046285565971052,4.658416008194978,15.102902687600752
9.945,a,-10.642195701599119,4.566693438078847,4.625447557752081,16.109668589966340
9.946,speculative,-9.856171607971193,4.532416307053484,4.747928207649594,18.374757471480404
9.947,"mania ,",-19.310559988021851,11.156404392975389,12.064837930480296,39.756293643950045
9.948,for,-7.340909957885742,4.436819254666164,4.773304039021578,21.223443545840414
9.949,the,-15.525093078613279,4.647462054491514,4.485965942102538,23.068070343235320
9.950,rise,-15.646855354309082,4.078913184618409,4.057738227589351,18.086198413036691
9.951,and,-10.262232780456543,4.318467865882729,5.366008830603247,21.006996683972250
9.952,fall,-5.927438259124756,3.115821383085820,2.771757707185768,21.994710957875867
9.953,in,-11.555127143859865,4.152982273859815,4.213221185857783,23.007399758077788
9.954,prices .,-25.138421058654789,11.640994025915937,11.313712285826591,45.066943886868486
9.955,For,-2.324806451797485,5.974907942185956,5.401203336572429,3.057550224939794
9.956,"example ,",-2.028151717036963,10.555926477870578,9.853079502933152,9.152118980661800
9.957,other,-7.859085559844972,6.319862250742372,5.988977601239853,6.580396320962919
9.958,"flowers ,",-13.875592231750488,11.098290232793357,11.128714591980012,15.523975835009026
9.959,such,-0.493433564901352,5.342258554297447,5.464605420079701,10.000730569631887
9.960,as,-0.000077363838500,4.738553910732850,4.436683058811066,11.000364323958296
9.961,the,-2.922702789306641,5.348739164179133,5.621161891330567,13.662585346811893
9.962,"hyacinth ,",-36.453570365905762,23.772760759566289,25.466877113014569,29.940020208449752
9.963,also,-10.123946189880373,4.723290392156543,4.730542545588633,16.510583578850859
9.964,had,-15.258987426757812,4.721829220995832,5.104944516789496,17.327829462210044
9.965,high,-11.739634513854980,5.204547725249288,5.267049571149653,9.781465231327577
9.966,prices,-10.481370925903320,5.864608724772469,5.588094491744720,10.672415806657392
9.967,on,-10.740587234497070,4.999403610225302,5.521868213589012,12.253301122449018
9.968,the,-11.038902282714844,5.367511611402631,5.213951557866736,13.979572387787025
9.969,flower 's,-27.071414470672607,20.042147284043160,19.536824139515701,31.258806453908242
9.970,"introduction ,",-25.890389919281009,9.686023379916321,8.794335072048703,31.526368828608607
9.971,which,-10.838113784790039,4.298517293292797,4.214838746141353,19.660709887767997
9.972,then,-9.296298027038574,4.500433285660804,4.407461316964222,21.758045208157839
9.973,fell,-13.965739250183105,4.120981009471902,4.072378754907339,19.916818829671346
9.974,dramatically .,-33.076326847076416,20.096016499125852,20.457726495366774,41.046399691946874
9.975,The,-1.652928352355957,6.216193485653642,6.231108800665612,3.459354033097218
9.976,high,-6.525155067443848,5.723736292553749,5.418219341332589,4.452187649885532
9.977,prices,-5.326393604278564,5.867037401118496,5.691247274754584,6.111446651623679
9.978,may,-4.091498851776123,6.220401503247060,5.731803695782435,5.734079849428410
9.979,also,-0.577559292316437,4.925625591219410,4.902756212842972,7.625441829596514
9.980,have,-2.289180517196656,5.357352532349696,4.594783263193508,9.619070922073345
9.981,been,-2.548137426376343,4.599911705364304,4.266996495140692,11.604586117773259
9.982,driven,-5.567611217498778,7.852315316904170,8.240856139760131,13.609143666580396
9.983,by,-0.147565215826035,5.137002910260495,5.158292184053988,15.662279636561999
9.984,expectations,-5.751279598101974,7.829574586442597,8.841254453629929,17.962418429288768
9.985,of,-0.139052018523216,2.706665041383997,2.632220944338502,20.624198898705210
9.986,a,-1.372669935226440,4.820568396907933,5.001713788043562,23.419211966039725
9.987,parliamentary,-10.393064975688503,8.572809475805741,9.741785624737179,24.115886191689142
9.988,decree,-7.015609264373778,3.995236453609639,4.169955638371128,25.184241818064251
9.989,that,-0.004441634751856,4.226917818304544,4.264914585366308,26.187543515981268
9.990,contracts,-8.614674806594849,8.053310199064546,8.461840448782420,25.523739546537158
9.991,could,-1.972514390945434,3.449150332679772,3.133807726786805,27.013175938732022
9.992,be,-0.269169509410858,3.715109867482923,3.628084829739713,29.014230325709640
9.993,voided,-7.302122081018751,11.032484202157061,11.465403086605091,31.014833933726774
9.994,for,-9.278561592102051,5.179857856044246,5.556074439368317,32.003856797824305
9.995,a,-8.154488563537598,5.711195758218839,5.579933233215568,33.071588460175306
9.996,small,-8.436408996582031,3.671945018353886,3.888713143899375,36.914450265306904
9.997,"cost ,",-13.128032684326172,7.544173062877051,7.175845200386478,75.813541389205028
9.998,thus,-14.485589981079102,2.140012102122957,2.005029440384192,39.065393758014594
9.999,lowering,-13.231744766235352,3.282015790590534,3.782013836804927,37.472453941809825
9.1000,the,-8.789575576782228,4.330446484430271,4.389231171281920,40.198715180184294
9.1001,risk,-7.384274482727051,4.068108200082869,4.037695100907639,42.376713093584364
9.1002,to,-9.704653739929199,4.264099517675727,4.292340046768103,43.228525424662173
9.1003,buyers .,-27.386375427246094,12.103057147151533,12.175434756182861,90.801650230817629
9.1004,Despite,-4.084293483720103,11.777518685981569,11.851621305850511,3.099007384977686
9.1005,these,-4.156477451324463,5.515392674551244,4.787597736418570,5.186325549835298
9.1006,disagreements,-6.585571624804287,8.815175848682166,9.175477410623589,6.145782203120652
9.1007,about,-2.388739824295044,4.262196641350544,3.632240611134623,8.092836052683571
9.1008,whether,-2.391519546472409,10.085500758659396,10.311982566304740,10.112928440682932
9.1009,the,-1.129435539245606,5.118212536488096,5.158845136436333,13.279158603400926
9.1010,phenomenon,-10.704950332641602,4.998324839956731,5.468635557120581,14.282385009774480
9.1011,technically,-7.790701866149902,4.087316966312113,4.234832850228424,16.073662669980965
9.1012,constituted,-7.741259694099426,7.411627696863142,7.481574088762944,17.127051418455011
9.1013,an,-10.697196960449221,5.931710652944597,5.699792375879261,18.131068137438071
9.1014,economic,-6.396936893463135,4.947246399028541,5.136513518038647,20.231000533588094
9.1015,"bubble ,",-17.923981666564941,10.162269073832306,10.727439378820488,43.285033638539112
9.1016,the,-7.135493755340576,4.718470969663184,5.427685377602723,23.101244771810158
9.1017,term,-21.266433238983158,8.759863122075460,8.685114742803911,19.782912828561702
9.1018,`` tulip,-17.084007978432965,20.525985346609708,19.536395574501935,13.557906411465190
9.1019,mania '',-32.179174304008484,21.950880126513457,21.151571256861942,17.167797444152885
9.1020,is,-9.417869567871094,5.576277223772247,5.276915044129341,10.000000188357594
9.1021,still,-12.059978485107422,5.988696554362702,5.972824076640390,11.000000211447592
9.1022,often,-13.878769874572756,5.722983640628192,5.539819684258307,11.730772945325027
9.1023,used,-8.694950103759767,4.961541420447829,4.830310390169664,12.036929160695856
9.1024,metaphorically,-21.890766143798828,12.053479194584328,11.838810920689696,13.999999997145586
9.1025,to,-7.922585010528564,5.169312524261684,5.438715027260296,7.407111668435086
9.1026,refer,-13.976761817932127,4.585586433478207,4.848270310977346,10.064076186427339
9.1027,to,-8.774935722351074,4.593603588860443,4.728096899835752,12.250210488350348
9.1028,any,-10.650838851928713,5.147246362694702,4.754033417699887,12.984761479763012
9.1029,large,-7.402853012084961,5.180415838449012,5.044326827636213,15.002204090934866
9.1030,economic,-18.482906341552734,5.385778110924670,5.191367318529512,16.000001070226240
9.1031,"bubble ,",-25.151818752288818,10.922637939232844,10.599747657715945,35.000000002168484
9.1032,when,-12.715242385864258,4.680948909013332,4.411229632252722,19.287865997350444
9.1033,asset,-12.659352302551270,4.045078715554204,4.142766888756656,20.005266055007887
9.1034,prices,-14.799958229064940,4.529678570776738,4.663454817654208,22.005942044735800
9.1035,deviate,-15.356090545654295,4.125580614962656,4.642173836964457,25.301084810138274
9.1036,from,-11.432218551635742,3.950684117150578,4.041245232638262,26.207793220800763
9.1037,intrinsic,-18.306749343872070,3.145764529494343,2.955155914108889,28.036551696491244
9.1038,values .,-9.405681371688843,9.395120474799079,9.198133548498911,58.628978918124801
10.1,Tourette 's,-29.297984205186371,21.927189754220716,21.133839457994426,9.054288462470126
10.2,"syndrome ,",-18.848958015441895,12.081234057195344,11.753294210234996,11.508434862702815
10.3,a,-6.465838432312013,4.963620153621112,4.877112841877752,8.941460684396040
10.4,neurological,-23.628759151324630,8.866700203680233,9.993739199339064,6.973148910882605
10.5,disorder,-11.110193252563477,5.492916717267373,5.429579577371349,12.137393136660705
10.6,characterized,-14.834846138954164,10.070304603758537,10.382345470647854,13.050306204841595
10.7,by,-9.198499679565430,4.320960906209004,5.066901032621701,14.017824850797661
10.8,"repetitive ,",-24.388657569885254,10.786242668165839,10.892945022270073,24.417291805361746
10.9,involuntary,-19.192085266113281,5.834724838593122,5.923011579447166,9.004906480784031
10.10,"movements ,",-16.075068473815918,15.761183063733405,15.834879983413927,27.744434228033818
10.11,was,-9.814760208129883,3.656506519135125,4.539353194864757,15.205813207351374
10.12,named,-17.359364509582520,7.229185286741901,7.230531704705311,16.175335823696518
10.13,for,-10.543530464172363,4.449932074904078,4.540794110501258,17.001176932804125
10.14,Dr.,-11.400011919438839,10.330097077073793,10.688067100810599,18.002046687043222
10.15,Georges,-9.616511583328249,9.117184386264217,9.337832103703020,19.002149818051041
10.16,Gilles,-19.466759443283078,8.859055307967383,8.837050918945859,17.458763096725587
10.17,de,-15.941874831914902,9.457163061768330,10.130786808226402,20.997775144923480
10.18,la,-10.705986022949221,9.892821172862249,10.117370466423722,8.000003638565120
10.19,"Tourette ,",-34.475544929504395,15.182832052930312,14.417080229715058,22.000963506562911
10.20,the,-1.419222116470337,4.480328720528020,4.505078165460625,15.925795729783836
10.21,pioneering,-11.552867889404295,9.989632581137995,9.854184819382708,16.909589501525268
10.22,French,-7.587161064147949,5.022860490078346,5.377756298713711,17.710324262482640
10.23,neurologist,-14.235094189643860,9.274415446411766,10.176390783282534,18.646410352719801
10.24,who,-13.269097328186035,4.863403042539669,5.415910309834505,19.546589830347450
10.25,first,-13.155105590820312,6.003599686716171,6.260123309938795,20.650669840597548
10.26,described,-11.175930261611938,10.191052359884159,10.427462903677807,21.636656782146741
10.27,the,-8.458342552185059,5.561098191166949,5.921411776610713,22.642878721391593
10.28,condition,-9.786449432373047,5.225979113234689,5.108287095862629,23.723980019742054
10.29,in,-14.103836059570312,4.855727437219820,5.347336765250081,24.638183073551968
10.30,an,-12.639364242553713,5.985631630283915,6.041998206850394,25.826810932964722
10.31,eighty-six-year-old,-28.544414967531338,41.729594958798593,43.123358615076569,19.966197358157551
10.32,French,-7.014061927795410,4.984352058051646,5.105235986005335,20.985376122119245
10.33,noblewoman .,-23.965927124023438,20.011723413830495,20.147191441136009,44.901485519281906
10.34,It,-3.523702144622803,5.975466083379700,6.746003274069055,3.255935461031633
10.35,is,-1.846124768257141,5.356195530113091,5.435642911642519,5.133538266149774
10.36,almost,-5.290510177612305,4.581852012696875,4.639409292405038,7.135725265289272
10.37,always,-2.016315937042236,4.121713145711201,4.133534733547637,8.016998633156504
10.38,in,-0.866815984249115,3.755614976191190,3.766279036923866,9.019731962447096
10.39,childhood,-11.924598276615145,9.611382207657002,10.077156420626034,11.221556057115297
10.40,that,-2.871205806732178,5.590006656050195,5.792457737513597,11.978381114128787
10.41,the,-2.153428077697754,4.993198794970419,5.028378538370309,15.154225064650856
10.42,early,-8.035132408142090,4.897832096431959,5.038397430072592,16.159256096132740
10.43,symptoms,-8.246952056884767,4.535298928639785,4.274437186588100,17.279734798050498
10.44,of,-0.008852994069457,3.473279745983820,3.244938596936449,17.861541971262202
10.45,Tourette 's,-25.915857288986444,17.658316285497524,18.723502317154612,40.262845894735563
10.46,are,-19.478208541870121,3.686113246183688,3.813298168943036,16.015486725936974
10.47,first,-10.808197975158693,5.221289546786616,5.041199681117832,17.018285948653251
10.48,"noticed ,",-23.622557520866394,13.838724099684171,13.539803488783674,33.003805633079722
10.49,with,-8.556699752807617,4.041664511714060,3.744503872641689,18.000024038391572
10.50,the,-11.067903518676758,4.628354610941704,4.280477708102265,20.997914465821573
10.51,average,-14.904254913330078,4.950923169973469,4.847991255868919,22.972420392200622
10.52,onset,-15.556510448455811,8.692916342073941,9.678767634923876,25.761728335263829
10.53,between,-13.326587677001953,4.772035423151538,4.901917806346990,26.658279475429968
10.54,the,-6.798312664031982,4.578259299531314,4.413855038998530,27.714242611542343
10.55,ages,-5.080546855926514,6.692099012928785,6.964702503116749,28.755820964870729
10.56,of,-0.075982533395290,3.617598337375610,3.509938886054137,28.007959762279693
10.57,seven,-6.164455413818358,5.356855315271341,5.522799422621858,30.310819876528619
10.58,and,-3.225674867630005,5.457368613391909,5.654976816269697,31.032872285869946
10.59,ten,-19.505620956420898,9.310987841552272,9.650162911784149,32.108406039512552
10.60,years .,-16.427590370178223,12.705020941831780,12.800803085987319,67.104419129568498
10.61,It,-3.523702144622803,5.975466083379700,6.746003274069055,3.255935461031633
10.62,is,-1.846124768257141,5.356195530113091,5.435642911642519,5.133538266149774
10.63,estimated,-3.887346982955933,5.489779183020847,5.106751761471545,7.004486966417264
10.64,that,-0.117382623255253,5.070144207643923,5.219854630854875,9.021979000486072
10.65,two,-5.657080650329590,5.050492658274908,5.059333565876244,13.083288403324769
10.66,hundred,-7.931864261627197,4.313267279690880,4.451089773520879,14.504605532817347
10.67,thousand,-2.099079370498657,4.388850089395805,4.488227555769634,15.507996524006250
10.68,Americans,-2.706959567964077,8.999514764603520,8.642561883173087,14.425857257643161
10.69,have,-1.450440645217896,4.065807465095054,3.916070750111389,14.024492902931733
10.70,the,-2.978570461273193,5.552527384509728,5.820007118299914,16.407773323631030
10.71,most,-0.544382154941559,5.387262234768686,5.595277090626761,18.038125158878010
10.72,severe,-4.045267105102538,3.972573450103509,4.064060424174039,19.737982597407850
10.73,form,-5.659602165222168,4.990357310904381,5.768933245301168,20.156119953971270
10.74,of,-0.008248429745436,4.353466531368634,4.118623763596106,19.183828147114607
10.75,"Tourette 's ,",-41.816782610490918,20.971803775478932,21.824697516890645,64.027767912612418
10.76,and,-6.102215766906737,4.547107061138705,4.349047098175225,21.010670569254163
10.77,as,-12.211146354675293,4.030397829304318,4.421744079760329,21.397874234720554
10.78,many,-7.751046657562256,4.354951464141778,4.084637316862511,21.879726547000608
10.79,as,-2.784502983093262,4.209969473367170,3.942982593021999,20.001358062996228
10.80,one,-2.610782861709595,3.597838637504104,3.329082041843957,22.534892711216909
10.81,in,-4.207844734191895,3.994161730994256,3.959097335721447,23.532391151046763
10.82,a,-6.849513530731201,4.860702900015522,4.810818127568203,25.512847331171489
10.83,hundred,-17.905391693115234,3.295235423129637,3.066162810668355,25.802033584216037
10.84,people,-6.038600921630858,3.462170856567103,3.301543999362514,26.999993628527182
10.85,exhibit,-19.704582214355469,4.495537493733911,4.292852274262418,27.999974945992570
10.86,milder,-12.504958152770994,5.471995128062340,5.662770701469046,23.005151594908536
10.87,and,-11.147004127502440,4.810745674510974,4.849779505407994,23.940630667730371
10.88,less,-5.155307531356812,8.021690303527174,8.306989800796970,25.000000179066650
10.89,complex,-9.612232208251953,4.365171891884897,4.579390503306786,26.000000143122264
10.90,symptoms,-13.320178985595705,5.050160744792636,4.831403560717586,26.999198827593961
10.91,that,-5.607682704925537,4.607547282850388,4.643579928809625,24.329135281367684
10.92,include,-12.184673309326172,3.717167577771903,3.721260556904698,30.260097127335520
10.93,chronic,-9.422443389892578,5.321333598584268,5.460739315996963,31.031129138069449
10.94,motor,-19.990844726562500,4.660176694132264,5.094293532136369,28.009036220283946
10.95,and,-11.190751075744627,5.103792322371738,5.231258649849924,32.027403931546004
10.96,vocal,-11.358114242553713,4.772849159364191,4.955075697874325,34.208685928163426
10.97,tics,-11.463033556938171,7.537152624976653,7.923061201063700,35.066150937379568
10.98,or,-7.779096126556396,5.119527212288130,5.123427031719388,35.995303016286904
10.99,transient,-12.174743652343750,4.942625624014652,5.017114470246582,37.596549060466202
10.100,tics,-17.030442237854007,7.423681090232725,7.917157848295647,39.028106472576781
10.101,of,-9.707638740539551,4.116025875315983,4.056155597528057,37.268738291780174
10.102,childhood .,-22.028840780258182,19.178600898217368,19.668496070868223,85.775691938429844
10.103,For,-2.324806451797485,5.974907942185956,5.401203336572429,3.057550224939794
10.104,the,-1.457220435142517,4.906188168893038,5.210429474252548,5.437998315937413
10.105,majority,-8.393086433410645,5.673907164664652,5.557175266832171,6.779909852033937
10.106,of,-0.011182492598891,4.604935249946172,4.270364478815950,8.128332428943839
10.107,people,-5.653955459594727,4.135180425852924,5.115426756565489,10.827951996783282
10.108,diagnosed,-7.575393518549390,12.535176749200527,12.571643065344940,12.908683672588197
10.109,with,-9.106798171997070,5.026769039605210,5.252704890427903,13.943730839120706
10.110,the,-8.796412467956543,5.321672290478236,5.847410626599357,14.980776118064066
10.111,"disorder ,",-14.414732456207275,9.337851825942739,9.979713086657167,37.575853350910464
10.112,Tourette 's,-41.937689930200577,23.531967967828795,23.289060826858289,24.517445782383561
10.113,is,-15.388137817382812,5.636943600224536,5.978909391200338,6.000000643322037
10.114,not,-11.580814361572266,6.176061028004107,6.127549854496873,7.227597322952063
10.115,a,-5.518138408660889,6.146799784487226,6.193010820535653,8.529253268071647
10.116,chronic,-15.425951957702635,4.940817863423479,5.411381588145816,10.236819719415712
10.117,condition,-10.780805587768556,4.802095996369976,4.439348064396006,9.196804504305836
10.118,with,-11.953666687011721,4.427619535155151,5.251455060473348,11.212944805053606
10.119,symptoms,-11.636930465698242,3.684039328596359,3.461377217763264,12.244091328860607
10.120,lasting,-19.176502227783203,9.240563299103373,9.015428581640126,13.048941028112385
10.121,a,-10.768905639648438,5.264095356099113,5.704881509472207,13.010009888494409
10.122,lifetime .,-18.550620734691620,17.837600205741470,17.658100746514020,32.329514773226975
10.123,Rather,-5.416149139404297,6.235929130484727,6.505301466061687,3.025471958990991
10.124,it,-1.043702960014343,6.042787145545483,5.972588667670412,5.119778672581579
10.125,is,-1.476567506790161,5.103394530672153,4.711389033386512,7.089017025942765
10.126,a,-1.196338772773743,5.802203021918647,5.871520982835010,9.912049575640602
10.127,condition,-7.323336601257324,4.647676259178102,5.437844644157826,11.085669591433506
10.128,whose,-5.874944210052490,4.846673382551393,4.433879719784646,13.151371819595413
10.129,severity,-7.727841854095459,4.134515411751522,4.461884117682672,14.108051064721579
10.130,peaks,-20.250633239746094,9.669709278696656,9.374194578964458,15.213295731153936
10.131,in,-8.230842590332031,4.109143519683570,4.448819108171186,16.075059361032018
10.132,the,-12.190454483032227,4.576189602072956,4.426321773520853,17.020522439609447
10.133,early,-7.367066860198975,6.053293181939517,5.897783764256586,18.006891171865195
10.134,"teens ,",-15.035381019115446,15.698171293182078,16.860613429525991,43.003192778645342
10.135,with,-9.295059204101562,4.023788758579677,4.514910892657308,23.001142938320232
10.136,improvement,-9.891482353210449,3.077203063271517,2.874212340732210,24.000945999355487
10.137,occurring,-17.858739841729406,7.862173220462160,8.260979605598504,24.518015527096559
10.138,in,-0.918109297752380,4.118034906869119,4.156299231844291,21.728786213661351
10.139,the,-0.959024310112000,4.807505985948707,4.944174444445947,24.589117953866729
10.140,late,-10.063282966613770,5.547131112748581,6.323085873721699,25.000000485619282
10.141,teens,-16.200140476226807,7.366204415668091,7.314418555796070,28.000029546770612
10.142,and,-9.707457542419434,4.470456024507109,5.719259371580479,31.031531421128854
10.143,continuing,-10.774667739868164,4.313024392544440,4.293259555219149,32.019222670243714
10.144,into,-9.147393226623537,3.763127179913052,4.444755862662428,33.015553830317678
10.145,adulthood .,-20.606055259704590,11.420072128410375,11.269503085616771,66.996934427247339
10.146,"However ,",-2.401920590532427,17.711650165061833,16.213913459901974,7.179569697075139
10.147,approximately,-6.918386936180467,8.929857203923376,9.229444999399261,7.523472693424051
10.148,ten,-9.739036798477171,8.403058230315784,8.128523824045756,8.788358737394866
10.149,percent,-6.571695804595947,4.719379858752530,4.388348781035377,8.917362886174274
10.150,of,-0.004242349416018,4.865541775560507,4.460741098297750,9.277305221319109
10.151,those,-2.242156390857417,11.820340518459428,10.811477901209733,12.064835896451001
10.152,affected,-6.590255260467528,5.539870854777668,5.554420133978071,14.212388204470296
10.153,have,-3.476651906967163,4.023707892643589,3.825220657256363,8.355256480660959
10.154,a,-2.024237394332886,5.626528408566482,5.693707891145335,10.965050202733982
10.155,progressive,-11.263889312744141,5.235449159626478,5.294032254776408,11.918513960716027
10.156,or,-0.817808747291565,5.464948405631609,5.801746370003593,13.001313348305613
10.157,disabling,-12.523263931274414,3.495986459798718,3.602248996704728,14.006468674799244
10.158,course,-16.528747558593750,5.064854146402252,5.194371088380606,14.766018148168056
10.159,that,-10.422592163085938,5.533569263348799,5.364378568313079,14.202294699954608
10.160,lasts,-21.574342250823975,9.581758874150736,9.659690585663796,15.013273068494296
10.161,into,-10.678393363952637,3.947782091222437,4.665772336588883,16.936799823923700
10.162,adulthood .,-31.149327278137207,12.552635372691288,11.963554257940231,37.156442441648700
10.163,It,-3.523702144622803,5.975466083379700,6.746003274069055,3.255935461031633
10.164,is,-1.846124768257141,5.356195530113091,5.435642911642519,5.133538266149774
10.165,not,-3.591471195220948,4.977095033946556,4.463146984345553,6.163508356986707
10.166,uncommon,-2.957039356231689,5.921825289990253,5.698926066676012,8.071664637376875
10.167,for,-12.731834411621096,5.702535961296843,6.091442120782188,8.990892651915843
10.168,symptoms,-19.058149337768555,5.864056219804932,5.600293716348298,9.654094523335313
10.169,to,-10.241209030151367,6.090693551438139,6.203318506944367,10.004689634321576
10.170,be,-4.252561092376709,4.230202858073812,4.329124390599370,15.044337739290887
10.171,present,-7.982185363769531,3.907300381590388,4.353264052826023,17.064072830367177
10.172,for,-7.825959205627441,5.745125033110686,5.727617156134759,18.043497027391254
10.173,an,-12.187995910644533,5.277037416943866,5.163679809219829,20.025722763789560
10.174,extended,-7.729578495025635,4.672833286966627,4.661636216587408,23.017307442591072
10.175,period,-1.876670956611633,3.680230533845506,3.605162276059596,24.059455032955285
10.176,of,-12.294715881347654,4.191250205402317,4.145548159165062,25.010657598943617
10.177,time,-12.208394050598145,4.054462943516834,3.810109078888420,25.495610037642980
10.178,before,-9.894300460815430,4.341021999866944,4.752063684942997,28.070962002682442
10.179,a,-11.419471740722654,5.272723741508776,5.719282213547902,23.026080760783426
10.180,formal,-10.086900711059570,4.292720752410998,4.361514409421783,25.768312235785249
10.181,diagnosis,-7.814814567565918,3.600031753066549,3.687927805311397,26.836057800362919
10.182,of,-13.609382629394533,4.486757114194679,4.743614147384408,27.243568215443364
10.183,Tourette 's,-41.010475158691406,16.246843830006796,16.068391065343526,56.692615254914244
10.184,is,-12.406217575073242,3.145198190946485,3.999008068583410,30.525215529381342
10.185,obtained .,-17.957590103149414,15.444845944089437,16.148109740004010,64.081459687291243
10.186,The,-1.652928352355957,6.216193485653642,6.231108800665612,3.459354033097218
10.187,reasons,-7.986622571945190,11.250281323384140,11.340669483053725,4.576085639629487
10.188,for,-0.042830780148506,4.211187699149145,3.467025352521553,6.125688049513387
10.189,this,-1.889963150024414,4.960013848292180,4.944722114687648,8.211732334282164
10.190,are,-0.354194462299347,4.855905628332037,4.251335013071698,5.080604371991289
10.191,many,-7.753802776336670,5.795967265260076,5.425183160872148,7.103417111526017
10.192,and,-1.424847364425659,5.552603104545773,5.641841017509956,8.160861898228347
10.193,may,-3.304297447204590,5.210137133449346,5.345567367716784,9.652150874158515
10.194,include,-4.540447711944580,5.445409049025881,5.170603598963474,12.000552914940569
10.195,the,-1.430914998054504,5.291032462704886,5.318910407980519,14.975674752829802
10.196,fact,-0.580603480339050,4.748422096175750,4.696919170824996,15.015297825000875
10.197,that,-0.053758773952723,5.111844585868797,4.968067223219175,17.047849624344121
10.198,for,-2.374066591262817,3.641085767433250,4.067989610819851,20.059769322840445
10.199,families,-6.462724685668945,4.781343841697812,5.025515242935823,22.939610407490640
10.200,and,-5.128472328186035,5.257056720062684,5.905819545619509,23.885656171685930
10.201,physicians,-7.617899751785443,7.319486144606912,7.309314537922402,24.663311992106838
10.202,unfamiliar,-7.826483726501465,3.679366798521449,3.483105845331411,24.973918858455825
10.203,with,-13.632901191711426,3.757145839993393,4.080491276609987,25.347634677762233
10.204,"Tourette 's ,",-46.228910684585571,23.986922872148885,24.299922303171108,87.111855388291303
10.205,mild,-10.506245613098145,2.726131245376661,2.625780748499245,32.040393487448760
10.206,and,-1.451049089431763,4.995917131039122,5.301178916846450,33.041413386415698
10.207,even,-14.026789665222168,4.642093978192645,4.667161765379877,30.342163809485804
10.208,moderate,-11.015522003173828,4.026720135962778,3.837115544558595,30.793782848386130
10.209,tic,-14.379897594451904,6.476027973472308,7.617999211761157,30.294660628957718
10.210,symptoms,-16.498394012451172,4.189072966137404,3.995563532926377,32.593388804581799
10.211,may,-14.870198249816895,4.057820419354310,4.554148826025082,35.924814296472825
10.212,be,-12.254341125488279,4.245090121657167,4.727019681437317,36.924850108471645
10.213,considered,-9.215931892395020,5.300246185115374,5.214432343130998,37.995190242554656
10.214,"inconsequential ,",-27.390074253082279,20.565575109818447,21.492406784989008,44.067007113524134
10.215,part,-11.861535072326660,3.887058969060234,3.864441544540576,26.016373145955299
10.216,of,-8.638558387756348,4.738521097959493,4.501983701077678,29.078546655863963
10.217,a,-9.120738983154297,5.067795004160568,5.302981093856152,30.092770646623162
10.218,developmental,-11.952850341796875,3.815521839496143,3.767090265463112,31.094128655666808
10.219,"phase ,",-29.756338119506836,9.264950274723581,9.118461151012765,66.050495266566699
10.220,or,-10.103869438171387,4.685458449672182,4.659636631669853,33.000541142068954
10.221,the,-1.961989045143128,4.649844251269522,4.520479764366541,36.354606229076857
10.222,result,-6.907639980316162,4.646656984409812,5.268645420405536,37.525687803360178
10.223,of,-10.119410514831543,3.982541878907600,3.868506453071147,38.242219553930788
10.224,another,-10.147584915161133,4.274139907496975,4.190123254115099,39.282733516364210
10.225,condition .,-29.539841651916504,9.548550550188946,9.303388915933560,76.615631275094387
10.226,For,-2.324806451797485,5.974907942185956,5.401203336572429,3.057550224939794
10.227,"example ,",-2.028151717036963,10.555926477870578,9.853079502933152,9.152118980661800
10.228,parents,-9.658058166503906,6.161891836028863,6.685536958927766,6.475723830257372
10.229,may,-2.231981754302979,6.039216553567545,5.817023159428262,8.014509938006874
10.230,think,-6.052276134490968,4.826036933811147,4.635470514910186,10.041208860137823
10.231,that,-1.257582068443298,5.360991705438964,5.299427981409899,12.068484515326762
10.232,eye,-11.260653495788574,4.848324995441019,5.571952353283333,15.361227012579608
10.233,blinking,-11.644711971282961,9.085351907359110,9.180478268873127,16.423017440056881
10.234,is,-11.075455665588381,3.914219836169870,4.488703810626500,17.594606970214386
10.235,related,-11.026352405548096,8.727780459706581,8.769864209120040,17.114159808549008
10.236,to,-0.683045029640198,4.325110520768925,4.345160995093542,18.011707102799718
10.237,vision,-17.797563076019291,9.202157071610012,9.696663223522076,21.975726617281516
10.238,problems,-6.505542755126952,4.422115121918933,4.807993582112307,22.966489601437232
10.239,or,-5.434297084808350,5.286582420261473,5.306735045441844,24.128221066678012
10.240,that,-12.124092102050779,3.922946626856720,4.024121124704428,25.089396480159049
10.241,sniffing,-15.155987501144409,10.924722349180698,11.575496782593989,27.583192083482199
10.242,is,-9.696002960205078,3.522110949437214,3.986600610862357,28.577050812931191
10.243,related,-19.903206825256348,7.737717044023825,7.815471329048612,30.301565779067179
10.244,to,-6.577194690704347,4.247208970469650,4.369422025229500,31.536513338257645
10.245,seasonal,-10.963196754455566,3.362432855490732,3.362946024184942,31.684498316730533
10.246,allergies .,-27.030605527572334,17.685940061909694,17.077265663182430,46.113939003906410
10.247,There,-4.944071292877197,6.153958711681597,7.040097406716630,3.211298521122148
10.248,are,-1.335695624351502,5.751722993168062,5.597740210334941,5.207953799100112
10.249,many,-3.349388122558594,5.853745535833942,5.525896506211907,8.111737717748866
10.250,patients,-8.723491668701174,4.193949722133183,3.998167796055721,9.285408275932284
10.251,who,-0.085098899900913,5.214251843835219,5.556483968711462,11.459941508843064
10.252,are,-2.193663597106934,3.221701993690149,3.180566137986867,14.560060653036668
10.253,self-diagnosed,-17.269254022277892,23.629467974718647,24.851571276479874,16.134555564828212
10.254,after,-12.619525909423828,5.090537165978732,5.638045078202372,17.505996916896521
10.255,"they ,",-16.159408569335938,11.403609973957828,11.556435935086462,37.261794674204936
10.256,their,-11.785459518432615,4.592660572832924,4.432077443827816,20.001376885268712
10.257,"parents ,",-14.252460956573486,9.420788048677064,9.213343461129590,48.387076037782734
10.258,other,-5.883422851562500,5.817009059026196,6.153670652289152,27.729983390499267
10.259,"relatives ,",-3.951901026652194,13.214005012428064,13.818539581439294,57.497430800750038
10.260,or,-10.315698623657227,4.802076383016129,4.970000589083700,27.007235696879736
10.261,friends,-9.218176841735840,3.126514119491822,3.009566731133678,30.882239778721427
10.262,read,-14.815279960632324,4.508270408892354,4.774224268607756,30.084783317841961
10.263,or,-5.551947116851807,5.079786772381485,5.281172764295637,31.421839616020588
10.264,hear,-12.752806663513185,4.082381978189370,4.924915737902029,34.909667473785852
10.265,about,-12.991598129272461,4.635958682167026,4.535714392872847,33.723205981932146
10.266,Tourette 's,-38.898006066679955,17.001159329546823,17.674382026995996,52.482758099540533
10.267,from,-4.518798828125000,4.717127620588752,4.833980618456401,29.552871476644203
10.268,others .,-24.650268077850342,11.290631722062129,11.292233502192904,60.408782299833206
10.269,Tics,-18.762989044189453,10.832662271343606,11.240441607038848,3.760017363912820
10.270,are,-14.815666198730467,5.328536215983134,5.546866347210065,4.625711032700568
10.271,classified,-13.667786598205565,5.751538730388456,5.558308397880882,5.133203619211566
10.272,as,-4.726892471313477,5.138038891942567,4.698209432396864,6.030198658402099
10.273,either,-6.005364656448363,8.715574764752871,8.361581262390965,9.146558112994750
10.274,simple,-7.646393299102782,4.540970443380750,4.221345710442665,11.035267110055099
10.275,or,-2.789097785949707,6.144276273066700,6.261295072452670,12.000700197746108
10.276,complex .,-21.446520805358887,13.363679422961452,13.440184706833069,27.007411964606241
10.277,Simple,-13.572065353393555,6.671038638419549,7.147271990860403,3.473503377037139
10.278,motor,-9.578842163085938,5.246073850093841,4.567775112718201,4.435273062232316
10.279,tics,-16.581902980804447,9.055963000734485,8.879406717258901,5.410599536429265
10.280,are,-12.057683944702148,5.105476768214304,5.229154260354206,5.999982817372817
10.281,"sudden ,",-22.724046707153320,11.286571497558800,11.821779782823693,13.030912365757136
10.282,"brief ,",-10.100121736526489,10.255774073139868,10.169944021221255,19.015179055654151
10.283,repetitive,-8.773741722106934,4.892378953290061,4.705306442773598,12.019313051328266
10.284,movements,-6.609114155173303,10.111826479645226,10.122945915662404,13.034009001420007
10.285,that,-12.663262367248535,6.047437895866527,5.983423117579853,14.004410792074001
10.286,involve,-11.036757469177246,5.332216200925950,5.335828713375093,15.002989955969749
10.287,a,-8.266771316528320,5.516034131421584,5.477752789617979,16.037016004191408
10.288,limited,-19.580049514770508,5.223091323265384,5.153494942847249,16.812500345150031
10.289,number,-11.317318916320801,3.378268440949835,3.330291227042625,15.464904186532454
10.290,of,-9.833079338073730,4.978675839655741,5.427874975355118,17.570082515277971
10.291,muscle,-12.920696258544922,4.622144145984793,4.608272048067486,18.764016726490112
10.292,groups .,-18.699944972991943,12.208144033329386,11.873428801044993,40.050071126656718
10.293,Some,-4.699104785919189,6.612690617123889,6.430541161622610,3.371305742179131
10.294,of,-0.068043880164623,4.623588231464863,4.429578974956753,6.177800564387844
10.295,the,-1.136782884597778,4.991506711854606,5.101576062641035,8.618397156249797
10.296,more,-1.588411927223206,5.518967752509519,5.636373723493593,10.404783525022971
10.297,common,-5.050486564636231,4.461009623850901,4.169351593881963,11.510013510277449
10.298,simple,-8.368124008178711,6.064282891590183,5.800693746410909,11.394877021977418
10.299,tics,-14.505404949188232,8.812412445632246,9.182605141006190,12.003139435773313
10.300,include,-5.006237983703613,5.101815069647177,5.643663873896567,5.012327795252752
10.301,eye,-9.922768592834473,4.600388909818006,5.684766852017048,8.205520545557921
10.302,"blinking ,",-16.293046951293945,16.221704475650768,16.387920541021408,19.421841400243757
10.303,facial,-21.907838821411133,5.546941562387033,5.746407348775263,10.907939912267089
10.304,"grimacing ,",-19.860875844955444,22.906282881905881,23.838625997251452,23.957610878350231
10.305,shoulder,-8.776749610900879,4.586076541549938,5.710141657996188,13.325451055161002
10.306,"shrugging ,",-13.694399654865267,16.995042589450328,17.504233582997898,29.505825520598687
10.307,and,-4.134892940521240,6.899651804413825,7.000851644055031,16.179594855939751
10.308,head,-9.002446174621582,5.305396616671172,5.832534322143874,16.999506620842002
10.309,or,-8.425029754638674,6.300955282306631,6.368521367423796,17.999342667089373
10.310,shoulder,-1.794252157211304,5.377916159493786,5.684938237620297,18.996042861758809
10.311,jerking .,-26.204015254974365,26.199954324660958,26.512752908271068,33.445036281117858
10.312,Simple,-13.572065353393555,6.671038638419549,7.147271990860403,3.473503377037139
10.313,"vocalizations ,",-28.492609500885010,22.387202165394033,21.315883227217356,9.426975950032931
10.314,which,-11.207782745361328,4.560690601998100,4.860756891905765,5.782995635066942
10.315,motor,-12.826490402221680,5.852183613346508,6.109312196001707,6.693936471612794
10.316,tics,-19.553311586380005,10.244083659785144,10.042074931302944,8.201621536141801
10.317,typically,-18.194402933120728,11.368382642200528,10.526422612463172,7.132843380743110
10.318,"precede ,",-17.981327056884766,9.517127821255794,9.888324881253872,22.512910221715600
10.319,might,-8.379181861877441,3.535500571424958,3.266709546736502,14.109032253246591
10.320,include,-6.583606719970702,3.034578871919074,2.890273351047824,12.369438847630921
10.321,repetitive,-25.527307510375977,4.553907928712628,4.202061625818056,15.999368161285211
10.322,"throat-clearing ,",-49.415216922760010,25.589696520631669,25.407739428470634,20.379163171988502
10.323,"sniffing ,",-26.841961622238159,18.745345059974152,19.534864885767696,20.688056444979477
10.324,or,-3.389017105102539,5.515922975501965,5.994969318221838,9.308873834298671
10.325,grunting,-18.405259609222409,8.904406168190869,8.376371564508496,10.001903813469749
10.326,sounds .,-21.552909374237061,14.362745463419383,13.869004333843174,25.292777726575732
10.327,Complex,-14.173611640930176,6.613098598258629,6.616765626400622,3.599294086611400
10.328,tics,-14.690384864807127,8.670276923134017,8.639682737940976,4.303335104179459
10.329,are,-12.706065177917480,5.756582260059524,6.012640427832499,5.039448323643946
10.330,"distinct ,",-22.242813110351562,11.737810760233010,11.089781104020229,11.062001926269136
10.331,coordinated,-16.656088925898075,7.277017683600187,6.572821900410412,7.099208921652481
10.332,patterns,-7.151984462048858,10.217730533998619,9.662898190596461,9.076913955536162
10.333,of,-15.752516746520994,5.473900500916439,5.342532252419701,10.037255490711392
10.334,movement,-15.237314224243164,5.523598521283903,5.085346426908756,10.109360146413179
10.335,that,-6.721138000488281,5.343236232601588,5.236922694180867,11.911025456352633
10.336,involve,-18.659860610961914,4.012752161998193,3.883896473362760,14.156070670378046
10.337,several,-11.611089706420898,5.010047216718490,4.567122943277163,16.022251294288282
10.338,muscle,-10.980588912963867,4.992227787945902,5.147204584550654,18.124913627767047
10.339,groups .,-14.475851297378538,11.405682050357969,11.045814812339591,39.118479419593257
10.340,Complex,-14.173611640930176,6.613098598258629,6.616765626400622,3.599294086611400
10.341,motor,-9.575558662414551,5.918415653041213,5.657069402496503,4.395149973162702
10.342,tics,-16.665364742279053,10.081460827522816,9.827282006632007,5.348720596292876
10.343,might,-15.156254768371582,5.641802587091311,6.264735320162027,5.029141954072232
10.344,include,-4.840691566467285,4.842618910087841,4.976394700031549,5.078826756537153
10.345,facial,-14.236102104187012,4.521047618114754,5.495147583080972,7.741786514364190
10.346,grimacing,-17.111890554428101,15.063930595849699,15.442464203206846,8.015552472950585
10.347,combined,-11.282282829284668,6.105736274238920,6.082038519351213,9.837907875893553
10.348,with,-10.731575012207033,5.005523722517975,5.178180556671839,11.233095857681253
10.349,a,-7.691315174102782,5.827269832966637,6.048120135250443,12.364044536122124
10.350,head,-7.662013053894043,5.451217718924434,5.134497133506660,13.388489541213186
10.351,twist,-8.993483662605287,8.535801262263670,9.020084341451343,14.935020670472564
10.352,and,-9.279113769531250,5.914325192742699,6.294440269373353,13.001763865621589
10.353,a,-1.434681415557861,4.881974399538347,4.908946811848018,16.455409856704176
10.354,shoulder,-7.340704441070558,4.615953914342231,4.887045375116892,17.099659091942744
10.355,shrug .,-22.377292156219482,13.342280789905228,13.589077452799820,31.331935229650384
10.356,Other,-5.647668361663817,6.479386971110631,6.306567319062660,3.315991311677311
10.357,complex,-10.981585502624512,6.111458699953928,5.782258639989113,4.500824119529459
10.358,motor,-13.318826675415039,5.807606565212632,5.894453344267645,5.488536144931215
10.359,tics,-17.599378585815430,10.509494195363883,10.191673664991137,5.993673444959368
10.360,may,-3.492370128631592,6.000527139010134,5.951092588223788,5.029752757874133
10.361,actually,-4.181137561772630,10.269066795107474,10.267781200939284,7.033308273009133
10.362,appear,-6.008486747741699,4.878302876427353,4.447070882961625,9.046601145880626
10.363,"purposeful ,",-28.908277511596680,10.706228472132636,10.910547197155680,23.040234950650273
10.364,including,-10.933292791247368,6.819963577522478,7.380259058868858,13.008498694173072
10.365,sniffing,-25.454298496246338,12.000890471682082,12.298183581352387,14.041221845887197
10.366,or,-12.566255569458008,6.245561620706005,6.635198922844883,13.000992304090087
10.367,touching,-11.751069068908693,4.541401374723686,4.943385300357170,16.734848757300288
10.368,"objects ,",-12.732188354246320,14.899921949905186,15.859295556797179,35.264632159980749
10.369,"hopping ,",-15.307700634002686,13.120446832084466,13.194101822510532,39.201316018082821
10.370,"jumping ,",-9.014300107955931,10.170524952485520,10.501344348668693,43.158504749096153
10.371,"bending ,",-14.609411120414732,18.411418106668048,18.658190602622156,37.257783078561140
10.372,or,-6.694487571716309,5.775114278558641,6.162829884327357,27.999834972434172
10.373,twisting .,-22.185286797583103,20.884408884772789,20.979491902176200,58.999998909066406
10.374,Complex,-14.173611640930176,6.613098598258629,6.616765626400622,3.599294086611400
10.375,vocal,-13.442955017089846,6.398031568502732,6.329510917845663,4.634589741412394
10.376,tics,-13.622541189193726,10.005820761533339,10.140271866580278,5.000169064020211
10.377,include,-15.600961685180664,4.747103921297583,5.284829004965597,6.000003028997352
10.378,words,-13.817976951599119,5.445677904208528,5.584555153513548,6.997477838885072
10.379,or,-11.413111686706545,6.122074185408622,6.101915806404156,6.018871179985299
10.380,phrases .,-25.471939485520124,18.742092188330492,17.792557158407313,17.417247820187217
10.381,Perhaps,-4.840726949973033,18.031939153538271,17.419962794053809,3.193514878414780
10.382,the,-1.594288825988770,5.220599980180599,4.506449982068450,5.671226475727718
10.383,most,-0.110477015376091,6.422929124294714,6.057320421292204,7.712264446663848
10.384,dramatic,-4.547212123870850,4.420630264328858,4.449127408347278,8.768161260585469
10.385,and,-4.260571479797363,6.394670596197276,6.329422761564461,9.859052665796137
10.386,disabling,-12.070070266723633,4.507523194036000,4.889604582050947,10.866260357977128
10.387,tics,-25.452437400817871,8.567413765636202,8.910114589364840,10.488358504943427
10.388,include,-10.560298919677734,4.967367637541808,5.365315590815043,8.057446933011933
10.389,motor,-16.510725021362305,5.451013780804820,5.641939433608773,7.701993444444494
10.390,movements,-11.609965384006500,10.331370003168141,9.290007592349744,8.015180843326634
10.391,that,-14.191131591796875,4.862672225918589,4.987890405465090,13.058173548569586
10.392,result,-18.633415222167969,4.943683578870397,5.383565854700509,11.953518130275796
10.393,in,-8.658139228820799,4.425577555068299,4.651826145327250,16.564965445394176
10.394,self-harm,-32.100394858513035,21.096220218758084,23.166975983870987,18.559471204390523
10.395,such,-6.528891563415527,5.247723863659500,5.111364755220260,20.437221995186889
10.396,as,-7.887022972106934,4.062528376424742,3.987183813748581,20.009854745137545
10.397,punching,-16.830512166023258,8.261340273777911,8.280117228056518,21.002451680025160
10.398,oneself,-23.264875411987305,9.985453395580976,10.245642012911077,24.364597127871498
10.399,in,-9.456526756286619,4.284777527353135,4.333048037327925,21.866811860190008
10.400,the,-0.632981836795807,4.254506813678495,4.555206856922503,26.431516742514148
10.401,"face ,",-16.562772750854492,9.268035984126751,9.713160680282346,56.215089368230522
10.402,or,-4.163451671600342,5.154441433459438,5.105737975870161,29.671784932318364
10.403,vocal,-12.708418846130373,4.080428995511522,3.953258860497999,30.723441803688985
10.404,tics,-13.335565567016602,6.844963645187361,7.010655025484708,31.761149273331213
10.405,including,-9.553663359984057,7.106063935980716,8.100658624251615,28.952974170366879
10.406,"coprolalia ,",-42.784767389297485,24.480919998977093,25.719595843543019,62.970172869393259
10.407,which,-16.113557815551758,3.850642190313197,3.805567517224083,36.127748207172225
10.408,involves,-12.356686115264893,5.828953445348666,5.735145129348909,37.225459391181147
10.409,uttering,-15.892336368560793,11.359019966082645,11.420261105144155,38.999803460825504
10.410,swear,-14.108396053314207,8.296988149505138,9.144960193428753,39.999917441904330
10.411,"words ,",-20.436439990997314,8.803286661837209,8.918862772527561,80.109414137578185
10.412,or,-5.690823078155518,3.791546593693935,4.197904218517565,40.459210380464157
10.413,"echolalia ,",-44.110480427741997,13.896861621671068,13.569002012628037,84.270679002057790
10.414,which,-15.750552177429199,3.985806801521653,3.963719068437097,42.991123488139131
10.415,involves,-17.631775677204132,6.258897730718481,7.095134346723976,44.065678298890603
10.416,repeating,-15.768388271331787,5.597273785039103,5.762579180231155,47.417373977791520
10.417,the,-2.117316484451294,5.063703068621130,5.024654398583898,49.820669989962724
10.418,words,-3.721045255661010,4.941318076130531,5.136872656062345,50.837567316378468
10.419,or,-6.290015220642090,5.125499284446176,5.168321663223092,51.651721857321824
10.420,phrases,-2.248336553573608,8.595391894048822,9.080462226803212,52.720783239473171
10.421,of,-16.205442428588867,3.542970638623674,3.732245221589690,50.989368023396324
10.422,others .,-31.144444704055786,11.918378281389550,11.930255378959997,107.222504306302795
10.423,Tics,-18.762989044189453,10.832662271343606,11.240441607038848,3.760017363912820
10.424,are,-14.815666198730467,5.328536215983134,5.546866347210065,4.625711032700568
10.425,often,-11.795576095581055,6.019758365189652,5.670179628077557,5.062367555980004
10.426,worse,-9.333129882812500,5.429678532575097,5.183370300459642,6.871135666336269
10.427,with,-8.414189338684082,4.849651214194751,5.312981321658717,8.000476341739549
10.428,excitement,-19.369270324707031,4.374584825805713,4.373274013763583,10.793110545476603
10.429,or,-9.621000289916992,6.108697847633353,5.797736154421470,11.000000066187713
10.430,anxiety,-18.152181625366211,2.983811483823532,2.606700340652551,15.010477520436375
10.431,and,-5.496785640716553,5.550137775955820,5.441743804683916,15.999999994161554
10.432,better,-13.717149734497070,4.355610278097709,4.757259945369307,16.999962088098300
10.433,during,-9.431759953498840,9.261426999237985,9.621248181584194,13.512525052818694
10.434,"calm ,",-26.341551780700684,10.427600732744647,10.438767104867537,29.135784308091232
10.435,focused,-16.440380096435547,5.012378745611981,4.754888946359690,17.325460187997557
10.436,activities .,-24.200414180755615,12.434018405833307,12.106817388320639,38.949646234544716
10.437,Certain,-9.526614189147949,6.775100800669954,6.396756741756579,3.585676973831157
10.438,physical,-10.541747093200684,6.710062321078714,6.206374456057089,4.560898437309304
10.439,experiences,-8.614993155002594,10.253067836692139,9.420526759471974,5.451691720260309
10.440,can,-17.915054321289062,6.272139112275410,6.428210901292047,6.288178972231778
10.441,trigger,-9.410705566406250,5.056399776501759,4.819662612219830,5.150510163513231
10.442,or,-7.977911949157715,5.717787116386846,6.594770498274076,6.000016348134153
10.443,worsen,-8.318450927734375,4.672384948762027,4.308231410018648,8.181297537725410
10.444,tics .,-27.226844549179077,20.190989332940099,19.751615390391819,19.258545560377229
10.445,For,-2.324806451797485,5.974907942185956,5.401203336572429,3.057550224939794
10.446,"example ,",-2.028151717036963,10.555926477870578,9.853079502933152,9.152118980661800
10.447,tight,-12.614182472229006,6.327031309948572,6.754833657132210,6.828297609048589
10.448,collars,-12.589911967515945,13.494337065819405,13.707089266350893,7.849869985790463
10.449,may,-19.068607330322266,5.080374062279632,5.604774524587383,8.666504051695046
10.450,trigger,-6.873663425445558,5.072976056086512,5.159140628049149,8.348738227723835
10.451,neck,-14.025399684906006,9.476396607700003,9.039040360241176,9.046197407743973
10.452,"tics ,",-23.058580636978153,16.108948999781902,16.332831890297044,23.424992734111811
10.453,or,-4.656750202178955,5.714438558052358,5.629755737876494,14.304351424370713
10.454,hearing,-15.250469207763672,5.257244524588145,5.059004698159949,15.000199057827427
10.455,another,-8.413395881652832,4.941222562908492,4.793971419735343,16.265894187837247
10.456,person,-7.351698398590088,4.066879001817105,3.816797369817098,17.999935517852926
10.457,sniff,-20.010990619659427,8.752566681313530,8.940913784772521,18.581924469848008
10.458,or,-9.149971961975098,5.832225648100557,5.670554816253843,22.037366461302394
10.459,throat-clear,-26.191391944885250,18.735588306395531,19.230423809159447,23.073074317823032
10.460,may,-13.480448722839355,4.552764119876327,4.856605343267869,23.969529822591468
10.461,trigger,-11.360873222351074,5.373356384160938,5.180853799808887,24.999996484892286
10.462,the,-8.626622200012207,5.659107134850607,5.747118878769952,25.999991391135488
10.463,production,-11.588717460632324,5.277860444873457,5.159804597978298,26.999880265812980
10.464,of,-8.410591125488281,5.447371287701598,5.487912842648192,28.000101281763850
10.465,similar,-13.470200538635256,5.340379468912257,5.340165433368797,29.013125723078886
10.466,sounds .,-21.564159393310547,13.808409913288838,13.934566741726982,54.966995316454216
10.467,Tics,-18.762989044189453,10.832662271343606,11.240441607038848,3.760017363912820
10.468,come,-16.494577407836914,5.430389332129019,5.499078014337937,4.697696096406281
10.469,and,-12.607391357421875,4.834382390930150,5.685261323855858,4.000001964044576
10.470,go,-4.823055744171143,5.319670173140028,5.133123324100292,5.000000055737903
10.471,over,-10.808308601379396,4.828220302218816,4.707250073955120,7.069505381264968
10.472,"time ,",-22.783843994140625,11.074993643834583,11.216203842027213,18.253929435543583
10.473,varying,-18.817723179236051,6.980354882662492,6.383609960864074,12.059824112177438
10.474,in,-8.087661743164062,4.881844516916206,5.021889225865096,13.000000074606099
10.475,"type ,",-26.696544170379646,14.066909530518915,14.808778944259075,32.188415995784638
10.476,"frequency ,",-18.105744242668152,10.824233710707396,10.783478372318754,37.035066008816074
10.477,"location ,",-8.975561499595642,7.942626314811274,7.802507960138183,40.999970224479966
10.478,and,-3.627430438995361,5.389654325977871,5.322578680603563,21.982843725466886
10.479,severity .,-20.486149787902832,14.012299787199483,14.291043604290939,46.999994272357682
10.480,The,-1.652928352355957,6.216193485653642,6.231108800665612,3.459354033097218
10.481,first,-5.819767951965332,5.960906284545505,5.949621816781077,4.666853550770002
10.482,symptoms,-11.502418518066404,5.442040825193295,5.618406738285461,5.744507829459938
10.483,Tourette 's,-29.689895935356613,19.080942982812289,18.985738184524514,17.406337900869268
10.484,patients,-16.846885681152347,5.232542024064425,5.048806105722390,9.366614008401543
10.485,experience,-16.535436630249027,5.444015444721167,5.199925715045080,9.540972797330580
10.486,usually,-10.597094535827637,5.004016004684014,4.846705850041691,10.536964526139883
10.487,occur,-8.817955017089844,4.901976721206035,4.547273168002597,5.109659379349706
10.488,in,-7.068349838256836,5.152508393656448,5.377105745152138,10.053551735462657
10.489,the,-10.579046249389648,5.659528718947272,5.318969234960691,5.829610675316695
10.490,head,-12.491354942321776,5.767996953337582,5.186222628622867,8.156410027613857
10.491,and,-10.152534484863279,4.978794253610221,5.990680533872005,11.998319800289268
10.492,neck,-12.650346279144287,7.356821665287518,7.130734028236540,12.059371657501481
10.493,"area ,",-25.029974937438965,10.345613504797566,9.832912435959509,26.999945052505247
10.494,though,-9.416421890258787,5.406512545661143,5.141310805968084,15.000023461077182
10.495,they,-15.227097511291506,4.592830174375487,4.451584916791141,15.720451083530426
10.496,may,-12.336750984191895,5.642939738030669,5.198019533453187,11.002218339669948
10.497,progress,-8.882859230041504,5.456562912217937,5.728162462279379,14.038997547728787
10.498,to,-7.609589576721191,4.270272521566243,4.111002919298364,16.002978607905778
10.499,include,-10.292271614074707,4.935432506131360,4.686917206310118,18.881689342449654
10.500,muscles,-20.137857913970951,9.302172441063242,9.928267246446087,21.912717673401904
10.501,of,-10.039026260375977,5.416842206583404,5.509001448584896,21.059060882266095
10.502,the,-1.375705242156982,5.594698074468774,5.750402738038808,26.155687213654971
10.503,trunk,-10.143945574760435,8.104567437799817,8.487560876137946,27.049572201619419
10.504,and,-10.068278312683104,4.960499305175175,5.545743741072352,28.270196512716108
10.505,extremities .,-27.113016203045845,32.086521135736355,34.208480877304424,63.016495061696872
10.506,The,-1.652928352355957,6.216193485653642,6.231108800665612,3.459354033097218
10.507,symptoms,-10.669778823852539,6.122184987144264,6.654311748842367,4.524471654345137
10.508,of,-0.029201198369265,3.974167091381378,3.206862165379277,6.124693602808150
10.509,Tourette 's,-26.064049253240228,19.163952852563298,19.529673945320909,18.708472023044592
10.510,are,-19.441894531250000,4.420276594014462,4.116996707639037,5.024632978485848
10.511,"involuntary ,",-23.061207771301270,10.226311415653214,9.812464830146446,18.445540758965812
10.512,but,-8.415919303894043,5.083327695508976,5.016742914335858,10.999984616952577
10.513,there,-11.859200477600098,4.873262619354788,5.154684734360766,11.999922248458180
10.514,are,-10.673739433288574,5.404605052513981,5.511178981712719,12.999954009606578
10.515,some,-11.650056838989258,5.537597267751837,5.243852965885289,10.106289906309065
10.516,people,-8.077318191528320,5.179431499900664,5.173008153247354,10.927671745611562
10.517,who,-11.183303833007812,5.932319105400512,5.615350991142856,10.041560087195526
10.518,can,-3.408191204071045,5.353250519450088,5.018359909293912,12.071736610477785
10.519,sometimes,-11.902441978454590,4.914961215699731,5.029123140058263,14.039461417609591
10.520,"suppress ,",-26.998867511749268,12.910622522727310,13.649424494070656,32.052589977513129
10.521,"camouflage ,",-22.958730697631836,8.851754586727512,9.182899622740361,44.312053445311030
10.522,or,-7.943056583404541,4.733593695470235,4.990211471301741,24.000038339115356
10.523,otherwise,-8.541063308715820,2.781763758152140,2.632139723544805,25.000000527768741
10.524,manage,-10.417179107666016,3.365286493724899,3.304097932203132,27.047530041731981
10.525,their,-5.164631843566895,5.567019696683616,5.406965845926889,15.403931802075501
10.526,tics,-13.717079997062685,9.652463867538650,9.541781880927658,14.238535789184160
10.527,in,-12.363494873046875,5.110418690367553,5.766123399004396,17.185723798465375
10.528,an,-14.119814872741699,6.188875540524642,5.991309213319275,16.809181451426962
10.529,effort,-6.099417209625244,4.647048230500482,4.533109531468702,22.110959039114359
10.530,to,-9.184120178222656,5.684557908258661,5.754894945301187,33.906768072360968
10.531,minimize,-11.821298599243164,4.618023305174334,4.436918790407732,34.999991175753706
10.532,their,-9.926482200622560,5.182997116971175,5.018336227640597,35.999978788977202
10.533,impact,-9.709102630615234,4.640978566697401,4.520781447271034,37.000077366431739
10.534,on,-11.711860656738279,5.101242090562287,4.933366182659137,12.015376243922784
10.535,functioning .,-21.465517424046993,18.876277315326000,18.822481933516066,57.851959284742009
10.536,"However ,",-2.401920590532427,17.711650165061833,16.213913459901974,7.179569697075139
10.537,people,-5.507678985595703,4.938067200220472,5.744828112218282,6.897797794430216
10.538,affected,-5.106590747833252,5.822383802854392,5.881898879279087,9.088085598924968
10.539,by,-0.006008774973452,4.987543725940736,5.208914232197912,11.090705380503801
10.540,Tourette 's,-25.047404435215871,15.699941927989727,16.499241627885986,28.661260121537019
10.541,often,-19.735027313232425,4.381425419407767,4.842735452526137,15.809408539050324
10.542,report,-11.775997161865234,4.184520205852822,4.383585440899282,15.954907435063513
10.543,a,-10.061450004577637,4.479056384615361,5.171686410176553,14.913297649943280
10.544,substantial,-13.047765731811525,4.291811422685213,3.813339209044584,16.077533924738265
10.545,buildup,-13.612786293029785,5.524033545156762,5.819040627322347,12.342281063925956
10.546,in,-11.498421669006348,5.137882663159184,5.399598556149964,13.186491512449026
10.547,tension,-9.100234031677246,3.633413765879823,3.341992812601810,14.192863986784847
10.548,when,-12.994456291198730,5.418574605508941,5.299588150840059,14.140345447233393
10.549,suppressing,-18.749196767807007,11.848398877195105,11.790764894245100,17.363759750257689
10.550,their,-17.109477996826172,5.946928974290695,5.843726914055095,16.967072974983548
10.551,tics,-14.122685909271240,7.860934112533005,7.951486390672461,16.136363861892846
10.552,to,-9.515454292297363,4.953670341208919,5.147211320817107,17.031762167765528
10.553,the,-1.913480758666992,4.810464138755948,4.713028189886757,21.593129126852226
10.554,point,-3.511970520019531,5.390654697894927,5.594160982046679,22.000083963216333
10.555,where,-15.168648242950439,8.769829168867288,8.691795415163138,22.976113347189287
10.556,they,-7.412530899047852,4.625474944154195,4.346597747975549,25.109505446424262
10.557,often,-16.315177917480472,4.262787454437446,4.122701267258194,26.167378814380360
10.558,feel,-14.994508743286133,4.692898817500488,5.192205609523437,28.374684800546106
10.559,that,-6.269624710083008,4.515784965043498,4.491332596422076,32.295584966501465
10.560,the,-8.600275039672853,4.774208563718309,5.044367277340786,34.225197526134785
10.561,tic,-13.448664188385010,6.587619843715496,7.283866060191494,36.276632009410001
10.562,must,-11.720526695251465,4.438168584944449,5.000786741829232,38.108469743248833
10.563,be,-9.186596870422363,5.013320276330355,5.731043164328343,41.016381117848823
10.564,expressed .,-27.709445476531982,16.724726911534304,17.531689433468458,84.999759814439429
10.565,Tics,-18.762989044189453,10.832662271343606,11.240441607038848,3.760017363912820
10.566,in,-14.424524307250975,5.408625195593968,5.372766426817872,4.856045268050121
10.567,response,-16.960693359375000,5.363065551062837,6.164225256215785,5.939070780937248
10.568,to,-9.094362258911133,4.058125319338528,4.901524658717952,7.660132906695093
10.569,an,-11.422183036804199,5.014961468228538,5.121584782978823,10.046752164455759
10.570,environmental,-11.126813888549805,4.826476463945111,5.212626732512586,12.730837173430464
10.571,trigger,-9.421332359313963,4.023001110356573,4.559655465225038,13.755303369030134
10.572,can,-11.143964767456056,5.665752348070911,5.449186562322394,5.012800593582463
10.573,appear,-5.230671405792236,4.514606805386643,4.541934308845248,5.125975323933289
10.574,to,-3.108753681182861,5.732636954794811,5.787175721717720,7.191522673207822
10.575,be,-0.739544928073883,3.381641311364347,3.047916524867603,10.119098646885547
10.576,voluntary,-13.797058105468750,5.548671605827792,5.554165415394245,12.221387079215393
10.577,or,-8.902503967285156,5.140007351041151,5.714776938587370,13.000079110685720
10.578,"purposeful ,",-20.384073734283447,9.645784266031459,9.179301346022669,32.108918434705636
10.579,but,-2.828848123550415,5.986029060617581,5.894379095063697,17.090601126721673
10.580,are,-10.540017127990724,4.868158654946243,4.787660792886905,18.095939331971799
10.581,not .,-16.218471944332123,13.563801877272461,13.639204136700984,39.093169253225724
10.582,Many,-5.543409347534180,6.478430949512409,6.239843607132539,3.424720174522012
10.583,people,-3.582552433013916,5.932291443300289,6.080582205165737,4.417370075780752
10.584,with,-2.725572586059570,4.313687774835359,3.893346053417928,6.162951291912282
10.585,Tourette 's,-30.354621517471969,18.547909070524437,18.962178754737515,18.839071903058432
10.586,experience,-13.087353706359865,4.796049670443653,4.574849337256373,9.574832637902432
10.587,additional,-17.270059585571289,5.327495690313173,5.163147705609637,10.311605951574377
10.588,neurobehavioral,-51.871256351470954,23.522803880498170,25.007729855233869,10.781292650509153
10.589,problems,-9.457423210144043,6.275176276193532,6.228258347910013,10.998052827639194
10.590,that,-16.197645187377930,5.155112932787763,5.328534852780258,6.019928801182633
10.591,include,-11.256191253662109,4.885760987252478,4.499880229758864,7.039582324818586
10.592,"inattention ,",-25.382798433303833,20.756870279588082,20.252561765546972,17.026533469769209
10.593,hyperactivity,-10.760370984673500,6.189304295707762,6.271659048213909,12.638265260001102
10.594,and,-17.310096740722653,5.865588760362614,6.004486601938112,11.106242286191740
10.595,impulsivity .,-40.240402221679688,26.749743752637578,28.463486303812580,30.432557639064612
10.596,People,-6.451203346252441,5.907206511505035,6.602319678941750,3.711258141169324
10.597,with,-1.519751548767090,3.764068479146345,3.547916426996572,6.224372908032302
10.598,Tourette 's,-30.133208052255213,18.705479285091300,18.973438672757691,18.710078723766472
10.599,have,-17.739725112915039,6.119729867861825,5.802431249933973,5.028267941608768
10.600,also,-8.780650138854980,5.905196485192247,5.547149307443564,6.028090856220202
10.601,reported,-8.155805587768555,5.666056366708387,5.711942667314827,7.107456168335197
10.602,problems,-12.640023231506348,4.503787828045364,4.559758970463488,7.716997896102555
10.603,with,-9.385535240173340,5.362326859603551,4.973339326650548,8.006182810949662
10.604,depression,-12.408661618828773,8.645775066335561,9.657330582757668,11.000001433322556
10.605,or,-11.065884590148926,4.461685671982668,5.133489546807456,13.000003262229537
10.606,anxiety,-7.607045650482178,4.172645162584138,3.751722849350581,16.193244573663307
10.607,"disorders ,",-19.364846944808960,14.067767698584325,14.174573847058618,35.067571812873169
10.608,as,-10.091474533081056,4.367971419753459,5.075337957114678,19.018137073250930
10.609,well,-1.638015031814575,3.883126106236728,3.654081904269801,20.010443109187765
10.610,as,-11.798598289489744,5.098835892037133,5.258918093717202,20.999998241847251
10.611,other,-14.159485816955565,5.627661265078691,5.527872871148451,14.038684171366922
10.612,difficulties,-14.444958209991455,9.285565750015753,8.660513689954241,15.000563705201184
10.613,Tourette 's,-39.029534101486206,21.170353122897247,21.251186839454611,38.350342975972637
10.614,syndrome,-17.682125091552734,4.001545504689842,3.850148367321330,22.356866287628137
10.615,may,-11.270833015441895,4.486273298147422,5.034979592080836,24.003192621322881
10.616,or,-11.677510261535645,5.641866307783848,5.683495198395073,24.995258261369862
10.617,may,-6.024244308471680,3.373090048948445,3.553692694330044,26.190111849186849
10.618,not,-3.068378925323486,3.552434296181856,3.406464640596790,27.412017654540442
10.619,directly,-13.153791666030884,8.506775753556859,8.464087618179683,26.054897516021288
10.620,cause .,-7.378509044647217,13.238122940220746,13.057783556550412,54.018872624033747
10.621,Tourette 's,-29.297984205186371,21.927189754220716,21.133839457994426,9.054288462470126
10.622,is,-11.120060920715332,5.930292195679383,5.735135010821064,5.047212661918594
10.623,a,-9.002741813659668,6.256353746688097,5.969786926267212,6.080553340260574
10.624,diagnosis,-14.866354942321776,5.013487100237798,5.426042169269653,5.999975402202095
10.625,doctors,-10.589536372572184,10.418013627901619,10.174595374267332,7.448647724907778
10.626,make,-16.663002014160153,4.902105923419148,5.419875128032935,9.940445149579054
10.627,after,-12.740544319152832,5.044922381478581,5.675231716841459,9.842566628632026
10.628,verifying,-15.027697622776033,10.748698348258081,10.326122124837145,10.319508704867678
10.629,that,-12.242939949035645,4.238173816948477,4.128515442754591,13.973349206064539
10.630,the,-9.834235191345217,5.320709196121286,4.865778716163646,15.000961877425349
10.631,patient,-11.219599723815918,4.003338841142903,3.836053113112260,16.000000624942960
10.632,has,-9.861972808837891,4.190499296122806,3.943016766126685,17.000000031517153
10.633,had,-12.741787910461426,3.903058775298753,4.616464940444513,22.220863310667610
10.634,both,-7.933946609497070,5.458496813894357,5.433384933461013,25.056479002052150
10.635,motor,-9.725063323974609,5.299377944001085,5.769670426078348,26.054897702153131
10.636,and,-10.405913352966307,4.541703193708007,4.728067322842380,26.607014489439699
10.637,vocal,-13.904880523681641,3.628520346663480,3.743945167513064,28.565832345947520
10.638,tics,-17.218439102172848,7.762223817254558,7.971377968187890,30.822964024746465
10.639,for,-14.107309341430664,4.443614751059172,4.917683851539716,32.000733827666394
10.640,at,-13.105801582336426,4.894846041738386,5.253201627188664,33.207011215470445
10.641,least,-4.898593902587892,4.936931221170887,4.948205791435540,34.004140134876835
10.642,one,-2.570286512374878,3.887636734345707,3.809288917709156,35.022646163103808
10.643,year .,-27.460287094116211,16.388587730551123,16.184616356116869,67.160427663919890
10.644,The,-1.652928352355957,6.216193485653642,6.231108800665612,3.459354033097218
10.645,existence,-8.976164817810059,5.129678517545852,5.628956381818718,5.042625330191728
10.646,of,-0.004678256344050,4.738185442999568,4.568485414990583,6.220003932855254
10.647,other,-7.046049118041992,5.763066994240267,5.516788518171632,8.681503080134684
10.648,neurological,-13.152301642112436,9.551046421392897,10.715417938389214,9.410266822456226
10.649,or,-7.824534416198730,5.753760479499551,6.576057332784837,10.886930202621976
10.650,psychiatric,-5.948547363281250,3.335060491541443,4.009356740840471,11.947470401981585
10.651,conditions,-19.521216571331024,9.610999953921725,9.839214454471726,12.446685158632105
10.652,can,-10.057526588439940,5.149591054168345,5.290730059692806,13.348589242693686
10.653,also,-12.416965484619141,5.381163775791753,4.909594208813658,5.020587113153739
10.654,help,-10.970077514648438,5.800576153987839,5.514539483044714,7.003852615204872
10.655,doctors,-10.972993209958076,9.597387847576016,9.739166927364057,9.019189427593174
10.656,establish,-13.939199447631836,3.674286960842784,4.905253968596347,11.003866233245152
10.657,the,-12.933549880981445,4.998014506161058,4.776746406116066,14.033441648026171
10.658,diagnosis,-10.047595977783203,3.694000924507850,3.641630850332322,16.190759017858472
10.659,of,-10.692772865295410,4.179276922562709,4.333161855675749,17.057958551998233
10.660,Tourette 's,-41.631612300872803,16.500024375422615,15.967505191476185,36.651996786609473
10.661,is,-12.499706268310547,4.190577762842207,4.037508567938152,20.161462842836411
10.662,the,-9.776964187622070,5.009753252523642,4.837708585624602,21.055784192467328
10.663,correct,-8.898689270019531,4.469254461536343,4.271418661986855,23.241141219765129
10.664,one .,-12.912231922149658,12.792129195836910,12.441263512685735,46.746684917978669
10.665,Knowledgeable,-19.454048156738281,11.941618690115225,12.067419061666666,3.193708927535782
10.666,clinicians,-13.858078956604006,10.825261474578495,10.542549635499917,4.210833527103326
10.667,consulted,-26.310212612152100,11.864934350937212,12.519768458937442,5.224840099667059
10.668,by,-7.319494724273683,5.473023558843837,5.775837844276579,6.179879086109443
10.669,patients,-7.466689109802246,5.614098709023434,5.574049962192992,7.000170003545390
10.670,do,-16.005844116210938,6.170059920748985,6.780834850378593,7.951243211223520
10.671,not,-8.231788635253906,5.929237904728299,5.679896267495447,8.999476473452054
10.672,often,-13.620913505554199,5.724836435223677,5.544762667928826,10.000717912202935
10.673,misdiagnose,-15.768541812896727,11.327064202710881,11.354493243264955,7.145578701292778
10.674,common,-9.095995903015137,6.109225219247817,6.267824635282540,9.990313297454421
10.675,tics .,-25.251759767532349,15.797045079209980,16.135883213300851,25.761924051197539
10.676,"However ,",-2.401920590532427,17.711650165061833,16.213913459901974,7.179569697075139
10.677,atypical,-24.471948623657230,5.637097833914541,6.172212278645332,7.169425656756941
10.678,symptoms,-9.788266181945801,4.534622520724184,4.573140689646512,8.174819790334569
10.679,or,-9.235464096069336,5.807337860762942,6.232414026320710,9.128474819291467
10.680,atypical,-12.984951019287109,5.049185486955658,4.832409343218171,10.164850671915454
10.681,presentation,-11.671577453613279,4.593978358319164,4.312877789632259,11.198359264017169
10.682,such,-16.446886062622070,6.510355537877671,6.404800224892370,12.236073080113480
10.683,as,-5.141342639923097,5.029117604976113,5.293842533878014,9.225613445728374
10.684,onset,-23.831386566162109,8.892206185400463,8.241439693177991,11.336255819502325
10.685,of,-6.779462337493896,4.423932407816443,4.104247033865377,11.999881954919191
10.686,symptoms,-6.482946872711183,4.754434099207616,5.053676360801449,15.665505600929086
10.687,in,-15.186555862426758,4.398614224144857,5.061585264290696,16.286672557844742
10.688,adulthood,-23.778244018554691,4.652798262859512,5.066960667890219,18.087190233459424
10.689,may,-10.647924423217773,4.694285947842020,5.524623597028025,20.199430558859696
10.690,require,-14.423105239868164,3.932410430581543,3.903254662530805,20.503415640716568
10.691,specialty,-11.685474395751953,5.532159234699215,5.976205507849711,23.394617123160184
10.692,expertise,-10.903631895780563,9.025561876296234,9.032300614361892,24.968480189371839
10.693,for,-16.653312683105472,4.861649923265143,5.390459224046590,25.938418542033826
10.694,diagnosis .,-24.527693271636963,13.422767660893923,13.968610270300488,34.041523647920883
10.695,There,-4.944071292877197,6.153958711681597,7.040097406716630,3.211298521122148
10.696,are,-1.335695624351502,5.751722993168062,5.597740210334941,5.207953799100112
10.697,no,-2.892243385314941,6.190260658811844,5.798819537372348,7.816763249447610
10.698,blood,-9.197273254394533,5.144730177084352,4.995879706739593,8.787403221997502
10.699,or,-4.516014575958252,5.649790331027224,5.986245017532231,9.834235511825392
10.700,laboratory,-6.040719985961914,5.024009190302111,5.179824068201697,11.769933582851539
10.701,tests,-1.276161838322878,10.417863241688618,10.070209617993855,12.281674037211854
10.702,needed,-2.682715177536011,4.985022141920743,5.289145064448705,9.235083912123500
10.703,for,-0.256886810064316,3.889268067892879,4.208177016489045,11.217703650881793
10.704,diagnosis .,-20.661471843719482,11.938671984157981,12.401673277845386,28.925833373510713
10.705,"However ,",-2.401920590532427,17.711650165061833,16.213913459901974,7.179569697075139
10.706,neuroimaging,-25.825679779052731,10.355810721770103,11.323931893055866,6.341950734943107
10.707,"studies ,",-17.556594967507408,15.609083758101164,15.997703682154494,15.550309312214296
10.708,which,-17.411556243896484,4.136902761804060,4.047473695434888,9.322672064716246
10.709,include,-19.004821777343750,4.720994539903031,4.669827956857000,10.718241824061824
10.710,magnetic,-14.209163308143616,8.944167262901605,9.228601418697473,13.038736743002481
10.711,resonance,-11.246834933757784,13.439809238007948,14.248506310052614,16.116522953816901
10.712,"imaging ,",-11.990805745124817,14.231692411023296,14.975773411612252,35.143528948251159
10.713,computerized,-8.172608375549316,4.463666080385403,4.546179261077532,19.044416378577129
10.714,"tomography ,",-14.321347832679749,19.496687425285742,20.299700535491475,40.979602447858511
10.715,and,-11.782068252563475,4.107986080992228,4.311938007006416,18.822048458625158
10.716,"electroencephalograms ,",-40.873319588601596,22.461920944985980,23.594792557275824,41.278518528180172
10.717,as,-11.816161155700685,5.497403476947901,6.045493700968016,21.952321703473292
10.718,well,-0.062716588377953,4.279202183928135,4.276790088547971,23.000004829571662
10.719,as,-8.249955177307129,5.492255364278908,5.678340636594497,24.000006037996357
10.720,certain,-8.579237937927246,4.679782451925676,4.752444294699070,25.000017167272659
10.721,lab,-8.696615219116211,7.957233744957048,8.147547283848333,26.000068360316455
10.722,tests,-2.707531064748764,9.000945914070638,8.797542848466785,27.000094584342733
10.723,may,-16.933721542358402,5.187198304441539,5.343652778461952,28.000006634220377
10.724,be,-9.198494911193848,5.988738515739643,6.128122158075710,29.000000704957209
10.725,used,-17.091598510742188,5.154632903896685,5.053275401851545,30.999988435820807
10.726,to,-12.478314399719238,5.737759224074686,5.675467711891860,24.054666793306371
10.727,rule,-11.626198768615724,4.418090493476487,4.372648463841156,24.743025930280275
10.728,out,-6.474620819091798,4.394810134523833,4.754054855711161,24.834246869464550
10.729,other,-4.359511375427246,5.833467072890993,5.698440974419405,25.431810255281647
10.730,conditions,-6.885185104561971,9.527553129246444,9.773178504182995,25.999975708580127
10.731,that,-16.927787780761722,5.677815332153243,5.636369961453885,27.000129288862986
10.732,Tourette 's,-39.874620832502842,20.746399020757750,20.070282172565939,18.000025911114200
10.733,might,-10.586603164672852,5.222210725980611,5.326487280876191,12.000016297022686
10.734,be,-1.990068912506104,4.209988630103385,3.891804809955141,14.999995002521482
10.735,confused,-6.653757572174072,5.296875520883980,5.244986885424331,17.000000818100389
10.736,with .,-20.998374462127686,12.672387366258812,13.003289109579544,40.998420713916779
10.737,In,-0.854278802871704,5.446170861282591,5.128128755821979,3.052227717314575
10.738,terms,-5.591103553771973,5.453174912972472,6.158857296176483,6.115662881426010
10.739,of,-0.000709996849764,4.970697307733153,4.330921725366934,8.133487073890741
10.740,the,-3.066124200820923,5.123505411107611,5.229559181284932,10.758900308618509
10.741,role,-6.397449493408202,3.968274703788877,5.067360051807563,12.094923054809414
10.742,of,-0.020033054053783,4.221673354135611,3.680357712535861,13.137084017011833
10.743,genes,-10.711935997009276,4.333803719112404,5.129025653013827,15.113439346202902
10.744,in,-0.063131660223007,3.664383597308206,3.270725890984107,15.113372702860410
10.745,the,-1.596476078033447,5.745110375658492,5.647782639971008,17.423849926340299
10.746,"disorder ,",-6.377845659852027,10.096909976150272,9.893431422809126,22.327301011009826
10.747,evidence,-9.335934638977051,6.081967953293990,6.487614039967827,6.658249828063946
10.748,from,-2.936353206634521,4.159621877032596,4.213259116363844,9.022481421956384
10.749,twin,-13.279361724853516,5.673253176780728,5.554190125075237,11.240482138308137
10.750,and,-6.780392646789551,5.421561967530880,5.632154927975288,12.156088545666034
10.751,family,-6.365650653839111,4.563665839873256,4.102353926256699,13.212722410485899
10.752,studies,-3.996586084331283,8.661790014256196,9.095231777548678,14.197863729412047
10.753,suggests,-22.207252502441406,9.481854916247670,8.535265925744469,8.000000012017850
10.754,that,-11.836102485656738,4.850944622609616,4.671824222650004,8.017634940351888
10.755,Tourette 's,-38.310801506042480,18.817974761548228,19.397638685189484,24.827259069730232
10.756,is,-15.538927078247070,3.917818949428420,3.957124042821900,13.999687915592535
10.757,an,-12.275247573852539,4.930314195375909,5.398111070320529,14.972404867543705
10.758,inherited,-10.249471239745617,20.195974374286521,20.632643501718864,15.907954076799875
10.759,disorder .,-25.674252986907959,12.548282489479284,12.370447648795240,32.248777461550674
10.760,Although,-2.264736413835635,12.800696217244464,13.047027419851570,3.073619754273389
10.761,early,-8.494287490844728,5.409429126336065,5.706481263449856,6.377423656476616
10.762,family,-10.792222023010254,4.966749583862090,5.454789226633340,7.304821466287200
10.763,studies,-6.546408176274781,8.300430720802606,8.996821829573539,8.274666133052047
10.764,suggested,-5.785311698913574,8.454356985904264,7.945393213120288,8.054222567608019
10.765,an,-2.776478290557861,5.549680195755512,5.292901188336097,11.274688287777336
10.766,autosomal,-30.890861034393311,14.716952384882848,16.848306670656864,12.136748800489881
10.767,dominant,-13.802886009216307,5.250289812615407,6.085731285069804,13.232883426237265
10.768,mode,-10.923946380615234,8.178130822608603,8.485906731367024,14.219145137060124
10.769,of,-18.052431106567386,5.113817381033743,5.330702437463809,15.116385564016955
10.770,inheritance,-15.447988510131836,4.494346478511126,4.369465602320998,15.941724243235520
10.771,characterized,-16.915223598480225,8.980000016201227,8.779323764925399,13.004557838943636
10.772,the,-7.821445465087892,4.663879397112581,4.849709421616453,15.886592140732464
10.773,"condition ,",-25.944650650024414,9.351522293984520,9.934223848529811,28.253064235698186
10.774,more,-10.276903152465820,2.676706539452536,2.260751226766628,16.156352436614224
10.775,recent,-11.195213317871094,2.515257324763041,2.238340725613480,17.404079658388202
10.776,studies,-12.499320412985981,8.040255499040191,8.421742567019450,18.637528590814934
10.777,discovered,-18.496397972106934,8.748722813358061,9.533787118213851,19.629548144702827
10.778,the,-5.572391510009767,4.915646295963740,5.646441970115321,19.040727994996320
10.779,pattern,-20.902498245239254,4.899093562071793,4.660520787279189,7.364790780542253
10.780,of,-12.788714408874512,5.925894280239200,5.149727826990762,6.026432006942892
10.781,inheritance,-12.934528350830078,4.565992496572458,4.047936639634552,7.044142730420799
10.782,was,-9.695161819458008,5.780891935058517,6.362192074667249,8.027048018857737
10.783,much,-12.444477081298828,5.155054740151387,4.605479019522953,8.008281579030191
10.784,more,-4.008668422698975,5.515016646588649,5.219543059945948,10.197918945107187
10.785,complex .,-29.105083942413323,15.084932480014279,14.504998551819064,23.392671052663935
10.786,Although,-2.264736413835635,12.800696217244464,13.047027419851570,3.073619754273389
10.787,there,-3.968403816223145,5.327207653452375,6.150826656559111,6.093977689219227
10.788,may,-3.791762828826904,5.188780972368063,4.864215749432869,8.108068404874890
10.789,be,-0.103977948427200,5.040948796478204,4.705314964602089,10.110887827732462
10.790,a,-1.646563768386841,5.825845652834668,6.096476748072759,12.851188812776616
10.791,few,-2.401636600494385,4.535383483675563,4.433208266991959,13.601986783509917
10.792,genes,-9.531332015991213,4.184131273021468,4.245155647436938,14.661363905158568
10.793,that,-0.024309882894158,5.172500804096893,5.267125980399040,16.005430372729236
10.794,have,-3.454205989837646,3.918975973325010,3.682037540894885,19.023805799448230
10.795,substantial,-6.298733234405518,5.952168510412794,6.073092463060831,21.412863222297986
10.796,"effects ,",-4.666228942573071,9.857943334236440,10.288806231037757,26.802578337900194
10.797,it 's,-6.013408800819889,17.751096876278538,17.321728638816584,14.416760917285036
10.798,also,-10.733680725097656,5.442431975303638,5.350111146808700,9.016192592250887
10.799,possible,-9.768817901611328,4.947155810809808,4.574354589958254,10.097166491984176
10.800,that,-9.151234626770020,5.926621215946096,6.079607977674428,13.580229447860805
10.801,many,-13.535690307617188,5.993953178599093,6.335044183803692,16.826091982880634
10.802,genes,-9.187184333801270,3.949824337177518,4.951217668983429,18.172310835139868
10.803,with,-14.202969551086426,4.091028563011987,5.177718239670728,19.184880658319113
10.804,smaller,-15.577087402343750,5.112932134999598,5.543277736093518,20.719065341757450
10.805,effects,-9.389852523803713,4.246164470173631,5.013303139508722,23.094243680230669
10.806,and,-5.988807201385497,5.244103386950182,5.828594740253678,24.014755235219603
10.807,environmental,-18.173109054565430,4.478764395790217,4.281323198286323,25.013336535549303
10.808,factors,-8.237392425537111,4.797137081204843,4.631223575192563,26.015563083383004
10.809,may,-18.618045806884766,4.594734242446869,5.062661963741631,27.016240440352977
10.810,play,-6.215099334716798,3.808449425022540,4.368691386034127,20.015766363570638
10.811,a,-3.612548828125000,3.653523540352714,3.830197676549456,22.020288019156503
10.812,role,-7.341169357299805,5.187795867599232,5.260317364314443,24.164564543335942
10.813,in,-9.501623153686523,4.607731329677047,4.620185276843854,25.012456470663803
10.814,the,-12.660255432128904,5.165157989795691,5.502204823201069,26.006041158851051
10.815,development,-12.025464057922365,3.498406376761670,3.368917086228308,28.069778241819392
10.816,of,-10.142495155334473,4.371154833850901,4.300024120494705,29.041857547774214
10.817,Tourette 's .,-54.635128676891327,23.569939933285049,24.275124497428799,99.017545397234400
10.818,Genetic,-10.344521522521973,6.157280139367144,7.129827581403407,3.345893846190283
10.819,studies,-8.659150003662944,9.896486610339664,9.716008166678623,4.631325999461437
10.820,also,-15.419649124145508,5.480500199079957,4.764750342021178,5.047514113625710
10.821,suggest,-12.455331802368164,5.494841409530722,5.517635902667571,5.806417587351551
10.822,that,-11.006479263305664,5.797361797930793,5.872145846198650,7.180259009577216
10.823,some,-9.742803573608398,6.487410411960968,6.023019359473812,9.009951969975390
10.824,forms,-11.306734085083008,4.736313358890921,5.549383082225798,12.554373609819436
10.825,of,-13.737734794616699,4.868038849900193,4.858894850793661,13.279592031357643
10.826,Attention,-22.524352073669434,9.013112044682480,9.316578779951946,14.369838251685474
10.827,Deficit,-13.567449569702148,5.008487349102077,5.431225107999567,17.091891028535542
10.828,Hyperactivity,-28.155152797698971,11.145989014348199,11.873644658372733,18.033846805020797
10.829,Disorder,-11.115061759948730,7.983897399143058,8.641242440998219,19.051593551029491
10.830,and,-6.683259963989258,5.502615830912660,5.520575604378815,20.022099208606893
10.831,Obsessive,-24.734085917472839,29.990338411567969,30.981731652334553,21.046770281505413
10.832,Compulsive,-28.839250326156613,19.921764475007681,20.682370239112828,22.055750389277204
10.833,Disorder,-8.592731952667236,10.844561636630321,11.757731681717393,23.069696473860450
10.834,are,-12.511801719665527,6.114401699882787,6.528756650128081,24.037315755750885
10.835,genetically,-12.237066268920898,5.612461539594205,5.774390625855045,25.005823588982448
10.836,related,-10.937890529632568,9.940803957951012,10.361587300404240,25.993786622143286
10.837,to,-8.556347846984862,5.683754385417839,5.628413735554012,27.011841933229071
10.838,"Tourette 's ,",-31.398168209940195,28.361357019589793,28.452944779192602,86.893864173952977
10.839,but,-6.659740447998048,5.094156355312730,5.025614260492866,31.048647276533629
10.840,there,-11.386085510253904,5.470241806326676,5.625356376550748,32.068108480549810
10.841,is,-10.403676986694336,5.631862973184169,5.561312455001091,33.039888695797963
10.842,less,-12.260531425476074,9.565450315583004,9.940869814286405,34.924816119512236
10.843,evidence,-11.626956939697266,4.703818492846013,4.697027088223284,35.976183142663118
10.844,for,-9.120833396911619,5.081353966906262,5.530887716917082,13.992119071920779
10.845,a,-8.144708633422853,5.233368475905992,5.359838116934855,16.045406139655974
10.846,genetic,-12.966882705688475,4.672852579001885,4.662647260396748,17.989803514855847
10.847,relationship,-16.247358322143555,5.502251325324474,5.787006392995429,19.071319178989604
10.848,between,-11.627259254455565,4.395706613390901,4.327386163856498,21.071089805707306
10.849,Tourette 's,-26.698340564093090,17.062613976705272,17.352606772458294,46.801985704856200
10.850,and,-6.697680950164795,4.813059074440330,5.222157639980802,24.038751946907887
10.851,other,-7.118854999542236,4.909894363960059,4.909646880682372,27.096649030881338
10.852,neurobehavioral,-41.212976455688477,21.555019091157394,22.910786532402732,25.184448819178311
10.853,problems,-10.074584007263184,5.724110591680442,5.616860858944566,26.000000025913128
10.854,that,-10.110948562622070,4.054306961247581,4.088338462367177,30.760972357639162
10.855,Tourette 's,-23.763211682671681,16.614449700242286,17.406772002517918,68.515502629783853
10.856,commonly,-13.955190300941467,8.055169921696526,8.210924171137629,35.673989388858274
10.857,co-occurs,-27.545602560043331,22.017049385332605,24.280031756359254,37.690274015563240
10.858,with .,-22.785510063171387,12.256227192337560,12.617551405104354,78.366422369426772
10.859,An,-5.719761371612549,5.975112900420562,6.251479622500777,3.614227733914311
10.860,important,-4.671792030334473,6.072736905389119,6.285510245725224,4.871820967079708
10.861,role,-5.104580879211426,5.572111253568865,6.277720576122853,6.025370096990073
10.862,in,-1.735568046569824,4.680402563063421,3.562989575200305,6.183473681327326
10.863,Tourette 's,-24.762139120881329,17.057077465676219,17.293187259596959,18.888616266904222
10.864,gene,-25.476137161254886,8.677263533498595,9.032037191175188,10.109597558317192
10.865,expression,-12.450081825256348,4.945945014245974,4.809591274536264,11.169426265320137
10.866,is,-9.260569572448730,4.370414078914048,4.188138804744591,8.499985703072332
10.867,played,-7.984621047973633,5.165332982188045,4.768783696727383,11.017366153785760
10.868,by,-11.736166954040527,5.851534285231778,5.366608856375625,4.948675291728463
10.869,the,-7.902399539947510,6.216433950419602,5.265722231036730,5.001174094247748
10.870,sex,-14.271389961242676,5.354342128828586,5.244587778992603,8.000754376603116
10.871,of,-10.820069313049316,4.259067209083877,4.527111171997382,11.181528674251943
10.872,the,-7.933053016662598,4.212577377852294,3.771646428416800,12.142802567987573
10.873,person .,-25.999149799346924,11.720108158533645,11.362613756041844,29.700986242842809
10.874,In,-0.854278802871704,5.446170861282591,5.128128755821979,3.052227717314575
10.875,"particular ,",-5.800439924001695,11.198408622614130,9.586650952121996,9.210663715755985
10.876,males,-14.164582729339600,10.406548063799084,11.092089599815917,6.434069104865197
10.877,affected,-5.131883621215820,5.668520066538937,5.919582818115834,9.009265745425346
10.878,by,-0.016295334324241,4.659938270130350,4.953543702139420,11.023430715155678
10.879,the,-0.912818491458893,4.611383081740885,4.798175120391665,13.246901443481068
10.880,gene,-9.516571998596193,8.865538365932801,9.343680607819302,14.214057532425034
10.881,are,-1.549798965454102,5.148008121477415,4.626106735353583,8.083532866995254
10.882,more,-2.195913553237915,6.131132947387732,6.054381241351999,10.923743517997401
10.883,likely,-0.090197224286385,9.263698677136471,9.846807121703804,11.865445112916332
10.884,to,-0.021555084735155,6.071235098411196,5.860674971864519,14.855895333125259
10.885,have,-2.502756118774414,4.923165134073122,5.113991939810665,16.848446303018715
10.886,tics,-14.164260625839233,8.929624213916680,9.426041018265590,18.135187892059726
10.887,and,-5.473133563995361,5.606099969409318,6.063695808607348,19.268941461072870
10.888,females,-8.361169338226317,9.666874510764176,9.622726575239518,20.248214265956879
10.889,who,-17.378187179565430,4.183594739319973,4.987620222393670,21.044605973392532
10.890,have,-13.914820671081545,5.429159524231792,5.880250984691352,20.623067773040070
10.891,a,-7.543245792388916,2.897939944231435,3.727596711090630,24.841225479146662
10.892,genetic,-10.997976303100586,4.832066268590258,5.169590451626624,26.651597361331817
10.893,predisposition,-11.924880027770994,3.530802232853095,3.353043684868671,28.456225523495174
10.894,are,-14.334725379943848,3.821507554734736,4.415421381150043,29.426848159310698
10.895,more,-12.724460601806641,4.946477197390738,4.861475869686946,30.414698628816137
10.896,likely,-15.489789009094238,8.145133218410152,8.375659443548610,20.590001019018427
10.897,to,-7.607436656951903,4.380088292470150,5.207786498603356,23.235839255435124
10.898,have,-8.628442764282228,4.688990561051620,4.598593237774407,24.005785030520862
10.899,obsessive-compulsive,-18.661569356918331,13.328202960294206,14.756214858795124,27.304742067872315
10.900,symptoms .,-22.972391963005066,13.466164255069433,13.688172557613020,59.217550532050637
10.901,Much,-6.298204421997070,5.758719309060089,6.646428979244416,4.058730850095396
10.902,current,-7.356110095977782,6.307918976311225,5.649072863707744,4.240342643491495
10.903,research,-3.998666048049927,6.109455466083686,5.931023114869241,5.185818431136330
10.904,is,-1.862061738967896,4.812585408301367,3.914568822482500,5.138800813011899
10.905,aimed,-4.399296808056533,10.593744448704783,10.339071921090850,7.086079897834077
10.906,at,-0.019075985997915,4.603223390037779,4.474489180549195,9.094227451229548
10.907,better,-2.560215473175049,4.596255249112652,4.939976746726348,12.534017497570751
10.908,understanding,-3.567027091979980,4.457668261067750,4.564877507539829,13.955158838267211
10.909,the,-0.351126104593277,5.252241184047044,5.287797786261705,17.143791771045873
10.910,genetic,-5.391383171081543,4.710707781941445,4.864193287696365,18.193089942842970
10.911,basis,-7.652778625488281,4.336409769690573,4.397651424565420,19.231752422510407
10.912,and,-4.094775199890137,4.727608595337170,4.706463175722063,18.155890311337934
10.913,symptomology,-22.611462116241452,11.982887626759331,12.688607534584856,20.201267520152683
10.914,of,-8.513362884521483,4.825332631460348,5.381672275986425,21.158966752799000
10.915,"Tourette 's ,",-52.189525604248047,27.275901745842763,27.604394742446630,66.999886689780709
10.916,as,-9.396676063537598,5.049624433392628,5.609787930639623,24.000000015764531
10.917,well,-3.123845577239990,4.614503380240135,4.634270664543057,25.000000005016950
10.918,as,-7.211278915405273,3.334140755596793,3.198002655830316,29.999934368270797
10.919,its,-11.736063003540039,4.920795528556765,4.777231591420164,21.950758392103463
10.920,relationship,-10.226461410522461,5.126096839023835,4.966753986302330,20.094506628712193
10.921,to,-3.053489685058594,4.314477185494781,4.209844452027848,21.735136831852490
10.922,related,-6.929286241531372,9.159336523454161,9.520919788929561,31.075384811200987
10.923,disorders .,-20.183699890971184,16.092507258587986,16.357101005443276,65.584687679831262
10.924,The,-1.652928352355957,6.216193485653642,6.231108800665612,3.459354033097218
10.925,hope,-9.740482330322266,6.259939265375491,6.657271436074803,4.606824867331651
10.926,is,-0.334560245275497,4.383732296131717,3.800530306463841,5.119638341437599
10.927,that,-0.055268380790949,5.348441878330628,5.375792073768233,7.112148882778849
10.928,this,-3.901237964630127,4.826200669288998,5.188002144838746,10.292050304909585
10.929,research,-8.748925209045410,4.481446462446304,4.697472838761594,11.170290757508841
10.930,leads,-8.551815986633299,5.337125379648223,5.320972914013002,12.102613574211409
10.931,to,-0.050901863723993,4.648926649039339,4.384814521178525,14.139947423472204
10.932,better,-5.362943649291992,5.829698664930961,6.140079426759637,16.979188785252852
10.933,diagnostic,-7.947476625442505,7.550156902936436,7.973002707638054,17.869737284243655
10.934,tools,-7.002371311187744,4.703025049837184,4.557926161806712,18.911047878261012
10.935,and,-1.884720802307129,5.489460786902250,5.440817748989893,18.516593114512588
10.936,better,-2.300161838531494,5.738034555840835,6.117087842888825,20.528778224052441
10.937,treatments,-5.445418119430542,8.098302362594152,8.155557713051060,21.474519661227426
10.938,for,-0.085942886769772,4.143857453483143,3.893086370202594,23.090138756849395
10.939,Tourette 's .,-50.376337085850537,23.636192580977852,24.843987584300919,79.405940845078248
