id,word,sum_log_prob,sum_original_metrics_nae,sum_projected_metrics_nae
1.1,If,-4.899098396301270,0.000000000000000,0.000000000000000
1.2,you,-2.797132968902588,4.620006561279297,5.736376762390138
1.3,were,-3.419033050537109,2.643169164657593,5.243946552276611
1.4,to,-2.483590602874756,3.829492092132568,6.214027881622314
1.5,journey,-12.049459457397461,4.389853954315186,4.827717781066895
1.6,to,-1.411861538887024,4.686994552612305,5.963379859924316
1.7,the,-1.505097150802612,4.179105281829834,5.088417530059815
1.8,North,-5.436277389526367,3.207254171371460,5.996718883514403
1.9,of,-6.451053142547607,3.900434732437134,4.734145164489746
1.10,"England ,",-4.737503647804261,9.044375896453857,10.144891738891602
1.11,you,-0.984695196151733,4.415977001190186,5.073698520660400
1.12,would,-1.127358555793762,5.192707061767578,5.923822402954102
1.13,come,-6.252150058746338,5.163793563842773,6.889459609985352
1.14,to,-1.562651753425598,5.125408172607422,5.885429859161378
1.15,a,-3.178626060485840,4.107903957366943,5.623709678649902
1.16,valley,-9.405478477478027,5.472252368927002,6.055137157440186
1.17,that,-3.070856809616089,5.369415760040283,5.631363391876222
1.18,is,-1.617156505584717,5.847867965698242,5.968050003051758
1.19,surrounded,-6.371091906446964,8.700870513916017,11.683817386627195
1.20,by,-0.051755391061306,5.529036521911621,6.039041519165039
1.21,moors,-14.131002306938171,10.583678483963011,14.812957286834715
1.22,as,-7.546321392059326,5.441782951354980,5.876234054565430
1.23,high,-5.342354297637940,4.776916027069092,6.696195602416992
1.24,as,-0.041292656213045,4.384474754333496,4.709860324859619
1.25,mountains .,-12.124340862035751,12.621376752853394,16.539276599884033
1.26,It,-3.835548400878906,0.000000000000000,0.000000000000000
1.27,is,-1.736417770385742,3.276454925537109,5.097389221191406
1.28,in,-4.282423973083496,2.322259426116944,3.520250320434570
1.29,this,-2.507376670837402,2.703822135925293,4.861701011657715
1.30,valley,-9.016421318054199,4.020298957824707,6.165206432342528
1.31,where,-2.290583014488220,6.414479970932008,8.781810522079468
1.32,you,-5.163444042205811,4.513381958007812,5.980761528015138
1.33,would,-4.567606449127197,3.908770561218262,5.553503036499023
1.34,find,-3.733742952346802,3.615791082382202,4.519508838653564
1.35,the,-2.048628807067871,4.380126953125000,4.864518642425537
1.36,city,-6.154423236846924,4.603154659271240,5.376995086669922
1.37,of,-2.393668413162231,4.291396617889403,5.120044231414795
1.38,"Bradford ,",-11.087218999862671,5.360699892044067,6.796357870101929
1.39,where,-3.397051066160202,8.144961833953857,9.781048774719238
1.40,once,-6.814342975616455,4.307139396667480,4.756262302398682
1.41,a,-2.437239408493042,4.381289958953857,5.236144065856934
1.42,thousand,-5.296307086944580,4.931971073150635,5.476145267486572
1.43,spinning,-13.332278251647949,3.781614303588867,5.545834064483643
1.44,jennies,-22.940168499946594,11.381525278091431,18.307449579238892
1.45,that,-7.737629890441895,4.757299423217773,5.283745765686035
1.46,hummed,-13.627698570489885,8.766497611999513,9.861910820007324
1.47,and,-3.270803451538086,5.570069313049316,5.543748855590820
1.48,clattered,-11.087760530412195,12.381292462348938,14.979975938796995
1.49,spun,-13.941024780273438,6.372394800186157,8.978981971740723
1.50,wool,-13.175576686859131,7.296141624450684,9.164540290832520
1.51,into,-2.839438199996948,5.814421176910400,6.151648521423340
1.52,money,-8.578582763671875,5.128302574157715,5.813755989074707
1.53,for,-3.946380138397217,4.468748569488525,4.555047035217285
1.54,the,-1.600162982940674,5.569146633148193,5.840166091918945
1.55,long-bearded,-17.394679985009134,19.956663846969604,26.848277568817139
1.56,mill,-8.330609321594237,4.086368560791017,4.538257598876953
1.57,owners .,-6.782188251614571,12.578747749328613,13.806301593780518
1.58,That,-4.601949214935303,0.000000000000000,0.000000000000000
1.59,all,-7.157946586608888,2.603742837905884,5.065250396728517
1.60,mill,-10.753918647766113,1.973649740219116,4.079020500183105
1.61,owners,-2.751420021057129,3.131549119949341,5.885636329650879
1.62,were,-3.816885232925415,4.218125343322754,5.707275390625000
1.63,generally,-8.264147688634694,5.621940851211548,9.624539375305176
1.64,busy,-7.120757579803468,5.146827220916748,5.755291461944580
1.65,as,-5.451234340667725,4.824125289916992,5.245164394378662
1.66,beavers,-14.215660095214846,8.040776491165161,11.304335594177244
1.67,and,-3.618999004364014,4.990942955017090,5.398623943328857
1.68,quite,-10.194963455200195,4.234375953674316,5.896607875823975
1.69,pleased,-5.522943624469916,7.887087821960449,10.491217136383057
1.70,with,-1.653837919235229,5.629276275634767,5.820068359375000
1.71,themselves,-7.267507076263428,4.762706279754639,5.096415042877197
1.72,for,-5.105336189270020,6.022802352905273,6.113582611083983
1.73,being,-4.667517662048340,4.889062404632568,5.838083267211914
1.74,so,-4.561958312988281,4.663991451263428,6.134761333465576
1.75,successful,-3.523627758026123,5.191589355468750,5.399593830108643
1.76,and,-3.522976160049438,5.158344745635986,5.719591140747070
1.77,well,-5.480800151824951,4.476216793060303,6.035678863525392
1.78,off,-6.937518596649170,5.350617408752441,5.556142330169678
1.79,was,-5.532428741455078,4.968086719512940,5.593162059783936
1.80,known,-7.272921800613402,8.535217285156250,10.429462909698486
1.81,to,-1.721040487289429,5.428445816040039,5.755806922912598
1.82,the,-1.943312287330628,4.623580455780028,5.526358127593994
1.83,residents,-6.344696760177612,7.071518898010254,9.667164802551270
1.84,of,-0.700984895229340,4.601972579956055,5.556111335754395
1.85,"Bradford ,",-11.265084624290466,6.210973978042603,7.906302452087402
1.86,and,-5.344464302062988,5.525691032409668,5.516834259033203
1.87,if,-5.406410217285156,5.638180255889893,5.570700168609619
1.88,you,-3.013970136642456,5.823809146881104,6.034298896789551
1.89,were,-1.635722517967224,5.117802619934082,5.474306583404541
1.90,to,-1.941455006599426,4.881705760955811,5.556765079498291
1.91,go,-3.876433849334717,5.626805782318115,6.566976070404053
1.92,into,-2.660761833190918,5.418768882751465,5.836356163024902
1.93,the,-1.488758087158203,4.486876487731934,4.950292587280273
1.94,city,-5.047132492065430,3.607000350952149,4.602350234985352
1.95,to,-3.617145061492920,5.545580863952637,6.288889884948730
1.96,visit,-5.096591949462892,4.952335834503174,5.286891937255858
1.97,the,-1.643208742141724,5.052271842956543,5.456996917724608
1.98,stately,-12.408676624298096,9.472046375274658,11.157366275787354
1.99,City,-7.264491558074951,4.409657478332520,5.653055191040039
1.100,"Hall ,",-2.128227710723877,8.702657222747803,9.994465351104736
1.101,you,-1.334708452224731,4.777020931243896,5.206143856048584
1.102,would,-1.334725618362427,5.362483978271483,5.933921813964844
1.103,see,-3.731368541717529,5.234352588653564,5.389422416687012
1.104,there,-5.993046283721924,4.861244201660156,5.496911048889160
1.105,the,-6.434106349945067,5.031965255737305,5.190248489379883
1.106,Crest,-12.892225489020348,6.341208696365356,9.998510837554932
1.107,of,-5.011442661285400,4.662442207336426,5.335927486419678
1.108,the,-1.287144660949707,4.286210060119629,5.120814800262451
1.109,City,-3.973017692565918,4.793010711669922,5.475194931030273
1.110,of,-2.082945585250854,4.487485408782959,5.067254066467285
1.111,"Bradford ,",-13.800768971443174,7.396203517913817,8.285132408142090
1.112,which,-2.990298748016357,5.496477603912354,5.351921081542969
1.113,those,-11.453156709671021,12.478533983230591,14.563466548919678
1.114,same,-4.260492324829102,6.035076618194580,6.268857955932617
1.115,mill,-10.486238479614258,3.590893983840942,5.923626899719237
1.116,owners,-1.368299126625061,6.020422458648683,6.104553222656250
1.117,created,-7.293404825904872,10.007883548736572,11.715291976928713
1.118,to,-2.105799198150635,5.811826229095459,5.957396030426025
1.119,celebrate,-5.376855610677012,10.139144897460938,11.297297954559324
1.120,their,-2.693310022354126,6.050692081451416,6.254468917846680
1.121,achievements .,-7.258614610880614,18.622742652893066,19.899881839752197
1.122,It,-3.835548400878906,0.000000000000000,0.000000000000000
1.123,shows,-6.653695106506348,2.122205972671509,4.344391822814941
1.124,a,-2.286896228790283,3.508738756179810,5.121457576751709
1.125,sinister,-11.197410583496094,2.942126274108887,5.685534954071045
1.126,looking,-9.293164253234863,2.391160964965820,4.498140335083008
1.127,boar 's,-19.222802986856550,15.013557791709898,25.229255914688110
1.128,head,-2.721577167510986,3.697287082672119,6.114738464355469
1.129,sitting,-6.352209091186523,4.764845848083496,6.549243450164795
1.130,on,-1.547209143638611,5.125157356262207,6.393722534179688
1.131,top,-4.567250728607178,4.199297904968262,6.275876045227051
1.132,of,-0.129210218787193,5.172294616699219,6.150508403778076
1.133,a,-0.582487523555756,5.007939815521240,6.454566955566406
1.134,well,-7.654246807098389,4.309271335601807,5.611806392669678
1.135,which,-10.612370491027832,5.191953182220459,5.804395675659180
1.136,seems,-4.486281394958496,4.899320125579834,5.912722587585449
1.137,puzzling,-10.534298896789551,4.868970870971680,6.260708332061768
1.138,at,-3.757590055465698,5.237317562103272,6.513669967651367
1.139,"first ,",-3.310641288757324,7.919870615005493,10.576097965240479
1.140,but,-2.376256942749023,4.826309204101562,5.361848354339600
1.141,the,-2.130428075790405,5.671784400939941,6.223692893981934
1.142,reason,-7.530478954315186,4.456079006195068,5.253458499908447
1.143,for,-1.962952017784119,5.598043918609619,6.361186027526856
1.144,this,-2.935004949569702,5.619526386260986,6.046658515930176
1.145,symbol,-10.190666198730467,4.115001678466797,5.340487003326416
1.146,is,-1.316627025604248,5.261742115020752,5.615991115570068
1.147,a,-2.934581756591797,6.063380241394043,6.628760814666747
1.148,matter,-6.564298629760742,3.799286842346192,5.317290782928467
1.149,of,-0.106286570429802,5.599918842315674,6.450280666351317
1.150,legend .,-8.514659393578768,11.723156929016113,15.193241596221924
1.151,There,-5.263474464416504,0.000000000000000,0.000000000000000
1.152,was,-2.283620357513428,3.731443881988525,5.896081447601317
1.153,"once ,",-12.811309337615967,4.114015936851501,8.395391464233398
1.154,legend,-11.155260086059570,2.124159574508667,4.101454734802246
1.155,has,-7.806781768798827,4.778710365295410,4.805285453796387
1.156,"it ,",-5.210231840610503,8.080395936965942,11.963892459869385
1.157,a,-0.931123614311218,4.956241130828857,6.286945819854736
1.158,fearsome,-9.477845907211305,7.703273296356201,12.267715930938721
1.159,"boar ,",-16.400066375732422,11.842172026634216,18.136194467544556
1.160,which,-4.293466567993163,5.600104331970215,6.127753734588622
1.161,lived,-8.633824825286865,9.401743173599245,11.474068164825439
1.162,in,-1.147455811500549,4.337634086608887,5.458971500396729
1.163,a,-1.338648438453674,4.256261348724365,5.866449832916260
1.164,wood,-6.431714296340942,6.660176038742065,9.946677684783936
1.165,located,-11.796804666519165,7.324304580688477,10.373363494873047
1.166,just,-3.949044704437256,4.287830829620361,6.307780265808105
1.167,outside,-1.453035116195679,5.340074062347412,6.408651351928711
1.168,the,-0.575782716274261,4.868795871734619,6.166653633117676
1.169,manor,-10.329318523406982,7.729545116424560,12.837666749954224
1.170,of,-3.156929016113281,5.150526046752930,6.151256084442139
1.171,Bradford .,-13.514106750488281,12.343633413314821,16.795084476470947
1.172,A,-3.402023315429688,0.000000000000000,0.000000000000000
1.173,source,-5.740674972534180,3.196971178054810,6.416688919067383
1.174,of,-4.663171768188477,3.152403831481934,6.645982742309570
1.175,great,-5.198709487915039,3.103811264038086,5.867505550384521
1.176,trouble,-6.251370906829834,3.667413711547852,5.084896564483643
1.177,to,-3.433866500854492,3.137522220611572,5.203408241271973
1.178,the,-1.510538458824157,3.880480527877808,5.203000545501709
1.179,local,-6.648598670959473,3.003096580505371,4.992016792297363
1.180,folk,-8.677281379699707,5.437054395675659,8.617921829223633
1.181,the,-8.037082672119139,3.904872894287109,4.685068130493164
1.182,boar,-13.976811885833740,7.441759824752808,12.103281021118164
1.183,"was ,",-8.257215976715088,9.521957397460938,11.791051864624023
1.184,bringing,-10.939967036247252,9.419624805450439,10.955701828002930
1.185,terror,-10.117881774902344,5.021295547485352,6.224535465240479
1.186,to,-0.625775277614594,4.485318183898926,4.607045650482178
1.187,the,-0.697291731834412,3.971932172775269,4.250681877136231
1.188,peaceful,-9.693498611450195,4.788674831390381,5.342417716979980
1.189,flocks,-11.854452610015869,9.278979301452637,10.361600399017334
1.190,and,-2.831891298294067,5.328745841979980,5.819001674652100
1.191,ravaging,-10.370293185114859,11.031968593597412,13.540505409240724
1.192,the,-0.548672795295715,4.744462013244629,5.282989025115967
1.193,countryside,-4.523547768592834,9.022003650665283,9.930384159088137
1.194,around .,-11.013574123382568,13.682488918304443,16.558537960052490
1.195,Even,-5.632818222045898,0.000000000000000,0.000000000000000
1.196,"worse ,",-6.088222175836563,5.725416183471680,10.674136161804199
1.197,"however ,",-4.929776426404714,11.693874835968018,16.255502223968506
1.198,the,-1.189736723899841,3.834607839584351,4.971619606018066
1.199,boar,-14.765059709548950,8.220620393753054,13.678996801376345
1.200,most,-8.836754798889160,4.977016448974608,6.729323387145996
1.201,liked,-11.240998029708862,7.165015697479247,11.140635967254640
1.202,to,-2.024994134902954,4.883589267730713,6.136026382446289
1.203,go,-3.848646163940430,4.457800865173340,6.226519107818604
1.204,to,-2.063272237777710,3.997565746307373,5.673378944396973
1.205,the,-1.437488913536072,3.675596237182617,4.825845718383789
1.206,well,-8.950373649597168,3.843753337860107,5.854578018188477
1.207,that,-5.632041931152344,4.809411525726318,5.705124855041504
1.208,was,-2.858125209808350,5.098695755004883,6.323481559753418
1.209,in,-3.849359035491944,3.308723449707031,5.068988323211670
1.210,the,-0.958501458168030,3.621702909469605,5.029890060424805
1.211,wood,-8.284876585006714,7.263179302215576,9.970382213592529
1.212,and,-3.671123981475830,5.027058601379395,5.507459163665772
1.213,drink,-9.209243774414062,7.729731798171997,10.051731586456301
1.214,its,-7.673782348632812,5.707807540893555,6.553930282592773
1.215,fresh,-8.064157485961914,3.747473001480103,5.762932777404785
1.216,"water ,",-6.100633263587952,13.340324401855469,15.518762111663817
1.217,so,-3.506769180297852,4.458206176757812,5.324757575988770
1.218,that,-2.141170024871826,5.167099475860597,5.431214809417725
1.219,the,-1.553295612335205,5.639276504516602,6.033705234527588
1.220,people,-5.965124607086183,4.849435329437256,5.505738735198975
1.221,of,-2.015655994415283,5.271795749664307,5.927439689636231
1.222,Bradford,-10.281251907348633,3.456333637237549,4.536611080169678
1.223,had,-3.139146327972412,5.391622543334961,5.434728622436523
1.224,second,-7.684134483337402,3.851126909255981,6.175926208496094
1.225,thoughts,-0.096029404550791,9.289005756378174,11.556039333343506
1.226,about,-0.969972491264343,5.450202465057373,5.425283908843994
1.227,visiting,-10.867979049682617,5.331909179687500,5.508879184722900
1.228,the,-1.039472818374634,5.492947578430176,5.856970310211183
1.229,well .,-7.524594441056252,13.273616790771484,16.608184337615967
1.230,That,-4.601949214935303,0.000000000000000,0.000000000000000
1.231,the,-5.578504562377930,2.533105850219727,3.265126705169678
1.232,people,-5.561978340148926,2.830504894256592,5.258588790893555
1.233,of,-1.342248678207398,4.108635425567627,5.191398143768311
1.234,Bradford,-11.161626815795898,3.101939201354980,4.878105640411377
1.235,bore,-11.091350555419922,4.402606487274170,5.744676113128662
1.236,the,-0.961254358291626,4.518218040466309,5.769747257232666
1.237,brunt,-0.460748579818755,6.559868812561035,9.252288579940798
1.238,of,-0.037179540842772,5.274183273315430,6.003307342529298
1.239,the,-0.770305275917053,5.308243751525879,6.185825347900392
1.240,beast 's,-11.254972198832549,17.204766988754272,23.178454399108887
1.241,ferocity,-13.119813005032485,5.496996760368347,8.137144088745117
1.242,was,-2.128719329833984,4.929858207702637,6.008399963378906
1.243,unfair,-9.158449172973633,4.795885086059570,6.356318473815918
1.244,in,-4.199859142303467,4.409988880157472,5.073471546173097
1.245,the,-1.653949618339539,4.022996902465819,4.824783802032472
1.246,eyes,-4.368962287902832,4.982296943664551,6.226668834686278
1.247,of,-0.012200371362269,4.818253040313722,4.782730579376222
1.248,the,-1.494064807891846,4.754199981689453,5.126558780670166
1.249,people,-3.497604131698608,5.278672695159912,6.071620941162108
1.250,of,-2.336738109588623,4.328138351440431,4.513133049011231
1.251,the,-1.974158644676208,4.303687095642090,4.989989280700684
1.252,region .,-4.404245782643557,12.996679306030272,16.622881889343262
1.253,"Eventually ,",-8.792793765664101,4.787598133087158,9.431769371032715
1.254,the,-1.501763105392456,3.575984954833984,5.136164665222168
1.255,issue,-6.791670799255371,2.765644788742065,3.519485473632812
1.256,reached,-6.383749308239202,7.455010890960692,10.867956161499023
1.257,the,-1.985328316688538,3.642408847808838,5.568457126617432
1.258,ears,-12.351640224456787,7.212533712387085,10.302914619445801
1.259,of,-0.096871919929981,4.681705474853517,6.073694229125977
1.260,the,-1.149230480194092,3.999945402145386,5.403953552246094
1.261,kindly,-16.773252487182614,9.346136093139648,12.537101268768311
1.262,Lord,-9.007115364074707,3.052751541137696,5.344436645507812
1.263,of,-4.403903484344482,3.044521570205688,5.129112243652344
1.264,the,-0.526380598545074,2.885281324386597,4.699257373809815
1.265,Manor,-13.428005218505859,4.008078098297118,5.075874805450440
1.266,who,-6.774936199188232,5.778925418853760,6.390536785125732
1.267,the,-7.367786407470702,4.579464912414551,4.348612785339356
1.268,people,-5.264067649841309,5.836649417877197,6.320788383483888
1.269,had,-3.378255844116211,5.193974971771240,5.353789329528809
1.270,often,-6.753316879272461,5.501149654388428,5.989493846893311
1.271,asked,-5.514550731517375,9.976767539978027,10.423727512359619
1.272,for,-0.748631000518799,5.522994995117188,5.658978939056396
1.273,help .,-5.366580761969090,13.660854339599609,16.557512283325195
1.274,The,-1.715715885162354,0.000000000000000,0.000000000000000
1.275,Lord,-11.333679199218750,3.348619222640991,6.176370620727539
1.276,saw,-10.105613708496094,3.993036508560181,2.943808555603028
1.277,the,-1.481902599334717,4.638701915740967,4.015899181365967
1.278,severity,-11.603475570678713,4.225561141967773,6.474515914916992
1.279,of,-0.093413412570953,4.017194271087647,3.744198560714722
1.280,the,-0.510103940963745,4.186096191406250,3.097811222076416
1.281,problem,-3.660043478012085,5.189377307891847,6.150403499603272
1.282,the,-5.804506778717041,4.624458312988281,4.458117485046387
1.283,people,-6.865354537963867,4.618265151977539,5.755893230438232
1.284,faced,-6.200632095336914,4.786227226257324,5.763745784759521
1.285,and,-3.297783851623535,5.073044300079347,4.809897422790527
1.286,suggested,-6.620662167668343,8.956303119659424,8.215485095977781
1.287,a,-3.733615636825562,5.803698062896729,5.860906124114990
1.288,contest,-10.242924690246582,4.867167949676514,5.105935573577881
1.289,could,-4.854032993316650,4.733656883239746,5.616760253906250
1.290,solve,-7.903066635131836,5.299172401428223,4.907918930053711
1.291,the,-2.868598937988281,4.521340847015381,4.022705078125000
1.292,problem .,-1.592889364808798,12.755515575408936,15.121128082275391
1.293,He,-3.647783756256104,0.000000000000000,0.000000000000000
1.294,said,-1.716322779655456,2.338773012161255,4.339467048645020
1.295,that,-2.083960056304932,4.087425708770752,5.293737888336182
1.296,whoever,-9.515488088130953,10.325067043304443,12.239931106567385
1.297,could,-5.850254535675049,4.975788116455078,6.539413928985597
1.298,kill,-8.898146629333496,4.589441299438477,5.940299034118652
1.299,the,-1.204964756965637,4.730823040008545,5.391113758087158
1.300,boar,-15.025977849960327,9.581748723983763,13.376547336578369
1.301,and,-4.201222419738770,5.302932739257812,5.641531944274902
1.302,bring,-7.179036617279053,6.045277595520020,6.068850517272949
1.303,as,-7.171817302703857,5.114299297332764,6.045112609863281
1.304,proof,-8.974376678466797,9.058385610580443,9.698208808898926
1.305,its,-6.124280452728272,5.989734649658202,6.509818553924561
1.306,head,-7.792620182037354,4.597306251525879,5.501997947692871
1.307,to,-4.811730861663818,5.692001819610597,6.405543804168701
1.308,the,-0.993513226509094,5.051482677459717,5.741011142730713
1.309,Manor,-13.723537445068359,2.397235393524170,4.746619224548340
1.310,House,-6.079833030700684,4.523512363433838,4.882659912109375
1.311,would,-3.286425828933716,5.946255207061768,5.828373908996582
1.312,be,-1.468874096870422,4.599335670471191,4.873314380645752
1.313,rewarded,-7.246467322111130,10.136775493621826,11.933264255523682
1.314,with,-2.122348308563232,5.788196086883545,5.699130535125732
1.315,land,-10.020471572875977,7.486258745193481,9.106592655181883
1.316,and,-2.223697185516357,5.046774387359619,5.632488727569580
1.317,fame .,-11.955913625657558,13.264839172363281,15.537688016891481
1.318,It,-3.835548400878906,0.000000000000000,0.000000000000000
1.319,was,-2.245547771453857,3.240544319152832,5.025370121002197
1.320,the,-1.544885635375977,3.627515316009521,4.694008350372314
1.321,people,-8.669352531433105,3.073191165924072,5.235382556915283
1.322,of,-3.123795032501221,4.053795814514160,4.731732368469238
1.323,Bradford,-10.630313873291016,2.504868745803833,3.824063777923584
1.324,and,-2.535947561264038,3.766919612884521,4.665621757507324
1.325,the,-4.560839653015137,4.363466262817384,4.977314472198486
1.326,people,-3.549871206283569,5.238996505737305,6.266187667846680
1.327,who,-0.688139200210571,5.500512123107910,6.313244819641112
1.328,knew,-5.263459682464600,5.171055316925049,5.879797458648683
1.329,them,-3.845835685729981,4.552980422973633,5.755156040191650
1.330,who,-4.151451110839844,4.967940330505371,5.698979854583740
1.331,rejoiced,-14.528173200786116,7.332614421844482,10.834148406982422
1.332,at,-2.329940080642700,5.161850929260254,4.893765449523926
1.333,this,-3.631863355636597,5.566391944885254,6.457044124603272
1.334,proclamation,-12.644146919250488,4.881885528564453,5.490716934204102
1.335,but,-4.672656059265137,5.236474990844727,5.766659259796143
1.336,one,-6.746503353118896,5.410984516143799,5.861276149749756
1.337,question,-7.584018230438232,4.839251041412354,5.308990955352783
1.338,remained :,-7.795297443866730,9.619837284088135,12.426019191741943
1.339,who,-7.241487503051758,5.566226005554199,5.614392757415772
1.340,would,-1.927403092384338,5.426403522491455,5.463466644287108
1.341,kill,-6.472822189331055,4.220750808715819,4.454491138458252
1.342,the,-1.745796203613281,4.719843387603760,5.307672023773193
1.343,boar ?,-15.242232680320740,17.713958740234375,22.396758079528809
1.344,By,-5.801501750946045,0.000000000000000,0.000000000000000
1.345,the,-1.722443222999573,1.664225816726685,3.876146554946899
1.346,handsome,-13.295932769775391,2.193813085556030,4.742524623870850
1.347,reward,-8.546365737915039,1.806236147880554,3.998870611190796
1.348,many,-8.956832885742188,4.456377983093262,5.488105773925781
1.349,felt,-7.534377098083496,4.571398735046387,5.581831932067871
1.350,"tempted ,",-15.206091165542603,11.439843416213989,15.900825023651123
1.351,but,-7.429064273834228,4.668574810028076,5.485598087310791
1.352,the,-2.003078699111938,5.106384754180908,6.187270164489746
1.353,thought,-7.620950698852539,4.605300903320312,5.310639381408691
1.354,of,-0.899050056934357,5.205338478088379,6.627322196960449
1.355,the,-1.914810299873352,4.165497303009033,5.489207744598389
1.356,boar,-13.341720223426821,9.533769488334656,13.693726539611815
1.357,with,-6.732237815856934,5.020729064941406,6.016107559204102
1.358,its,-2.938495635986328,5.605670452117920,6.306440353393555
1.359,deadly,-9.401487827301024,10.202487468719482,12.795421600341795
1.360,tusks,-14.196386002004148,14.751882076263428,20.460112571716309
1.361,and,-2.433064222335815,4.671948909759521,5.121942043304443
1.362,face,-8.175667762756348,3.857065677642822,5.003325462341309
1.363,like,-9.705380439758301,4.747635841369629,5.540053367614746
1.364,thunder,-10.861563682556152,5.213125228881836,5.909065246582031
1.365,soon,-9.381752014160156,5.115844726562500,5.459731578826903
1.366,put,-6.253519058227539,5.208815574645996,5.814948081970215
1.367,an,-4.219875335693358,4.491684436798097,6.634440422058105
1.368,end,-0.262962102890015,2.824702262878418,5.072629451751709
1.369,to,-0.039472129195929,5.921574115753174,6.089659690856934
1.370,their,-5.015280723571777,5.859363555908202,6.912230014801025
1.371,ambitions .,-8.085216039791703,18.713372707366943,22.432472705841064
1.372,"However ,",-5.400094963610172,5.913725852966309,11.305753231048584
1.373,there,-4.276176452636719,4.734142303466797,6.395764350891112
1.374,was,-2.439018487930298,5.294837951660156,6.110415458679199
1.375,one,-4.332301139831543,4.558625221252441,6.410270690917969
1.376,"huntsman ,",-29.865472078323364,17.879917860031128,23.741760253906250
1.377,who,-1.110568046569824,5.690608501434326,6.020521640777588
1.378,was,-2.385257482528687,6.058827400207520,6.717848300933838
1.379,still,-5.136415958404541,5.166804313659668,6.177255630493164
1.380,wet,-8.774436950683594,4.541364192962647,6.003748893737793
1.381,behind,-7.878993034362793,5.016507148742676,6.014461040496826
1.382,the,-0.867862164974213,4.391532897949219,5.754347324371338
1.383,"ears ,",-11.058021068572998,13.069362401962280,15.952808380126953
1.384,who,-2.044179439544678,6.019981384277344,6.215735912322997
1.385,decided,-5.976038455963135,5.330821990966797,6.144305229187013
1.386,the,-3.493670463562012,5.364945411682129,6.203774929046631
1.387,prize,-7.262791156768799,3.586202621459961,4.568635940551758
1.388,was,-0.658911645412445,4.451395511627197,5.151579856872559
1.389,worth,-2.821769416332245,8.896584510803223,11.025271415710449
1.390,a,-2.519216537475586,5.658118247985840,6.203152179718018
1.391,"shot ,",-9.405245542526245,8.777897357940674,10.486894607543945
1.392,in,-4.423173904418945,4.123229980468750,5.242657184600830
1.393,spite,-6.310237407684326,7.743269443511963,9.622889995574953
1.394,of,-0.010653173550963,5.903413295745850,6.224486351013184
1.395,the,-0.993933260440826,6.152443885803223,6.704488754272461
1.396,boar 's,-16.741933957091533,23.626737833023071,30.565173149108890
1.397,reputation .,-7.008357765153051,14.721345901489258,17.061723709106445
1.398,The,-1.715715885162354,0.000000000000000,0.000000000000000
1.399,huntsman,-25.350632667541504,12.739067792892456,18.205596923828125
1.400,discovered,-8.093059852719309,7.545241355895996,10.924101829528807
1.401,the,-2.097844123840332,4.872694492340088,6.052490711212157
1.402,boar,-12.625333547592163,8.469034790992737,13.354783535003662
1.403,preferred,-13.863625526428224,5.336940765380858,6.097784519195558
1.404,to,-1.510903596878052,5.614226341247559,6.147027492523192
1.405,come,-5.882681846618652,4.602284908294678,5.825794219970702
1.406,out,-3.646485567092896,4.202765941619873,5.517681121826172
1.407,in,-2.880049943923950,3.619022369384766,4.946502685546875
1.408,the,-1.300612926483154,3.844423532485962,5.005764961242676
1.409,middle,-3.899082660675049,3.452853918075561,5.498360633850098
1.410,of,-0.061257101595402,4.922698497772217,5.524870872497559
1.411,the,-0.669908702373505,4.356117248535156,5.366120815277100
1.412,day .,-4.796770408749580,14.753384590148926,19.721603870391849
1.413,So,-5.562164306640625,0.000000000000000,0.000000000000000
1.414,he,-3.672598600387573,6.014409065246582,5.394229888916017
1.415,went,-4.393005132675172,6.909633398056030,9.319952964782717
1.416,to,-0.947610974311829,4.056541442871094,6.161549568176270
1.417,the,-1.401459932327271,3.037202119827271,4.592255115509033
1.418,wood,-8.721055269241331,6.107598781585692,9.968581676483154
1.419,by,-9.225491523742676,5.091125011444092,6.664455413818358
1.420,the,-2.081945419311523,3.618218898773194,5.447623729705811
1.421,well,-8.502306938171388,3.036442756652832,5.094839096069336
1.422,with,-5.329716205596924,4.984684944152832,5.918931961059570
1.423,his,-1.249271154403686,5.484016418457031,6.233063697814941
1.424,good,-7.150934219360352,3.956130266189575,5.333033084869385
1.425,"bow ,",-11.322147130966188,10.954706668853760,14.868945598602295
1.426,to,-4.209290504455566,4.609738826751709,6.246719837188722
1.427,bide,-15.526750564575195,8.857857704162598,10.804039478302002
1.428,his,-3.111360073089600,4.723609924316406,5.928202152252197
1.429,time .,-7.177222669124603,12.009375572204590,16.018481254577637
1.430,Around,-9.808030128479004,1.638802528381348,4.018290042877196
1.431,"noontime ,",-8.870171964168549,7.573312997817993,13.621869564056396
1.432,the,-1.649367809295654,3.421346187591553,4.578321456909180
1.433,"boar ,",-17.021626234054565,14.181596398353578,19.799676895141602
1.434,feared,-12.023333072662355,8.214416742324829,11.554713249206545
1.435,by,-1.896991848945618,5.210039138793945,5.946508407592773
1.436,the,-1.666171312332153,4.665814876556396,5.603180885314941
1.437,"locals ,",-7.845535278320312,10.686738729476929,14.104094982147217
1.438,came,-4.256733655929565,7.438948631286621,10.555831432342529
1.439,"out ,",-6.997465610504151,9.415989160537720,11.745126247406006
1.440,as,-4.293414115905762,4.450409412384033,5.010078430175781
1.441,slow,-10.347619056701660,5.241724014282227,6.476829528808594
1.442,as,-2.504582643508911,4.797611236572267,5.346377849578857
1.443,a,-2.944875478744507,4.880933284759521,6.339478015899657
1.444,"snail ,",-13.672240972518919,9.566864013671875,11.291281700134277
1.445,from,-5.490714073181152,4.818554878234863,5.883579254150392
1.446,among,-9.332936286926270,5.292339801788330,5.905131340026856
1.447,the,-0.397747695446014,6.119215965270996,6.659105777740479
1.448,"trees ,",-8.631663754582405,15.853782176971436,20.487008094787598
1.449,just,-5.145149230957031,5.108395576477051,6.850861549377441
1.450,as,-2.548846244812012,5.506790161132812,6.199360847473145
1.451,the,-1.001749277114868,5.729947090148926,6.266759395599365
1.452,huntsman,-21.907534599304199,13.292937278747560,16.865468025207520
1.453,had,-2.079952716827393,5.143099784851074,5.572140693664551
1.454,predicted .,-7.277622936526313,16.471968650817871,20.059236049652100
1.455,The,-1.715715885162354,0.000000000000000,0.000000000000000
1.456,huntsman,-25.350632667541504,12.739067792892456,18.205596923828125
1.457,leaped,-10.450653553009033,6.806462287902832,10.661417007446287
1.458,from,-2.688340187072754,3.890707492828369,6.056585311889648
1.459,his,-2.848505020141602,3.477989912033081,5.191271305084229
1.460,hiding,-9.662327114026995,4.751586914062500,9.281692504882812
1.461,place,-2.997276782989502,3.807592868804932,6.346055984497070
1.462,and,-2.877184391021729,5.457061290740967,5.514710903167725
1.463,through,-8.395343780517576,5.161691188812256,5.934399127960205
1.464,the,-0.706818521022797,4.611773490905762,5.871620178222656
1.465,heart,-7.747054100036621,4.215599536895752,5.840873718261719
1.466,with,-7.564918041229247,5.137302398681642,5.867058277130128
1.467,his,-1.133396029472351,4.929202079772949,6.348679065704347
1.468,fine,-8.677117347717285,3.018173217773437,4.982615470886231
1.469,arrows,-9.672111511230467,10.838620901107788,15.854536056518555
1.470,shot,-9.976288795471193,3.762877702713013,4.953184127807617
1.471,the,-6.197516441345215,4.904665946960449,5.947813510894775
1.472,boar .,-14.827765047550201,15.330817699432373,22.572726726531982
1.473,Now,-5.764842987060548,0.000000000000000,0.000000000000000
1.474,the,-2.342525720596313,3.595314502716064,4.839616298675537
1.475,problem,-6.098886966705322,3.541379213333130,4.294451713562012
1.476,was,-6.126065254211426,3.579942941665649,5.899780273437500
1.477,no,-6.653907775878906,2.283850908279419,4.811442852020264
1.478,longer,-1.689501047134399,3.137942075729370,5.430869102478027
1.479,to,-5.828598022460938,3.347134113311768,5.476068496704102
1.480,kill,-9.002268791198730,3.191916704177856,4.966030597686768
1.481,the,-1.376243472099304,3.592927932739258,5.016243934631348
1.482,boar .,-15.741743326187134,14.746330142021179,22.929633855819702
1.483,It,-3.835548400878906,0.000000000000000,0.000000000000000
1.484,was,-2.245547771453857,3.240544319152832,5.025370121002197
1.485,to,-5.645939826965332,3.593420505523682,6.054937362670898
1.486,find,-6.605205535888673,2.046310901641846,4.061883449554443
1.487,a,-1.655296564102173,3.281080245971680,5.115080356597900
1.488,way,-1.089000344276428,4.097776412963866,5.933277130126952
1.489,to,-0.345691978931427,4.699471950531006,6.267264842987061
1.490,carry,-6.240253448486327,2.709961891174316,4.349953651428224
1.491,the,-2.267366886138916,4.003322124481201,5.094107151031494
1.492,boar,-13.745509624481199,8.366106986999513,14.111020326614380
1.493,back .,-9.175089836120605,11.723178863525391,15.933120250701904
1.494,The,-1.715715885162354,0.000000000000000,0.000000000000000
1.495,head,-8.204423904418945,3.570049762725830,6.889401912689209
1.496,was,-7.014402389526367,4.808700084686278,6.863437652587892
1.497,too,-7.355706214904785,3.867034912109375,5.932677745819093
1.498,heavy,-5.105860710144043,3.039585351943970,5.311801433563232
1.499,for,-2.652701377868652,4.766523361206055,6.623621940612793
1.500,the,-1.420931458473206,4.029058933258057,5.307688713073730
1.501,little,-5.866823673248291,3.261424779891968,5.622284412384033
1.502,huntsman,-22.408611774444580,12.036507368087769,17.932037353515625
1.503,to,-1.073615789413452,4.951151847839356,6.608963012695312
1.504,carry,-5.909695148468018,4.500584125518799,5.269609451293945
1.505,back,-6.991530418395996,5.035810470581055,5.282239913940430
1.506,to,-3.610400199890137,5.765718936920166,6.358611583709718
1.507,the,-1.479067087173462,5.061850070953369,5.909653186798097
1.508,Manor,-12.943520545959473,2.426673412322998,5.223939895629883
1.509,"House ,",-6.320876002311707,9.301467895507812,11.291591644287109
1.510,but,-3.017998933792114,5.095125675201416,5.500448226928711
1.511,the,-1.666580200195312,5.261063098907472,5.452960014343262
1.512,"huntsman ,",-25.102223634719849,18.918553352355957,21.155104637145996
1.513,who,-1.276760101318359,5.929830074310303,6.374021530151367
1.514,was,-2.149944305419922,6.257154941558838,6.583771705627441
1.515,as,-7.191883087158202,5.246116161346436,6.171809196472168
1.516,quick-witted,-13.461300060153008,16.419676542282104,23.181545257568359
1.517,and,-2.275769710540771,5.356591224670410,5.864102363586426
1.518,cunning,-10.726677417755127,10.286152124404909,14.266286373138428
1.519,as,-0.043909035623074,5.340518951416017,5.467033386230469
1.520,"ever ,",-5.084798365831375,14.053615093231201,16.447201251983643
1.521,asked,-7.290094422176480,10.120832920074463,11.354767799377440
1.522,"himself ,",-8.465552806854248,15.047986030578613,18.600227832794189
1.523,`` What,-1.828520935378037,19.329300403594971,22.837423801422123
1.524,else,-5.095301628112793,4.880563259124756,4.868891239166260
1.525,can,-1.876684665679932,4.666483402252197,4.447673320770264
1.526,I,-1.870081186294556,4.877874374389648,5.853562355041504
1.527,do,-0.880257546901703,4.527987003326416,4.451832771301270
1.528,to,-2.691941499710083,5.732501983642577,5.593798637390137
1.529,prove,-6.416778087615968,4.578997135162354,4.440817356109619
1.530,I,-3.240851163864136,4.744941711425781,5.375910282135010
1.531,killed,-8.753929138183594,4.351353168487549,4.285117149353026
1.532,the,-2.585611343383789,5.103682041168213,5.002676486968994
1.533,boar ? '',-29.035318782494869,32.832113385200500,37.789773702621460
1.534,The,-1.715715885162354,0.000000000000000,0.000000000000000
1.535,next,-6.374516487121582,2.720926523208618,5.663381576538086
1.536,instance,-9.628524780273438,3.913688182830811,5.761987209320067
1.537,he,-6.231832981109619,4.739762306213379,5.189372062683105
1.538,opened,-7.673745222389697,7.071664094924928,9.986649990081787
1.539,the,-2.824798583984375,4.019111633300781,5.590643405914307
1.540,boar 's,-20.060311630833894,20.056159853935242,29.920274734497070
1.541,mouth,-4.407492876052856,7.057014942169189,9.419707775115967
1.542,and,-2.199430942535400,5.494356155395508,5.503491401672363
1.543,cut,-5.858346939086914,4.027728080749512,4.930725097656250
1.544,out,-3.082211494445801,4.952777385711670,5.361247062683105
1.545,its,-3.508966922760010,5.435279369354248,6.388615608215332
1.546,"tongue ,",-7.718347668647766,12.129187583923340,14.979959964752197
1.547,taking,-7.301675319671631,8.325963020324707,9.132884502410887
1.548,that,-6.857594966888428,4.992175579071045,6.321658134460449
1.549,as,-4.189809799194337,4.084301471710205,5.109158039093018
1.550,proof,-6.192831039428711,6.662384986877441,9.013607025146484
1.551,for,-4.803188323974608,5.218584060668945,5.639245986938477
1.552,the,-1.555349707603455,6.094925403594972,6.597559928894043
1.553,Lord .,-13.134955525398254,13.476991653442383,16.665722370147705
1.554,He,-3.647783756256104,0.000000000000000,0.000000000000000
1.555,set,-7.792996406555176,2.962245464324951,4.913772583007812
1.556,out,-1.500887989997864,3.432099580764771,5.298179149627686
1.557,for,-5.329957008361816,3.500023841857910,4.978454113006592
1.558,the,-1.372316241264343,3.691722393035889,4.753065109252930
1.559,Manor,-13.430893898010256,1.935591340065002,4.085919380187988
1.560,House,-6.359268188476562,3.002134084701538,4.379763603210448
1.561,as,-5.250391006469727,3.941596031188965,4.863589286804199
1.562,quickly,-9.147661376744507,9.865066051483154,13.209192276000975
1.563,as,-0.024061104282737,4.665542602539063,5.320628166198730
1.564,he,-1.875753879547119,4.190196037292480,5.899910926818848
1.565,could,-0.991237044334412,3.467376470565796,5.852667808532715
1.566,and,-3.695226192474365,5.629834651947021,5.777711868286133
1.567,he,-5.169541835784912,5.734615325927733,6.015943050384521
1.568,had,-3.710696697235107,6.487297058105469,6.628227233886719
1.569,only,-5.352976799011231,6.433249473571777,7.016845703125000
1.570,been,-3.999485969543457,5.680082321166992,6.292779445648192
1.571,gone,-6.853501796722412,4.355611801147462,5.843993663787843
1.572,a,-5.679020881652832,3.221468925476074,5.369704246520996
1.573,few,-1.895032882690430,3.703038930892944,5.700899124145508
1.574,minutes,-4.430637359619142,4.573918819427490,5.832881927490233
1.575,when,-8.125908851623535,5.257085323333740,4.967565536499023
1.576,a,-3.973280906677246,5.219837188720703,5.476480007171631
1.577,second,-5.330614089965820,5.519603729248047,5.959546566009521
1.578,"huntsman ,",-26.313234329223633,18.961941719055176,22.824212074279782
1.579,not,-5.412024974822998,4.059732437133788,4.955222129821777
1.580,so,-4.988553047180176,3.751182317733765,5.457748413085938
1.581,bold,-7.020396232604980,4.106623172760010,4.540105342864990
1.582,as,-2.453417301177979,5.681637763977051,5.663733482360840
1.583,the,-2.600850105285645,5.845241546630858,5.763371467590332
1.584,first,-5.150266647338867,5.766417026519775,6.124015331268311
1.585,but,-7.600577354431152,4.319374561309815,4.654831886291504
1.586,a,-2.811317443847656,5.786302566528320,6.087404727935791
1.587,little,-4.142638683319092,4.497739315032959,6.102262973785400
1.588,more,-3.057024478912353,5.947919368743896,6.499995231628418
1.589,"cunning ,",-13.227216958999634,18.228889346122742,21.312262773513794
1.590,came,-4.123205423355103,10.169787883758543,11.622712135314940
1.591,on,-3.633847236633301,4.536494731903076,5.293780326843262
1.592,the,-1.243529558181763,4.251252651214600,5.134004116058350
1.593,scene .,-4.107390835881233,14.377152442932129,17.132208347320557
1.594,Seeing,-10.415864288806917,3.167506456375122,6.296544551849365
1.595,the,-1.425565361976624,3.013495445251465,5.026867866516113
1.596,slain,-13.825609922409058,7.329856753349304,11.924374818801880
1.597,carcass,-10.938042297959328,8.585877418518066,15.201949596405029
1.598,of,-2.658838510513306,4.111965656280518,5.706050872802733
1.599,the,-1.256091237068176,3.485107660293579,4.959424495697021
1.600,"boar ,",-15.927138686180113,11.578932881355286,17.731778860092163
1.601,the,-1.708128094673157,4.779595375061035,5.406478404998778
1.602,huntsman,-21.714551448822021,12.489754199981689,16.677864074707028
1.603,rejoiced,-14.578178167343140,7.309853076934814,10.545510768890381
1.604,in,-3.485930919647217,4.312607288360597,5.374210357666017
1.605,his,-2.217560291290283,4.588363170623778,5.924247264862061
1.606,good,-8.783607482910156,2.649209022521973,5.051360607147217
1.607,fortune .,-5.752011001110077,11.267331361770630,14.933272838592533
1.608,The,-1.715715885162354,0.000000000000000,0.000000000000000
1.609,second,-6.126859188079834,2.668460845947266,5.675329208374023
1.610,huntsman,-26.126552581787109,10.626898527145388,15.810717105865480
1.611,knew,-8.315336227416992,3.526229143142700,5.128542423248291
1.612,a,-3.822089195251465,4.699306964874268,6.189133167266847
1.613,shortcut,-13.816201210021973,3.737653255462647,4.936370372772217
1.614,to,-1.910523056983948,4.737458705902100,5.896733760833740
1.615,the,-1.073901772499084,4.253374576568604,5.708363533020020
1.616,Manor,-13.649660110473633,1.990077257156372,4.458380222320557
1.617,House,-5.090740203857422,3.939690351486206,4.663619518280028
1.618,was,-5.937093257904053,4.877116680145264,5.422991752624512
1.619,just,-4.534798622131348,4.575725078582764,6.370512008666992
1.620,around,-5.167962074279785,4.378785610198975,5.072153568267822
1.621,the,-0.495919555425644,4.175117015838623,5.451603412628174
1.622,nearby,-12.825320243835449,4.788537025451660,5.483474254608153
1.623,"pond ,",-8.659954071044922,10.967893362045288,14.683048009872437
1.624,"and ,",-5.746601223945618,10.627030849456787,11.176721096038818
1.625,being,-7.298799037933350,5.889582633972168,6.640042781829834
1.626,a,-2.230110883712769,5.167392253875732,5.643849849700928
1.627,bigger,-8.691260337829590,5.407463550567627,6.501300334930420
1.628,man,-3.028054833412170,8.346083164215088,9.910819530487061
1.629,than,-2.041281223297119,5.660967826843263,5.604984283447267
1.630,the,-2.092164993286133,5.578726768493652,5.474791526794434
1.631,"first ,",-8.136287689208984,11.206269264221191,11.461465835571289
1.632,was,-3.222107648849488,6.047410488128662,6.342234611511231
1.633,able,-4.256761074066162,9.018972396850586,10.722867965698242
1.634,to,-0.006732991896570,5.875463485717773,6.608572483062744
1.635,pick,-4.726838588714600,5.232721328735352,5.612943649291992
1.636,up,-0.592929482460022,5.125269889831543,5.691602230072021
1.637,the,-1.081376314163208,5.791241645812987,6.249458312988281
1.638,boar 's,-16.776862215483561,23.089863300323486,30.678635358810425
1.639,head,-3.691947221755981,4.576496124267578,6.103612422943115
1.640,and,-1.861136913299560,5.592817306518555,5.978900432586670
1.641,carry,-6.620262145996094,4.224304199218750,4.529921054840088
1.642,it,-0.663404524326324,5.486718177795410,6.105264186859131
1.643,through,-2.109261274337769,6.137246131896973,6.363145828247070
1.644,the,-0.662398815155029,5.843470573425293,6.289257049560548
1.645,wood,-7.719795465469360,7.924429178237915,10.122976779937744
1.646,towards,-14.582867622375488,11.548074722290039,11.829017639160154
1.647,the,-0.550353288650513,5.950316429138184,6.349193096160889
1.648,prize,-11.666665077209473,4.238915920257568,5.330470085144043
1.649,that,-6.700768947601317,5.528247833251953,5.931618690490723
1.650,awaited,-9.222342073917387,13.949783563613892,15.394454479217529
1.651,him .,-3.457609063014388,13.974613666534424,16.404085159301758
1.652,The,-1.715715885162354,0.000000000000000,0.000000000000000
1.653,Lord,-11.333679199218750,3.348619222640991,6.176370620727539
1.654,of,-3.823162555694580,3.494494915008545,5.609683990478517
1.655,the,-0.492574036121368,2.936803817749023,5.128421783447267
1.656,Manor,-13.264101982116699,3.319644451141357,5.140364646911621
1.657,was,-4.685166835784912,4.541020870208740,5.900553703308105
1.658,seated,-8.590476379715254,7.481825828552246,11.888998031616213
1.659,in,-1.116209626197815,4.082477569580078,5.159031391143799
1.660,his,-3.334036350250244,4.433007240295410,5.628954410552979
1.661,hall,-7.542493462562561,5.665622949600220,9.721390724182127
1.662,when,-4.749440193176270,4.552163124084473,4.252171993255615
1.663,the,-1.817991495132446,4.512155532836914,4.211060523986816
1.664,second,-6.809195041656494,5.495639801025392,5.946958541870117
1.665,huntsman,-24.107490062713623,11.953917980194092,16.361456871032715
1.666,burst,-7.368401527404785,3.113059520721436,4.900179862976074
1.667,through,-4.741276264190674,5.013204574584961,5.217768192291260
1.668,the,-0.717373430728912,4.875360965728760,5.287262439727783
1.669,door,-3.476975083351136,7.285911083221436,10.283687591552734
1.670,and,-1.960033655166626,5.186934947967528,5.316052436828613
1.671,began,-4.527492284774780,10.280287742614746,12.027293205261230
1.672,to,-1.675019025802612,5.978502750396729,6.606655597686768
1.673,spin,-7.992059707641602,4.949414730072021,5.256120681762695
1.674,a,-3.133623600006104,5.733011722564697,6.465988636016847
1.675,line .,-7.621363401412964,13.953054904937744,17.535617351531982
1.676,`` The,-4.742434531061008,10.179426908493042,16.080639839172363
1.677,woes,-11.362652029842137,7.540073156356812,10.465458869934082
1.678,of,-0.541022181510925,3.342770576477051,4.719648361206055
1.679,Bradford,-14.048452377319336,3.180849790573120,4.331654548645020
1.680,are,-3.203902244567871,4.158656120300293,4.900232315063477
1.681,ended ! '',-32.513665908831172,26.989283800125119,33.100057840347290
1.682,he,-10.622953414916992,0.000000000000000,0.000000000000000
1.683,announced .,-15.048482886617421,11.277310609817505,19.108700752258301
1.684,`` With,-7.833940535394504,9.059674024581909,15.423935890197756
1.685,my,-5.475296020507812,5.022018432617188,6.208726406097412
1.686,own,-3.835782527923584,4.530678749084473,5.881924152374268
1.687,hand,-6.413543701171875,3.831194877624512,4.557929992675781
1.688,I,-3.585916996002197,5.263841629028320,5.676003456115723
1.689,have,-3.170650005340576,5.326361179351807,5.518806457519531
1.690,slain,-13.952476024627686,11.531401634216307,14.214903831481935
1.691,the,-2.974179744720459,4.586790084838867,5.692301750183105
1.692,boar ! '',-30.241326420800757,31.532256603240967,39.592262029647827
1.693,"And ,",-7.320455074310303,4.268765926361084,6.105939388275146
1.694,with,-4.114121437072754,3.343960762023926,4.931314945220947
1.695,"that ,",-7.330664873123169,8.210172653198242,11.829971313476562
1.696,at,-6.583483695983888,2.500430107116699,4.442579746246338
1.697,the,-2.624820947647095,3.649092674255371,5.553722858428955
1.698,feet,-8.526720046997070,4.473550319671631,5.865379810333253
1.699,of,-0.029404947534204,3.683656215667725,5.219206333160400
1.700,his,-3.402395725250244,4.216175079345703,6.168825626373291
1.701,lord,-12.978861570358276,6.806397199630737,10.349657535552980
1.702,he,-5.428138732910156,5.529273033142090,6.307995796203612
1.703,dropped,-8.151722641472588,8.379970073699951,11.522486209869385
1.704,the,-1.570732831954956,4.922597885131836,5.759975910186768
1.705,boar 's,-14.853784344391899,19.904972672462463,29.590603113174438
1.706,enormous,-8.782658576965332,4.957841873168945,6.584195137023926
1.707,head .,-6.771328404545784,12.143528461456297,17.440965652465820
1.708,`` Then,-9.205153017846897,8.486160516738892,14.711433410644533
1.709,you,-2.619852542877197,5.074845314025879,6.042724609375000
1.710,will,-4.261875152587892,4.445956230163574,5.694784164428711
1.711,be,-2.398197650909424,4.672175407409668,5.974179267883301
1.712,"rewarded ,",-9.996115252375603,12.719133377075195,15.243531227111816
1.713,as,-5.496332168579102,3.867929935455322,4.042654991149901
1.714,I,-3.940047502517700,4.899857521057129,5.605635643005371
1.715,promised . '',-26.859633089137787,30.280378580093384,32.949580907821655
1.716,`` But,-6.260935335962131,9.718303918838501,15.516755104064943
1.717,"first ,",-10.060454726219179,7.258265018463135,9.821926116943359
1.718,let,-5.530129432678223,3.679489850997925,5.507685184478760
1.719,me,-1.511857748031616,5.087578296661377,6.177091598510742
1.720,examine,-8.587305068969728,4.780070781707764,6.012955188751222
1.721,the,-1.288360595703125,4.325588226318358,5.532950878143311
1.722,head,-8.733772277832031,4.373174190521240,6.111549854278564
1.723,of,-0.610630989074707,3.993862628936768,5.056742191314697
1.724,this,-5.161634445190430,4.370202064514160,5.361078262329102
1.725,"monster , ''",-28.957576394081116,23.382564067840576,24.666317939758301
1.726,said,-4.196466445922852,5.410158157348633,5.794783592224121
1.727,the,-2.171686649322510,4.205101966857910,4.547429084777832
1.728,Lord,-8.933666229248047,3.510389328002930,5.338635921478272
1.729,of,-3.250870704650879,4.383627414703368,5.719802856445312
1.730,the,-0.348416298627853,3.548260927200317,5.098394870758057
1.731,Manor .,-14.896833837032318,14.160031080245973,16.727124691009521
1.732,To,-5.505791187286377,0.000000000000000,0.000000000000000
1.733,not,-8.895156860351562,2.040996789932251,3.490274906158448
1.734,examine,-9.454496383666992,2.598278045654297,4.429354190826416
1.735,the,-0.861070334911346,3.362016439437866,4.198913097381592
1.736,head,-9.458209991455078,2.845338582992554,5.759609699249268
1.737,in,-6.716856479644775,2.440154552459717,3.875904560089111
1.738,advance,-7.251709938049316,4.180602073669434,5.571893215179443
1.739,had,-7.997486591339111,5.247670173645020,5.380221843719482
1.740,not,-5.046845436096191,3.978527545928955,5.368322849273682
1.741,been,-0.433160632848740,4.964177131652832,5.873254776000977
1.742,very,-6.726856708526611,5.970256805419923,6.659862995147705
1.743,clever,-6.739998817443848,4.680816173553467,5.680943489074707
1.744,on,-5.928990840911865,4.040853977203368,5.776341438293457
1.745,the,-1.094414949417114,3.153322219848633,4.941208362579347
1.746,part,-2.538682460784912,3.993510961532593,6.268187046051025
1.747,of,-0.005458332132548,4.412133216857910,5.816689014434815
1.748,the,-1.272573828697205,4.183592796325684,5.522531509399414
1.749,huntsman .,-24.822612404823303,21.495708465576172,27.553435325622562
1.750,Right,-8.712125778198242,0.000000000000000,0.000000000000000
1.751,"away ,",-4.232028812170029,4.418130278587341,9.374259471893311
1.752,the,-1.665400028228760,3.049159765243530,4.640807628631592
1.753,Lord,-10.207976341247560,3.171110153198242,5.813464164733888
1.754,noticed,-10.091874182224274,7.607603073120117,8.568223476409912
1.755,the,-2.520211458206177,5.199298381805420,4.578642368316650
1.756,tongue,-9.608514189720154,6.712005376815796,8.940080404281618
1.757,of,-2.188399553298950,4.134117126464844,3.888658523559569
1.758,the,-1.580627918243408,3.993454456329346,3.830469608306885
1.759,boar,-11.294516324996948,8.241461753845215,12.636578083038330
1.760,was,-4.709215164184570,5.840045452117920,6.622797489166260
1.761,missing,-5.936124324798584,4.630864143371582,5.987749099731445
1.762,and,-2.778199195861816,5.288933277130127,5.076148509979248
1.763,"exclaimed ,",-11.611072219908239,14.948424816131592,17.195718288421631
1.764,`` What,-3.736543859355152,18.456089496612549,20.326968669891357
1.765,is,-2.269672155380249,4.951149940490723,5.249255657196045
1.766,this ?,-3.401066899299621,11.738320827484131,12.317142963409424
1.767,A,-3.402023315429688,0.000000000000000,0.000000000000000
1.768,boar,-16.838382005691528,9.938455104827881,14.180670261383055
1.769,with,-5.683903694152832,4.459868907928467,6.091563224792480
1.770,no,-4.278503894805908,4.495400905609131,6.092440128326416
1.771,tongue ? '',-25.243727244436741,26.813139915466309,36.131634235382080
1.772,He,-3.647783756256104,0.000000000000000,0.000000000000000
1.773,looked,-7.927460551261902,6.098505258560182,10.439846038818359
1.774,at,-1.299810528755188,3.582208633422852,5.751330375671388
1.775,the,-1.080499649047852,3.443540811538696,4.713925361633301
1.776,"huntsman ,",-25.535720825195312,15.413742542266846,21.403617858886719
1.777,dubiously .,-17.859488487243652,14.795751333236694,20.964065074920654
1.778,`` How,-8.422009497491672,9.011422395706177,15.529061317443849
1.779,come,-5.047307014465332,3.718709945678711,5.628839492797852
1.780,this,-3.833494901657105,4.287445545196533,5.228727817535400
1.781,creature,-9.369177818298340,4.028468608856201,4.813721179962158
1.782,has,-3.470824003219604,4.682071685791017,5.163857936859131
1.783,no,-5.649240016937256,5.168500423431396,6.025912284851074
1.784,tongue ? '',-23.430868621100672,29.241543769836426,33.282274723052979
1.785,he,-10.622953414916992,0.000000000000000,0.000000000000000
1.786,demanded .,-14.415889358147979,10.956488847732544,18.949774742126465
1.787,All,-6.122260570526122,0.000000000000000,0.000000000000000
1.788,eyes,-5.862619400024414,1.752431035041809,4.919528484344482
1.789,were,-2.279492616653442,3.796571969985962,5.907367706298827
1.790,on,-1.386850953102112,2.301598548889160,4.727402687072754
1.791,the,-0.597552180290222,2.523780107498169,4.220932960510254
1.792,huntsman .,-25.079425245523453,18.410323381423950,28.212869167327884
1.793,The,-1.715715885162354,0.000000000000000,0.000000000000000
1.794,huntsman,-25.350632667541504,12.739067792892456,18.205596923828125
1.795,questioned,-10.353750519454481,7.017237663269043,11.382437229156494
1.796,by,-5.442067146301270,4.189116954803467,5.437482833862305
1.797,the,-1.281603932380676,4.652504920959473,5.663536071777344
1.798,Lord,-10.950500488281250,3.488229274749756,5.403500556945801
1.799,"replied ,",-11.222955405712129,13.813675642013552,17.602044582366943
1.800,`` I,-2.554558320844081,18.895544767379761,21.482240200042728
1.801,can not,-5.889374017715454,9.610289096832275,11.616573333740234
1.802,"say ,",-6.449787378311157,8.970628261566162,10.304417610168457
1.803,my,-7.060483455657959,5.496445655822754,5.814772605895996
1.804,Lord . '',-25.682805285905488,25.667666912078857,30.030558586120605
1.805,He,-3.647783756256104,0.000000000000000,0.000000000000000
1.806,was,-3.157721042633057,2.748592138290405,5.379156589508057
1.807,suddenly,-8.934325069189073,5.153768777847290,9.909127235412598
1.808,realizing,-11.236355185392313,5.326881170272827,9.079848766326904
1.809,his,-3.010131359100342,4.256643772125243,6.105201244354247
1.810,tricky,-10.338913857936859,5.713675260543822,9.941813945770264
1.811,situation,-5.898714542388916,3.923957109451294,5.465990066528320
1.812,could,-7.165585517883301,4.786378383636475,6.503794670104980
1.813,end,-5.317345142364502,4.741628646850586,6.150391101837157
1.814,badly,-10.315104484558104,3.517871618270874,5.471177577972412
1.815,for,-5.571446895599365,4.662005901336670,5.522253036499023
1.816,him .,-2.741864256560802,10.557275533676147,15.116120815277100
1.817,Through,-7.589486122131348,0.000000000000000,0.000000000000000
1.818,the,-2.079879283905029,1.548899531364441,4.076455593109132
1.819,door,-8.957768440246582,5.357215881347656,8.739879131317139
1.820,at,-5.464122772216797,2.162645578384399,4.196274757385254
1.821,this,-5.828757286071777,4.155892372131349,6.405105590820312
1.822,"moment ,",-4.901919454336167,6.476059436798097,9.528168678283691
1.823,the,-1.402263402938843,3.347891092300415,4.245156288146974
1.824,first,-6.208604812622070,3.980405330657959,5.530642509460449
1.825,huntsman,-25.186289548873898,11.255809783935547,13.200829505920410
1.826,burst .,-15.444388151168823,10.996345043182373,16.056307792663574
1.827,`` The,-4.742434531061008,10.179426908493042,16.080639839172363
1.828,woes,-11.362652029842137,7.540073156356812,10.465458869934082
1.829,of,-0.541022181510925,3.342770576477051,4.719648361206055
1.830,Bradford,-14.048452377319336,3.180849790573120,4.331654548645020
1.831,are,-3.203902244567871,4.158656120300293,4.900232315063477
1.832,ended ! '',-32.513665908831172,26.989283800125119,33.100057840347290
1.833,he,-10.622953414916992,0.000000000000000,0.000000000000000
1.834,cried .,-11.931791024282575,13.397986888885498,20.221248149871826
1.835,`` I,-4.743439703790500,9.741308927536011,15.426395416259767
1.836,have,-3.330302476882935,4.086905956268311,4.854769706726074
1.837,slain,-15.519375801086426,10.360149145126345,13.835115432739258
1.838,the,-2.481495857238769,4.349149703979491,5.713717937469482
1.839,boar,-12.523041963577271,8.967132449150085,13.541108131408693
1.840,the,-7.917149543762207,3.912042140960693,5.102504253387451
1.841,people,-5.614745140075684,4.858791351318358,5.397027969360352
1.842,of,-2.084005117416382,5.130753517150879,5.929100990295410
1.843,Bradford,-11.100167274475098,3.427549362182617,5.071835517883301
1.844,dreaded ! '',-36.276849485700950,30.263984203338623,34.847591400146484
1.845,All,-6.122260570526122,0.000000000000000,0.000000000000000
1.846,eyes,-5.862619400024414,1.752431035041809,4.919528484344482
1.847,turned,-7.070545196533202,3.323901414871216,5.436657428741455
1.848,to,-2.107037544250488,2.536398172378540,5.717967033386231
1.849,the,-1.018980264663696,3.311975479125977,4.893555164337158
1.850,man,-5.348807930946349,6.140060424804688,10.183453559875488
1.851,who,-1.341881513595581,5.150552272796631,6.675638198852539
1.852,now,-7.194876670837402,4.791329860687256,6.367126464843750
1.853,stood,-8.173470020294191,9.880569934844971,14.258165597915649
1.854,in,-2.040844202041626,3.327851772308350,4.552090644836426
1.855,the,-1.008501291275024,3.092484474182129,4.584424495697021
1.856,doorway .,-11.775171220302582,12.513510942459110,16.080151557922363
1.857,`` The,-4.742434531061008,10.179426908493042,16.080639839172363
1.858,reward,-9.056485176086426,3.104442358016968,4.698176860809326
1.859,is,-2.231793642044067,3.989812135696411,4.603044033050537
1.860,already,-7.156610488891602,4.078093528747559,4.883395195007324
1.861,"given , ''",-23.630517244338989,27.338731288909912,32.571589469909668
1.862,said,-2.946062564849853,4.755184173583983,5.784811019897461
1.863,the,-2.903495311737061,3.657811641693115,4.859306812286377
1.864,Lord,-9.597303390502930,3.448481559753418,5.020327568054199
1.865,of,-3.425955295562744,4.321769237518311,5.697854995727539
1.866,the,-0.414070814847946,3.826034545898438,5.222656726837158
1.867,Manor .,-16.291488111019135,13.476949691772461,16.271461486816406
1.868,`` The,-4.742434531061008,10.179426908493042,16.080639839172363
1.869,man,-6.801003694534303,7.223922014236450,10.015247821807860
1.870,here,-6.238622665405273,4.788329124450684,6.444172859191895
1.871,has,-2.331485748291016,5.669380187988281,6.017729282379150
1.872,brought,-7.599581241607666,9.673025131225586,11.343699932098387
1.873,to,-4.126820564270020,5.341516017913818,6.369811058044434
1.874,me,-2.927862882614136,4.922665596008301,5.727357864379883
1.875,the,-1.623568058013916,5.545979022979736,6.697729587554933
1.876,boar 's,-19.113475940190256,21.105120539665222,29.823113918304440
1.877,head . '',-21.088779036537744,27.288568258285522,31.919921636581421
1.878,`` Then,-9.205153017846897,8.486160516738892,14.711433410644533
1.879,where,-8.146375179290771,7.735275983810425,10.382257461547852
1.880,is,-2.425836324691772,4.463539600372314,6.079403400421143
1.881,its,-6.679165840148926,4.387057304382323,5.810747146606445
1.882,tongue ? '',-23.237635276513174,29.240563392639160,33.490394115447998
1.883,the,-9.057090759277344,0.000000000000000,0.000000000000000
1.884,first,-5.515756607055664,2.397626876831055,4.865603923797607
1.885,huntsman,-25.149960994720459,10.849255084991457,14.808922290802002
1.886,replied .,-13.575387567281725,16.022394657135010,22.354045391082764
1.887,"And ,",-7.320455074310303,4.268765926361084,6.105939388275146
1.888,so,-5.950910568237305,1.862212300300598,4.186640739440918
1.889,"saying ,",-14.595319628715515,7.493368148803711,11.195560455322266
1.890,he,-3.319434165954590,5.263800144195557,6.034201622009277
1.891,drew,-9.817986249923708,8.127300262451174,10.367233753204346
1.892,out,-4.967770099639893,3.652152061462401,4.711541175842285
1.893,the,-1.671981573104858,4.303259849548340,5.701774120330811
1.894,boar 's,-19.319755801465362,21.735082387924194,31.299883842468262
1.895,tongue,-5.667706489562987,7.862852811813354,9.907972335815430
1.896,he,-6.890979766845702,5.507820129394531,6.238383293151856
1.897,had,-1.929674386978149,5.831553936004639,6.277177333831787
1.898,put,-5.171169757843018,4.897816658020020,5.774432182312013
1.899,in,-2.400964975357056,4.341948032379150,5.564795494079590
1.900,his,-1.757606387138367,4.291236400604248,5.765372276306152
1.901,hunting,-9.971160888671877,6.845333099365233,9.888783931732178
1.902,pouch,-10.529305100440981,9.364168643951416,13.968033313751221
1.903,and,-2.305849075317383,4.870578289031982,5.173689842224121
1.904,related,-11.043816685676576,9.882728099822998,10.788755893707275
1.905,how,-8.977207183837891,3.381867408752441,5.326754093170166
1.906,he,-2.970304489135742,4.744408607482910,6.045319557189941
1.907,had,-2.652713060379028,5.674468040466309,6.277425765991211
1.908,ambushed,-12.587157293455675,8.615825653076174,10.989870071411133
1.909,the,-1.502863645553589,5.178239345550537,6.172876834869385
1.910,creature,-7.708897590637207,4.478402137756348,5.352694034576416
1.911,in,-2.869205236434937,3.663355112075806,4.570627212524414
1.912,the,-1.248780488967896,3.617923736572266,4.375334739685059
1.913,wood,-8.873115301132204,7.763209819793701,9.731835842132568
1.914,and,-4.039612293243408,5.108032226562500,5.366897583007812
1.915,cut,-6.534089088439941,4.176698684692384,4.792495727539063
1.916,out,-3.451999187469482,4.832314968109131,5.354599952697754
1.917,its,-4.337234497070312,6.004179954528809,6.603190898895264
1.918,tongue,-5.925556659698486,7.426150798797607,9.309719562530518
1.919,as,-5.480196952819824,4.804698944091797,5.149920463562012
1.920,proof,-9.801763534545898,8.612634658813478,9.790016651153564
1.921,of,-0.922804415225983,4.735834121704102,5.106037616729736
1.922,his,-1.988210201263428,5.882579803466798,6.627713680267334
1.923,victory .,-6.567717094905674,13.904146671295166,15.373831748962402
1.924,Listening,-12.208526492118835,4.679584503173828,7.213768482208253
1.925,to,-0.067439302802086,2.586113691329956,4.870565414428711
1.926,the,-1.209241271018982,3.457914352416992,5.318752288818358
1.927,"tale ,",-9.635191440582275,9.497390031814575,15.221755027770996
1.928,the,-2.250415802001953,3.670108795166016,5.123823642730713
1.929,Lord,-10.040182113647461,3.796678066253662,5.764752388000487
1.930,of,-3.951709747314453,3.544317007064820,5.436856746673584
1.931,the,-0.747656106948853,3.094295501708984,5.185343265533447
1.932,Manor,-12.705465316772461,3.614735364913941,5.180932044982910
1.933,tried,-7.422344684600830,5.367954254150392,6.019651889801025
1.934,to,-0.303323119878769,4.835451602935791,5.532333374023438
1.935,discern,-8.532394409179688,4.305538177490233,4.415019035339356
1.936,which,-6.597233772277832,5.602259635925293,5.691786766052246
1.937,huntsman,-24.264260768890381,13.520941257476807,14.109491825103760
1.938,was,-2.133796930313110,5.122859001159668,5.939014434814452
1.939,telling,-6.137765884399414,5.141244888305664,5.240641593933105
1.940,him,-2.037250041961670,5.286622047424316,5.662370681762695
1.941,the,-2.943083286285400,5.451429843902588,5.404706001281738
1.942,truth,-3.544863939285278,5.056303977966309,5.705280303955077
1.943,and,-3.521235942840576,4.344290733337401,4.573246479034424
1.944,what,-2.649923324584961,4.144774436950684,4.192296981811523
1.945,the,-2.422163486480713,5.551479339599608,5.373928546905518
1.946,two,-5.651300907135010,4.851889133453369,5.119299411773682
1.947,huntsmen,-22.236511707305908,13.202151775360107,15.176338195800779
1.948,were,-1.127592802047729,5.736900329589844,6.148940563201903
1.949,thinking,-4.119459152221681,5.336436271667480,5.353425979614258
1.950,as,-6.318477153778076,5.320903301239014,5.221709251403809
1.951,they,-0.866959810256958,5.948334217071532,6.190341949462892
1.952,waited,-4.719835006631912,8.955742359161377,10.403331279754640
1.953,for,-1.356867313385010,4.630156040191650,4.477704524993896
1.954,him,-2.003573894500732,5.124696731567383,5.716707229614258
1.955,to,-0.368403822183609,5.859143733978272,6.170634269714356
1.956,make,-3.784423589706421,5.427743434906006,5.631254673004150
1.957,a,-1.484794139862060,5.474169254302979,6.032045364379883
1.958,decision .,-4.193978730589151,14.849463462829588,15.682139873504639
1.959,Almost,-8.466665267944336,0.000000000000000,0.000000000000000
1.960,"instantly ,",-8.438335701823235,8.352247238159180,15.268496036529543
1.961,the,-1.581304192543030,3.194646835327148,4.858060359954834
1.962,Lord,-10.064528465270996,3.567484617233276,5.985036849975586
1.963,saw,-8.337343215942383,3.674845218658447,3.402489423751831
1.964,that,-4.308829307556151,4.069600105285645,3.833054304122925
1.965,the,-1.799772500991821,4.048357009887694,3.429991245269775
1.966,second,-7.348408222198486,4.484831333160400,4.081393718719482
1.967,huntsman,-25.649765968322754,12.049458742141724,14.835914134979248
1.968,had,-2.007664442062378,6.027580738067628,6.223479747772218
1.969,fed,-8.700329862535000,10.865160584449768,13.921751260757446
1.970,him,-2.926655769348145,3.802443981170654,5.321079254150392
1.971,a,-4.103466510772705,5.354673385620117,6.424468040466309
1.972,pack,-7.597894668579102,3.983062267303467,5.483601570129395
1.973,of,-0.138399109244347,5.458438396453857,5.946639537811278
1.974,lies,-9.241667151451109,7.931308031082152,10.393921375274658
1.975,and,-1.825124025344849,5.028672218322754,5.185327529907227
1.976,it,-6.654586791992188,4.863192558288574,5.087217807769775
1.977,was,-0.983874201774597,5.746910095214844,5.680345058441162
1.978,the,-2.634545087814331,5.028585433959961,4.834994792938232
1.979,first,-2.098999500274658,4.915322780609131,4.498342037200928
1.980,huntsman,-21.904398918151852,12.206813335418699,12.921530008316040
1.981,who,-3.450516939163208,5.460972309112549,5.497034072875977
1.982,was,-3.432297229766846,5.477424621582031,5.617718696594238
1.983,the,-3.939559459686279,4.534873962402344,4.224283218383788
1.984,true,-6.764323234558105,5.758687019348145,6.020183563232423
1.985,savior,-9.298047065734863,4.649635314941406,5.235467433929443
1.986,of,-0.577820301055908,4.028437137603760,3.783662319183350
1.987,Bradford .,-14.306323707103729,13.572740554809570,16.380445003509521
1.988,The,-1.715715885162354,0.000000000000000,0.000000000000000
1.989,Lord,-11.333679199218750,3.348619222640991,6.176370620727539
1.990,believed,-10.988143244758248,7.627821207046509,7.870065927505492
1.991,the,-1.654714703559876,3.768133163452149,2.845981836318970
1.992,second,-8.221959114074707,4.869332790374756,4.764968395233153
1.993,huntsman,-27.571540832519531,12.396643638610840,15.097566604614258
1.994,had,-2.352025032043457,6.035108566284180,6.099487781524657
1.995,tried,-5.521474361419678,5.985127449035645,5.648804187774657
1.996,to,-0.364825934171677,4.988119602203369,5.991054058074951
1.997,steal,-4.751678466796875,4.089916706085205,4.066232204437257
1.998,the,-1.208628058433533,4.943904876708983,4.582194328308105
1.999,first,-6.075508117675781,5.425525665283203,5.852053642272949
1.1000,huntsman 's,-27.113978937908541,24.603286266326904,32.230736732482910
1.1001,prize,-4.304879188537599,3.932884693145752,5.495744705200195
1.1002,and,-3.572389602661133,4.879563331604004,4.769328594207764
1.1003,so,-6.281682491302490,4.572652339935303,4.844291687011719
1.1004,proclaimed,-11.230135388672352,12.405956268310547,13.650776863098145
1.1005,the,-1.729940176010132,6.000178337097168,6.054740905761719
1.1006,first,-3.609082221984863,5.588289737701416,5.368128299713135
1.1007,huntsman,-22.532083511352539,13.934854507446287,15.454479694366455
1.1008,the,-4.644855499267578,5.362776756286621,5.388681888580322
1.1009,true,-7.044364929199219,6.216027259826660,6.557296752929688
1.1010,victor .,-7.144721359014511,12.351597785949709,15.847263813018797
1.1011,The,-1.715715885162354,0.000000000000000,0.000000000000000
1.1012,Lord,-11.333679199218750,3.348619222640991,6.176370620727539
1.1013,wondered,-12.386782824993135,7.298348903656006,11.700149536132812
1.1014,for,-4.942792892456055,3.196890115737915,5.592393398284912
1.1015,a,-2.003571033477783,4.340129852294922,5.562919139862061
1.1016,moment,-1.252282023429871,4.436343193054199,6.320861339569093
1.1017,why,-3.133402824401855,3.734373569488525,3.396457433700561
1.1018,he,-1.935184955596924,4.718839168548584,5.678973197937013
1.1019,always,-7.560217857360840,5.131289482116699,5.753559589385986
1.1020,encountered,-9.593892067670822,7.640744447708130,9.445070743560793
1.1021,so,-4.006033420562743,5.173870086669922,6.636236190795898
1.1022,much,-0.663082897663116,5.052941799163818,6.190984725952148
1.1023,chicanery,-11.879784880205989,14.444859027862547,21.993882179260254
1.1024,in,-2.036964416503906,3.610895633697510,3.422481060028076
1.1025,his,-1.587533354759216,4.654917716979980,5.386534690856934
1.1026,everyday,-8.433396339416504,3.920446395874024,5.392276763916017
1.1027,interactions .,-13.984348863363266,15.297820329666138,19.987700462341309
1.1028,The,-1.715715885162354,0.000000000000000,0.000000000000000
1.1029,huntsman,-25.350632667541504,12.739067792892456,18.205596923828125
1.1030,who,-3.940455198287964,4.420642375946045,6.486571311950684
1.1031,had,-3.767751693725586,4.747797489166260,5.715372562408447
1.1032,earned,-6.825273036956787,4.569266319274902,5.907429218292236
1.1033,his,-2.094182014465332,4.813903808593750,6.385918140411378
1.1034,prize,-5.004236221313477,3.997067451477051,5.230665206909180
1.1035,fair,-9.136729240417480,3.838350534439087,4.725140571594238
1.1036,and,-3.664255619049072,4.417206764221191,4.718956947326660
1.1037,square,-10.279117345809935,7.494425773620605,10.451976776123047
1.1038,received,-10.094430744647982,10.197350978851318,11.557851791381836
1.1039,as,-6.266491889953612,5.208039283752441,6.021444797515869
1.1040,his,-5.471356868743896,5.882094383239746,6.597205162048340
1.1041,reward,-6.373119354248048,4.154377937316895,5.373954296112061
1.1042,a,-6.020092487335205,4.495775222778320,6.137741088867188
1.1043,piece,-6.114384651184082,5.650090217590332,8.903239727020264
1.1044,of,-0.142935410141945,5.170997142791748,5.919061660766602
1.1045,land,-3.615482330322266,6.820359230041504,9.219999313354492
1.1046,just,-6.858899116516112,4.793795108795166,6.353321075439452
1.1047,outside,-2.634583234786988,4.787555694580078,5.562369346618652
1.1048,the,-1.195670962333679,4.994932174682617,5.929717063903809
1.1049,"town ,",-5.850118398666382,13.189324855804443,15.872495651245114
1.1050,known,-7.223598480224608,10.810581684112547,12.018374919891356
1.1051,thereafter,-12.897765159606935,7.821774482727051,10.724332809448242
1.1052,as,-0.160092979669571,4.578208923339844,5.240672111511231
1.1053,Hunt,-10.291742324829102,2.908478736877441,4.727088451385498
1.1054,Yard .,-12.007157161831856,13.143956422805786,15.887176513671875
1.1055,His,-5.701935768127441,0.000000000000000,0.000000000000000
1.1056,fame,-9.077037811279297,4.722369194030762,4.869287490844727
1.1057,was,-2.615375518798828,4.712602138519287,4.245391368865967
1.1058,indeed,-6.445535421371460,6.994514465332031,9.185600757598877
1.1059,"assured ,",-9.781890869140625,8.708513736724854,10.355218887329102
1.1060,but,-1.434551239013672,4.069954872131349,4.266877651214600
1.1061,it,-3.160152196884156,5.821664333343506,5.971452236175537
1.1062,was,-1.123926162719727,4.773107528686523,4.788969516754150
1.1063,not,-2.417201995849609,4.358005046844482,4.919105529785156
1.1064,nearly,-5.505259513854980,4.328420639038087,6.051241874694824
1.1065,as,-0.743907094001770,5.878982067108153,6.798957824707031
1.1066,lasting,-8.498989105224611,8.665014982223509,10.360918998718262
1.1067,as,-0.283518612384796,3.958121538162232,4.468433380126953
1.1068,that,-2.962081193923950,4.487790107727051,5.126696109771729
1.1069,of,-0.490997970104217,3.739441633224487,4.468281269073486
1.1070,the,-1.527257919311523,3.290737867355347,4.794348716735840
1.1071,fearsome,-13.127125024795532,6.965860843658447,10.161129474639893
1.1072,Bradford,-11.697647094726562,2.473240852355957,4.475182056427002
1.1073,Boar .,-17.630836412310600,14.359550833702087,19.783204317092896
2.1,A,-3.402023315429688,0.000000000000000,0.000000000000000
2.2,clear,-8.879523277282715,2.628946781158448,6.133437156677246
2.3,and,-4.161284923553467,4.258092880249023,6.198540210723878
2.4,joyous,-10.200892373919489,7.799957513809204,14.380864381790161
2.5,day,-5.084455966949463,5.175178050994873,8.880275249481201
2.6,it,-7.629305839538574,3.984794139862061,5.630448341369629
2.7,was,-2.053233623504639,3.648927688598633,5.616679668426514
2.8,and,-6.281468391418457,4.714872360229492,5.995562076568604
2.9,out,-9.378588676452637,4.205734252929688,4.737487792968750
2.10,on,-5.444620132446289,3.331549406051636,4.406946659088135
2.11,the,-1.049480915069580,2.948755741119385,4.591965198516847
2.12,wide,-10.041069626808168,6.808348178863525,10.789310455322266
2.13,open,-3.084636211395264,3.965757131576538,5.730280876159668
2.14,"sea ,",-7.479675292968750,9.151221513748169,11.548475265502930
2.15,thousands,-9.515765515621752,9.011811256408693,12.171039581298828
2.16,upon,-9.852299928665159,7.440642356872559,9.088674545288086
2.17,thousands,-4.872017003595829,9.048421382904053,11.782167911529539
2.18,of,-0.060428705066442,5.316115856170653,6.287337779998778
2.19,sparkling,-11.376264572143555,5.205589771270752,6.759180068969727
2.20,water,-3.852151632308960,7.379736185073853,10.432041645050047
2.21,"drops ,",-12.491055667400358,12.887268543243408,17.175181865692139
2.22,excited,-10.660571098327637,5.127041816711426,6.354501724243164
2.23,by,-2.772538423538208,5.454133987426758,6.199295043945312
2.24,getting,-9.467897415161133,4.361508846282959,5.925491333007812
2.25,to,-3.521302461624145,4.667499065399170,6.404856204986572
2.26,play,-6.954622268676758,5.168549060821533,6.195983886718750
2.27,in,-2.422695159912109,4.366255760192871,5.567909240722656
2.28,the,-0.782750189304352,4.215219974517821,5.687615871429442
2.29,"ocean ,",-8.328969955444336,8.996727705001831,10.867759704589844
2.30,danced,-9.980010509490967,8.664755344390871,10.252061843872070
2.31,all,-6.069770812988281,4.189619064331056,5.745716094970702
2.32,around .,-5.800462841987610,13.532931327819824,16.759779930114746
2.33,One,-5.192912578582764,0.000000000000000,0.000000000000000
2.34,of,-1.683322072029114,3.292283535003662,4.526414871215820
2.35,these,-3.968479394912720,2.501115322113037,4.944750785827637
2.36,was,-3.303738355636597,2.222898244857788,4.467005729675293
2.37,a,-1.376777052879333,3.891652345657349,5.438256740570068
2.38,merry,-13.888488769531250,2.321992397308350,4.609763145446777
2.39,little,-5.872786045074463,2.512070655822754,4.274044513702393
2.40,fellow,-8.560139656066895,3.526849746704102,5.401894569396973
2.41,named,-2.429240286350250,6.946612596511841,10.099724292755127
2.42,"Aqua ,",-19.783265113830566,9.762415647506714,13.810629367828369
2.43,who,-1.106453657150269,5.855979442596436,6.469654083251952
2.44,danced,-8.645217306911945,9.107643127441406,12.145071506500244
2.45,on,-3.044239521026612,4.711960792541504,5.630620479583740
2.46,the,-1.096760034561157,3.872329473495483,5.438102722167969
2.47,silver,-8.135371208190918,3.644575595855713,5.729991912841798
2.48,backs,-9.625048279762268,7.112651824951173,10.665373325347900
2.49,of,-0.155302062630653,4.742496967315674,5.578869819641113
2.50,the,-1.444951057434082,4.529351711273193,5.476406097412108
2.51,fishes,-13.477764606475830,7.417538166046143,9.871809005737305
2.52,as,-4.073626518249512,5.109691619873047,5.666103363037108
2.53,they,-3.675793409347534,5.401119232177733,6.366433143615723
2.54,plunged,-7.438603355432861,8.381156921386719,9.748384475708008
2.55,up,-4.631904125213623,5.161303520202637,5.884135246276856
2.56,and,-3.175413131713867,5.671260356903076,6.018136978149414
2.57,down,-0.164155498147011,5.024828910827637,5.435223102569580
2.58,in,-2.707750558853149,4.683345794677733,5.302132606506348
2.59,the,-0.794905066490173,4.731746673583983,5.904892921447754
2.60,"waves ,",-11.520602107048035,14.010386705398558,16.230915546417236
2.61,"and ,",-5.853269457817077,10.771789550781250,11.778755187988281
2.62,no,-6.597364425659180,4.325721740722656,6.243087291717528
2.63,matter,-0.887851655483246,4.349678993225099,5.638546943664551
2.64,how,-0.745890200138092,5.865974903106689,6.269712924957275
2.65,high,-5.420077800750732,4.659296035766602,5.049448013305664
2.66,he,-3.387391090393066,4.619459152221680,5.294628620147705
2.67,"sprung ,",-15.031980514526367,20.475183486938477,24.709220409393311
2.68,he,-3.293249607086182,4.899942398071289,5.467119693756104
2.69,always,-6.510599136352539,5.611949920654297,6.134505748748778
2.70,came,-4.908020019531250,9.051664352416992,11.282295227050779
2.71,down,-3.187959909439087,5.059442996978760,6.107322692871094
2.72,again,-4.639326095581055,4.819653987884521,5.575585365295410
2.73,into,-5.927936553955077,5.137510299682617,5.924021244049072
2.74,his,-4.073974609375000,4.906095981597900,6.223524570465088
2.75,mother 's,-6.214358259821893,14.493770837783813,20.242025852203369
2.76,lap .,-5.528655342757702,13.072505712509153,15.692296504974365
2.77,His,-5.701935768127441,0.000000000000000,0.000000000000000
2.78,"mother ,",-6.053377866744996,7.649004697799683,11.155004501342773
2.79,you,-8.235599517822267,2.863315820693970,4.612311363220215
2.80,"know ,",-1.784137628972530,6.993667602539062,10.057100772857666
2.81,was,-2.096587419509888,4.111016750335693,5.134571075439453
2.82,the,-2.862467765808105,3.938802242279053,4.572919368743896
2.83,"ocean ,",-16.074950695037842,8.541958808898926,10.488346099853516
2.84,and,-1.574852705001831,5.014834880828857,5.354253768920898
2.85,very,-7.990319728851317,5.484089374542236,6.133540153503418
2.86,beautiful,-4.432812690734863,5.388323783874512,6.053773880004883
2.87,she,-6.988382816314697,4.638650894165039,5.830784797668457
2.88,looked,-5.135925658047199,8.704557895660400,11.152277469635010
2.89,that,-7.216665267944336,4.505943298339844,5.576681137084961
2.90,summer,-8.971490859985352,4.264858245849608,5.824103355407715
2.91,day,-9.637439846992493,7.551402091979980,10.195736408233644
2.92,in,-2.280352592468262,3.942718505859375,4.038826942443849
2.93,her,-3.133858680725098,4.105375289916991,5.279240608215332
2.94,dark,-5.558137416839600,3.453815221786499,5.659364700317383
2.95,blue,-5.167367935180664,3.536154270172119,5.788681983947754
2.96,dress,-3.524389266967773,2.522458314895630,4.557744979858398
2.97,and,-3.098146677017212,5.256519794464111,5.615510940551758
2.98,white,-4.891770362854004,4.442209243774414,5.907974243164063
2.99,ruffles .,-14.137414734810591,19.482044219970703,25.800943851470947
2.100,By,-5.801501750946045,0.000000000000000,0.000000000000000
2.101,and,-5.625650882720947,3.056725025177002,5.181266784667969
2.102,"by ,",-12.631960391998293,6.132948398590088,10.846333026885986
2.103,the,-1.497853875160217,3.826306819915772,5.386481761932373
2.104,happy,-10.910304069519043,3.192080736160278,5.678302288055420
2.105,water,-9.435733318328856,4.766981363296509,8.511224746704103
2.106,drop,-7.576127529144287,3.686028718948364,5.003841400146483
2.107,tired,-13.729727745056152,4.115283966064453,6.187982082366942
2.108,of,-0.814728498458862,4.623515605926514,6.374425411224365
2.109,his,-4.762055397033691,4.696014404296875,6.205836772918701
2.110,"play ,",-10.943626523017885,7.330678224563599,8.845106601715088
2.111,and,-1.424005508422852,3.734221220016480,4.338163375854491
2.112,looking,-9.776719093322754,5.795028686523438,6.185773849487305
2.113,up,-4.084448814392090,4.778113365173340,5.322633743286133
2.114,to,-2.675961732864380,5.151331424713135,5.886643886566162
2.115,the,-0.930078566074371,5.120320796966553,6.058657169342041
2.116,clear,-8.259973526000978,5.003567218780518,6.463176250457764
2.117,sky,-7.708371520042419,7.821145296096803,9.710818290710449
2.118,above,-5.456239223480225,3.924673080444336,4.447161674499512
2.119,"him ,",-3.130491852760315,8.412509441375732,9.322729349136353
2.120,thought,-9.348167419433594,3.750768661499024,4.614040851593018
2.121,he,-1.775271773338318,3.693926334381104,4.562189102172852
2.122,would,-2.962900638580322,4.598389625549316,5.516740798950195
2.123,like,-5.011500358581543,5.323733806610107,6.061024665832520
2.124,to,-0.224653705954552,5.290272712707520,6.208038330078125
2.125,have,-3.199565649032593,4.811320304870605,6.004302024841309
2.126,a,-2.157636642456055,4.736450672149658,5.950422286987305
2.127,sail,-10.035793304443359,4.415441036224365,5.855276107788086
2.128,on,-2.810158729553223,4.900933742523193,5.329273700714111
2.129,one,-5.435541152954102,4.423382282257080,6.197150230407715
2.130,of,-0.675288259983063,4.485634326934815,5.525313854217528
2.131,the,-0.858458817005157,4.900878429412842,6.141442298889160
2.132,"white ,",-13.035376548767090,9.822630882263184,11.810990333557129
2.133,marshmallow-like,-16.563898593187332,10.570909976959227,15.005139350891113
2.134,"clouds ,",-10.070368338376284,14.249529123306276,16.979181766510010
2.135,instead,-6.842370510101317,10.615370273590088,11.766984462738035
2.136,of,-0.033577069640160,5.404741764068604,5.730373382568358
2.137,spending,-8.742038726806639,4.764568805694580,5.379961967468262
2.138,his,-1.966606378555298,5.304277420043945,6.454791069030763
2.139,whole,-3.318554401397705,4.955065250396729,6.140575885772705
2.140,life,-0.498120307922363,5.830636024475098,6.552904605865479
2.141,in,-2.179838180541992,4.217116355895996,4.596997261047363
2.142,the,-0.910680294036865,3.826247930526733,4.635183811187744
2.143,ocean .,-5.944573860615492,13.365422964096069,16.198403358459473
2.144,Of,-6.410584926605225,0.000000000000000,0.000000000000000
2.145,the,-1.078351497650146,2.203603029251098,4.243801593780518
2.146,"sky ,",-14.978455424308777,7.870921373367310,14.320437908172607
2.147,little,-7.651289463043213,4.035449504852295,6.475225925445558
2.148,Aqua,-14.615140676498413,4.625314235687256,7.992199182510376
2.149,had,-10.494500160217283,5.282982349395752,6.511185169219972
2.150,always,-7.053396224975586,4.771853923797607,6.656706333160400
2.151,been,-0.290758788585663,4.319458484649658,5.947298049926758
2.152,"afraid ,",-12.592634720611384,11.743374466896057,16.117002010345459
2.153,but,-1.442150473594666,5.143392562866211,5.931029319763184
2.154,he,-4.335423469543457,5.149948596954347,5.547961235046387
2.155,decided,-5.829117298126222,4.253938674926759,4.633945941925049
2.156,to,-0.773775815963745,5.996329307556152,6.479851722717285
2.157,finally,-8.664122653543018,9.272112846374512,12.970434665679932
2.158,face,-6.732789993286133,5.127441406250000,5.928091049194336
2.159,his,-3.657571554183960,5.635695934295653,6.839722156524657
2.160,demons,-12.440981984138489,10.511068344116213,15.171025753021240
2.161,and,-2.021168470382690,5.018511295318604,5.465708255767822
2.162,suggested,-8.432104408740997,9.800992012023926,10.248962879180908
2.163,a,-2.544597387313843,5.765680313110352,6.318345069885254
2.164,solution,-5.483767986297607,5.162374496459961,5.529907226562500
2.165,involving,-8.907440464943649,9.126821517944336,10.329956054687500
2.166,the,-1.419397473335266,5.510562419891357,6.033662796020508
2.167,sun,-7.109185695648192,3.756498098373413,5.208053112030028
2.168,carrying,-11.381980985868724,7.070002079010010,9.020616054534912
2.169,him,-4.230705738067627,3.931915760040283,5.471973419189453
2.170,up,-4.634116172790527,5.052458286285400,5.674582481384277
2.171,to,-2.097442865371704,5.121061325073242,5.531652927398682
2.172,the,-1.070662140846252,4.908589363098145,5.559113979339600
2.173,sky,-5.849740028381348,6.587179183959961,8.607746124267576
2.174,would,-10.788097381591797,5.865027427673340,6.232121467590332
2.175,be,-0.597495973110199,4.811969280242920,5.094098091125488
2.176,ideal .,-8.367384683340786,12.964459419250488,15.858168601989746
2.177,The,-1.715715885162354,0.000000000000000,0.000000000000000
2.178,sun,-9.861125946044922,2.271637916564941,4.162229537963866
2.179,understood,-11.391446660272775,10.810719728469849,16.087122917175293
2.180,Aqua 's,-24.922429233789440,14.772438406944275,23.356786489486694
2.181,request,-9.759820938110352,2.972175598144531,4.938457012176514
2.182,came,-9.200036048889160,7.604611635208130,10.081737995147703
2.183,from,-1.402903079986572,4.809299468994142,5.705064773559570
2.184,his,-3.908619642257690,5.636154174804688,6.279565334320067
2.185,"heart ,",-7.898865938186646,7.925360679626465,11.040154933929443
2.186,so,-4.930745124816895,3.476646423339844,4.262517452239990
2.187,he,-0.730273187160492,4.759110450744629,5.890838623046875
2.188,acquiesced,-10.576505473116413,6.780685663223267,10.176598072052002
2.189,and,-3.152653217315674,5.388068199157715,5.575844764709473
2.190,also,-6.968773841857910,5.420920372009277,5.651449680328369
2.191,took,-4.479989051818848,5.786682128906250,6.052982330322267
2.192,ever,-9.910235881805420,6.863061666488648,9.628006219863893
2.193,so,-6.518521308898926,3.311230182647705,5.675285816192628
2.194,many,-2.025137424468994,6.388360977172852,6.829277515411378
2.195,other,-3.752332925796509,6.464744567871094,6.741468906402588
2.196,"drops ,",-11.989032007753849,13.096178531646729,16.852452278137207
2.197,so,-3.850463390350342,4.501127719879150,5.076869010925293
2.198,that,-1.729641199111938,4.743614196777344,4.946947097778320
2.199,Aqua,-15.681824207305908,6.045778989791870,8.540521621704103
2.200,might,-11.011695861816406,4.604933261871338,5.825593471527100
2.201,not,-1.260044693946838,5.244492053985597,6.003662109375000
2.202,be,-1.333376407623291,5.349938392639160,6.079955577850343
2.203,lonesome,-15.287163257598875,9.269760131835938,11.102869033813477
2.204,on,-4.779244422912598,5.289221763610840,5.583458423614502
2.205,the,-0.889961361885071,5.621755123138428,6.195920944213867
2.206,way .,-5.492661027237773,14.383248805999756,16.847682476043701
2.207,It,-3.835548400878906,0.000000000000000,0.000000000000000
2.208,was,-2.245547771453857,3.240544319152832,5.025370121002197
2.209,only,-4.365050792694092,3.576415538787842,5.866958618164063
2.210,the,-2.068228483200073,3.113147020339966,4.365928649902344
2.211,sun,-12.523097991943359,2.361314773559570,4.299932003021240
2.212,that,-3.458502292633057,3.156165361404419,4.785604476928711
2.213,knew,-7.975212097167969,4.492255687713623,6.234506607055664
2.214,"this ,",-7.111611604690552,9.810277938842773,11.783297061920168
2.215,"however ,",-5.985068090260029,13.485587120056152,17.203815460205078
2.216,for,-5.587802410125732,4.388967514038087,5.983271121978760
2.217,all,-4.041222572326660,4.616920948028564,6.004696369171143
2.218,the,-1.220325827598572,5.336003303527832,6.280275821685791
2.219,other,-4.305425643920898,5.485924243927002,6.366826057434082
2.220,drops,-10.506102740764616,7.044702053070067,10.646842479705811
2.221,had,-8.125984191894531,5.911830902099608,5.855062007904053
2.222,been,-1.070636868476868,5.411619186401367,6.326724529266357
2.223,changed,-8.131460905075071,7.726693630218506,10.364527702331543
2.224,into,-5.295766830444336,5.908260822296143,6.299672603607178
2.225,fine,-8.591199874877930,4.079760074615479,5.748561859130858
2.226,mist,-11.727060794830322,5.736507892608643,9.219683170318604
2.227,or,-6.078771591186523,4.341452598571776,5.117246150970459
2.228,vapor,-9.604799628257751,6.617912530899048,8.979496955871582
2.229,and,-6.479802131652832,4.917209625244142,5.248859405517578
2.230,Aqua,-13.016556620597839,5.516469597816467,8.020439386367798
2.231,could,-11.028282165527344,5.350884437561035,6.298056602478027
2.232,not,-2.335378170013428,5.095256328582764,6.422055721282959
2.233,see,-4.708949565887451,4.288569450378418,5.612188339233398
2.234,them .,-4.296259179711342,15.184034347534180,17.059980869293216
2.235,Do,-7.957342624664308,0.000000000000000,0.000000000000000
2.236,you,-1.811231613159180,2.276132583618164,4.584869384765625
2.237,know,-2.119835853576660,4.813244342803955,6.092364311218263
2.238,what,-1.723882198333740,4.865443706512451,4.604668617248535
2.239,vapor,-16.128578066825867,7.703568220138550,10.002939224243164
2.240,is ?,-4.406563282012939,12.649869203567505,15.477534294128418
2.241,If,-4.899098396301270,0.000000000000000,0.000000000000000
2.242,you,-2.797132968902588,4.620006561279297,5.736376762390138
2.243,breathe,-11.731327056884766,3.326990127563477,5.406970500946045
2.244,into,-3.087134361267090,3.964120626449585,5.346582412719727
2.245,the,-1.153519988059998,3.512627601623535,5.223710060119629
2.246,"air ,",-4.228671193122864,8.172017097473145,9.989645004272461
2.247,when,-5.842653751373291,4.341925144195557,4.602534770965576
2.248,it,-2.900395870208740,3.878849983215332,5.054703235626222
2.249,is,-2.263759136199951,4.787271022796631,5.018214702606201
2.250,cold,-6.460693359375000,4.255171298980713,4.912112236022949
2.251,"enough ,",-6.052247285842896,13.269016742706301,15.136848449707031
2.252,you,-1.023140072822571,5.403991699218750,5.812935829162598
2.253,will,-3.028929233551025,5.382888793945312,5.805520534515381
2.254,see,-2.568929433822632,4.666150569915772,5.168397903442383
2.255,it,-3.316686153411865,5.582515716552733,6.482259750366211
2.256,coming,-4.226799964904785,4.968015193939209,5.901032924652100
2.257,out,-2.740327358245850,5.156189441680908,5.796882629394531
2.258,of,-0.779890298843384,4.528330802917480,5.286677360534668
2.259,your,-3.245727300643921,3.459776163101196,5.104989528656006
2.260,mouth,-2.986167788505554,7.232187509536742,9.628897190093994
2.261,thick,-11.617362380027773,10.728763461112976,13.848841667175293
2.262,and,-2.248395442962646,4.310792446136475,4.660606384277344
2.263,fast,-5.044269561767578,4.801711559295653,5.705148220062256
2.264,like,-8.072527885437013,4.354978561401366,4.543049812316895
2.265,steam .,-10.876015752553940,12.218114614486694,16.009562969207764
2.266,When,-5.382677555084229,0.000000000000000,0.000000000000000
2.267,the,-1.515375494956970,2.105072736740112,3.305970668792725
2.268,vapor,-13.080405712127686,4.629368066787720,8.166430473327638
2.269,is,-2.731141090393066,4.678933620452881,5.290736675262451
2.270,quite,-7.602734088897705,4.093091011047363,5.232965946197510
2.271,near,-7.061996459960938,3.761056661605835,5.520502090454102
2.272,the,-1.341083288192749,4.082248687744142,5.220378875732422
2.273,"earth ,",-5.694095730781555,8.209973096847534,11.041003227233887
2.274,we,-4.286977767944337,5.255228519439697,5.835176944732666
2.275,call,-6.787028312683105,4.971567153930664,5.636957645416260
2.276,it,-0.516532957553864,4.989638328552246,5.537508964538574
2.277,`` fog '' .,-35.794721660662617,33.725843191146851,44.920730590820312
2.278,Into,-11.802293777465820,3.501734733581543,5.941946029663086
2.279,vapor,-15.089900970458984,6.511177539825440,10.197324275970461
2.280,the,-8.590067863464355,3.439282417297364,5.185443401336670
2.281,water,-4.588123559951782,6.117747068405151,9.177095890045166
2.282,drops,-6.930832222104073,7.381339311599731,11.525058746337891
2.283,that,-6.137026786804199,4.191341400146483,6.062127113342285
2.284,danced,-13.711427211761475,7.859714984893799,11.695273399353027
2.285,in,-1.903675913810730,4.172334671020509,5.697258472442628
2.286,the,-0.754476726055145,4.087448120117188,5.697203636169434
2.287,ocean,-5.449535846710205,3.436205148696899,5.002264976501465
2.288,had,-10.013688087463381,5.864082336425781,6.409095764160156
2.289,been,-1.892350196838379,5.364389896392822,6.551034927368164
2.290,"changed ,",-11.419430494308472,14.768098354339600,17.386656284332275
2.291,because,-5.706422952935100,10.490755558013916,12.203343391418455
2.292,in,-5.424386024475098,4.018187999725342,4.654039859771729
2.293,their,-5.422764778137207,5.372131347656250,6.311629772186278
2.294,own,-3.317912340164185,5.208468437194824,6.414572238922119
2.295,shape,-7.475367546081543,4.344647884368896,4.623290061950684
2.296,they,-2.021887540817261,5.211453437805176,5.570748805999756
2.297,were,-1.290689706802368,5.970687866210938,6.449828147888184
2.298,too,-4.133769035339356,5.092028617858887,6.341745376586914
2.299,heavy,-4.247138023376465,3.887961864471436,5.726339340209961
2.300,for,-2.193796634674072,5.388437747955322,6.134624958038330
2.301,the,-1.599654555320740,5.571583747863770,6.091898441314697
2.302,sunbeams,-15.743906140327455,13.152121543884276,16.702211856842037
2.303,that,-3.145375490188598,5.167202949523926,5.549905300140381
2.304,the,-3.632588148117065,5.827464580535889,6.278968811035156
2.305,sun,-3.857446670532227,4.709788799285889,5.618352890014648
2.306,let,-8.873150825500488,4.551674842834473,5.966336727142334
2.307,out,-3.421404838562012,5.358109951019287,5.962497711181642
2.308,to,-4.783975601196289,5.707509040832520,6.196403026580811
2.309,carry .,-9.240992784500122,13.694080352783203,16.159955024719238
2.310,Higher,-8.857753753662109,0.000000000000000,0.000000000000000
2.311,and,-7.621718406677246,4.849908351898193,6.168275833129883
2.312,higher,-2.365763664245605,2.964526891708374,5.023977279663086
2.313,they,-9.885797500610352,4.205842971801759,5.707555770874023
2.314,"sailed ,",-15.612034320831299,10.652337789535522,15.561583042144774
2.315,and,-2.067144870758057,4.505352973937988,5.570017337799072
2.316,though,-7.408251762390138,4.760113239288330,5.478681087493896
2.317,it,-2.651783704757690,4.223341941833496,5.309384822845459
2.318,was,-1.109253406524658,4.940783023834229,5.384613513946533
2.319,"grand ,",-11.784165620803835,9.221963882446289,11.379288196563721
2.320,Aqua,-15.211794376373293,6.169071197509767,8.855060338973997
2.321,and,-8.924060821533203,4.287948608398438,4.767015933990479
2.322,his,-5.134408950805664,5.300133228302002,6.211892127990723
2.323,friends,-4.033167839050293,4.444396495819092,5.178498744964600
2.324,were,-1.555729985237122,5.629419803619385,6.089926719665527
2.325,like,-6.343924999237061,3.398483276367188,4.823214530944824
2.326,fish,-6.448933124542236,3.682409286499024,5.638823509216309
2.327,out,-6.251304626464844,5.068168163299561,6.244625568389893
2.328,of,-0.244774147868156,4.562782764434815,5.373611927032472
2.329,"water ,",-4.462536573410034,11.988420248031616,14.456875801086426
2.330,so,-4.181452751159668,3.683586359024048,4.207694053649901
2.331,they,-1.894074797630310,5.187134265899658,5.582727909088135
2.332,grew,-5.973082542419434,5.214246273040772,6.296552658081055
2.333,quite,-7.809442520141602,4.225506782531738,5.721015930175781
2.334,dizzy .,-10.925804700702431,12.745750665664673,14.754885435104372
2.335,They,-4.680220603942871,0.000000000000000,0.000000000000000
2.336,enjoyed,-9.917494654655457,6.201672315597534,10.235215187072754
2.337,looking,-8.648866653442383,4.014392852783203,5.588099956512451
2.338,down,-4.643255233764648,4.204286575317384,5.728491783142090
2.339,on,-2.428734779357910,3.649130344390869,5.231778144836426
2.340,the,-1.170716285705566,2.737455368041992,4.236145496368408
2.341,world,-5.760051727294923,3.254186391830444,5.186668395996094
2.342,"below ,",-10.054843306541443,9.015889167785645,10.959033489227295
2.343,while,-5.121974349021913,9.882156848907471,11.628597259521484
2.344,the,-1.688396453857422,3.978991031646729,4.739166736602783
2.345,wind,-8.012578964233397,4.350378036499023,5.582886695861816
2.346,scattered,-9.994942390359936,8.901265144348145,10.393048763275146
2.347,them,-6.140897750854492,4.759706497192383,5.804539680480957
2.348,across,-3.257183790206909,5.285013675689697,5.770730495452881
2.349,the,-0.633677005767822,4.431766986846924,5.340929985046387
2.350,four,-8.801293373107910,3.865910530090332,5.791051387786865
2.351,corners,-8.339841842651367,4.889959812164307,5.403387069702148
2.352,of,-0.347426354885101,4.523222923278809,5.120553970336914
2.353,the,-0.552656412124634,4.077942848205566,4.780843734741211
2.354,"earth ,",-6.983023524284364,10.276751518249512,11.044457435607910
2.355,but,-3.710088968276978,5.241065979003906,5.759217262268066
2.356,after,-5.653060913085938,5.527778148651123,6.260654449462892
2.357,a,-1.972856283187866,5.005700111389160,5.774443626403809
2.358,while,-3.001983165740967,8.433320045471191,9.613447666168213
2.359,it,-3.150283336639404,4.462475776672363,5.093554019927979
2.360,grew,-5.830661773681642,4.645338535308838,5.385425090789795
2.361,nearly,-6.476899147033691,4.652254104614258,6.227021694183350
2.362,time,-10.159177780151367,2.570446491241455,4.394545555114746
2.363,for,-5.768516540527344,5.745147705078125,6.137972831726074
2.364,the,-1.474968075752258,4.881773471832275,5.488386631011963
2.365,sun,-5.026621818542480,3.932810306549072,5.235043525695801
2.366,to,-0.269861370325089,5.313008308410645,6.455357551574707
2.367,go,-2.917833805084229,4.597935199737549,5.755136489868164
2.368,to,-3.011255502700806,5.591072082519531,6.088219165802003
2.369,bed .,-4.284220883622766,17.113555669784546,20.226193428039551
2.370,He,-3.647783756256104,0.000000000000000,0.000000000000000
2.371,became,-6.391694366931915,5.909878015518188,10.203449726104736
2.372,very,-6.057508468627930,3.054375171661377,5.777925968170166
2.373,red,-10.731415748596193,5.584470272064209,10.560502052307127
2.374,in,-4.773173332214356,3.110620498657227,4.728532314300537
2.375,the,-1.422617793083191,3.262898206710815,4.528033256530762
2.376,"face ,",-9.506094455718994,8.876232862472534,11.218586444854736
2.377,and,-2.424343585968018,5.760596275329590,6.175667285919189
2.378,began,-5.216245889663696,10.012842655181883,12.065974235534668
2.379,to,-0.961571216583252,6.006964683532715,6.897942543029785
2.380,sink,-7.489378452301025,4.549052238464356,5.100111961364746
2.381,lower,-11.142600059509276,4.813706874847412,5.552935600280762
2.382,and,-3.125176429748535,4.971041202545166,5.402025699615479
2.383,"lower ,",-4.923554897308350,10.545212745666504,11.401048660278320
2.384,until,-5.350746631622314,5.487255096435547,5.951839923858643
2.385,suddenly,-7.666723096743226,10.316924095153807,12.457929611206055
2.386,he,-1.843417048454285,4.991462230682373,5.783448696136475
2.387,went,-4.029425024986267,9.265392303466797,11.380558490753176
2.388,clear,-10.437847137451172,3.978611707687378,5.821400642395020
2.389,out,-6.948884010314941,4.670802116394043,5.824921607971191
2.390,of,-0.719857692718506,4.269932270050049,5.603236198425293
2.391,sight !,-14.089842498302460,14.266069412231445,16.649185657501221
2.392,Poor,-10.436704635620117,0.000000000000000,0.000000000000000
2.393,little,-6.113937377929688,2.058201074600220,4.406714439392090
2.394,"Aqua ,",-22.447275280952457,7.960600614547730,11.421795845031738
2.395,frightened,-9.970481872558594,3.258359432220459,5.576572895050049
2.396,by,-2.894314527511597,4.409033298492432,5.911201477050781
2.397,the,-0.903151452541351,4.797935485839844,5.677020549774170
2.398,impending,-8.294450611341745,8.728610992431639,11.773459434509276
2.399,cold,-7.633077621459961,4.144547939300537,6.041723728179933
2.400,and,-2.324981689453125,4.844861030578613,5.940567970275879
2.401,"darkness ,",-9.055486917495728,12.463396787643433,17.031525611877441
2.402,wished,-12.113902091979980,3.747756481170654,5.083363056182861
2.403,he,-4.509584426879883,3.425653219223022,5.287203311920166
2.404,could,-1.466173171997070,4.302484512329102,6.064865112304688
2.405,sleep,-6.980893135070801,4.562386035919189,5.440429687500000
2.406,not,-8.413770675659180,3.319643497467041,5.408577919006348
2.407,in,-3.189151287078857,3.482663154602051,4.344891071319580
2.408,the,-1.329432010650635,3.905658960342407,5.199704170227051
2.409,"sky ,",-7.278963208198547,12.137325763702393,14.458313465118408
2.410,but,-0.440310269594193,3.980448246002197,4.176980495452882
2.411,somewhere,-10.727475643157961,11.055716514587402,11.623366355895994
2.412,closer,-8.204925537109375,5.054548263549805,5.399585723876953
2.413,to,-0.264688760042190,4.957511901855469,5.391995906829834
2.414,earth .,-7.580658517777920,13.277228832244873,15.398977756500244
2.415,Then,-6.427267551422119,0.000000000000000,0.000000000000000
2.416,Aqua,-18.649466991424557,5.967653751373291,7.592097282409668
2.417,heard,-18.726634025573730,5.740772485733032,9.248322963714600
2.418,the,-1.550839424133301,4.053726196289063,5.708539962768555
2.419,wind,-7.273191928863525,3.856599092483521,6.122559070587157
2.420,blow,-3.056738376617432,3.232048511505127,4.695420265197754
2.421,and,-2.954232215881348,4.872009754180908,4.874847888946533
2.422,conjectured,-16.219860076904293,9.172628879547119,11.851618766784668
2.423,that,-4.168955802917480,5.244081974029541,6.025472164154053
2.424,maybe,-7.393315792083740,4.718285083770752,6.004579544067383
2.425,the,-1.679364323616028,4.731738090515137,5.294351100921631
2.426,wind,-3.760490655899048,4.066759586334229,5.466822624206543
2.427,could,-3.101872205734253,4.259689331054688,5.076142311096191
2.428,take,-5.617179393768311,4.106942176818849,5.643053531646729
2.429,him,-5.120975971221924,3.575806140899658,5.323979854583740
2.430,back,-2.450206756591797,3.755343198776245,5.303540229797363
2.431,down,-4.617434501647949,4.306621551513672,5.474259853363037
2.432,to,-2.353857994079590,5.141270160675049,6.121699810028076
2.433,the,-1.059775471687317,4.907974720001222,5.715188980102539
2.434,ocean .,-5.712743520736694,12.360136985778810,16.191157341003418
2.435,"Indeed ,",-6.347909685719061,4.493480086326599,8.707841634750366
2.436,the,-1.552632093429565,3.770888566970825,5.074252128601074
2.437,wind,-9.546888351440430,3.571748256683350,5.919279575347900
2.438,took,-7.122027397155763,4.695801734924316,5.810031414031982
2.439,pity,-14.341209173202515,5.155375242233276,9.008531570434570
2.440,on,-5.287059783935547,3.687606573104858,5.690396785736084
2.441,him,-3.396544218063354,3.579505205154419,5.065217018127441
2.442,and,-4.094419479370116,4.308610439300537,4.041334152221681
2.443,fanned,-11.966425865073688,7.146130800247192,8.223100662231445
2.444,"him ,",-6.897216796875000,8.526490688323975,10.955452919006348
2.445,together,-9.000965118408203,4.748971939086914,5.305782794952393
2.446,with,-0.215500950813293,4.595373153686523,4.856497764587402
2.447,all,-5.378016948699951,4.942326068878174,5.499195098876953
2.448,of,-3.485424995422364,4.259377479553224,4.795355319976807
2.449,his,-0.727678716182709,5.277002334594727,6.574551582336426
2.450,brothers,-8.623460769653320,3.405534744262696,4.906740188598633
2.451,and,-2.012051582336426,3.866133928298950,4.793725013732910
2.452,"sisters ,",-1.396405555307865,11.285871267318726,15.835791110992433
2.453,into,-1.685571670532227,4.894515037536621,5.812529087066650
2.454,a,-1.463991045951843,4.918235778808594,6.148351669311523
2.455,heavy,-7.847774982452393,4.612315177917480,6.688377857208253
2.456,gray,-8.539508819580076,4.140917778015137,5.803498268127441
2.457,"cloud ,",-8.820831775665283,9.104482173919678,10.447434425354004
2.458,after,-6.474188804626465,5.482933044433594,5.656638622283936
2.459,which,-4.134948730468750,4.723010063171387,4.846921443939209
2.460,he,-0.801039457321167,5.121135234832764,5.820826053619385
2.461,blew,-6.872185707092285,7.829114675521851,9.276253700256348
2.462,them,-4.140039443969727,3.894599676132202,5.509782791137695
2.463,apart,-3.900462627410889,4.379581928253174,5.665187358856201
2.464,and,-2.100554227828979,5.449323654174805,5.632238388061523
2.465,told,-6.433488130569457,8.377893447875978,9.421579837799072
2.466,them,-1.132544875144958,5.288105964660645,5.884459495544434
2.467,to,-1.128694176673889,6.132884502410889,6.559019565582275
2.468,hurry,-9.942863464355467,3.979505062103272,4.400400161743164
2.469,"down ,",-7.566667556762695,9.487443923950195,10.441776275634766
2.470,fast,-9.463912963867188,4.309861183166504,5.437238693237305
2.471,and,-1.455740451812744,3.704597234725952,4.764760494232178
2.472,furious,-4.937871932983398,4.716220855712892,5.600537300109863
2.473,to,-6.357828617095947,5.957384586334229,6.251409530639648
2.474,the,-2.304592132568360,5.507391452789307,6.277305603027344
2.475,"earth ,",-8.797457456588745,9.415117740631104,10.700133323669434
2.476,so,-4.683963298797607,4.709208965301514,5.058764934539795
2.477,they,-1.658095955848694,5.182280063629150,5.846514701843263
2.478,could,-1.399441599845886,5.763865947723389,6.495607376098633
2.479,have,-4.189822196960448,5.474828243255615,5.908208847045898
2.480,a,-2.617489337921143,4.855347633361816,5.563117980957031
2.481,fighting,-8.338232040405272,3.351961851119995,5.342699527740479
2.482,chance,-0.756986439228058,4.597866058349608,5.647371292114258
2.483,of,-3.092422246932983,5.797735214233398,6.521722793579102
2.484,reaching,-3.861678481101990,8.754094600677490,10.430984973907471
2.485,the,-1.406002402305603,5.940837383270264,6.524800300598145
2.486,ocean .,-6.084090054035187,13.560963869094849,16.163209438323975
2.487,Down,-9.893175125122070,0.000000000000000,0.000000000000000
2.488,they,-9.059645652770996,3.430919885635376,5.185739994049072
2.489,"went ,",-7.703258275985718,10.174852371215820,14.455132961273193
2.490,rolling,-8.289333343505861,8.708398342132567,9.474860191345217
2.491,over,-2.907788991928101,4.191060066223145,5.580933094024658
2.492,each,-5.687750816345215,7.932443618774414,10.615171432495117
2.493,other,-0.895496606826782,3.990502119064331,5.730193138122559
2.494,until,-5.899178504943848,4.878744125366211,5.445681571960449
2.495,with,-8.938551902770996,4.116028308868408,5.172953128814697
2.496,a,-1.520182490348816,4.051868915557861,5.570323944091797
2.497,patter,-12.577713489532471,5.991325378417969,8.972486972808838
2.498,and,-2.883241891860962,5.284665584564209,5.518298149108887
2.499,clatter,-10.842346787452698,8.116364300251009,11.617444753646851
2.500,and,-4.079773902893066,5.301255702972412,5.567111968994142
2.501,spatter,-12.811486721038818,9.088780641555788,12.451241731643677
2.502,they,-7.189164161682129,5.184248447418213,6.018162727355957
2.503,touched,-7.883665615692736,8.934425354003906,10.155258655548096
2.504,the,-2.007768869400024,4.277351379394531,5.416914463043213
2.505,"ground ,",-5.973579645156860,9.477947235107422,10.576717853546143
2.506,and,-1.659519195556641,5.290073394775392,5.703331947326660
2.507,all,-5.103006362915039,4.943553924560547,5.452614784240723
2.508,the,-1.331341505050659,5.547232627868652,6.265149116516112
2.509,people,-4.279287815093993,4.678963184356689,5.145925521850586
2.510,that,-5.443132400512695,5.254278659820557,5.683652877807617
2.511,the,-4.481884002685547,4.638429164886475,5.608101844787598
2.512,raindrops,-20.272312164306641,12.891316890716553,15.802752017974855
2.513,fell,-5.924749374389648,5.113679409027100,5.669106483459473
2.514,on,-2.270545244216919,5.031901836395264,5.170901298522949
2.515,"cried ,",-20.024093985557556,15.041926503181458,18.739655971527100
2.516,`` It 's,-7.361111273057761,29.858815670013428,33.858849048614502
2.517,"raining '' ,",-31.586513638496402,24.820008277893066,27.707717418670654
2.518,and,-3.196744680404663,4.632608890533447,4.659545421600342
2.519,took,-9.835023880004883,5.003959178924561,5.011415958404541
2.520,out,-5.137830734252930,4.992680549621582,4.992943763732910
2.521,their,-4.408728599548340,5.837447166442871,6.009045124053955
2.522,umbrellas .,-11.120739713311195,18.331863880157471,19.663495540618896
2.523,Some,-4.888598442077637,0.000000000000000,0.000000000000000
2.524,of,-2.215373992919922,3.726153135299683,5.735009670257567
2.525,the,-0.582967460155487,3.319650411605835,5.396403312683105
2.526,drops,-10.685688495635986,7.248769998550415,11.440507411956787
2.527,that,-5.868013381958008,4.618465900421143,5.980378150939941
2.528,were,-2.572142124176025,3.754600048065186,5.929290294647218
2.529,the,-4.727571487426758,2.776610851287842,5.457775115966797
2.530,most,-4.626563072204590,4.222768783569337,6.742245197296143
2.531,"fortunate ,",-12.433166027069090,9.585100173950195,11.659474372863770
2.532,including,-3.858196146786213,8.142936944961548,11.485563278198242
2.533,"Aqua ,",-25.385003566741943,10.080605030059814,14.214386701583862
2.534,fell,-5.791807651519775,4.217732429504395,6.056727886199951
2.535,on,-3.689327955245972,4.283295631408691,5.102741241455078
2.536,a,-3.281169652938843,3.903569459915161,5.237817287445068
2.537,"mountainside ,",-12.987649679183960,9.262740135192871,11.158712387084961
2.538,and,-1.329543828964233,5.651150703430176,5.767532348632812
2.539,down,-7.890850543975830,4.602207183837892,5.206271171569824
2.540,the,-1.330686569213867,4.108710765838623,5.174256324768066
2.541,rocky,-8.722731471061707,8.644196987152100,10.678231716156006
2.542,cliff,-5.963372826576233,7.367247104644775,9.640532732009886
2.543,they,-8.702308654785156,6.037155151367188,6.493574619293213
2.544,ran .,-8.627522915601730,14.318117141723633,17.215675354003906
2.545,Together,-9.237829685211182,2.381103754043579,4.792362689971924
2.546,they,-1.993809342384338,3.646002769470215,4.640326499938965
2.547,plunged,-10.800132304430008,6.577062368392943,10.830434322357178
2.548,into,-2.101144313812256,4.459036350250244,5.703348159790039
2.549,a,-1.874652743339538,3.578586101531982,5.681584358215332
2.550,mountain,-6.294412136077881,3.274735689163208,6.066365718841553
2.551,"brook ,",-17.306506991386414,12.213644027709961,16.174807071685791
2.552,which,-4.719446182250977,4.717858314514160,4.885411262512207
2.553,came,-6.587166547775269,8.739147186279299,10.914521694183350
2.554,foaming,-18.028141021728519,10.226494789123537,14.925270080566404
2.555,and,-2.257584810256958,5.102771759033203,5.335887908935547
2.556,dashing,-11.045238494873047,5.402000427246094,5.716949939727782
2.557,"along ,",-9.846348285675049,11.028663158416748,11.810107707977295
2.558,leaping,-9.294627234339712,7.841590404510497,10.838040828704834
2.559,over,-3.919599533081055,5.402496814727783,6.216803550720215
2.560,rocks,-8.896398544311523,4.884347915649414,6.324399471282959
2.561,and,-0.723001360893250,5.442538261413574,6.261924743652344
2.562,rushing,-8.303319394588469,8.469081878662111,10.349920272827148
2.563,down,-4.256901741027832,5.207504749298097,5.972496509552003
2.564,the,-1.036971688270569,4.818654537200928,5.984062194824219
2.565,"hillside ,",-10.060260772705078,9.652668476104736,11.338412761688232
2.566,until,-6.782718181610107,5.861052513122559,6.340224266052246
2.567,in,-6.301328659057617,3.198481082916260,4.563822746276856
2.568,the,-1.340591907501221,3.601609230041504,4.846838951110840
2.569,valley,-6.229246139526367,4.614576339721680,5.434731006622314
2.570,below,-6.742084980010986,4.863332748413086,5.626659393310547
2.571,they,-5.457682609558105,4.262280941009521,5.880621433258058
2.572,heard,-8.314287662506104,9.255891799926758,10.692196369171144
2.573,the,-1.851554274559021,5.510419368743896,6.171489238739014
2.574,strangest,-9.010905354283750,13.138462781906128,17.810677051544193
2.575,clattering,-18.115217447280887,10.092511534690855,13.818049192428589
2.576,noise .,-6.459923282265663,13.661758899688721,16.577378749847412
2.577,The,-1.715715885162354,0.000000000000000,0.000000000000000
2.578,little,-8.807524681091309,2.493434429168701,5.196558952331543
2.579,water,-7.857999563217162,5.255451560020448,8.274747371673584
2.580,drops,-7.585986390709878,6.537677526473999,10.395909309387207
2.581,were,-8.153262138366701,4.919931888580322,5.906954765319824
2.582,then,-3.774833679199218,5.676151752471924,6.336217880249023
2.583,able,-8.127424836158752,7.429885387420653,10.762816429138184
2.584,to,-0.006822505500168,4.823807716369629,6.507341861724854
2.585,make,-4.552680969238281,4.752589702606201,6.159318923950195
2.586,out,-6.567936897277832,4.922738075256348,5.884493827819824
2.587,a,-2.206372261047364,5.578166007995605,6.548353195190430
2.588,flour,-12.699108123779295,2.988973379135132,5.159594058990479
2.589,mill,-5.059087753295898,4.181118011474608,5.869257926940918
2.590,that,-3.240127801895142,4.954196929931642,5.792376995086670
2.591,was,-2.174938678741455,5.411923408508301,6.304584980010986
2.592,standing,-8.900854825973509,8.669631958007812,10.843172073364258
2.593,on,-2.106686830520630,4.315996170043944,5.609615325927733
2.594,the,-0.488218367099762,3.564942836761475,5.317807197570801
2.595,bank .,-10.408950269222260,11.753212451934814,16.292052268981934
2.596,Inside,-9.483592033386230,0.000000000000000,0.000000000000000
2.597,the,-1.136904239654541,2.518037319183350,5.118360519409180
2.598,"mill ,",-7.401991277933120,6.620110750198365,9.225196838378906
2.599,the,-1.907136082649231,3.597579002380371,4.578821659088135
2.600,water,-6.256125450134277,6.414568901062013,9.161225318908693
2.601,drops,-6.574255431070924,7.347376346588135,10.467004299163818
2.602,saw,-13.929794311523438,3.239889383316040,5.414715290069580
2.603,two,-7.589257240295410,5.215312957763672,6.335396766662598
2.604,great,-8.558662414550781,5.220592021942139,6.378345489501952
2.605,"stones ,",-9.064633369445801,9.328454494476318,11.945389270782471
2.606,which,-3.193976640701294,5.346228122711182,5.739341735839844
2.607,the,-3.491997957229614,4.883896350860597,5.042807579040527
2.608,big,-7.445084571838379,5.404391765594482,6.106773376464844
2.609,wheel,-8.943223714828493,7.687682628631593,9.185271263122560
2.610,kept,-6.850572586059570,8.428164243698120,10.373486280441282
2.611,whizzing,-12.246862235246224,8.038189649581911,11.167989253997805
2.612,round,-9.213503837585449,3.142678976058960,5.018411159515381
2.613,and,-3.084599018096924,4.972206592559815,5.376533985137940
2.614,round .,-8.816949665546417,10.441928863525391,14.897680282592773
2.615,The,-1.715715885162354,0.000000000000000,0.000000000000000
2.616,"stones ,",-13.964938163757324,7.118720769882202,11.764586448669434
2.617,smoothed,-11.814830064773560,5.724291324615479,9.805190563201904
2.618,by,-1.619965076446533,4.765021800994873,5.961204528808594
2.619,the,-1.650486826896668,5.166821956634521,6.035177230834961
2.620,"spinning ,",-12.985853433609009,8.247308254241943,11.268136978149414
2.621,were,-2.903590202331543,5.246003627777100,6.404462337493896
2.622,busy,-8.657684326171875,4.281315326690674,6.092474460601808
2.623,grinding,-11.204140186309814,7.057503461837769,9.820110797882080
2.624,the,-3.132177352905273,4.235874176025392,5.325402259826660
2.625,wheat,-9.308023452758787,2.856822967529297,4.508314132690430
2.626,into,-2.758634567260742,5.151569843292236,5.730642318725586
2.627,flour,-9.067200660705566,3.137036561965942,5.232100963592528
2.628,and,-1.791217803955078,5.046016693115233,5.501586914062500
2.629,the,-3.643584728240967,5.558771133422852,6.065791130065918
2.630,corn,-3.932693243026733,3.738164424896240,4.268174171447754
2.631,into,-6.962932586669923,5.373777389526367,5.958600997924805
2.632,golden,-10.080490112304688,3.661818981170654,6.020371913909912
2.633,meal .,-8.656002312898636,15.125276088714600,19.932545185089111
2.634,But,-3.195700645446777,0.000000000000000,0.000000000000000
2.635,what,-5.295559883117676,3.751885414123535,5.883292675018311
2.636,giant,-12.827569961547852,3.189876079559326,5.330361843109131
2.637,do,-6.590366840362549,3.398834228515625,6.034834861755371
2.638,you,-0.677295982837677,3.313377141952514,5.884225845336914
2.639,suppose,-8.367313385009767,3.996090412139893,4.557174205780028
2.640,it,-4.469764709472656,3.577539920806885,5.458642959594727
2.641,was,-3.349532842636108,4.396135330200194,5.309127807617188
2.642,who,-9.771100044250488,4.442336082458496,4.561292171478272
2.643,could,-3.283076763153076,5.266464233398438,6.085955142974854
2.644,turn,-4.062639236450194,4.928324699401856,5.433340549468994
2.645,and,-6.033268928527832,5.413403511047363,6.111035823822021
2.646,swing,-8.980172157287598,4.744554996490479,4.744669437408447
2.647,that,-5.578711509704590,4.983322620391847,5.539302825927733
2.648,tremendous,-9.275292396545410,4.564823150634767,6.502384185791017
2.649,wheel ?,-10.105404609814286,15.384083986282349,18.804113864898685
2.650,No,-6.186875820159912,0.000000000000000,0.000000000000000
2.651,giant,-9.892432212829590,2.574642181396484,4.505558490753174
2.652,at,-7.726054191589355,2.401636362075806,4.197750568389893
2.653,all .,-3.059786483645439,10.571424961090088,14.933120727539062
2.654,It,-3.835548400878906,0.000000000000000,0.000000000000000
2.655,was,-2.245547771453857,3.240544319152832,5.025370121002197
2.656,just,-4.915404319763184,3.666547536849976,6.752871036529541
2.657,our,-7.730538368225098,3.329529523849488,5.274749755859375
2.658,tiny,-9.470443725585938,2.748154878616333,5.409393787384033
2.659,little,-5.591512680053711,3.051643133163452,5.501051902770996
2.660,water,-7.832672238349914,5.924833774566650,9.458954334259033
2.661,"drops ,",-14.806613683700562,12.557032585144043,16.812693595886230
2.662,who,-9.379715919494627,5.202759265899658,5.310547828674316
2.663,sprang,-9.176249384880066,11.203866958618164,14.503725051879885
2.664,on,-4.720233917236328,4.706105709075928,5.392262458801270
2.665,it,-4.676216125488281,4.340227603912354,5.835601806640625
2.666,by,-5.891570091247559,5.504143714904785,6.167164802551270
2.667,hundreds,-7.768053054809570,5.045163154602051,6.624185085296631
2.668,and,-2.876773357391357,3.748242139816284,4.251414775848389
2.669,"thousands ,",-3.311451526766177,13.972264289855957,16.652284145355225
2.670,and,-1.025030255317688,4.161674022674561,4.306829452514648
2.671,whirled,-14.265353381633760,8.851207494735716,10.930604457855225
2.672,it,-2.255259752273560,5.229456424713135,6.192523956298827
2.673,over,-3.049225807189941,5.739952087402344,6.125946044921875
2.674,and,-2.920442104339600,5.448541641235352,5.834385395050049
2.675,over .,-3.576949201524258,13.389069080352783,15.705464363098145
2.676,It,-3.835548400878906,0.000000000000000,0.000000000000000
2.677,was,-2.245547771453857,3.240544319152832,5.025370121002197
2.678,lucky,-10.169669151306152,4.761822700500488,8.170131444931030
2.679,for,-3.630873441696167,2.084853172302246,3.849552392959594
2.680,the,-1.594798207283020,3.491016387939453,4.473806381225586
2.681,water,-8.646504640579224,7.052443504333496,10.019429683685305
2.682,drops,-10.944497108459473,7.902219295501709,10.655534744262695
2.683,that,-5.271059036254883,4.946213722229004,6.314895153045653
2.684,the,-2.014298439025879,4.681768417358398,5.665005207061768
2.685,brook,-13.318175792694092,7.014697074890138,9.114809513092039
2.686,where,-8.362649917602539,8.659942150115969,10.584798336029053
2.687,they,-4.084720611572267,5.191729545593262,6.340914726257324
2.688,were,-1.175897717475891,4.195592880249023,5.723011970520020
2.689,swimming,-10.882818222045898,5.012881755828857,5.830373287200928
2.690,next,-7.099247932434082,4.949193477630615,5.665545940399170
2.691,emptied,-15.750644695013762,12.306821823120115,14.467018604278564
2.692,into,-3.987854242324829,5.236624240875244,5.662032127380371
2.693,a,-2.009635448455811,5.741305828094482,6.703172683715820
2.694,beautiful,-7.799332141876222,4.834022998809815,6.562335968017577
2.695,pond,-5.426524758338928,7.292742252349853,8.697434425354004
2.696,where,-5.245346069335938,9.396888256072998,10.288946151733398
2.697,ducks,-7.527835145592690,12.720613718032837,16.278591632843018
2.698,and,-2.348234653472900,4.693130493164063,5.160570144653320
2.699,geese,-7.680478185415268,9.514109849929811,13.663263320922852
2.700,were,-2.578488826751709,5.181662559509277,6.261030197143555
2.701,living,-6.284972667694093,4.806820392608643,5.190422058105469
2.702,peacefully .,-9.079376299399883,18.138809680938721,21.662349224090576
2.703,Aqua,-15.459778785705565,2.401367664337158,4.861285209655762
2.704,liked,-14.573239326477051,3.362932562828064,7.915889263153076
2.705,to,-2.798273563385010,3.421053171157837,5.496692180633545
2.706,play,-4.265827178955078,3.841493606567383,6.283555984497070
2.707,hide-and-seek,-15.815248258382779,17.583612918853760,29.178586483001709
2.708,in,-2.375504016876221,3.514582157135010,5.240068435668945
2.709,this,-3.739233970642090,3.887122154235840,5.911985874176025
2.710,"pond ,",-10.806082844734192,10.364560604095459,15.743390560150146
2.711,and,-1.699390411376953,5.453001976013184,6.371001720428468
2.712,it,-2.926445960998535,5.412065505981445,6.175013065338135
2.713,was,-1.615073204040527,5.533770084381104,6.033150196075440
2.714,his,-4.535645008087158,5.139478683471680,6.271451950073242
2.715,brother,-5.684728622436523,3.929239511489868,5.274711608886719
2.716,water,-14.512216687202455,8.186716556549072,10.466533660888672
2.717,drop,-10.320137977600098,3.630746126174927,5.184405326843262
2.718,who,-7.739745140075684,5.915484905242920,6.154551982879639
2.719,he,-5.944766044616699,5.409792423248291,6.388213157653809
2.720,fooled,-9.038649281952528,8.874787330627441,11.456635951995850
2.721,by,-4.713693141937256,5.716949462890625,5.964818000793457
2.722,swimming,-8.933355331420898,5.161260604858398,6.186418056488037
2.723,to,-3.841495990753174,4.926816463470459,6.048292160034180
2.724,a,-2.200659513473511,5.048971176147461,6.152281761169434
2.725,big,-5.349523067474365,4.676899909973145,6.394520759582520
2.726,pool,-6.438450813293457,4.353644371032715,5.441454887390137
2.727,of,-2.462790727615356,4.881999015808105,5.704746723175049
2.728,water,-3.695816397666931,7.652708530426025,10.032037734985352
2.729,and,-2.207507133483887,4.814516067504883,5.037971973419189
2.730,pretending,-12.170358896255493,8.771074056625366,9.557758331298828
2.731,to,-0.538326978683472,5.627066135406494,6.482022285461426
2.732,hide,-7.190546035766602,4.230924606323241,4.443109512329102
2.733,"there ,",-9.278125286102295,10.960441589355469,11.760605812072754
2.734,but,-3.263472557067871,4.705174446105957,5.006756782531738
2.735,then,-3.920186042785645,4.735407829284668,5.121956825256348
2.736,sneaking,-10.749361276626587,9.639806270599363,10.550440311431883
2.737,under,-6.061975479125977,5.252345561981201,5.475889205932617
2.738,a,-2.502968788146973,5.610038757324219,6.504832267761231
2.739,rock,-5.010532379150392,4.075368881225587,5.000538349151611
2.740,into,-5.131275177001953,5.373837947845459,5.667001247406006
2.741,an,-3.797736406326294,5.598518371582031,6.490612030029298
2.742,obscured,-18.010103702545162,10.975397109985352,13.054446697235107
2.743,little,-6.230406761169434,4.549810409545898,6.330024719238281
2.744,puddle .,-13.209745384752750,22.960534811019897,31.483043193817142
2.745,His,-5.701935768127441,0.000000000000000,0.000000000000000
2.746,brother,-5.383522033691406,3.158484220504761,5.388194561004639
2.747,had,-5.373611927032472,4.151401519775392,5.716898918151856
2.748,blatantly,-13.298853427171707,6.922366619110107,11.251084804534912
2.749,peeked,-12.784042795188725,6.846315622329713,10.696061611175537
2.750,and,-5.864801406860352,4.221517086029054,5.740554809570312
2.751,even,-6.678571701049805,4.451831340789795,6.139260292053223
2.752,followed,-6.974649519746890,8.053840875625610,11.220814228057860
2.753,Aqua,-18.307742118835449,5.271530151367188,8.321886539459229
2.754,as,-10.061306953430176,3.896156787872314,4.748997211456299
2.755,he,-0.986323833465576,4.878985881805420,5.667408466339111
2.756,entered,-5.420881867408752,8.641351222991942,10.841198444366457
2.757,the,-0.704674541950226,4.806658267974854,5.895524024963379
2.758,big,-8.058523178100586,4.815502166748047,6.285321712493896
2.759,pool,-7.903467655181885,4.299140453338623,5.783998012542725
2.760,of,-1.113888025283814,4.782524585723877,5.361319541931152
2.761,"water ,",-7.514630794525146,12.741123676300049,16.160683155059811
2.762,so,-4.819877624511719,4.509604454040527,5.128951072692871
2.763,when,-4.925143241882324,4.481348514556885,4.756320953369142
2.764,he,-0.699978470802307,4.955803871154785,6.086310386657715
2.765,searched,-9.857795329604414,8.120992183685303,9.796239852905273
2.766,there,-5.458748817443848,3.447757482528687,3.742507219314575
2.767,and,-5.054704189300537,5.283864021301270,5.598375797271729
2.768,could,-5.912485122680664,5.057870864868164,6.184020042419434
2.769,not,-3.874960184097290,5.272654056549072,6.526401996612549
2.770,find,-2.137257575988769,4.783469676971436,5.244843482971191
2.771,"him ,",-5.013810276985168,9.808052062988281,10.433835983276367
2.772,he,-0.545018076896667,4.902433395385742,5.476111412048340
2.773,was,-1.907112836837769,5.863697052001952,6.407378196716309
2.774,extremely,-8.389125101617536,9.727984428405762,12.230087280273438
2.775,surprised,-5.125246524810791,4.954586505889893,5.546626091003418
2.776,and,-2.892132520675659,5.570630550384521,6.031176567077638
2.777,gave,-8.498764038085938,4.966676235198975,5.450738430023193
2.778,up .,-2.230353359133005,13.555416584014893,15.842360496520996
2.779,Aqua,-15.459778785705565,2.401367664337158,4.861285209655762
2.780,liked,-14.573239326477051,3.362932562828064,7.915889263153076
2.781,this,-4.702764034271240,3.103351116180420,5.680012226104736
2.782,pond,-13.027251839637756,5.611437082290649,9.515799999237061
2.783,where,-5.635957956314088,7.406526565551758,10.279284954071043
2.784,he,-2.568489074707031,4.315619468688965,5.540611267089844
2.785,could,-3.126398086547852,4.955326557159424,6.153934955596924
2.786,play,-4.211495399475099,5.045664310455322,5.943739891052246
2.787,all,-6.403514862060548,3.545778512954712,4.818142414093018
2.788,"day ,",-5.381828308105469,11.429136753082275,15.354284763336182
2.789,so,-4.477759361267090,3.671776771545410,4.443548202514648
2.790,he,-0.966078758239746,4.839326381683350,5.421784400939941
2.791,stayed,-6.002153318375349,8.272262573242188,11.678489685058596
2.792,a,-4.529979705810547,4.547212123870850,5.976284503936768
2.793,good,-4.600320816040039,3.448917627334595,5.484566211700440
2.794,"while ,",-9.773427963256836,13.096631288528442,15.417972803115843
2.795,sailing,-10.215117454528807,5.093515872955322,5.715218544006348
2.796,up,-4.341766357421875,4.665319442749023,5.548649787902832
2.797,and,-2.745887756347656,5.646187782287598,6.583364486694336
2.798,"down ,",-2.576376408338547,10.089488506317139,11.058075904846191
2.799,taking,-5.445838928222656,10.275638580322266,11.050895214080811
2.800,the,-2.120368719100952,5.723618984222412,6.568528652191162
2.801,ducks ',-11.800523042678833,21.808398008346558,27.734161376953125
2.802,backs,-5.253108501434326,7.979673624038696,10.599197864532471
2.803,for,-4.647460937500000,5.339710235595703,5.863008975982666
2.804,ships,-10.253356933593750,5.269619464874268,6.174483776092528
2.805,and,-1.520151615142822,5.177831649780273,5.363129615783691
2.806,the,-3.245879173278809,5.553148746490479,5.746766090393066
2.807,frogs,-10.607634127140043,9.373191356658936,10.346924304962158
2.808,for,-3.665136575698853,4.784947395324707,5.060004234313965
2.809,"horses ,",-10.324357271194458,10.180749416351318,11.024345874786377
2.810,but,-4.096853256225587,5.138987541198730,5.476507186889648
2.811,after,-5.335340023040772,6.030154228210449,6.372909545898438
2.812,a,-2.070857524871826,5.540870666503906,6.171814918518066
2.813,time,-5.634205818176270,4.459190368652344,4.830865383148193
2.814,he,-1.031342506408691,4.961370944976807,5.498637199401856
2.815,tired,-9.088080406188963,5.658002853393555,6.168507099151611
2.816,of,-0.181797131896019,5.918841838836670,6.205739974975586
2.817,the,-2.770166397094727,5.514549732208252,6.178795814514160
2.818,dull,-10.299983024597168,4.884110450744629,6.170131683349608
2.819,"life ,",-8.756092548370361,7.613428354263306,8.470482826232910
2.820,and,-2.677927970886230,4.866547107696533,5.348943710327148
2.821,he,-2.497856616973877,5.175814628601074,5.681099414825440
2.822,and,-5.759616374969482,5.240914821624756,5.770486354827881
2.823,his,-0.242621392011643,6.215539455413817,6.718358516693115
2.824,brothers,-4.856038570404053,5.193073272705078,5.782194137573242
2.825,floated,-8.894511267542837,13.013044357299805,14.114567756652832
2.826,under,-6.256398200988770,5.077239036560059,5.426566123962402
2.827,a,-2.677456378936768,6.017907142639160,6.581236362457275
2.828,bridge,-6.617690563201903,7.908057212829590,9.625106811523438
2.829,for,-4.545257568359375,5.038326740264893,5.299966812133789
2.830,a,-1.721792817115784,5.685616970062256,6.383837699890138
2.831,long,-4.184559345245361,5.861173629760742,6.713271617889403
2.832,"distance ,",-9.259475708007811,12.874080896377563,15.154739379882812
2.833,until,-6.111491203308105,4.962714672088623,5.217219352722168
2.834,they,-1.386596918106079,5.363628387451172,5.810041904449463
2.835,saw,-4.642923355102539,4.781284332275392,5.122432231903076
2.836,another,-5.172518253326416,5.780026435852051,6.145580768585205
2.837,brook,-13.498262643814087,6.814374208450317,8.379407167434692
2.838,tumbling,-13.027647733688354,8.390292644500732,9.547262191772461
2.839,down,-2.873848199844360,4.890299797058105,5.206802845001222
2.840,a,-2.653846979141236,5.439545154571533,6.167464733123778
2.841,hillside .,-7.711394909769297,13.273226022720339,16.130677223205566
2.842,"`` Come ,",-15.464499502984836,12.363304376602173,20.592843055725098
2.843,let 's,-5.110199660528451,15.093069791793823,21.000848293304443
2.844,join,-8.503098487854004,4.718315124511719,5.805854797363281
2.845,hands ! '',-23.384179686428979,25.703926086425781,31.342761993408203
2.846,cried,-16.452830076217651,5.101297378540039,9.202855110168457
2.847,Aqua,-13.583272933959961,5.559482812881470,9.571911334991457
2.848,and,-8.104253768920897,4.281001091003418,5.538101673126222
2.849,because,-11.027702808380127,8.401913166046143,9.943645000457764
2.850,the,-2.163297653198242,4.341835975646974,5.523036003112793
2.851,water,-6.851929187774657,7.978641510009767,9.743645191192627
2.852,drops,-7.068905495107174,8.187399148941040,9.999998569488524
2.853,were,-7.499970912933350,5.247710227966309,5.860929012298584
2.854,all,-5.893438339233398,5.507355690002441,6.347393989562987
2.855,"together ,",-8.517860114574432,9.747202396392822,11.231267452239990
2.856,overcoming,-12.637337684631348,8.722016811370850,11.770708560943605
2.857,the,-1.003321290016174,5.304792404174805,5.978266239166260
2.858,brook,-14.258572101593018,7.073033571243286,8.726931571960451
2.859,was,-3.408437252044678,5.226520061492920,5.644195556640625
2.860,child 's,-16.547869448142592,13.792817115783691,20.729935169219971
2.861,play .,-7.608577359467745,11.434264421463013,15.785078525543213
2.862,It,-3.835548400878906,0.000000000000000,0.000000000000000
2.863,was,-2.245547771453857,3.240544319152832,5.025370121002197
2.864,by,-6.411543846130371,2.658193588256836,5.348119258880615
2.865,the,-3.132323741912842,2.783549785614014,4.776308536529541
2.866,help,-9.243936538696287,1.775314331054688,4.149395942687988
2.867,of,-0.007608600892127,3.404834508895874,5.251665115356445
2.868,Aqua,-14.583526611328125,5.854316592216492,9.136533498764036
2.869,and,-9.106321334838867,3.283811569213867,5.009145259857178
2.870,his,-3.701864242553711,4.916423797607422,5.927120208740233
2.871,brothers,-4.673333644866943,3.243577480316162,5.570054054260254
2.872,that,-4.032691001892090,4.122401237487793,4.890656471252441
2.873,the,-1.829447031021118,4.553950786590576,5.421219825744629
2.874,bewitching,-19.115648269653320,6.232893347740173,10.113447189331056
2.875,river,-10.671820640563963,4.855154037475586,6.012483596801758
2.876,was,-1.165108919143677,5.488197803497314,5.765190601348878
2.877,able,-6.920158982276917,7.670985698699951,10.435941696166992
2.878,to,-0.008909353986382,4.630375862121582,5.739978790283202
2.879,float,-6.878645896911621,7.514071464538574,10.441080093383787
2.880,heavy,-9.303449630737305,4.420291423797607,6.220046043395996
2.881,"ships ,",-12.249135494232178,9.654753208160400,11.080678939819336
2.882,though,-6.326649665832520,5.064903259277344,5.012872695922852
2.883,not,-2.866746664047241,4.630979537963867,5.741878986358643
2.884,so,-4.285700798034668,5.353481292724608,6.536997795104980
2.885,long,-2.527578353881836,5.308812141418457,6.787778854370117
2.886,ago,-1.326157093048096,5.742759704589844,5.840822696685791
2.887,it,-3.549995422363281,5.965566158294678,6.027246475219727
2.888,was,-0.875648260116577,5.375293731689453,5.690519809722900
2.889,only,-3.889618873596192,5.656611442565918,6.058167934417725
2.890,a,-1.297162652015686,5.139387130737305,5.887614727020264
2.891,little,-4.935876369476318,4.677427768707275,6.231740951538086
2.892,stream .,-10.570964694023132,14.513536453247070,19.240785598754883
2.893,As,-4.516566753387451,0.000000000000000,0.000000000000000
2.894,the,-2.420159339904785,2.154358625411988,4.023939609527588
2.895,river,-8.736464500427246,2.719257831573486,4.739668369293213
2.896,grew,-4.082118034362793,3.096512317657471,5.290227413177490
2.897,wider,-7.480843544006348,2.947560071945190,5.350779533386231
2.898,and,-1.788818001747131,4.467706680297852,5.359748363494873
2.899,he,-7.088642120361327,4.826438426971436,6.240668773651122
2.900,could,-3.857363700866699,4.122430324554443,6.333840370178223
2.901,almost,-6.522819042205811,3.499134778976440,6.419823169708253
2.902,see,-4.674547195434570,4.530193805694580,5.208102226257324
2.903,the,-1.568294882774353,4.663306236267090,5.185483932495117
2.904,"ocean ,",-7.874245643615724,10.291485309600832,12.297047615051270
2.905,Aqua,-14.308386087417604,6.445354461669923,9.259953022003174
2.906,realized,-12.897488906979561,8.173166513442991,8.708129882812500
2.907,his,-3.068182468414306,6.137416362762451,6.571341037750244
2.908,journey,-6.446914196014403,4.174132823944092,5.252420425415039
2.909,was,-1.416615962982178,4.971216678619385,5.462907314300537
2.910,almost,-5.152591705322267,4.661460399627686,5.858094692230225
2.911,over,-3.686219930648804,4.270253658294679,5.953354835510254
2.912,and,-3.018790721893311,4.211362838745116,4.290895938873291
2.913,he,-2.412717819213867,4.788805961608887,5.291276931762695
2.914,had,-2.790821552276612,5.986708641052246,6.041985988616942
2.915,come,-5.141622066497803,5.339619159698486,6.596449375152588
2.916,full,-6.027778625488281,3.172670841217041,5.705140113830566
2.917,circle .,-1.416033942252398,12.825980186462404,15.857428073883057
2.918,Back,-8.572368621826174,0.000000000000000,0.000000000000000
2.919,in,-0.630218446254730,2.185047626495361,4.840424537658691
2.920,the,-1.453841924667358,2.849149227142334,4.922007560729980
2.921,"ocean ,",-10.388646006584167,6.893147706985473,9.751184463500977
2.922,he,-3.134101629257202,5.127294540405273,5.967488288879395
2.923,felt,-6.532079219818115,3.940567970275879,4.389123439788818
2.924,right,-7.013158321380615,4.306475639343262,6.193431854248048
2.925,at,-2.902204036712646,3.779987335205078,5.337169170379639
2.926,home .,-2.581255108118057,10.597078800201416,15.841615200042725
2.927,For,-4.482447147369385,0.000000000000000,0.000000000000000
2.928,"him ,",-6.764329016208649,5.138421058654785,10.967593669891357
2.929,this,-2.862427711486816,3.936268329620361,4.660429000854492
2.930,was,-2.503785371780396,4.015920639038087,4.318172931671143
2.931,the,-1.949345827102661,3.451965093612671,4.884110927581787
2.932,"safest ,",-14.607272481545804,16.617580652236938,22.546546936035153
2.933,sweetest,-8.278601616621017,12.164137125015259,15.268100738525391
2.934,place,-4.114878654479980,4.454393386840820,4.679475784301758
2.935,in,-1.161178588867188,3.403098106384277,3.819226264953613
2.936,the,-0.955296635627747,3.582609891891479,4.958433151245117
2.937,whole,-8.805998802185059,3.948981761932373,5.514889240264893
2.938,wide,-11.917081594467163,6.236974477767943,9.795939922332764
2.939,world .,-3.265688419342041,10.778995990753174,15.030827999114992
2.940,During,-6.589187558740377,1.115568757057190,3.205638647079468
2.941,the,-0.566479444503784,3.235652923583984,5.947915554046631
2.942,warm,-9.763025283813477,2.044492006301880,4.643239974975586
2.943,summer,-2.169155597686768,1.849758505821228,4.367162227630615
2.944,"evenings ,",-10.168909013271332,7.615469932556152,14.633722305297852
2.945,if,-8.282552719116211,3.557572841644287,5.882370948791504
2.946,you,-2.198063611984253,4.584885597229004,6.052495479583740
2.947,take,-4.801152229309082,2.841367721557617,4.912511348724365
2.948,a,-1.451361298561096,4.457324981689453,6.056714534759521
2.949,walk,-4.731708526611328,2.986116647720337,4.036857604980469
2.950,on,-3.757512807846069,4.351358413696288,5.354339599609375
2.951,the,-0.762166976928711,3.610458374023438,4.980381965637207
2.952,sea,-6.822299957275392,3.246752023696899,4.825948715209961
2.953,"beach ,",-9.801323056221008,7.591180562973022,8.718552112579346
2.954,you,-0.703072011470795,4.900522708892822,5.541568279266357
2.955,will,-2.645978927612305,5.588994503021240,6.071802616119385
2.956,hear,-4.503047466278076,5.400460720062256,6.058399677276611
2.957,the,-1.709263801574707,5.574068546295166,6.287484169006348
2.958,gentle,-9.826298713684082,4.500868320465088,6.412702560424805
2.959,rippling,-12.048802375793455,8.109555721282959,11.693393707275391
2.960,swash,-12.675249099731445,7.219484448432922,12.831928491592407
2.961,of,-6.916038513183594,5.414584159851074,6.053495407104492
2.962,the,-1.071536540985107,4.987221717834473,5.617504596710205
2.963,waves,-8.681219935417175,9.776287555694580,10.838622093200684
2.964,and,-2.496603965759277,4.484460353851318,5.331395626068115
2.965,some,-6.309229373931885,5.491778373718262,6.247736930847168
2.966,say,-8.154378890991211,4.859645366668701,5.716433048248291
2.967,that,-3.055250167846680,4.679803848266602,5.033623218536377
2.968,it,-3.036084651947021,4.631395339965820,5.688382625579834
2.969,must,-6.365032672882080,6.089711189270020,6.721374034881593
2.970,be,-0.574747085571289,5.594413280487061,6.184044837951660
2.971,the,-3.389191627502441,5.145701885223389,5.716521263122559
2.972,gurgling,-13.462998107075693,12.145879745483398,19.053450345993038
2.973,voices,-10.389575481414797,9.769872665405273,10.803498268127440
2.974,of,-1.282426834106445,5.135947227478027,5.440970897674561
2.975,Aqua,-14.956367015838625,5.489567041397095,8.439563751220701
2.976,and,-8.731160163879395,3.868215560913086,4.764971256256104
2.977,his,-4.588255405426025,5.425812244415283,6.128570556640625
2.978,brother,-4.203816413879395,5.171140670776367,6.124209880828857
2.979,water,-13.339664399623869,8.633699893951416,10.227314472198486
2.980,drops,-10.416561961174011,9.262976646423340,10.824458599090576
2.981,telling,-11.201747894287109,4.938952922821045,5.374957561492920
2.982,each,-6.367700695991516,8.594248771667480,10.895131111145020
2.983,other,-0.145991325378418,4.947882175445557,5.341448307037354
2.984,about,-3.424715518951416,4.804668426513672,4.978681087493896
2.985,their,-2.369723558425904,6.123315811157227,6.458697319030763
2.986,wonderful,-8.467032432556152,6.005078315734862,6.973800182342528
2.987,journey,-5.482429504394531,3.970865964889526,5.027402877807617
2.988,around,-6.159595489501952,5.097659111022949,5.240942955017090
2.989,the,-0.633985221385956,5.504095554351807,5.811319828033447
2.990,world .,-1.802485315129161,13.231040954589844,15.361721038818359
3.1,It,-3.835548400878906,0.000000000000000,0.000000000000000
3.2,was,-2.245547771453857,3.240544319152832,5.025370121002197
3.3,cold,-10.170391082763672,1.923783659934998,4.638614177703857
3.4,and,-1.556571483612060,3.752971172332764,4.868552684783936
3.5,nearly,-8.580051422119139,3.198400259017944,5.425402164459229
3.6,dark,-5.684844970703125,3.059509992599488,5.240073680877686
3.7,on,-5.073703765869142,3.647558927536010,5.600752830505371
3.8,the,-0.864785611629486,3.017306804656982,4.764612674713135
3.9,last,-5.133741378784180,4.017613887786865,5.948416233062744
3.10,evening,-4.964437484741211,2.052317380905152,3.970934629440308
3.11,of,-0.797530174255371,3.535486936569214,4.646623134613037
3.12,the,-1.655751109123230,3.561822891235352,4.673132896423340
3.13,old,-8.121447563171388,6.030428647994995,9.438404083251953
3.14,"year ,",-5.450268387794494,10.815863847732544,15.468994140625000
3.15,and,-1.325036525726318,5.502036094665527,6.047862529754639
3.16,the,-1.928934216499329,5.069201469421387,5.704542636871338
3.17,snow,-6.734467983245850,4.374634265899658,5.513070583343506
3.18,was,-1.894512891769409,5.426001548767090,5.687822818756104
3.19,falling,-6.289783477783202,4.915083885192871,5.660983562469482
3.20,fast,-5.569726467132568,4.645555496215820,5.596912384033203
3.21,and,-2.771685838699341,5.094523906707764,5.591689109802246
3.22,furious .,-7.241098884493113,12.021582841873169,15.283847332000732
3.23,A,-3.402023315429688,0.000000000000000,0.000000000000000
3.24,little,-6.787690162658691,2.844861984252930,5.203744411468506
3.25,girl,-4.330016136169434,3.375161170959473,6.488263130187987
3.26,no,-7.551563262939452,2.394816160202026,4.526780128479004
3.27,one,-2.993912696838379,3.848885774612426,6.175515174865723
3.28,sheltered,-13.918201863765715,10.668525695800779,15.517072200775145
3.29,from,-1.324007630348206,3.678162097930908,5.223905086517334
3.30,the,-1.189124345779419,3.786382675170898,5.386147499084473
3.31,gelid,-21.395295381546021,8.703596591949463,13.837962150573730
3.32,air,-8.058223724365233,3.646996736526489,5.633324146270753
3.33,roamed,-13.743389606475830,7.674001216888428,9.664037227630617
3.34,through,-2.575839519500732,4.725830554962158,5.741416454315186
3.35,the,-0.644807755947113,4.824938774108887,5.984324455261231
3.36,streets,-3.975212097167969,5.062491416931152,6.189638614654541
3.37,with,-4.542997360229492,4.923611640930176,5.534638881683350
3.38,a,-1.741457819938660,5.251485824584961,6.731271266937256
3.39,bare,-6.929918050765991,6.316650629043579,11.197538852691650
3.40,head,-4.875213623046875,4.436134338378906,6.431853771209718
3.41,and,-1.733948469161987,5.475087642669678,5.830698966979980
3.42,naked,-9.731677155999931,9.370253205299377,13.375221252441404
3.43,"feet ,",-8.598818302154541,10.940762042999268,12.687360763549805
3.44,looking,-6.355647087097168,5.307453155517578,6.416530609130858
3.45,as,-3.816268920898438,3.696263790130615,5.653362751007080
3.46,poor,-9.702477455139160,5.148350715637207,6.088586807250977
3.47,as,-0.732559382915497,4.221189498901366,4.584099769592285
3.48,a,-1.847948193550110,5.023398399353027,5.942209243774414
3.49,church,-7.717375278472900,3.976437091827393,5.630279064178468
3.50,mouse .,-9.736315326765181,17.799395680427551,23.183305263519287
3.51,It 's,-5.843329189345241,8.785422325134277,13.863775968551636
3.52,true,-4.394618511199951,2.761256933212280,5.115666389465332
3.53,she,-7.531510353088379,4.353566646575929,5.202054500579834
3.54,had,-3.754292964935303,2.929377079010010,3.791207313537598
3.55,on,-8.290983200073242,3.077000617980957,3.852976560592651
3.56,a,-2.572893142700196,3.740132808685303,5.501437187194824
3.57,pair,-8.740907669067383,2.272125482559204,4.392061710357666
3.58,of,-0.026863329112530,4.214440822601318,5.896653175354004
3.59,slippers,-10.158390879631042,5.851063728332520,10.425282955169678
3.60,her,-6.707823753356934,4.807784080505371,6.213581085205077
3.61,mother,-3.217307567596436,4.653143405914307,5.826367378234862
3.62,had,-1.519434452056885,4.659554004669189,5.550726890563965
3.63,once,-5.487273216247559,4.172469615936278,5.765335559844972
3.64,given,-4.022388339042664,7.413976430892943,9.737162590026855
3.65,her,-0.781479716300964,3.976911544799805,5.705306053161621
3.66,when,-3.709945678710938,4.631579399108887,4.915839195251465
3.67,she,-0.218157351016998,4.942184448242188,6.196236610412598
3.68,left,-3.741813182830811,4.497460365295410,5.168729305267334
3.69,"home ,",-5.697828292846680,9.122751235961914,10.601928234100342
3.70,but,-1.347859859466553,4.857945919036865,5.028946399688722
3.71,they,-4.376146316528319,5.524979591369629,5.634511470794678
3.72,were,-1.736311197280884,5.515792846679688,6.176989078521729
3.73,as,-6.430451869964600,4.721262454986572,6.217476367950440
3.74,much,-2.931391954421997,5.609742641448975,6.895531654357910
3.75,use,-10.581571578979492,3.235357046127320,5.506766319274902
3.76,to,-3.851865530014038,5.485303878784180,5.690249443054199
3.77,her,-0.965687036514282,5.570324897766113,6.625536918640138
3.78,as,-1.761531829833984,4.171839237213135,4.443832397460938
3.79,a,-3.181518793106079,5.792974948883058,6.534706115722656
3.80,chocolate,-9.209828036808176,13.129656314849855,20.374334812164310
3.81,teapot .,-14.473555814474821,19.108654975891113,24.532042741775513
3.82,The,-1.715715885162354,0.000000000000000,0.000000000000000
3.83,slippers,-15.378136157989502,6.079634666442871,11.924064159393311
3.84,owned,-10.396661043167112,7.348266601562500,11.475117206573485
3.85,by,-0.093271918594837,4.260728836059569,5.319578170776367
3.86,her,-5.592110633850098,4.284289360046387,6.176088333129883
3.87,mother,-2.679475069046021,4.492760181427002,5.717698097229004
3.88,were,-2.279338121414185,5.327046871185303,6.160232543945312
3.89,so,-4.345247268676759,5.209095478057861,6.340103149414063
3.90,large,-3.996134519577025,2.623273849487305,4.159938812255858
3.91,that,-0.493404239416122,3.378128767013550,3.949834108352661
3.92,the,-2.238211154937744,4.813987731933594,5.483417510986328
3.93,emaciated,-13.102116413414477,11.822576284408569,17.768773317337036
3.94,little,-7.276484489440918,4.342736244201660,5.664202690124513
3.95,creature,-5.888244628906250,3.971376657485962,4.283570766448975
3.96,had,-2.813178300857544,5.518781661987305,5.518317699432373
3.97,lost,-6.413055896759032,3.978784799575806,4.565816402435303
3.98,them,-6.332703113555907,4.349989414215088,5.337564468383789
3.99,while,-5.768569350242615,7.775967359542848,8.505216598510742
3.100,running,-5.799821853637695,4.894485950469972,5.122943878173828
3.101,across,-6.461802005767822,4.157493591308594,4.309402465820312
3.102,the,-0.455233454704285,4.597359657287598,5.549752712249756
3.103,street,-2.107639133930206,7.281491279602051,9.944236755371094
3.104,to,-2.522580146789551,5.290425777435303,5.591421604156494
3.105,avoid,-4.954626083374023,5.276873111724854,5.770488262176514
3.106,two,-7.938206672668457,6.051667690277100,6.923925876617433
3.107,carriages,-11.777879476547241,9.547543287277223,14.321774482727051
3.108,that,-3.700491666793823,3.965081691741944,4.076523780822754
3.109,were,-2.281522274017334,5.847836494445801,6.495697021484375
3.110,rolling,-8.361859083175661,8.754133224487305,10.194973945617676
3.111,along,-3.322654247283936,4.665489196777344,4.964370250701903
3.112,at,-3.061621189117432,3.151218414306641,3.486426353454590
3.113,a,-1.820790886878968,5.703021526336670,6.380054950714111
3.114,terrible,-9.964964866638184,5.104626655578613,6.407569885253906
3.115,rate .,-2.252234475687146,12.756996631622314,15.371946334838867
3.116,One,-5.192912578582764,0.000000000000000,0.000000000000000
3.117,of,-1.683322072029114,3.292283535003662,4.526414871215820
3.118,the,-0.449236243963242,3.283671379089355,4.869532108306885
3.119,slippers,-14.907370328903198,4.976759195327759,9.967228889465332
3.120,she,-5.644241333007812,3.878876686096192,5.507806777954102
3.121,could,-6.130745887756348,3.602321624755860,5.394906520843506
3.122,not,-4.027332305908203,3.035136222839355,5.285016059875488
3.123,"find ,",-5.500593662261963,8.503005743026733,9.617056369781494
3.124,and,-3.759346008300781,3.561591625213623,4.051936149597168
3.125,a,-3.349503755569458,5.997681140899657,6.529082298278809
3.126,boy,-6.503241062164308,8.364808559417725,10.155547618865967
3.127,seized,-9.788742065429688,4.566776275634767,4.974959373474121
3.128,upon,-3.855838835239410,7.772471189498901,8.859842777252197
3.129,the,-2.197319984436035,5.370102405548097,6.265727996826173
3.130,"other ,",-5.598979532718658,8.770713806152344,9.211060523986816
3.131,saying,-11.138129234313963,4.133778572082520,5.023214340209961
3.132,that,-1.810811996459961,4.013780593872069,4.568305969238281
3.133,he,-2.241799831390381,4.922418594360352,5.979037284851074
3.134,could,-2.870570182800293,5.234943389892578,5.941496372222900
3.135,use,-5.209878921508789,4.369253635406493,4.769306659698486
3.136,it,-1.697620034217834,4.965730190277100,5.280499935150146
3.137,as,-2.219422817230225,4.272636890411377,4.940589427947998
3.138,a,-0.296606540679932,5.217558860778809,6.250047206878662
3.139,home,-5.920498847961426,5.158708572387695,5.697533130645753
3.140,for,-1.453996896743774,4.979161262512207,5.364144802093506
3.141,his,-2.378725528717041,5.492250919342041,6.397264957427979
3.142,little,-8.283903121948242,4.244382858276366,6.179170131683350
3.143,pet,-7.762935638427733,3.977177619934082,5.620451450347900
3.144,mouse .,-11.410095833241941,19.322003602981567,23.731484413146973
3.145,So,-5.562164306640625,0.000000000000000,0.000000000000000
3.146,with,-6.337507247924805,2.587111473083496,4.854032516479492
3.147,her,-5.973376750946045,3.850787162780762,5.205583572387695
3.148,naked,-9.611645342782142,7.072657346725464,13.139290332794189
3.149,"feet ,",-7.725143969058990,6.927915573120117,9.405499696731567
3.150,which,-5.926444530487061,3.516815185546875,4.305980205535889
3.151,were,-3.714404582977295,4.345674991607666,5.196472167968750
3.152,quite,-5.936408042907715,4.955847263336182,5.946707248687744
3.153,red,-8.816068649291992,7.159703016281128,10.612926006317140
3.154,and,-1.876073837280273,4.109392166137694,4.416810035705566
3.155,blue,-2.953277111053467,4.805209159851074,6.030840396881104
3.156,with,-4.782768249511719,4.298298835754395,4.574993133544922
3.157,the,-2.180070877075196,5.388433456420898,5.985590457916260
3.158,"cold ,",-8.596544504165649,8.056304216384888,10.217669486999512
3.159,the,-2.262604475021362,5.462769031524658,5.879716873168945
3.160,little,-5.486671924591064,4.413947582244873,5.998491287231445
3.161,girl,-1.655882596969604,4.478312015533447,4.899361610412598
3.162,went,-4.604349851608276,9.161706209182741,11.295744895935060
3.163,"on ,",-5.829259634017944,8.454695940017700,9.569940567016602
3.164,wondering,-8.799596499651670,9.623779058456419,10.812581539154053
3.165,how,-2.084923267364502,4.655089378356934,4.897421836853027
3.166,she,-1.533579468727112,3.947289943695069,5.195552825927733
3.167,would,-1.367048621177673,5.207086563110352,6.074211120605469
3.168,get,-3.364243268966675,4.622365474700928,5.653308868408202
3.169,through,-5.087012290954590,4.654810905456543,5.522333621978760
3.170,this,-3.027471065521240,4.689596652984619,6.006494522094727
3.171,dreadful,-10.527760505676270,4.973518848419189,5.906139373779298
3.172,night .,-5.199951946735383,12.578216075897217,15.645516395568848
3.173,She,-5.895580291748048,0.000000000000000,0.000000000000000
3.174,approached,-9.060738856438547,5.002297639846802,9.671409130096436
3.175,an,-5.264307975769043,4.497954845428467,5.790811061859131
3.176,old,-3.982406497001648,6.413120985031128,9.823963165283203
3.177,hovel,-14.927717685699465,6.617090702056885,12.099685907363892
3.178,she,-7.432436466217041,3.981360673904419,5.111946105957031
3.179,had,-0.795326292514801,4.093032836914063,5.251226425170898
3.180,used,-4.862316131591797,3.567954301834106,5.171867847442627
3.181,as,-3.178624153137207,3.628362894058228,4.367720127105713
3.182,a,-0.517997086048126,4.877962112426758,5.968067646026611
3.183,shelter,-7.321634531021117,6.091927528381348,8.681705474853517
3.184,a,-6.786083698272705,5.215424060821533,6.202077865600586
3.185,few,-0.985798239707947,4.997406959533691,5.753818511962892
3.186,times,-3.365980148315430,3.318445444107056,4.528854846954347
3.187,"before ,",-3.931497812271118,9.516168117523193,10.781900405883789
3.188,and,-1.080681443214417,4.900403499603272,5.218669414520264
3.189,found,-3.844372510910034,5.518448352813722,6.050120830535889
3.190,the,-2.462698936462402,5.308748722076416,5.845298767089844
3.191,entrance,-8.388765335083008,4.434112071990967,5.541358947753906
3.192,was,-4.372725486755371,4.512280464172363,5.217267036437988
3.193,locked .,-11.633507445454599,11.939116716384888,15.277063846588135
3.194,Tough,-11.228786945343018,2.115349292755127,5.429353713989258
3.195,luck,-9.774442672729492,2.967908620834351,5.393598556518555
3.196,for,-2.120513677597046,3.191186904907227,4.781232833862305
3.197,the,-1.485166311264038,3.270876407623291,4.854552268981934
3.198,girl !,-12.556288361549377,10.975088357925415,14.780121803283691
3.199,This,-4.780575275421143,0.000000000000000,0.000000000000000
3.200,day,-8.003663301467897,5.403295159339905,8.847649812698362
3.201,was,-5.608666419982910,4.265951633453368,5.637451648712157
3.202,even,-5.525601863861084,2.507587909698486,5.046776294708252
3.203,worse,-2.268280267715454,3.201088666915894,5.482522964477539
3.204,than,-0.942901968955994,3.700898170471192,6.058639049530028
3.205,the,-1.318246364593506,4.073310375213623,5.452327728271483
3.206,others .,-7.387842707335949,11.238240242004395,15.467032432556152
3.207,No,-6.186875820159912,0.000000000000000,0.000000000000000
3.208,Good,-13.138348579406738,1.674742460250854,3.801388502120972
3.209,Samaritan,-5.769633222371340,8.182902812957764,12.477466821670532
3.210,had,-5.324805736541748,4.485755920410156,5.157755851745605
3.211,given,-6.798890590667725,7.710701227188110,10.780760288238524
3.212,her,-3.062811136245728,4.146503448486328,6.014404296875000
3.213,even,-6.850553989410400,3.871689319610596,5.321994304656982
3.214,a,-1.196592688560486,4.399307727813722,5.771969318389893
3.215,penny .,-9.868152081966400,12.193755149841309,16.532734870910645
3.216,And,-4.322423458099365,0.000000000000000,0.000000000000000
3.217,she,-5.254432678222656,6.009459495544434,5.317173957824707
3.218,had,-4.496191024780273,4.088078022003174,5.464155197143555
3.219,no,-3.094597578048706,3.955984115600586,6.343339443206787
3.220,luck,-5.155236244201660,3.785790681838989,6.216423511505128
3.221,selling,-3.947918415069580,3.973202228546143,4.341944694519043
3.222,any,-4.833542346954347,4.102843284606934,5.732112407684326
3.223,matches,-11.079002449288962,7.080265045166017,9.737978935241699
3.224,that,-4.161079406738281,3.688704967498779,4.254417419433594
3.225,she,-2.941344261169434,4.898149967193604,6.207594394683838
3.226,carried,-7.857713067904115,8.587701320648192,10.356277942657471
3.227,in,-2.369210243225098,3.232416868209839,4.139617443084717
3.228,the,-1.198995590209961,3.714715719223023,4.925456047058105
3.229,old,-5.935810327529907,7.035652399063110,9.855229854583740
3.230,apron,-12.820462975185366,7.291873097419739,12.419928789138794
3.231,her,-7.539607524871826,4.307067394256592,6.348247528076173
3.232,grandmother,-8.271258831024170,7.315844297409058,10.387659549713137
3.233,had,-2.175418376922607,5.181926727294922,6.116522789001465
3.234,given,-3.960944533348084,8.640435695648192,10.501744747161863
3.235,her .,-1.791041046380997,12.508893489837646,16.538828372955319
3.236,Poor,-10.436704635620117,0.000000000000000,0.000000000000000
3.237,little,-6.113937377929688,2.058201074600220,4.406714439392090
3.238,"child ,",-10.109054565429688,6.477715969085693,10.573130607604980
3.239,she,-2.086427211761475,3.754275321960449,5.970893859863281
3.240,looked,-6.936679959297180,6.432854413986206,10.613528728485107
3.241,the,-5.070026397705078,3.531070709228516,5.229970932006836
3.242,picture,-7.159339427947997,3.210676670074463,4.661592483520508
3.243,of,-3.226734161376953,4.171613693237306,4.638435840606689
3.244,misery .,-12.981622088700533,13.899918556213379,21.350343227386475
3.245,On,-5.083998203277588,0.000000000000000,0.000000000000000
3.246,her,-7.036728858947754,2.579209089279175,3.605200767517090
3.247,"long ,",-9.241781473159790,5.827198743820190,10.721077919006348
3.248,fair,-7.832843780517577,2.232544898986816,3.988055229187012
3.249,"hair ,",-9.162351518869400,5.135135650634766,7.398489713668823
3.250,which,-6.019062042236327,2.917435884475708,4.089102745056151
3.251,hung,-9.263004302978516,3.935553073883057,4.801163673400879
3.252,in,-2.373356342315674,2.733401536941528,3.707597494125366
3.253,curls,-11.815338790416718,7.336682319641112,10.247465610504150
3.254,on,-3.275367021560669,2.649747371673584,3.551070213317871
3.255,her,-0.688926041126251,3.453887939453125,5.480098247528076
3.256,"shoulders ,",-5.704922139644623,10.411284685134888,13.234684705734253
3.257,the,-2.712303638458252,4.791901588439941,5.709652900695801
3.258,snowflakes,-17.545536249876022,12.060236930847168,13.893913269042967
3.259,kept,-6.783115148544312,7.964382886886598,9.779878139495850
3.260,"landing ,",-12.014126300811768,9.551251888275146,10.703655242919922
3.261,but,-2.588850975036621,3.862465858459473,4.151055812835693
3.262,she,-1.537966012954712,5.199707984924316,5.907425403594972
3.263,did,-2.456616163253784,5.833554267883301,6.393070220947267
3.264,not,-3.193856954574585,5.698791503906250,6.388526439666747
3.265,notice,-5.285961151123047,5.119400024414063,5.877625465393066
3.266,them,-4.121515274047852,5.184411048889160,5.706588268280028
3.267,as,-4.517659187316895,4.911886215209961,5.444084167480469
3.268,she,-3.466971874237061,5.274981975555420,6.160745620727539
3.269,shivered,-13.658681944012642,13.122444987297056,18.551260471343998
3.270,along .,-5.316874474287033,13.270352840423584,16.136685371398926
3.271,She,-5.895580291748048,0.000000000000000,0.000000000000000
3.272,was,-3.107972145080566,3.213958024978638,6.178365707397461
3.273,losing,-9.055111408233644,6.864941120147705,10.313747882843018
3.274,strength,-6.235093593597412,4.062041759490967,5.638877868652344
3.275,and,-2.802702903747559,5.063360214233398,5.671051025390625
3.276,beginning,-9.644867897033693,4.241194248199463,6.304288864135742
3.277,to,-0.187450617551804,4.588422775268555,6.766045093536378
3.278,doubt,-8.643964767456055,4.194475650787354,4.858757019042969
3.279,she,-3.070393800735474,3.392089128494263,5.056442737579347
3.280,could,-2.050202131271362,4.294651985168457,6.237438201904298
3.281,weather,-7.693897247314452,4.618255138397217,5.641590118408202
3.282,this,-4.195592880249023,4.342721939086913,6.029095172882080
3.283,storm .,-3.256647475063801,11.711032390594482,14.605909347534180
3.284,It,-3.835548400878906,0.000000000000000,0.000000000000000
3.285,was,-2.245547771453857,3.240544319152832,5.025370121002197
3.286,New,-9.375556945800779,2.316160440444946,5.259222507476807
3.287,"Year 's ,",-9.745345909410389,13.849529981613159,25.147630214691166
3.288,and,-1.841142654418945,5.410876274108887,5.971853733062744
3.289,the,-1.848070740699768,5.296994686126709,5.252155303955078
3.290,girl,-7.290005207061768,5.025046348571777,6.028550148010254
3.291,asked,-6.010461136698723,8.734522819519043,11.724555015563965
3.292,herself,-8.359021186828612,9.882820606231689,13.016222953796387
3.293,"why ,",-6.100389957427979,9.280266284942627,10.717195510864258
3.294,as,-3.724014043807984,4.292111396789552,4.618767261505127
3.295,lights,-11.288122177124025,4.870778560638428,6.045357704162598
3.296,shone,-9.960417658090591,9.967236638069153,12.698691368103027
3.297,from,-3.356251239776612,4.252076625823975,4.383717060089111
3.298,every,-6.228833198547362,5.002388000488281,5.637303352355957
3.299,"window ,",-8.744924664497375,8.760088443756104,8.985622406005859
3.300,and,-5.542663574218750,4.653062820434570,4.859408378601074
3.301,the,-2.594377517700196,5.748271465301514,6.015213966369629
3.302,savory,-14.112520575523375,9.339172363281250,11.113144397735596
3.303,smell,-7.083212852478027,3.753542661666870,4.348894119262694
3.304,of,-1.826944947242737,5.663770198822021,6.200232982635497
3.305,roast,-8.723638594150543,12.644204854965210,19.520065069198608
3.306,goose,-9.540377616882324,6.735941648483276,9.357919692993164
3.307,crept,-10.823163479566574,7.966495275497437,10.143277645111084
3.308,out,-2.968255996704102,5.634191989898683,5.993729114532472
3.309,on,-3.198545455932617,4.343623638153076,4.418690681457520
3.310,the,-0.852865576744080,4.945365905761719,5.573395729064941
3.311,"streets ,",-6.872154235839844,10.020249843597412,10.236963748931885
3.312,she,-2.006093740463257,4.879549026489258,5.595182418823242
3.313,was,-2.431794166564941,5.904887676239014,6.494399547576903
3.314,outside,-9.355871200561523,5.078444480895996,5.459747314453125
3.315,all,-6.426194190979004,5.038081169128418,6.005390167236327
3.316,alone .,-9.750020671635866,13.444857835769653,15.750132560729980
3.317,"Exhausted ,",-16.288804404437542,6.715916633605957,11.680080652236938
3.318,she,-3.504642963409424,4.320489883422852,5.233508110046387
3.319,finally,-6.269188995007426,6.929296970367433,10.956706523895264
3.320,sat,-5.934621691703796,9.283815383911133,14.019124269485474
3.321,down,-1.604997158050537,4.084774494171143,5.762137413024902
3.322,in,-3.104508399963379,3.560064792633057,4.649393558502197
3.323,a,-1.439366340637207,3.664436340332031,5.208560466766357
3.324,corner,-5.124417304992676,3.788043022155762,5.214900970458983
3.325,behind,-5.222255229949951,4.115789413452148,5.043854713439941
3.326,the,-1.174520254135132,4.412181854248047,5.793795108795166
3.327,little,-7.136532306671143,3.194229364395142,5.332551002502441
3.328,bakery .,-10.861052513122559,9.625272512435913,14.706909179687500
3.329,She,-5.895580291748048,0.000000000000000,0.000000000000000
3.330,put,-7.069036006927490,3.992122650146485,4.592987060546875
3.331,a,-3.007436990737915,3.092623233795166,5.517192840576172
3.332,rag,-10.243766546249391,4.368550419807433,8.358637332916260
3.333,she,-9.990264892578123,3.371590137481689,4.346651554107666
3.334,had,-1.455714821815491,3.454262256622314,5.180487155914307
3.335,found,-5.031909942626953,3.697963237762451,5.633401393890381
3.336,over,-5.407687187194824,4.423007011413574,5.272516250610352
3.337,her,-0.983740150928497,3.601262092590332,5.493659019470215
3.338,legs,-5.172306060791017,3.437145948410034,5.056995868682861
3.339,to,-3.577280998229980,5.292436122894287,6.373978137969972
3.340,cover,-6.627347469329834,4.462664604187012,5.533156394958496
3.341,"herself ,",-8.407295107841492,12.515593051910400,16.586576461791992
3.342,but,-2.630113124847412,4.570208072662354,5.099041461944580
3.343,she,-1.638639450073242,5.005258560180664,5.642180442810059
3.344,could,-3.759480476379395,4.424918651580811,6.183202743530273
3.345,not,-3.497657775878906,4.465124130249023,6.267223834991455
3.346,keep,-3.837492704391480,5.222553253173828,5.973686695098878
3.347,off,-6.397753715515138,5.605991840362549,6.123200893402100
3.348,the,-1.613588809967041,4.626563549041748,6.360014438629150
3.349,cold .,-7.567812137305737,12.537616014480591,16.048031330108643
3.350,The,-1.715715885162354,0.000000000000000,0.000000000000000
3.351,"girl ,",-12.026168584823608,8.148516178131104,12.167592048645020
3.352,who,-1.518544435501099,5.138125896453857,6.112321853637695
3.353,the,-6.957913398742676,4.638250350952148,4.664121627807617
3.354,night,-6.581526756286621,4.868002891540527,5.856898307800293
3.355,air,-10.821084022521973,2.692373752593994,4.825783252716064
3.356,had,-6.142313480377197,4.558975696563722,5.350806236267090
3.357,completely,-10.880780220031738,8.419005632400513,12.663033485412598
3.358,"enveloped ,",-15.221610023756513,15.598204612731934,19.884406566619869
3.359,dared,-10.177312850952148,3.681421041488648,6.336400032043457
3.360,not,-2.997454166412353,4.155578136444092,6.316231727600098
3.361,go,-3.995591163635254,3.837233066558838,5.929051876068115
3.362,"home ,",-6.426275968551636,8.629485368728638,10.302931785583496
3.363,for,-5.320301055908203,4.722286224365233,6.118925094604492
3.364,she,-5.480410575866699,4.693790435791017,5.216760158538818
3.365,had,-1.381044149398804,5.201189041137695,5.582313537597656
3.366,sold,-6.574703693389893,3.961053848266602,4.524464607238770
3.367,no,-7.495909690856934,5.294312000274658,6.525533676147461
3.368,matches .,-12.433992600999773,16.872265100479126,21.361798763275146
3.369,Her,-7.607936859130858,0.000000000000000,0.000000000000000
3.370,father,-3.677624225616455,3.840590476989746,5.687668323516847
3.371,had,-3.890267372131348,4.356245517730713,5.981324195861816
3.372,been,-1.760304093360901,4.140303134918213,6.470028877258301
3.373,mean,-12.653777122497560,2.340541839599609,4.918829441070557
3.374,and,-3.028303861618042,3.793964385986328,5.017977714538574
3.375,moody,-9.826097965240480,5.451335191726685,9.735357284545898
3.376,ever,-9.783044815063477,5.052300691604613,9.615553379058838
3.377,since,-0.014543360099196,3.230256557464600,4.240744113922118
3.378,his,-4.889492511749268,4.845889568328857,6.252112388610840
3.379,wife,-4.676216602325440,4.670482158660889,6.541390895843506
3.380,had,-4.439106464385986,4.892880439758301,5.641863346099854
3.381,gone,-4.302990913391113,4.488749504089356,6.392315387725830
3.382,to,-0.787794470787048,4.310379505157472,6.132782936096191
3.383,meet,-6.421134948730469,4.760118484497070,5.508903980255127
3.384,her,-1.005640506744385,4.887497425079347,6.494052410125732
3.385,Maker .,-16.915045917034149,14.028879642486572,20.055442810058594
3.386,He,-3.647783756256104,0.000000000000000,0.000000000000000
3.387,would,-4.377590656280518,3.397812604904175,5.467646121978760
3.388,certainly,-7.935453282814707,5.221497178077699,9.826045036315918
3.389,beat,-8.226089477539062,2.639253616333008,4.466721057891847
3.390,"her ,",-7.388966083526611,8.772818565368652,11.737891674041748
3.391,as,-4.031809806823730,2.952374696731567,2.996587753295898
3.392,he,-3.134981870651245,5.032162666320801,5.707098007202148
3.393,has,-2.574022531509399,5.224331855773926,5.357772827148438
3.394,done,-1.606135845184326,4.573927402496338,5.212657451629639
3.395,several,-6.210562705993652,3.622532367706299,5.253098487854004
3.396,times,-0.173780634999275,4.244312763214111,5.365878582000732
3.397,in,-1.022653579711914,3.621515750885010,4.111307144165038
3.398,the,-0.599118530750275,3.593022346496582,4.574450969696045
3.399,weeks,-8.624788284301758,4.781275749206543,5.305762767791748
3.400,"past ,",-5.436037361621857,7.607884168624878,9.891312599182129
3.401,because,-3.556543323677033,7.897797584533691,10.378702640533447
3.402,she,-1.247944951057434,5.103230476379395,5.750487327575684
3.403,had,-3.224523782730103,5.412195205688477,5.889834880828857
3.404,not,-4.544799327850342,4.728393077850342,6.097874641418457
3.405,earned,-6.077241897583008,4.725188255310059,5.543179035186768
3.406,any,-3.249868392944336,5.452873229980469,6.632747650146483
3.407,money,-1.924900650978088,4.503029823303223,4.899293422698975
3.408,today .,-9.016626682132484,12.243669271469116,14.201155185699463
3.409,"Besides ,",-8.541583722457290,4.106851458549500,7.577456474304201
3.410,it,-3.299432277679444,5.325726509094238,5.609863281250000
3.411,was,-3.276687145233154,4.154067039489746,5.808681964874268
3.412,almost,-5.721709251403809,2.905132770538330,5.858103275299072
3.413,as,-2.480189800262451,4.055451869964600,6.604669570922852
3.414,cold,-7.281145572662354,4.030959606170653,6.373719692230225
3.415,at,-5.955703258514403,2.720901012420654,4.601008892059326
3.416,home,-4.227233409881592,4.423161506652832,5.657089233398438
3.417,as,-0.136816233396530,4.239003658294679,5.097520351409912
3.418,"outside ,",-13.556270122528076,9.862579822540283,11.292648792266846
3.419,for,-6.042182445526122,4.443252086639403,5.688144683837892
3.420,they,-5.163999080657959,5.632727622985840,6.045723438262940
3.421,had,-2.092496156692505,4.824604034423828,5.035908699035645
3.422,only,-4.860240459442139,5.866448402404785,6.250589370727539
3.423,a,-1.715259552001953,4.617064952850342,5.888395309448242
3.424,patchy,-12.986251115798950,11.373327255249025,16.403789520263672
3.425,roof,-5.517815873026848,9.179680943489076,14.085632801055908
3.426,to,-3.799880504608153,5.226536273956299,6.299783706665039
3.427,cover,-6.001740455627441,4.818509578704834,5.437119007110597
3.428,them .,-5.512730065733194,12.253647327423096,15.645387649536133
3.429,The,-1.715715885162354,0.000000000000000,0.000000000000000
3.430,girl 's,-11.836222516445559,13.680356502532959,22.311316013336182
3.431,little,-6.724138736724854,3.184349775314331,5.645170211791992
3.432,hands,-7.000329017639160,3.605871200561523,6.479264259338379
3.433,were,-1.966188907623291,5.476890563964844,6.497516632080077
3.434,almost,-6.384897232055664,3.766134977340698,5.831532001495361
3.435,frozen,-6.549964904785156,3.698968410491944,5.762069225311278
3.436,solid,-12.602124214172365,2.930774211883545,5.212431430816650
3.437,so,-9.400048255920410,3.965676784515381,4.771004199981689
3.438,she,-1.614828705787659,3.974328041076660,5.200651645660400
3.439,decided,-6.496693134307861,4.280630111694337,4.978512763977051
3.440,that,-3.034855365753174,4.015253543853760,4.563272476196289
3.441,a,-4.238485336303712,5.254648685455322,6.272190570831299
3.442,burning,-10.275208711624147,7.875060558319093,10.158157825469971
3.443,match,-6.381146907806396,3.565469980239868,4.333318233489990
3.444,might,-3.936122894287109,4.896720886230469,5.327403545379639
3.445,be,-1.458477139472961,3.638382911682129,4.251461505889893
3.446,of,-5.616752624511719,3.709154367446899,4.323971748352052
3.447,some,-4.847952842712402,4.255064964294434,5.791149616241455
3.448,good .,-12.167032718658447,11.354991436004639,16.038881301879883
3.449,`` Scratch ! '',-33.950841136353120,40.115926265716553,54.612714290618896
3.450,sounded,-15.825875282287598,3.078393936157227,5.337673664093018
3.451,the,-3.302295684814453,3.018861770629883,5.821636199951173
3.452,match,-8.428607940673826,1.999497175216675,4.421396255493164
3.453,as,-4.458142280578613,4.424145698547363,6.088609695434570
3.454,she,-5.338106632232666,3.540097713470459,4.745817184448242
3.455,drew,-6.400697350502014,6.340443134307861,7.851857423782349
3.456,it,-6.125830650329590,3.829247713088989,4.987232685089111
3.457,out .,-5.433116100728512,11.248863697052002,15.446230888366699
3.458,How,-5.280795097351074,0.000000000000000,0.000000000000000
3.459,it,-7.131136417388916,1.220842242240906,3.167449474334717
3.460,sputtered,-15.093875885009766,6.240849256515503,10.393364906311037
3.461,as,-5.390649795532227,4.109881401062012,6.360763072967528
3.462,it,-2.993943691253662,4.500033378601074,6.184044837951660
3.463,burnt !,-21.905311584472656,18.243464708328247,23.893933773040771
3.464,It,-3.835548400878906,0.000000000000000,0.000000000000000
3.465,gave,-7.138403892517090,3.714413642883301,5.951500892639160
3.466,a,-3.297927856445312,4.148779392242432,5.875524520874023
3.467,"warm ,",-7.357091903686523,6.572192192077637,10.222428321838379
3.468,candle-like,-12.862115374766290,11.383016586303713,22.694490432739254
3.469,bright,-9.469984054565430,2.820335626602173,5.188926219940186
3.470,light,-2.402610778808594,3.962183952331543,6.449564456939697
3.471,that,-4.622538566589356,4.623893737792969,5.663008689880371
3.472,the,-3.682866334915161,4.360992908477783,5.444033622741699
3.473,girl,-6.678415775299072,4.107306957244873,5.278858661651611
3.474,hid,-10.616592407226562,2.959030628204346,4.746010303497314
3.475,from,-2.561907291412353,3.792953014373779,4.757587432861328
3.476,the,-1.279315590858460,3.782035350799561,4.937997341156006
3.477,world,-5.793830871582031,3.122304439544678,3.683045387268066
3.478,as,-3.865177154541016,3.199634552001953,3.460228919982910
3.479,she,-1.997800588607788,4.987175941467285,6.031980514526367
3.480,held,-7.027875423431396,3.857310056686402,4.313243865966797
3.481,her,-1.630752086639404,4.117062568664552,5.792594909667969
3.482,hand,-4.619721889495850,4.375971317291260,5.642606735229492
3.483,over,-4.604741573333740,5.170843124389648,5.921620845794678
3.484,it .,-6.461528297513722,13.370994091033936,16.809924602508545
3.485,Why,-7.461875438690186,0.000000000000000,0.000000000000000
3.486,had,-6.598045349121094,2.445704460144043,3.826230049133301
3.487,no,-5.058598041534424,2.865717887878418,5.705361366271973
3.488,one,-2.582281589508057,4.081619262695312,6.481032848358153
3.489,wanted,-4.161915719509125,7.930685043334961,11.564573764801025
3.490,to,-0.244413092732430,5.082890987396240,6.532414436340332
3.491,buy,-3.467612028121948,4.441573619842528,5.921009540557861
3.492,even,-7.661306858062744,4.139039039611816,5.759974002838135
3.493,one,-3.550187110900879,4.321008205413818,5.615475177764893
3.494,match ?,-12.034720748662949,11.254634618759155,14.525542974472044
3.495,A,-3.402023315429688,0.000000000000000,0.000000000000000
3.496,wonderful,-9.967936515808104,2.634251594543457,5.547110080718994
3.497,"light ,",-9.943725347518921,8.036241769790649,11.748443126678467
3.498,it,-4.180238723754884,5.258316040039063,6.324494838714600
3.499,was,-2.777594566345215,5.123058319091797,6.142689228057861
3.500,really .,-11.098105624318123,14.488347291946411,21.692842483520508
3.501,It,-3.835548400878906,0.000000000000000,0.000000000000000
3.502,seemed,-7.003457468497800,5.690908551216125,10.018836498260498
3.503,to,-1.696881532669067,4.032053947448730,5.867704391479492
3.504,the,-3.913325786590576,3.808573007583618,4.685617923736572
3.505,girl,-11.083363533020020,3.735844135284424,5.068664550781250
3.506,that,-2.325365304946899,2.907772064208984,3.427272558212280
3.507,she,-1.351416468620300,4.373147487640382,5.819349288940430
3.508,was,-1.242226839065552,4.248710155487061,5.709963321685791
3.509,sitting,-6.396809101104736,4.171869754791260,6.068040370941162
3.510,by,-5.036952972412108,3.704323768615722,4.999356746673584
3.511,a,-2.197173118591309,3.813549518585205,5.620648384094238
3.512,large,-5.608885288238525,3.619393348693848,5.311054706573486
3.513,iron,-6.974907398223878,2.254364252090454,4.085604667663573
3.514,"stove ,",-11.539838671684265,9.101389884948730,11.593669891357422
3.515,with,-4.405361652374268,4.924788951873778,5.751418590545653
3.516,polished,-9.766553737223148,11.497300386428833,16.175292015075687
3.517,brass,-8.574014663696289,4.341836452484132,6.199944496154785
3.518,feet,-6.105557441711426,5.319951534271240,6.354846954345702
3.519,and,-1.010061502456665,5.779988288879395,6.297976970672607
3.520,a,-1.578969836235046,5.267705917358398,6.384163856506348
3.521,brass,-6.709778308868407,3.353828191757202,5.375460147857666
3.522,ornament .,-11.298931479454041,11.514762639999390,15.712521076202394
3.523,How,-5.280795097351074,0.000000000000000,0.000000000000000
3.524,the,-5.720601081848145,2.227680921554565,4.299030780792236
3.525,fire,-8.092586755752562,5.117894172668457,8.770639657974241
3.526,burned !,-14.282816171646118,11.204905271530151,15.090899467468262
3.527,The,-1.715715885162354,0.000000000000000,0.000000000000000
3.528,girl,-9.442319869995117,3.686093330383301,6.695474147796631
3.529,was,-3.286958932876587,4.337599754333496,6.221138954162598
3.530,pleased,-8.651105638062290,5.740016460418701,10.419487476348877
3.531,and,-3.824973583221436,5.563963413238525,6.336986064910889
3.532,the,-4.093152523040772,4.703033924102783,5.130321979522705
3.533,fire,-9.016989469528196,6.854970932006836,9.439254999160768
3.534,actually,-8.161965608427636,9.604699134826660,11.525222778320312
3.535,seemed,-7.330458636643017,9.038136720657347,11.218616485595703
3.536,so,-4.294921875000000,5.525625228881836,6.642577648162843
3.537,warm,-5.963654994964600,4.026236534118651,5.142283439636231
3.538,that,-1.261570096015930,4.461321830749512,4.717421054840088
3.539,the,-1.539098381996155,4.610689163208008,4.995648384094238
3.540,child,-4.730896949768066,4.430428504943848,5.481011867523193
3.541,stretched,-10.883077621459961,4.285212039947510,5.444488525390625
3.542,out,-2.073242902755737,4.866307735443115,5.750574588775635
3.543,her,-3.084043979644775,4.115201950073241,5.849447727203369
3.544,feet,-6.607323646545410,3.805516242980957,5.459404945373535
3.545,as,-4.773966789245605,4.272747993469238,4.405030727386475
3.546,if,-3.535435199737549,3.772315025329590,4.292222976684569
3.547,to,-3.195199966430664,4.868728160858153,5.852782249450684
3.548,warm,-7.842901706695558,3.803726673126221,4.358199596405028
3.549,"them ,",-9.311221122741699,9.384490966796875,10.750960826873779
3.550,when,-5.136802196502686,3.677486896514893,3.934534788131714
3.551,suddenly,-8.693613622337580,8.798994064331055,10.415781497955322
3.552,the,-1.801073670387268,5.266010284423828,5.947540283203125
3.553,flame,-6.460197210311890,9.639308452606199,13.831868648529053
3.554,of,-3.928594350814819,5.040405750274658,5.360516548156738
3.555,the,-1.239433407783508,4.422707080841064,5.497826099395752
3.556,match,-7.982026100158691,4.392544269561768,5.473644733428955
3.557,went,-3.408942699432373,8.955826044082643,10.863255023956301
3.558,out .,-2.847386932000518,14.575301170349121,17.138521671295166
3.559,It,-3.835548400878906,0.000000000000000,0.000000000000000
3.560,was,-2.245547771453857,3.240544319152832,5.025370121002197
3.561,a,-2.183984756469727,3.282635211944580,5.404700756072998
3.562,"short ,",-8.719796419143677,7.441726207733154,11.839017391204834
3.563,stubby,-14.011437058448793,6.283043146133423,10.666472911834717
3.564,match,-5.684718132019043,2.507462978363037,5.086529731750488
3.565,that,-2.140651226043701,4.724787235260010,6.238545894622803
3.566,the,-3.351083278656006,3.830047607421875,4.805466651916504
3.567,little,-7.401933670043945,2.703309297561645,4.939727783203125
3.568,girl,-2.371172904968262,4.004868507385254,5.601181983947754
3.569,next,-9.125248908996582,4.232849597930908,5.433084487915039
3.570,rubbed,-13.920122861862184,7.116809368133545,8.982023477554320
3.571,on,-2.785430908203125,4.204521179199219,4.712087154388428
3.572,the,-0.998163044452667,3.944723844528198,5.499558448791504
3.573,wall .,-6.099116280674936,12.702748775482178,15.837176799774170
3.574,It,-3.835548400878906,0.000000000000000,0.000000000000000
3.575,burst,-12.234312057495115,1.668132543563843,3.595580577850342
3.576,into,-0.728870153427124,4.160445213317871,5.147109508514403
3.577,a,-2.209243535995483,2.848734378814697,4.864969730377197
3.578,"flame ,",-7.659894555807114,13.481683492660526,20.311667442321777
3.579,and,-1.808994650840759,5.256112098693848,5.766400337219237
3.580,lo,-10.283860445022585,4.836540818214417,7.302953720092773
3.581,and,-7.940673351287843,3.707829475402832,5.538729667663574
3.582,"behold ,",-3.481265902519226,8.784929513931274,10.606456279754639
3.583,the,-3.815018892288208,4.825726032257080,5.829599857330322
3.584,girl,-6.836100578308105,4.467166900634767,5.437575340270996
3.585,was,-3.071692228317261,5.548032283782959,6.373558521270753
3.586,transported,-11.351145088672636,5.823023557662964,9.668425559997560
3.587,from,-2.372023582458496,4.506431102752686,5.536460399627686
3.588,her,-2.742537736892700,4.058675765991212,5.888287067413330
3.589,dank,-13.343046605587006,9.400672554969788,16.759628295898438
3.590,city,-6.301705837249756,3.623304605484009,5.734164714813232
3.591,to,-1.773423433303833,5.216535568237305,6.060410976409912
3.592,a,-1.844372272491455,5.376158237457275,6.112117767333983
3.593,"beautiful ,",-10.068562984466553,10.329767227172852,12.362067222595215
3.594,sunny,-6.610454082489014,4.451386451721191,6.091023921966553
3.595,forest .,-9.248781889677048,11.741509199142456,15.691090583801270
3.596,She,-5.895580291748048,0.000000000000000,0.000000000000000
3.597,heard,-8.419102668762207,4.140622615814209,7.819614171981812
3.598,the,-1.972641587257385,3.277440547943115,5.569754600524902
3.599,birds,-8.259406805038452,6.695346832275392,8.635575294494629
3.600,chirping,-11.991366118192673,13.687158823013306,17.731804847717285
3.601,and,-2.713325262069702,5.361010551452637,5.462262153625488
3.602,she,-4.576567649841309,5.197908878326416,5.594232559204102
3.603,was,-2.234405994415283,5.522442340850830,6.211738586425781
3.604,surrounded,-6.451427573898400,6.801002264022827,10.698985099792480
3.605,by,-0.094780988991261,5.508222103118896,6.030489444732666
3.606,wildflowers,-11.501623004674911,12.820707321166992,18.145337104797363
3.607,and,-1.986748933792114,5.252396106719972,5.566418170928955
3.608,birches,-15.884352684020994,11.725270509719849,18.444867372512817
3.609,as,-5.429264068603517,4.571567535400392,4.999007225036621
3.610,white,-8.456850051879883,5.010947227478027,6.023177146911621
3.611,as,-1.955939769744873,3.816004753112793,3.852283000946045
3.612,snow .,-10.194827988743782,13.824165344238279,16.763154983520508
3.613,A,-3.402023315429688,0.000000000000000,0.000000000000000
3.614,little,-6.787690162658691,2.844861984252930,5.203744411468506
3.615,squirrel,-14.840679168701172,2.904780864715576,5.812385082244872
3.616,hid,-11.404562950134276,2.519538402557373,5.464020729064941
3.617,some,-6.209282398223878,4.147138118743896,6.405532836914063
3.618,food,-7.233643531799316,2.814902067184448,5.373767852783203
3.619,in,-2.446388483047485,2.503288269042969,4.454174041748047
3.620,the,-1.032233953475952,3.245162963867188,4.966937541961670
3.621,ground,-4.013915061950684,3.257732629776001,5.143458366394043
3.622,and,-2.187901258468628,5.124203681945801,5.308894634246826
3.623,scurried,-12.799869507551193,7.919608592987059,10.645034790039062
3.624,off,-3.045340061187744,5.770545005798340,6.201753139495850
3.625,into,-3.881122589111328,5.326795578002930,5.896893024444580
3.626,the,-0.788396120071411,4.821460723876953,5.676369667053223
3.627,underbrush .,-11.463700614869596,16.147463321685791,22.282634735107425
3.628,The,-1.715715885162354,0.000000000000000,0.000000000000000
3.629,girl,-9.442319869995117,3.686093330383301,6.695474147796631
3.630,was,-3.286958932876587,4.337599754333496,6.221138954162598
3.631,"curious ,",-11.920658349990845,7.430781364440918,9.331962108612061
3.632,so,-4.214522361755371,4.015205383300781,4.784654140472412
3.633,she,-1.754946351051331,4.510964870452881,5.257722377777100
3.634,dug,-8.681581497192383,4.170568466186523,5.308547496795653
3.635,some,-6.392452239990233,4.546529769897461,6.085550785064697
3.636,squirrel,-12.387397766113279,3.934958696365357,5.689749240875244
3.637,food,-10.775753974914551,3.418057918548584,4.776161670684815
3.638,up,-4.361456871032715,3.796949386596680,4.660570621490479
3.639,to,-1.849186897277832,4.871461391448975,5.815804004669189
3.640,see,-3.748931884765625,4.353865623474121,4.957353115081787
3.641,what,-2.874689102172852,4.081556797027588,4.334934234619142
3.642,it,-2.703357934951782,3.041331768035889,4.913394451141357
3.643,"was ,",-3.453368604183197,9.059679031372070,10.581669807434082
3.644,but,-2.016294479370117,4.579691410064697,4.943619251251222
3.645,then,-3.918092012405396,4.401613235473633,4.646418571472168
3.646,she,-1.036043643951416,5.282091140747070,5.996381282806396
3.647,forgot,-5.727880001068115,3.953704833984375,4.379632949829102
3.648,to,-1.946884989738464,5.588723182678223,6.120512962341309
3.649,put,-4.311333656311035,4.011100769042969,4.518757343292236
3.650,it,-0.634790003299713,4.667547702789307,5.654267311096191
3.651,back .,-4.240221109241247,13.071353435516357,16.074447631835938
3.652,The,-1.715715885162354,0.000000000000000,0.000000000000000
3.653,squirrel,-13.771025657653807,2.908301830291748,5.637017726898192
3.654,came,-6.876461505889893,6.300115108489990,10.264166831970217
3.655,back,-2.607357978820801,4.194983005523682,6.348596572875977
3.656,and,-2.900244712829590,5.819021224975586,5.747936248779298
3.657,looked,-4.527279899455606,8.865127801895143,10.151699542999268
3.658,in,-4.710842609405518,3.550827264785767,5.362926959991455
3.659,its,-4.918809890747070,3.957118034362793,5.643346786499023
3.660,hiding,-10.318653326248750,5.843187332153320,10.023853302001953
3.661,"place ,",-4.947958469390869,9.745195388793945,11.583436489105225
3.662,but,-2.682528495788574,5.180740356445312,5.721857547760010
3.663,the,-1.475671648979187,5.042048454284668,5.458561420440674
3.664,food,-6.597032546997070,4.042549610137940,5.029329299926758
3.665,was,-0.957746922969818,5.758834362030028,6.301024913787843
3.666,nowhere,-7.590995311737059,9.432877063751221,12.387885570526125
3.667,to,-2.018011331558228,5.404263496398926,6.710760116577148
3.668,be,-1.058303833007812,4.584265232086182,6.224326610565186
3.669,found .,-1.073378195986152,12.742633342742920,15.264194965362549
3.670,Then,-6.427267551422119,0.000000000000000,0.000000000000000
3.671,the,-2.401969432830811,3.071871280670166,4.301430702209474
3.672,match,-8.988926887512207,2.735811948776245,4.715372085571289
3.673,went,-3.677972555160522,5.780066490173340,9.181654930114746
3.674,"out ,",-4.621701717376709,8.030077695846558,10.761883735656738
3.675,and,-0.733175516128540,4.595205307006836,6.042507171630858
3.676,it,-3.452817916870117,5.156928062438965,5.562747955322267
3.677,was n't,-4.522208206390587,14.993237018585205,22.061007022857662
3.678,the,-3.312106132507324,3.677524566650391,4.788517475128174
3.679,forest,-12.161892890930176,4.538231372833252,5.590145587921143
3.680,that,-3.031683444976806,4.576608657836914,5.884891510009767
3.681,remained,-7.751902580261230,4.869221687316895,6.170285224914551
3.682,before,-6.665959835052490,5.440890789031982,6.304240226745605
3.683,her,-6.224320888519287,5.259397983551025,6.011896133422852
3.684,eyes .,-7.694152414798737,12.079321861267090,16.263645172119141
3.685,It,-3.835548400878906,0.000000000000000,0.000000000000000
3.686,was,-2.245547771453857,3.240544319152832,5.025370121002197
3.687,only,-4.365050792694092,3.576415538787842,5.866958618164063
3.688,the,-2.068228483200073,3.113147020339966,4.365928649902344
3.689,"thick ,",-13.571618616580963,13.438355207443237,20.804343223571777
3.690,"damp ,",-10.486703634262085,7.938299417495728,11.070814609527588
3.691,cold,-5.030785560607910,3.153462886810303,5.133341312408447
3.692,wall .,-13.939989775419235,9.701505899429321,14.961045265197754
3.693,The,-1.715715885162354,0.000000000000000,0.000000000000000
3.694,girl,-9.442319869995117,3.686093330383301,6.695474147796631
3.695,looked,-8.204232215881348,6.517048597335815,10.889110565185547
3.696,despondently,-15.560582902282475,13.554864048957825,22.929007530212399
3.697,into,-5.510286331176758,3.761131525039673,5.072444915771483
3.698,the,-0.621415913105011,3.913688182830811,5.096754074096680
3.699,sky,-6.504977822303772,6.902035474777223,10.271396636962891
3.700,that,-6.442430496215820,4.201113224029541,4.937721729278564
3.701,was,-3.813524723052979,5.090156078338623,6.204237937927246
3.702,now,-6.676072120666504,4.908046245574951,6.108721256256104
3.703,fully,-7.452483654022218,3.658881664276123,5.706291675567628
3.704,darkened,-10.972891878336668,5.751535177230835,9.199224948883057
3.705,and,-2.216880321502685,5.204556941986084,5.516997814178467
3.706,suddenly,-6.074488037265838,9.222892045974733,11.726923465728760
3.707,she,-4.712278366088867,4.714702129364014,5.400601387023926
3.708,saw,-4.915964126586914,4.667472839355469,5.317532062530518
3.709,a,-1.887089610099792,5.412959098815918,6.415153026580811
3.710,star,-6.815545558929442,7.852724075317383,10.224889278411863
3.711,"fall ,",-11.873070716857910,8.682585239410400,10.254610061645508
3.712,leaving,-4.778028964996338,4.203851222991943,4.726170063018799
3.713,behind,-3.170640945434570,4.949324607849121,5.398357868194580
3.714,it,-5.632728576660156,4.855855464935303,5.856660366058350
3.715,a,-2.617733001708984,5.229780197143555,6.525492668151856
3.716,bright,-6.549383163452148,3.668763160705566,5.538418769836426
3.717,streak,-7.260848505422473,11.310397982597351,17.065079927444458
3.718,of,-1.085496425628662,5.987969875335692,6.501496315002441
3.719,fire .,-9.870591759681702,15.261650085449219,20.201262950897217
3.720,`` Someone,-10.699152022210910,13.108670473098755,21.716140747070312
3.721,is,-2.535968780517578,4.880877017974854,5.969437599182129
3.722,"dying , ''",-26.843912184238434,22.380865097045898,23.722418785095215
3.723,thought,-10.321179389953613,4.239950656890868,4.697571277618408
3.724,the,-2.936590194702148,4.601435661315918,5.242531776428223
3.725,little,-6.424082756042480,4.903553009033203,6.086942672729492
3.726,girl .,-5.244599103927612,13.449207305908203,15.463445663452148
3.727,It,-3.835548400878906,0.000000000000000,0.000000000000000
3.728,was,-2.245547771453857,3.240544319152832,5.025370121002197
3.729,her,-6.802139282226562,3.150941371917725,5.414697170257568
3.730,old,-6.457202672958374,4.295814514160156,8.244413375854492
3.731,"grandmother ,",-8.202489137649536,8.337255716323853,12.951724290847778
3.732,the,-2.633615016937256,4.419287681579590,5.309532165527344
3.733,one,-5.028174877166748,4.412956714630127,5.501502037048340
3.734,who,-1.077283859252930,5.169733524322510,6.089958190917969
3.735,had,-2.487801551818848,5.064293861389160,5.850833892822267
3.736,loved,-7.472929000854492,8.886039257049561,10.403930187225342
3.737,her,-1.320942640304565,4.614521980285645,6.134987354278564
3.738,the,-5.393463134765625,2.652713775634766,4.940117835998535
3.739,"most ,",-5.894323587417602,8.853783607482910,11.402211666107178
3.740,and,-2.719017267227173,3.771354198455811,4.274312496185304
3.741,the,-2.061275720596313,5.837855815887451,6.348477363586426
3.742,one,-3.915453910827637,4.039714813232422,4.744818687438965
3.743,who,-0.547987997531891,5.789287567138673,6.004052639007567
3.744,the,-6.833725452423097,5.409783363342285,5.795138835906982
3.745,girl,-4.695499897003174,4.919561386108398,5.825541019439697
3.746,used,-5.173161029815674,5.702333450317383,5.779650688171388
3.747,to,-0.314066320657730,5.387578964233398,5.796105384826660
3.748,visit,-6.501941680908202,4.019895076751709,4.113955497741698
3.749,every,-6.474595546722412,5.366870880126953,6.231509685516357
3.750,"Sunday ,",-7.620088577270508,9.534094810485840,9.975836753845215
3.751,who,-3.550782918930054,5.536066532135010,5.476037025451660
3.752,had,-2.377490997314453,5.662374019622803,5.845629215240479
3.753,told,-6.598824501037598,9.153687477111816,10.168486595153807
3.754,her,-0.241590559482574,5.561928749084473,5.734501838684082
3.755,that,-1.346926927566528,4.846560001373291,5.232895851135254
3.756,when,-5.711295127868652,4.086356163024901,4.273641109466554
3.757,a,-4.446078300476074,5.419989109039307,5.866139411926270
3.758,star,-7.299584269523621,7.439001560211183,9.371405839920042
3.759,"falls ,",-9.510308096418157,12.984043836593626,15.775385379791262
3.760,a,-5.014989852905273,6.134829044342041,6.269539833068848
3.761,soul,-8.600513458251951,4.022215366363525,4.712144374847412
3.762,leaves,-6.325833017937839,8.618344306945799,9.257152795791628
3.763,this,-8.459624290466309,5.561463356018066,6.308377742767334
3.764,earth .,-9.611815482378006,14.045393228530882,16.771267890930176
3.765,It,-3.835548400878906,0.000000000000000,0.000000000000000
3.766,was,-2.245547771453857,3.240544319152832,5.025370121002197
3.767,her,-6.802139282226562,3.150941371917725,5.414697170257568
3.768,last,-3.354440689086914,3.150495052337646,5.147816181182861
3.769,match,-7.850445270538330,2.288650035858154,4.136832714080811
3.770,that,-3.858779430389404,2.829496383666992,3.397444725036621
3.771,the,-2.890176773071289,3.910110950469970,4.656404495239258
3.772,little,-7.886682510375977,2.902509689331055,5.048235416412354
3.773,girl,-1.175682067871094,4.142900466918944,5.516145706176758
3.774,now,-8.037788391113281,4.621172904968262,6.126152992248535
3.775,rubbed,-13.710505008697510,7.852802276611327,9.465917587280273
3.776,on,-1.966377258300781,4.472786426544189,4.972613334655762
3.777,the,-1.073951244354248,4.003756999969482,5.361689090728760
3.778,wall,-4.319097995758057,4.371177196502686,5.262144088745117
3.779,and,-3.295424938201904,4.747530937194824,4.798416137695312
3.780,the,-2.897902965545654,5.604100227355957,6.100272655487061
3.781,light,-7.318684577941895,4.769975185394287,5.763927936553955
3.782,again,-6.967650413513184,5.044226646423340,6.017774581909180
3.783,shone,-9.529441803693773,10.274482250213623,13.440780162811279
3.784,round,-9.472615242004396,3.953949928283691,5.101411819458008
3.785,her .,-6.946364104747772,8.415663003921509,14.025855302810671
3.786,Her,-7.607936859130858,0.000000000000000,0.000000000000000
3.787,old,-7.081741809844972,4.691424369812012,7.888616323471068
3.788,grandmother,-6.738691568374634,5.212990999221802,7.989817857742310
3.789,in,-5.085501194000244,3.787802934646606,5.013447761535645
3.790,the,-1.696702837944031,2.921638965606689,4.287015914916991
3.791,brightness,-14.260478973388672,6.738415479660034,11.007797241210938
3.792,"stood ,",-13.463935136795046,12.941185235977169,19.063522338867188
3.793,loving,-8.883699059486391,8.068725824356079,10.170155048370360
3.794,in,-3.933097600936890,3.994442939758301,4.730467319488525
3.795,her,-1.839333772659302,3.983253479003906,5.975257396697997
3.796,appearance .,-12.263899177312851,9.357821226119995,14.250713825225830
3.797,The,-1.715715885162354,0.000000000000000,0.000000000000000
3.798,girl,-9.442319869995117,3.686093330383301,6.695474147796631
3.799,understood,-10.102355041308329,9.811141729354857,16.093593597412109
3.800,her,-4.131386280059815,3.943596124649048,5.774892807006836
3.801,grandmother,-6.373332023620605,4.297739863395692,7.325923442840576
3.802,would,-6.100272655487061,4.136704921722412,5.874251842498778
3.803,soon,-6.104806900024414,4.717050075531006,6.191800117492676
3.804,"disappear ,",-8.265765905380249,9.184884548187256,11.394886493682861
3.805,but,-2.026805162429810,4.412638664245605,4.363887786865233
3.806,she,-1.319589614868164,4.748383522033691,5.306243419647217
3.807,tried,-6.235497951507567,5.892081737518311,6.761321544647218
3.808,to,-0.421475291252136,5.167496681213379,6.398783206939697
3.809,play,-4.469672203063965,4.945419311523438,5.768363475799561
3.810,for,-4.911644935607910,5.240048408508301,5.909955978393555
3.811,time .,-7.972272783517838,11.874650239944458,14.865731716156006
3.812,"`` Grandmother , ''",-40.460362284986331,28.514329433441162,39.757057428359985
3.813,cried,-9.184529930353163,11.809162855148315,14.211440563201904
3.814,the,-2.326633691787720,5.240118980407715,5.795898437500000
3.815,little,-4.865091800689697,4.795965194702148,6.193346023559570
3.816,"one ,",-6.812699675559998,9.659648895263672,10.944209575653076
3.817,`` O,-13.753016379225302,20.035270690917969,22.898799896240234
3.818,take,-10.536042213439940,3.550358533859253,4.629959106445312
3.819,me,-7.271048545837402,4.733533859252930,6.094005584716798
3.820,with,-4.297171115875243,5.561344623565674,5.574582099914551
3.821,you !,-8.212002754211426,13.383544921875000,14.871747016906738
3.822,I,-5.357283115386963,0.000000000000000,0.000000000000000
3.823,know,-4.115235805511475,2.511896610260010,5.819208145141602
3.824,you,-3.846379518508911,3.721402406692505,5.011425495147705
3.825,will,-3.470396757125854,4.100218296051025,5.809271335601808
3.826,go,-5.454786300659180,4.005399227142334,6.385266304016112
3.827,away,-4.572036266326903,4.330122470855713,5.961003780364990
3.828,when,-4.465106010437012,4.688180446624756,4.908983230590820
3.829,the,-2.408656120300293,3.923999786376953,5.016736984252930
3.830,match,-8.468091964721680,2.629205703735352,4.491576194763184
3.831,burns,-10.841226420830937,11.403261899948120,14.317616939544678
3.832,out ! '',-19.183538499521092,26.054363250732422,30.498673915863037
3.833,The,-1.715715885162354,0.000000000000000,0.000000000000000
3.834,girl,-9.442319869995117,3.686093330383301,6.695474147796631
3.835,decided,-7.621421813964844,3.890470504760742,4.396584987640382
3.836,to,-0.596004605293274,4.478587150573730,5.080707550048828
3.837,light,-10.496398925781250,3.516062259674072,4.180165767669679
3.838,the,-2.112932920455933,4.524630069732666,5.447445869445801
3.839,whole,-5.053151607513428,4.067807197570802,5.172482013702393
3.840,bundle,-11.113599777221680,3.704688549041748,4.945794105529785
3.841,of,-0.867339134216309,4.528872489929199,5.129476547241211
3.842,"matches ,",-11.762982740066944,11.850879430770874,15.577194213867188
3.843,in,-4.908682346343994,3.247004985809326,4.387887477874757
3.844,order,-3.782379865646361,5.140098094940186,6.132688045501709
3.845,to,-0.028633259236813,5.867864608764648,6.563378334045410
3.846,keep,-3.611302137374878,3.560447454452514,3.983040332794189
3.847,her,-0.746434748172760,4.675227642059326,6.601969242095947
3.848,grandmother,-7.902735471725464,7.220417499542236,10.407759189605713
3.849,there .,-5.982986964285374,13.739521503448486,16.502383232116699
3.850,The,-1.715715885162354,0.000000000000000,0.000000000000000
3.851,girl,-9.442319869995117,3.686093330383301,6.695474147796631
3.852,saw,-7.501026153564452,3.037384271621704,4.529335021972656
3.853,the,-1.993521809577942,4.105889320373535,5.109196186065674
3.854,matches,-11.024271577596664,7.585261583328247,11.102629661560060
3.855,glowed,-16.004995822906494,10.346594572067259,14.711941003799438
3.856,with,-3.591728925704956,5.454295158386231,6.192462921142577
3.857,a,-1.508459091186523,5.248290061950684,6.761543273925781
3.858,light,-5.592724800109863,3.221956014633179,5.623975276947021
3.859,that,-7.032014846801758,4.902526378631592,5.361208438873291
3.860,was,-2.234617233276367,5.839231491088867,6.473187446594237
3.861,brighter,-10.886955261230467,4.834571361541748,6.302191257476808
3.862,than,-0.373642504215240,4.315423011779785,4.596660614013672
3.863,the,-1.254908084869385,5.485239028930664,6.014572620391847
3.864,"day ,",-10.973443031311035,11.447918176651001,13.748250484466553
3.865,and,-1.337934374809265,4.660657405853272,4.814108371734619
3.866,her,-4.097533226013184,5.685693264007567,6.525438308715820
3.867,grandmother,-6.553067088127136,8.339397430419924,9.828567504882812
3.868,had,-2.838168144226074,5.491439342498778,5.668544292449951
3.869,never,-4.716378688812256,5.157176971435547,6.432964324951173
3.870,appeared,-6.466423988342285,9.074328660964968,10.666330337524414
3.871,so,-5.500036716461182,4.869456768035889,6.131143569946289
3.872,large,-6.616153717041017,3.726888418197632,4.480873107910156
3.873,or,-4.147699356079102,5.013550281524658,5.292325973510742
3.874,so,-2.880916357040405,4.903562068939209,5.386765956878662
3.875,beautiful,-9.671592712402344,4.514271259307861,4.972363471984863
3.876,as,-4.936737060546875,4.314890384674071,4.528146743774414
3.877,she,-1.605287432670593,5.151124954223633,5.894690036773683
3.878,did,-2.311100006103516,4.982535362243652,5.561035633087158
3.879,in,-1.772958278656006,4.467051982879639,4.771629333496094
3.880,the,-1.087354898452759,4.748676300048828,5.628680229187012
3.881,light,-7.157848358154298,4.339457511901856,5.327760696411133
3.882,of,-0.771291792392731,4.505671501159668,4.801848411560059
3.883,the,-0.931467533111572,5.294332981109619,5.822707176208496
3.884,little,-7.055460929870605,4.546580791473389,6.210754394531250
3.885,matches .,-11.822247590869665,16.076849222183228,20.018100261688232
3.886,The,-1.715715885162354,0.000000000000000,0.000000000000000
3.887,grandmother,-14.128117561340332,6.929489374160767,11.222483634948730
3.888,then,-6.108246803283691,4.021821022033691,6.457615852355957
3.889,took,-4.100037574768066,3.942829132080078,5.918910980224608
3.890,the,-1.391957521438599,4.608625411987305,5.814646244049072
3.891,little,-8.327319145202638,3.471942901611328,5.310938358306885
3.892,girl,-1.202785491943359,3.352123498916626,5.308403968811035
3.893,in,-3.488765716552734,3.029608726501465,4.680557250976562
3.894,her,-2.677927017211914,3.741558074951172,5.664777755737305
3.895,"arms ,",-8.107048511505127,7.565828323364258,9.708520412445068
3.896,and,-1.463281989097595,4.639777660369873,4.872107505798340
3.897,they,-4.226859092712401,6.018518924713135,6.260045528411865
3.898,both,-6.699779510498048,6.242449283599854,6.553301811218263
3.899,flew,-6.702465865761043,7.682779788970947,10.345610141754150
3.900,upwards,-17.917627334594727,9.436747074127195,12.077804088592529
3.901,in,-3.052728176116944,4.583135604858398,5.056157588958740
3.902,brightness,-14.378512859344482,8.296823501586914,11.889973163604735
3.903,and,-1.392957925796509,5.107710838317871,5.487549781799316
3.904,joy,-6.882861971855164,6.364150762557983,8.585083007812500
3.905,far,-10.901559829711914,3.532196044921875,5.669140815734862
3.906,above,-3.973256111145020,4.463915824890137,4.839608669281006
3.907,the,-0.644152641296387,5.383932113647461,6.132112503051758
3.908,"earth ,",-8.090358018875122,9.554925441741943,11.398513317108154
3.909,where,-2.105516254901886,9.057799339294434,10.143180847167967
3.910,there,-4.821236610412598,5.273478031158447,6.280663967132567
3.911,was,-1.034696817398071,5.488513946533203,5.950238704681396
3.912,neither,-7.447762012481689,4.657528400421143,5.628540039062500
3.913,cold,-7.461811542510986,4.918403148651123,6.506531238555907
3.914,nor,-0.088607296347618,4.279183387756349,4.890648841857910
3.915,"hunger ,",-11.299298763275146,8.751933574676514,10.152946949005127
3.916,and,-1.619774580001831,4.422943115234375,4.738366127014160
3.917,the,-1.906454086303711,5.870659351348878,6.460197448730469
3.918,little,-5.917616367340088,4.936363220214844,6.274653434753418
3.919,girl,-1.438871145248413,4.982570648193358,5.538833618164063
3.920,felt,-6.576498508453369,5.045493602752686,5.480392932891847
3.921,safe,-6.924785137176514,4.800133705139160,5.452388763427733
3.922,and,-3.269360065460205,4.283162593841554,4.654312610626222
3.923,peaceful .,-8.728502627462149,13.308545112609863,15.389657497406006
3.924,In,-3.034920692443848,0.000000000000000,0.000000000000000
3.925,the,-1.750806689262390,1.847463726997376,5.030716419219972
3.926,dawn,-11.919831275939940,5.515495538711548,9.279564380645752
3.927,of,-0.769017100334167,2.692587614059448,4.843966007232666
3.928,the,-1.285209059715271,3.062852621078491,4.453361511230469
3.929,morning,-7.649240970611572,1.995350718498230,3.880502939224243
3.930,there,-7.661561489105225,4.036511898040772,5.364542961120605
3.931,lay,-11.241643905639648,3.369756698608398,6.098855495452881
3.932,the,-1.863264083862305,4.262837409973145,5.885211467742920
3.933,poor,-7.794067382812500,3.506354808807373,5.682825088500977
3.934,little,-6.486982345581055,2.756411075592041,5.221107482910156
3.935,"one ,",-8.944945096969604,7.738972663879395,11.064960479736328
3.936,not,-4.938887119293213,2.860611438751221,4.134954452514648
3.937,"frowning ,",-19.464078187942505,12.891293048858643,15.996972560882567
3.938,but,-2.754745960235596,4.884829998016357,5.544125080108643
3.939,smiling,-8.489965438842772,9.060190200805664,10.354347229003906
3.940,and,-2.374165058135986,5.261601448059082,5.897480010986327
3.941,with,-6.345513343811035,5.045281887054443,5.898802757263184
3.942,a,-1.425257086753845,4.910464763641357,5.982061386108398
3.943,pale,-7.576032161712646,3.619503736495972,5.374762535095215
3.944,face,-3.845323085784912,4.451172828674316,5.649018287658691
3.945,leaning,-10.407046616077425,8.322109937667848,10.031277656555176
3.946,against,-2.967644214630127,5.531981945037842,5.847065925598145
3.947,the,-0.779919922351837,5.156619548797607,5.999852180480957
3.948,"wall ,",-5.617056131362915,9.719193458557129,11.270720481872559
3.949,frozen,-11.739474296569824,4.357164859771729,5.812124729156494
3.950,and,-3.026387691497803,5.108998775482178,5.561970710754395
3.951,stone,-7.056740105152130,7.626814603805543,9.589111804962158
3.952,dead .,-10.372745823115112,13.329456329345703,16.868178844451904
3.953,`` She,-8.649230986444309,9.752865552902222,15.786773681640627
3.954,tried,-6.577919960021973,4.953277587890625,5.230702400207520
3.955,to,-0.285719394683838,4.488014221191406,5.581077098846436
3.956,warm,-9.738681793212891,4.359183788299561,4.969260692596436
3.957,"herself , ''",-25.174135923385617,28.011559009552002,30.926134109497070
3.958,said,-4.315381050109863,4.789967060089111,5.450339317321777
3.959,some .,-11.371515095233917,13.713398933410645,15.735524177551270
3.960,Children,-10.090608596801758,0.000000000000000,0.000000000000000
3.961,who,-2.978925943374634,3.677175521850586,6.548096656799316
3.962,saw,-7.615977764129639,3.970699310302734,5.065374851226807
3.963,her,-3.798104763031006,4.200896263122559,5.485588073730469
3.964,were,-3.847914218902588,4.404245376586914,5.531067848205566
3.965,asking,-9.032179117202761,6.612102985382080,9.744349956512453
3.966,their,-3.674720525741577,4.392036437988281,6.132837772369385
3.967,parents,-3.257100582122803,4.116833686828613,5.717931747436523
3.968,why,-3.794431209564209,4.196791172027588,4.716303825378418
3.969,no,-6.391660690307617,4.725061416625977,6.128553390502930
3.970,one,-0.980277836322784,5.408221721649170,6.194359779357910
3.971,helped,-7.606120644661133,8.850383281707764,9.852752208709717
3.972,the,-3.609324932098389,5.140738010406494,5.449540138244629
3.973,girl,-3.888107776641846,4.387674808502196,5.957468032836914
3.974,who,-4.809292793273926,5.592593193054199,6.249791145324707
3.975,they,-6.150374412536621,5.484928131103517,6.621074676513673
3.976,knew,-2.979934692382812,5.684249401092528,6.008289813995361
3.977,looked,-11.000803858041763,10.360947608947754,12.564071178436279
3.978,dirt,-11.963151931762695,3.891936302185059,5.778502941131593
3.979,poor,-8.128790855407715,4.390676975250243,6.010901927947997
3.980,and,-2.559585094451904,4.915524959564209,5.308433532714844
3.981,helpless .,-9.556649215519428,13.247144460678101,15.942772865295410
3.982,Passersby,-27.941789627075195,6.903272747993469,14.780337810516356
3.983,who,-6.878893852233888,4.586885929107666,6.369569778442383
3.984,saw,-7.264999389648437,3.170292377471924,4.856186866760254
3.985,her,-3.248109817504883,4.750283241271973,6.085183143615723
3.986,sitting,-8.094573020935059,3.701757907867432,6.011923789978027
3.987,motionless,-13.025128602981567,7.259716272354126,11.458275318145752
3.988,wished,-12.857283592224119,3.418593645095825,4.140887260437012
3.989,they,-3.458433151245117,3.869063615798950,5.210451602935791
3.990,could,-1.058327794075012,4.893721103668213,5.928599834442139
3.991,have,-2.899298906326294,5.765066623687744,6.291687488555907
3.992,helped,-5.694249659893103,8.401353359222412,10.049053192138672
3.993,the,-2.762754440307617,5.578860282897949,6.142302989959718
3.994,"girl ,",-7.225037574768065,9.618156909942627,11.513611793518066
3.995,but,-1.603458404541016,3.951979637145996,4.496103763580322
3.996,their,-4.630794525146483,6.090016841888428,6.552897930145264
3.997,good,-7.107771873474121,4.286707878112793,6.066641807556152
3.998,intentions,-4.598996639251709,9.637413978576660,11.058583259582520
3.999,were,-1.038442969322205,5.863122463226317,6.403129577636719
3.1000,a,-4.755693912506104,5.244486808776856,6.256978034973145
3.1001,day,-7.161505460739137,7.099246501922607,10.127485752105713
3.1002,late,-3.158496379852295,5.587081432342528,6.250185966491699
3.1003,and,-2.281716108322144,4.783385753631592,4.707455158233643
3.1004,a,-1.928304433822632,4.953063964843750,5.657730102539063
3.1005,dollar,-8.653733253479004,5.060131549835205,5.309491157531738
3.1006,short .,-5.559513360261917,14.950907230377197,16.796445369720459
3.1007,Other,-5.764144897460938,0.000000000000000,0.000000000000000
3.1008,people,-5.829178810119629,3.661528110504150,6.704375267028809
3.1009,suspected,-8.217417240142822,5.814610719680786,10.038843154907227
3.1010,the,-4.591556072235107,3.819122791290283,4.928200721740723
3.1011,girl,-8.044255256652832,4.545359611511231,5.531195640563965
3.1012,had,-2.867655277252197,4.597369670867920,5.751670360565186
3.1013,fallen,-6.038928508758545,3.800323486328125,5.573771953582764
3.1014,asleep,-3.984536495059729,7.327615022659303,11.096991539001463
3.1015,and,-2.512035608291626,5.555562019348145,6.045793056488037
3.1016,"frozen ,",-15.085506439208984,8.804733276367188,9.921051025390625
3.1017,but,-1.788035154342651,4.301949501037599,4.674564361572267
3.1018,no,-3.910650491714478,5.390113353729248,6.180739402770996
3.1019,one,-0.722490668296814,5.845357894897461,6.388265609741211
3.1020,imagined,-7.282901037484407,9.185280799865724,9.729456424713137
3.1021,what,-3.627506732940674,4.435038566589356,4.543931007385254
3.1022,beautiful,-12.629151344299315,5.104425907135010,5.391163825988770
3.1023,things,-4.059296250343324,6.832228660583496,8.106791734695435
3.1024,she,-4.658112525939941,4.519931793212892,5.425651073455811
3.1025,had,-1.286618232727051,5.089578628540039,6.010406970977782
3.1026,"seen ,",-7.466714024543762,14.310482978820801,15.358102321624756
3.1027,nor,-5.397503376007080,4.307967185974121,4.504579067230225
3.1028,into,-11.572646141052244,4.245407581329347,4.718976020812988
3.1029,what,-3.436455965042114,3.289658784866333,3.607420921325684
3.1030,glory,-13.927470207214355,3.936788082122802,4.106908798217773
3.1031,she,-2.300069093704224,4.952357769012451,5.719687938690186
3.1032,had,-1.815268516540528,4.998175621032715,5.578188896179199
3.1033,entered,-8.210326313972473,8.167408227920532,9.645209312438963
3.1034,with,-3.880432128906250,4.429345607757568,4.802287578582764
3.1035,her,-1.803066253662109,5.652823925018311,6.339445590972900
3.1036,"grandmother ,",-9.801051974296570,12.705722332000732,14.855288028717041
3.1037,on,-6.866965293884277,4.439990043640137,4.970509052276611
3.1038,New,-7.815083503723144,3.389972686767578,5.929441452026367
3.1039,Year 's,-1.945778634688395,12.107593059539795,19.689764976501465
3.1040,day .,-9.316823717206717,15.209927797317505,18.946712017059326
4.1,Once,-7.358476161956787,0.000000000000000,0.000000000000000
4.2,upon,-4.703501105308534,4.721624970436097,8.782380104064941
4.3,a,-1.513049840927124,2.561036109924316,5.347051620483398
4.4,time,-0.255355358123779,1.866057991981506,4.197279930114746
4.5,the,-3.106174230575561,3.428508758544922,4.701315402984619
4.6,birds,-9.204000473022461,6.837707281112671,9.298239231109619
4.7,took,-4.754608154296875,3.867651462554932,5.469113826751709
4.8,it,-5.140618324279785,4.292228698730469,5.711267471313477
4.9,into,-3.858559131622314,4.389450550079347,5.532614707946777
4.10,their,-2.842570543289185,4.106612682342528,5.838354587554933
4.11,heads,-4.096620082855225,3.271841764450073,4.955780982971191
4.12,that,-6.595155715942383,4.882953643798828,5.447452545166017
4.13,they,-1.581977725028992,5.377823352813722,6.198621749877930
4.14,would,-2.811768531799316,5.728477954864503,6.630970478057861
4.15,like,-5.181999206542969,5.076575279235840,5.709768295288086
4.16,a,-4.310864925384521,4.867187500000000,5.918778419494629
4.17,"master ,",-11.170610427856447,12.020903825759888,14.998555183410645
4.18,and,-2.107948780059814,4.807526588439941,5.165211677551270
4.19,that,-2.908284902572632,5.217218399047852,5.442968845367432
4.20,one,-4.856142997741699,5.666253089904785,5.936842918395996
4.21,of,-1.388309359550476,4.370695590972900,4.840570449829102
4.22,their,-2.062657594680786,5.607248783111572,6.260423183441162
4.23,number,-9.697674751281738,3.973226070404053,4.807449340820312
4.24,must,-7.631924629211426,6.387903690338135,6.445208072662354
4.25,be,-0.792060554027557,5.701356887817383,6.183836460113525
4.26,chosen,-7.181819884077412,7.333665370941162,9.747257232666016
4.27,king .,-16.116839960217476,18.671144962310791,21.553301334381104
4.28,A,-3.402023315429688,0.000000000000000,0.000000000000000
4.29,meeting,-7.432825088500977,2.958169937133789,6.464177608489990
4.30,of,-1.033597588539124,3.203326940536499,4.159070968627931
4.31,all,-4.858767509460449,3.338514566421509,5.145031452178955
4.32,the,-2.431692361831665,3.381664276123047,4.985132217407227
4.33,birds,-13.334470987319946,5.447527170181274,8.138266801834106
4.34,was,-1.817858219146728,4.387098312377931,6.137387275695801
4.35,called,-3.965622335672379,6.899551391601562,10.473132610321043
4.36,and,-4.281985282897948,4.747026443481445,5.638446807861327
4.37,though,-10.727539062500000,5.032803535461426,5.402403831481934
4.38,they,-3.325859546661377,4.699995517730713,5.186452865600586
4.39,understood,-9.630447177041788,11.915147542953491,15.923620223999025
4.40,the,-1.177706003189087,5.758138656616211,6.221736907958983
4.41,birds,-5.347248435020448,6.542585134506226,8.292198181152344
4.42,who,-7.090127944946289,4.823748588562012,5.638753414154053
4.43,were,-1.329176902770996,4.946579456329347,5.775227546691895
4.44,from,-6.923087596893311,5.017809391021729,5.610607147216797
4.45,the,-1.113375902175903,4.452123165130615,5.678662300109862
4.46,most,-6.915771484375000,5.403625488281250,6.758581161499023
4.47,distant,-4.169966697692871,8.484987735748291,11.451311111450195
4.48,lands,-3.961235046386719,3.856775999069214,3.799692630767822
4.49,would,-4.050274848937988,5.401351928710938,5.828001022338867
4.50,be,-1.093263864517212,4.817956447601318,5.448268890380858
4.51,unable,-7.216452121734619,5.970073699951173,6.641984939575195
4.52,to,-0.024395510554314,4.678654193878174,6.075150489807129
4.53,"come ,",-7.148057460784912,10.098878860473633,11.390285015106201
4.54,many,-4.906429290771483,5.542203903198242,5.492699623107910
4.55,birds,-6.392567634582520,7.090837955474854,8.395000457763674
4.56,came,-5.625730037689209,8.183823585510254,11.062087059020996
4.57,from,-3.412572860717773,5.480109214782715,5.874149799346924
4.58,faraway,-7.815998554229736,9.330157756805420,12.350452899932860
4.59,meadows,-12.437884416896848,12.081611871719360,15.929612159729006
4.60,and,-1.665560483932495,4.759930610656738,5.121154785156250
4.61,woods .,-9.859138600528240,12.951730728149414,16.423495292663574
4.62,The,-1.715715885162354,0.000000000000000,0.000000000000000
4.63,"eagle ,",-15.676075935363770,10.407201051712036,16.154322147369385
4.64,who,-2.124121427536011,5.245172023773193,6.509696483612061
4.65,already,-7.044497013092041,4.839240074157715,6.327619552612305
4.66,thought,-7.817969799041747,4.556471347808838,5.356215476989746
4.67,himself,-5.816751154139638,8.562780857086183,10.885521888732910
4.68,the,-3.611829757690430,4.720816612243652,5.436618804931642
4.69,de,-8.193543195724487,5.781573772430420,8.642074346542357
4.70,facto,-2.103591442108154,5.263735771179199,5.945475578308105
4.71,"king ,",-6.635698080062865,12.319324493408203,15.338814258575441
4.72,arrived,-7.527272939682008,9.387562274932860,12.430532932281494
4.73,fashionably,-16.508632898330688,9.621923685073851,13.974452495574953
4.74,late .,-6.764739125967026,11.317176103591919,15.593221187591553
4.75,It,-3.835548400878906,0.000000000000000,0.000000000000000
4.76,was,-2.245547771453857,3.240544319152832,5.025370121002197
4.77,a,-2.183984756469727,3.282635211944580,5.404700756072998
4.78,hawk,-11.056276559829712,5.103816747665405,9.108556747436523
4.79,who,-4.455822467803955,4.579664230346680,6.225990772247314
4.80,was,-2.773364305496216,5.050134181976318,6.177167892456055
4.81,most,-6.604010581970215,5.133561134338379,6.752939701080322
4.82,excited,-5.798507690429688,3.534071683883667,5.586639404296875
4.83,about,-1.109702229499817,4.681990623474121,5.718371391296388
4.84,the,-0.874616086483002,4.570280075073242,5.447142601013184
4.85,"meeting ,",-9.141658544540405,8.220816612243652,10.410790920257568
4.86,because,-5.067295100539923,8.308466911315918,11.021310329437256
4.87,he,-1.331749677658081,5.099068641662598,5.646157741546631
4.88,was,-1.650503873825073,5.116572856903076,5.683480262756348
4.89,the,-3.480659961700439,4.682263374328613,5.234600543975830
4.90,dark,-9.045204162597656,4.183388710021974,6.195750236511231
4.91,horse,-6.700915336608888,3.960586071014404,5.593882560729980
4.92,for,-3.563608169555664,5.718348026275635,6.518462181091309
4.93,king .,-12.875610828399656,16.251758337020874,21.341461658477783
4.94,The,-1.715715885162354,0.000000000000000,0.000000000000000
4.95,small,-7.690185070037843,2.621103286743164,4.642549991607666
4.96,fry,-10.931683301925659,4.932221174240112,8.841062545776367
4.97,came,-7.587504863739014,6.932522058486938,10.316988229751589
4.98,"too ,",-11.367328643798828,6.383146286010743,9.771019458770752
4.99,and,-1.747775793075562,5.185778617858887,5.603109836578369
4.100,the,-1.263758182525635,4.852271556854248,5.281239032745361
4.101,"robin ,",-17.135267019271851,11.214869260787964,15.726594448089600
4.102,the,-2.152104616165161,5.143447875976562,5.924519538879395
4.103,"bluebird ,",-16.307291150093079,13.627187728881836,15.635175228118896
4.104,the,-4.990149497985840,5.310745716094972,5.625285148620605
4.105,"owl ,",-11.560566067695619,11.325883388519287,13.304241180419924
4.106,the,-3.736056804656982,5.631010055541992,6.031279563903809
4.107,"lark ,",-10.144252777099611,12.313808798789978,16.489820480346680
4.108,and,-3.331880331039429,4.741439342498778,5.156988620758057
4.109,the,-0.277898609638214,6.047564983367920,6.350176811218263
4.110,"sparrow ,",-17.318729519844055,12.176655530929565,14.721755981445312
4.111,who,-4.712572097778320,6.268960952758789,6.539237976074219
4.112,had,-2.709882259368896,5.834335327148438,6.111136913299561
4.113,only,-5.313383102416992,5.893473148345947,6.367021083831787
4.114,a,-1.568601369857788,4.779487609863281,6.054965496063232
4.115,chance,-5.147451877593994,4.958708763122559,5.438911437988281
4.116,in,-5.080025672912598,3.452125787734985,4.665257930755615
4.117,a,-2.060090065002441,5.085213661193848,5.829743385314941
4.118,million,-7.213087081909180,4.119159221649170,5.975046157836914
4.119,to,-3.926483154296875,4.381975650787354,5.513697624206543
4.120,be,-4.232042312622069,5.078352928161621,5.856149196624756
4.121,"king ,",-9.501416683197021,13.960060596466064,15.286099910736084
4.122,were,-1.863468527793884,5.847986698150635,6.133268833160400
4.123,all,-3.622541189193726,6.173350811004639,6.663293361663817
4.124,present,-8.289587974548340,4.999782562255858,6.066558361053468
4.125,at,-2.813349723815918,5.265787124633789,5.974835872650146
4.126,the,-0.743265211582184,4.708962917327881,5.517297267913818
4.127,meeting .,-5.401869546622038,13.594491481781006,16.329481601715088
4.128,The,-1.715715885162354,0.000000000000000,0.000000000000000
4.129,"cuckoo ,",-19.682413935661312,16.033155441284180,25.777674198150635
4.130,who,-6.243065834045410,4.652788639068604,6.814520835876465
4.131,was,-3.151926040649414,4.932873725891113,6.403073787689209
4.132,almost,-6.088497638702393,3.698682308197021,6.069962978363037
4.133,not,-6.198574066162108,4.115209579467773,5.766830921173097
4.134,invited,-6.564402818206871,6.955683469772339,11.047358512878418
4.135,because,-7.274792876094580,6.918344497680664,9.818542957305908
4.136,his,-2.949446201324463,5.520150184631348,6.603446483612061
4.137,call,-8.335315704345701,3.745549678802490,5.345628738403320
4.138,so,-7.220570087432861,4.290107250213623,5.935738563537598
4.139,annoyed,-9.215776318684220,9.134689807891846,11.058974742889404
4.140,the,-2.064527034759521,5.055720329284668,6.006724357604980
4.141,other,-4.778429985046387,5.122101306915283,6.310389041900635
4.142,"birds ,",-8.938507437705994,13.545030832290649,14.839538097381592
4.143,came,-3.615767598152161,8.745410442352295,10.976651668548584
4.144,too .,-10.073130011558533,10.323593854904175,15.670296192169189
4.145,It,-3.835548400878906,0.000000000000000,0.000000000000000
4.146,was,-2.245547771453857,3.240544319152832,5.025370121002197
4.147,the,-1.544885635375977,3.627515316009521,4.694008350372314
4.148,very,-7.737190246582031,2.530473947525024,4.758621215820312
4.149,little,-6.996429920196532,2.593887567520142,5.311811447143555
4.150,bird,-7.242422342300415,5.670453310012817,9.275589942932127
4.151,who,-2.613942146301269,4.195184230804443,5.896407127380371
4.152,had,-2.860986709594727,4.379118442535400,5.236442565917969
4.153,no,-4.057670116424561,4.549282073974608,5.605443954467773
4.154,name,-5.747619628906250,4.042498588562012,6.178261280059815
4.155,at,-4.276278018951416,4.051927566528319,5.673452377319336
4.156,"all ,",-1.791371157392859,9.342076301574707,11.478163719177246
4.157,"however ,",-6.171004965901374,13.625097274780273,17.083479404449463
4.158,that,-2.465727329254150,5.452929019927979,5.857670783996582
4.159,would,-4.353163719177246,6.044385910034180,6.449586868286133
4.160,end,-5.988044261932372,5.825685977935791,6.527630329132080
4.161,up,-0.659310042858124,5.879723548889160,6.479543209075928
4.162,overturning,-11.158691760152578,8.865767002105713,10.862960815429688
4.163,the,-0.855346441268921,5.645587444305420,6.441308498382567
4.164,balance,-8.605005264282228,4.537614345550537,5.710655689239503
4.165,of,-0.640484690666199,4.974867343902588,6.180858612060548
4.166,power,-0.161568775773048,4.836609363555908,6.027307510375977
4.167,among,-5.222081661224365,4.777078151702881,5.246500015258789
4.168,the,-0.561648011207581,5.436128139495850,5.959920883178711
4.169,birds .,-9.077918175607920,16.777280807495117,20.466133117675781
4.170,That,-4.601949214935303,0.000000000000000,0.000000000000000
4.171,there,-7.701321601867676,2.455087184906006,5.665688991546631
4.172,would,-4.073749065399170,3.316670417785645,5.739227294921875
4.173,be,-0.217790007591248,4.331286430358887,6.743876934051514
4.174,great,-6.140811443328857,3.585223436355591,5.943928241729736
4.175,confusion,-4.884296417236328,3.950418233871460,4.625438690185547
4.176,and,-2.943750858306885,4.459462642669678,5.773163318634032
4.177,noise,-8.422518730163574,3.725153446197510,4.606455326080322
4.178,among,-4.809364795684815,3.979689836502075,5.057296276092528
4.179,the,-1.278545975685120,4.026596069335938,5.144120693206787
4.180,birds,-10.129521369934082,6.100843906402588,8.390846252441406
4.181,at,-5.288995742797852,4.427214145660400,5.103454113006592
4.182,the,-0.994155049324036,4.518689632415772,5.048320770263672
4.183,meeting,-5.625026702880858,3.797150373458862,4.601108551025392
4.184,was,-1.847901344299316,5.190124511718750,5.870108604431152
4.185,to,-5.916675567626952,4.761010169982910,5.926360607147218
4.186,be,-2.544346094131470,3.769236087799072,5.133255004882812
4.187,"expected ,",-6.490127801895142,8.678281068801880,10.849743366241455
4.188,given,-5.033742904663086,9.218392848968506,9.934089183807373
4.189,the,-0.381415843963623,5.653159141540527,6.033738613128662
4.190,sheer,-7.484569549560548,8.498890399932861,10.684826374053957
4.191,numbers,-5.522417068481445,4.309235095977783,5.248948574066162
4.192,of,-0.236334174871445,5.202900886535645,5.669795036315918
4.193,birds,-4.263664484024049,6.718853235244751,9.259302139282227
4.194,that,-2.539993286132812,5.065157890319824,5.969344139099121
4.195,have,-2.337093591690063,5.297824859619142,5.794857978820801
4.196,gathered .,-10.759860144084087,14.009039402008057,19.163827896118164
4.197,There,-5.263474464416504,0.000000000000000,0.000000000000000
4.198,was,-2.283620357513428,3.731443881988525,5.896081447601317
4.199,"piping ,",-18.020743012428284,6.673898696899414,11.159212112426758
4.200,"hissing ,",-16.004039764404297,15.372929573059080,17.774914264678959
4.201,and,-2.043823957443237,3.326709985733032,3.056914806365967
4.202,"clacking ,",-17.138589978218079,17.354856133460999,23.382677555084232
4.203,but,-2.998023986816406,3.726453781127930,3.851075410842896
4.204,finally,-7.619230907410383,7.681869029998778,9.580291509628298
4.205,it,-3.432745456695557,4.871172428131104,5.724425315856934
4.206,was,-0.743388772010803,4.852682113647461,5.028673648834229
4.207,decided,-6.790769100189209,3.779163360595703,4.810606002807617
4.208,that,-0.711836218833923,4.035918712615967,4.331447124481201
4.209,the,-1.574076652526856,4.865996837615967,5.736207485198975
4.210,bird,-6.605793714523315,6.999651432037354,9.070325374603273
4.211,that,-6.176491260528564,4.812067508697510,5.962725162506104
4.212,could,-4.873546600341797,5.242468833923340,6.085497856140138
4.213,fly,-6.004192352294923,4.607893943786621,5.551459312438965
4.214,the,-2.906295776367188,4.846854686737061,5.424388885498047
4.215,highest,-8.606748580932617,5.075452327728272,5.819890499114990
4.216,should,-7.491874694824219,5.547545433044434,5.372831344604492
4.217,be,-1.040679693222046,5.464413642883301,5.745015621185303
4.218,king .,-8.734603092074394,17.344741106033325,21.251515865325928
4.219,The,-1.715715885162354,0.000000000000000,0.000000000000000
4.220,little,-8.807524681091309,2.493434429168701,5.196558952331543
4.221,bird,-7.573701620101929,4.634225964546205,8.176198959350586
4.222,lay,-8.980598449707031,3.536587715148926,5.980292320251465
4.223,low,-7.223095893859862,2.605941295623780,5.187180995941162
4.224,near,-5.750987529754639,4.157251834869385,5.730629920959473
4.225,the,-0.478521108627319,4.268654346466064,5.425631523132324
4.226,eagle,-9.020453929901123,5.833606481552124,8.377453088760376
4.227,at,-6.070765495300293,4.376894950866698,5.385722160339356
4.228,"first ,",-6.694335579872131,8.908066511154175,11.032908916473389
4.229,but,-1.833129286766052,5.195207118988037,5.533760547637940
4.230,the,-1.355525970458984,4.659191131591797,4.997629165649414
4.231,eagle,-7.051926136016847,7.513643264770508,8.976698398590088
4.232,did,-4.629190444946289,5.642805099487305,5.911207675933838
4.233,not,-3.301033496856689,5.635801315307617,6.512024402618407
4.234,notice,-5.970893859863281,5.220026016235352,5.987390518188477
4.235,the,-1.080932378768921,6.017991542816162,6.495464324951173
4.236,bird,-5.596184253692627,7.959866046905518,9.525473594665527
4.237,hopping,-12.521687626838686,8.529561519622803,9.540549755096436
4.238,onto,-5.479050636291504,5.290148258209229,5.719772815704347
4.239,his,-3.624458551406861,5.151194095611572,6.283778667449951
4.240,back,-3.362237691879272,4.142161846160889,5.400388240814209
4.241,right,-8.632003784179688,4.089512348175049,5.427925109863281
4.242,as,-5.998792171478272,3.584349155426025,4.391413688659668
4.243,the,-1.734601020812989,5.746611595153809,6.057349205017090
4.244,competition,-10.170449256896973,4.459653854370117,5.495549201965332
4.245,was,-3.252170562744141,5.268696784973145,5.938014507293701
4.246,about,-6.057467460632324,4.194854736328125,5.642764568328857
4.247,to,-0.133811980485916,5.035360813140869,5.729445934295653
4.248,commence .,-7.597790145315230,13.096350193023683,14.505565643310547
4.249,Into,-11.802293777465820,3.501734733581543,5.941946029663086
4.250,the,-1.390740394592285,2.461945295333862,5.139358520507812
4.251,air,-8.260309219360353,2.806185245513916,5.092208862304688
4.252,in,-4.291317939758302,3.052211046218872,4.901478290557861
4.253,a,-2.365656852722168,4.180133819580078,6.225728988647461
4.254,great,-7.285161972045898,3.590062618255615,5.318174362182617
4.255,flock,-10.509796142578123,3.870157480239868,5.601736068725586
4.256,all,-8.072924613952638,4.450020313262940,6.470536231994629
4.257,the,-1.638338804244995,3.886069297790527,6.035989284515381
4.258,birds,-10.494859933853151,7.092879295349121,10.374380111694336
4.259,flew,-8.982895761728287,7.526778459548950,10.769504547119141
4.260,when,-6.365746498107910,4.920296669006348,5.647526264190674
4.261,the,-1.374247908592224,4.721139907836914,5.525006771087647
4.262,signal,-8.139314651489258,3.736350774765015,4.950107097625732
4.263,was,-1.177766561508179,5.358249664306642,6.246847152709961
4.264,given .,-9.854247465729713,17.545382976531982,22.486787796020504
4.265,The,-1.715715885162354,0.000000000000000,0.000000000000000
4.266,air,-8.438867568969728,2.178613185882568,4.209786415100099
4.267,was,-3.569521665573120,4.333547115325929,5.951185703277588
4.268,full,-5.073876380920410,2.684496164321899,5.334616184234619
4.269,of,-0.214314773678780,4.330510139465332,5.950022697448730
4.270,"dust ,",-7.379773855209351,10.952097892761230,15.619070529937744
4.271,and,-1.266958117485046,5.381478786468506,6.470590114593506
4.272,it,-3.174095630645752,5.465535640716553,6.231171607971191
4.273,seemed,-4.624582647535134,9.537155151367188,11.509228229522705
4.274,as,-3.132489442825317,4.781645298004150,6.389930725097656
4.275,if,-0.362757802009583,5.018510341644287,6.271258354187013
4.276,a,-2.984658956527710,5.076502323150635,5.595893383026123
4.277,black,-6.080358028411865,4.098915100097656,5.652065277099608
4.278,cloud,-5.200198650360107,3.967289686203003,5.178943157196045
4.279,were,-4.739330291748047,4.905690193176270,5.601551055908203
4.280,floating,-7.750601291656494,4.521490573883057,5.921742439270020
4.281,over,-2.179264307022095,4.687920570373535,5.544977188110352
4.282,the,-0.398570507764816,4.051809787750243,4.805999755859375
4.283,field .,-5.747595973312856,15.210801839828491,18.453330755233765
4.284,You,-6.629871845245361,0.000000000000000,0.000000000000000
4.285,could,-3.221982717514038,2.811443328857422,4.674128532409668
4.286,hear,-4.002386569976807,1.934650301933289,4.244966506958009
4.287,the,-1.897508740425110,3.139657020568848,4.591798782348633
4.288,birds,-8.408952474594116,7.403181791305543,10.833955764770508
4.289,chirping,-10.963824212551117,14.509580373764038,18.999112129211426
4.290,and,-3.137239456176758,5.528289794921875,5.931078910827638
4.291,flapping,-13.069329972378910,11.043661355972290,13.833567619323730
4.292,from,-4.492202281951903,4.414837837219238,4.555399894714356
4.293,fields,-8.845113754272461,5.040277957916260,5.597924232482910
4.294,that,-2.689812183380127,4.716234683990479,5.170083045959473
4.295,were,-2.634985446929932,5.167448043823242,6.226573467254639
4.296,miles,-9.363072395324707,3.598194599151612,5.545427322387695
4.297,away .,-1.444986276328564,11.443051576614380,13.914205074310303
4.298,The,-1.715715885162354,0.000000000000000,0.000000000000000
4.299,little,-8.807524681091309,2.493434429168701,5.196558952331543
4.300,birds,-7.735603094100952,4.748427510261537,8.504632949829103
4.301,that,-3.811458826065064,3.668164014816284,5.856296539306642
4.302,soon,-7.727858543395996,4.858098030090332,6.597114562988281
4.303,grew,-4.962679862976074,3.970902919769287,6.318552017211914
4.304,tired,-7.055959224700928,4.531841754913330,5.639996528625487
4.305,fell,-9.011482238769533,3.070312023162842,5.733489036560059
4.306,back,-4.849424362182617,3.855908393859863,6.351122379302979
4.307,quickly,-7.005236792843789,7.489027976989746,11.491151332855225
4.308,to,-1.828712224960327,4.926160335540772,6.079384326934815
4.309,earth .,-6.634338989853859,10.424588918685913,14.771039485931396
4.310,The,-1.715715885162354,0.000000000000000,0.000000000000000
4.311,fact,-6.808484554290772,3.735822677612305,5.501153945922852
4.312,that,-0.345929533243179,2.497476100921631,4.637969970703125
4.313,the,-1.294969916343689,3.371302604675293,4.125323295593262
4.314,larger,-8.257105827331543,3.862323284149170,5.506481170654297
4.315,ones,-7.333828926086426,4.041517257690431,6.117155551910400
4.316,held,-7.439001560211183,4.150370597839356,5.689141273498535
4.317,out,-2.843079805374145,4.946042060852051,5.682656288146973
4.318,"longer ,",-10.382282972335815,10.791532039642334,12.220430850982666
4.319,and,-2.360937833786011,5.104468345642090,4.848574638366699
4.320,flew,-11.339742943644525,8.758299112319946,11.277431011199953
4.321,higher,-4.789706230163574,5.977032661437987,5.724426746368407
4.322,and,-3.808167457580566,5.517170906066895,5.588208198547363
4.323,"higher ,",-1.795457363128662,9.407904863357544,9.697896003723145
4.324,but,-7.393343925476074,6.229458808898926,6.223336219787598
4.325,the,-1.653109073638916,5.938821792602539,5.920312404632567
4.326,eagle,-12.345707178115845,8.587024688720701,10.324538707733154
4.327,flew,-8.571616364642978,8.410960435867310,10.743093967437744
4.328,highest,-12.014797210693359,5.327332973480225,5.627267360687256
4.329,of,-6.892659187316895,5.476758956909180,5.850173473358153
4.330,"any ,",-10.281628608703613,10.628859996795654,11.252783775329590
4.331,surprised,-9.279407501220703,5.704449653625487,5.860981941223145
4.332,no,-5.870788574218750,4.651228427886963,6.260890960693358
4.333,one .,-0.630271695554256,14.921894550323486,17.129052162170410
4.334,Could,-9.831000818987377,1.730177283287048,4.721653938293457
4.335,anyone,-3.899346768856049,4.891627311706543,10.827857017517090
4.336,stop,-5.576588630676270,3.422883510589600,6.268945693969727
4.337,the,-3.196475267410278,3.683458328247070,5.506530284881592
4.338,eagle,-10.393038034439089,6.899200201034546,9.556384563446043
4.339,that,-6.473651409149170,4.790759563446045,5.754027843475343
4.340,seemed,-7.457508690655231,9.791033744812012,12.162574768066404
4.341,to,-0.640479028224945,5.568066120147705,6.749889373779298
4.342,be,-1.733162879943848,4.862759590148926,5.890416622161865
4.343,flying,-6.303776979446411,9.161846637725830,10.422589778900146
4.344,straight,-6.232358932495117,4.697133064270020,5.141211509704590
4.345,into,-3.422986268997192,5.051711082458496,6.157727241516112
4.346,the,-0.728011131286621,4.516655921936035,5.411456108093262
4.347,sun ?,-4.462804839015008,11.897257566452026,13.961097002029417
4.348,The,-1.715715885162354,0.000000000000000,0.000000000000000
4.349,other,-5.706384658813477,2.942162990570068,5.661795139312744
4.350,birds,-10.903100252151489,6.820692300796509,10.342637062072754
4.351,gave,-7.770537376403809,4.604421615600586,6.120017051696777
4.352,out,-5.396623134613037,4.611357212066650,5.609512805938722
4.353,one,-5.119025707244873,3.926993131637573,5.598940849304199
4.354,by,-6.645888805389403,3.128063678741455,4.973165035247803
4.355,one,-0.339280515909195,4.239223003387451,4.644831180572510
4.356,and,-2.849723577499390,5.029307842254639,5.309153079986572
4.357,when,-7.838598728179933,4.242033004760741,4.756996631622314
4.358,the,-1.682768106460571,5.048741817474365,5.486674785614014
4.359,eagle,-7.506929397583008,7.053145647048950,8.596685409545897
4.360,saw,-6.763406753540039,4.632695674896240,5.177825927734375
4.361,this,-6.784611701965332,5.454296112060547,6.156216144561768
4.362,he,-6.416208267211914,4.259921073913573,5.483124256134033
4.363,"thought ,",-8.088690280914307,9.573019981384277,10.118171691894531
4.364,`` What,-5.442377253551967,18.286102771759033,20.656586170196533
4.365,is,-2.806485176086426,4.632019519805908,5.239109039306642
4.366,the,-1.586907982826233,4.718559265136719,5.027053356170653
4.367,use,-7.032151699066162,3.887586355209351,4.464270591735840
4.368,of,-0.148981750011444,4.888259887695312,5.106023788452148
4.369,flying,-11.243971109390259,8.203462362289429,7.981052637100220
4.370,any,-7.865089893341064,4.517516136169434,5.338145732879639
4.371,higher ?,-6.922508172690868,12.060868740081787,12.640815496444702
4.372,This,-4.780575275421143,0.000000000000000,0.000000000000000
4.373,victory,-8.720463752746582,2.879832506179810,5.709399223327638
4.374,is,-2.320301055908203,4.395863056182861,5.348218917846680
4.375,in,-4.312494277954102,2.415523052215576,4.736473083496094
4.376,the,-2.240560293197632,2.251343011856079,4.154965877532959
4.377,bag,-8.673753738403320,2.496422767639160,4.708037376403809
4.378,and,-4.747970104217528,4.789446830749512,4.735921859741211
4.379,I,-4.592004776000977,5.313626289367676,6.006168365478517
4.380,am,-3.215165853500366,8.097743034362793,9.654834270477297
4.381,king ! '',-26.410469898488373,27.874772310256958,35.516060590744019
4.382,Then,-6.427267551422119,0.000000000000000,0.000000000000000
4.383,the,-2.401969432830811,3.071871280670166,4.301430702209474
4.384,birds,-8.798274517059326,5.894211530685425,8.826788425445557
4.385,below,-10.255488395690918,3.838994503021240,5.210126399993896
4.386,called,-10.064492702484131,7.082118272781372,9.647050380706787
4.387,with,-5.755295753479004,4.764083862304688,5.632723808288574
4.388,one,-4.951811790466309,4.119808673858643,5.982330322265625
4.389,"accord ,",-14.861697912216188,9.194437503814697,10.626199245452881
4.390,`` Come,-10.882291197712220,17.257780075073242,20.295298099517822
4.391,"back ,",-4.553244113922119,9.151622772216797,10.415737628936768
4.392,come,-5.944694519042969,4.645046710968018,5.367521762847900
4.393,back !,-4.172978401184082,11.906415462493896,14.105309963226318
4.394,It,-3.835548400878906,0.000000000000000,0.000000000000000
4.395,is,-1.736417770385742,3.276454925537109,5.097389221191406
4.396,you,-8.866885185241699,2.312845468521118,4.107317447662354
4.397,who,-1.370232582092285,3.518548965454102,5.382498741149902
4.398,must,-4.940147399902344,4.170442581176759,5.790750503540039
4.399,be,-2.094161033630371,3.446330785751343,5.721086502075195
4.400,our,-6.787730216979980,3.459759473800659,5.506278038024902
4.401,king,-8.479234695434570,5.020019531250000,8.383028984069824
4.402,because,-6.564807754242794,7.092378616333008,10.144383430480957
4.403,no,-5.331234931945801,5.675828933715820,6.137009620666504
4.404,one,-0.872474908828735,5.753867149353027,6.025771617889403
4.405,can,-2.480606317520142,5.579638481140137,6.429807186126709
4.406,fly,-8.797765731811523,4.839856147766113,5.360174179077148
4.407,as,-5.399861335754395,5.056669712066650,5.694827079772949
4.408,high,-5.879257678985597,5.260283946990967,6.816596984863281
4.409,as,-0.254575192928314,5.387276172637940,5.608557224273682
4.410,you . '',-18.466716774870292,27.766280174255371,31.527156352996826
4.411,`` Except,-11.877481489984349,8.603020429611206,14.792345046997072
4.412,me ! '',-23.702786095906049,22.761260032653809,29.567825317382812
4.413,cried,-16.452830076217651,5.101297378540039,9.202855110168457
4.414,a,-3.340497016906738,4.330187320709229,5.868965148925781
4.415,"shrill ,",-15.995686531066895,8.863554239273071,11.643589019775391
4.416,shrill,-8.808356285095215,4.224009513854980,5.728157997131348
4.417,"voice ,",-3.512016534805298,8.802044391632080,10.868234634399414
4.418,and,-1.744370102882385,5.207432746887207,6.029397487640381
4.419,out,-7.078535556793213,5.318669319152832,6.464722633361816
4.420,of,-0.918030738830566,4.278392314910889,5.340126991271973
4.421,the,-1.551902055740356,4.434423923492432,5.437845706939697
4.422,blue,-4.179505348205566,4.783371448516847,5.487968921661377
4.423,the,-4.490306854248047,4.900366783142090,5.818689823150635
4.424,little,-5.479570388793945,3.706958532333374,5.689921379089356
4.425,bird,-6.202613830566406,7.828127861022949,10.538677215576172
4.426,without,-8.789130806922913,8.685369253158571,10.272506237030029
4.427,a,-1.323988080024719,5.596915721893311,6.188122749328612
4.428,name,-7.687140464782715,5.344894886016847,5.855529308319093
4.429,rose,-8.227548599243164,4.488329887390137,5.251678943634033
4.430,from,-3.140858411788940,5.223860740661621,5.847665309906006
4.431,the,-0.850878298282623,4.948533058166504,5.860243797302246
4.432,eagle 's,-9.283604658776314,21.121376991271973,27.138731956481934
4.433,"back ,",-5.344726562500000,9.973218441009521,11.614251613616943
4.434,where,-3.466118335723877,9.702718734741213,10.842056751251221
4.435,he,-2.142682075500488,5.766241073608398,6.617816925048827
4.436,had,-2.661186218261719,5.528427600860597,6.166109561920166
4.437,lain,-11.411801338195801,9.440749645233154,10.648274421691896
4.438,hidden,-11.390890121459961,5.586655139923097,6.363523483276367
4.439,in,-2.147815227508545,3.872812747955322,4.470951080322267
4.440,the,-1.478641748428345,4.784955978393555,5.551739692687988
4.441,feathers .,-10.703719869256020,12.758079290390015,16.554825305938721
4.442,His,-5.701935768127441,0.000000000000000,0.000000000000000
4.443,guile,-12.158696889877319,5.553603649139403,9.715429306030273
4.444,was,-2.237958431243896,3.263870239257812,5.654034137725830
4.445,the,-3.088075399398804,3.932487487792969,5.336550235748291
4.446,ace,-9.548159480094910,4.992068052291870,8.463155269622803
4.447,up,-8.055276870727539,3.784358501434326,5.455431938171387
4.448,his,-5.410610198974608,3.766009569168091,5.445039749145508
4.449,"sleeve ,",-4.958287715911865,8.388657331466675,12.767796993255615
4.450,and,-1.408656358718872,4.100859642028809,4.660838603973389
4.451,he,-1.251342773437500,5.501157760620117,5.889693737030028
4.452,laughed,-8.403131961822510,7.904926538467407,10.552547454833984
4.453,to,-5.130480289459229,4.897127151489258,6.393526554107666
4.454,himself,-4.975435733795166,8.452245712280272,11.533865451812744
4.455,at,-2.997452735900879,5.540231704711914,6.101018428802490
4.456,how,-5.447575569152832,5.173441410064697,5.640630722045898
4.457,easy,-6.909113883972168,4.801472663879395,5.190639495849608
4.458,it,-0.455638170242310,4.819365501403809,5.834828853607178
4.459,had,-5.007736206054688,5.126137256622314,6.265805721282959
4.460,been,-0.645837604999542,4.572638511657715,5.186313629150392
4.461,to,-0.549743473529816,5.618841648101807,6.131853103637695
4.462,outwit,-11.839376464486122,10.328207969665527,14.467217206954956
4.463,the,-1.464115142822266,6.017640113830566,6.652688980102539
4.464,other,-5.083263397216797,6.006433010101317,6.486547470092773
4.465,birds .,-8.194352149963379,18.292515754699707,20.461316108703613
4.466,Higher,-8.857753753662109,0.000000000000000,0.000000000000000
4.467,and,-7.621718406677246,4.849908351898193,6.168275833129883
4.468,higher,-2.365763664245605,2.964526891708374,5.023977279663086
4.469,he,-9.473613739013672,2.761647224426269,5.262532234191895
4.470,"mounted ,",-12.500010848045347,10.613723278045654,16.134300231933594
4.471,until,-8.283269882202147,3.677051782608032,5.065555095672607
4.472,he,-1.586248993873596,3.386898279190063,4.423323154449463
4.473,was,-1.758929133415222,3.691447734832764,5.167836189270020
4.474,lost,-8.163846969604492,3.081516742706299,5.002525329589844
4.475,to,-3.003629446029663,3.872299671173096,5.453880786895752
4.476,"sight ,",-14.130717992782593,7.483448982238770,10.458283424377441
4.477,and,-1.787830114364624,5.186334133148193,5.510774612426758
4.478,then,-3.285151004791260,5.106342315673828,5.294082641601562
4.479,folding,-12.367111206054688,5.457614421844482,5.983421325683594
4.480,his,-1.855301380157471,5.351387977600098,6.658454895019531
4.481,wings,-6.808781147003174,7.918513298034668,10.235930442810060
4.482,"together ,",-7.823419094085693,9.484380245208740,10.483787536621092
4.483,he,-2.556276559829712,4.512866973876953,4.863839626312256
4.484,sank,-8.200637578964232,8.523585557937622,10.498071670532227
4.485,to,-2.564702272415161,4.807522773742676,6.234707832336426
4.486,earth,-7.885969161987305,4.207163333892821,5.479936599731445
4.487,crying,-12.666572339832785,7.621898174285889,10.934343338012695
4.488,"shrilly ,",-23.877497911453247,13.946969032287598,17.515904903411865
4.489,`` I,-4.257107250203262,16.075398683547974,19.706879615783691
4.490,am,-3.535061001777649,8.256784915924072,9.112329959869383
4.491,"king ,",-10.436421155929565,11.248902797698975,12.315148830413818
4.492,I,-2.119734764099121,3.154612302780152,3.494123220443726
4.493,am,-1.741705119609833,6.546057939529419,7.113063812255858
4.494,king ! '',-24.643437159713358,27.808844566345215,30.391124248504639
4.495,The,-1.715715885162354,0.000000000000000,0.000000000000000
4.496,eagle,-12.862798690795898,6.266914129257202,10.940448284149170
4.497,tricked,-12.803718000650404,6.023524045944214,10.243557453155518
4.498,by,-4.580770969390869,4.695996761322021,5.943621635437013
4.499,the,-2.193773508071899,5.074894428253174,5.907272338867188
4.500,little,-7.410528182983398,4.004706859588623,5.931200981140138
4.501,bird,-5.834070444107057,7.012595415115356,9.619645595550537
4.502,had,-4.849378585815430,5.386543750762940,6.159205913543701
4.503,not,-5.371506214141847,4.487195968627930,5.989906787872314
4.504,sensed,-11.099758445750920,8.225048065185549,11.984941005706787
4.505,the,-1.193927168846130,5.953160762786865,6.487197399139403
4.506,bird,-5.904524803161621,7.028305053710938,9.058088302612305
4.507,in,-3.625061988830566,4.072980403900146,5.177312850952148
4.508,his,-2.924541711807251,4.520857810974121,6.022027492523192
4.509,feathers,-9.454315185546877,3.174248695373535,4.339648246765137
4.510,and,-2.732295513153076,4.060299873352052,4.739785194396973
4.511,so,-5.786063671112061,2.973205566406250,3.534216880798340
4.512,had,-4.127979278564453,4.012372016906738,4.364962100982666
4.513,not,-4.633300304412842,4.285510063171387,5.270416259765625
4.514,at,-6.625084877014160,3.525286912918091,4.591775894165039
4.515,all,-0.538967788219452,4.381304264068604,5.126520156860352
4.516,expected,-9.297464370727539,3.814328193664551,4.372467041015625
4.517,the,-2.016477108001709,5.562217235565186,6.053370475769043
4.518,bird,-4.776683688163756,6.814109563827515,8.520856380462646
4.519,to,-0.307744294404984,5.851092815399170,6.235228061676025
4.520,come,-3.739366292953491,4.830766201019287,6.327875137329102
4.521,flying,-9.146345734596252,8.306697607040405,10.418146133422852
4.522,out,-5.009906291961670,4.610138416290283,5.648995876312256
4.523,like,-5.586077690124512,4.891628265380858,5.355709075927733
4.524,that .,-5.457546100020409,13.476350307464600,16.059069156646729
4.525,The,-1.715715885162354,0.000000000000000,0.000000000000000
4.526,birds,-11.620926856994627,5.737066984176637,10.591491699218750
4.527,back,-9.046471595764160,4.083302497863770,6.003345489501952
4.528,on,-5.062928199768066,4.050742149353026,5.206826686859131
4.529,earth,-5.711668491363525,4.272639274597168,5.678041458129883
4.530,were,-2.120271444320679,5.063826560974121,5.859650135040282
4.531,all,-4.854088306427002,4.736605644226074,6.336456775665282
4.532,up,-6.539872169494629,3.513323307037353,5.711145877838135
4.533,in,-2.456182956695557,3.825114250183105,4.651170730590820
4.534,arms .,-8.254457585513592,8.748165845870972,13.302966356277466
4.535,"`` You ,",-13.639494925348117,13.058499097824097,20.341488838195801
4.536,and,-5.094696044921875,4.334256172180177,4.855875015258789
4.537,not,-4.036829471588135,4.171070098876953,5.315010070800781
4.538,the,-1.945632219314575,4.406294345855713,5.695917129516602
4.539,"eagle ,",-12.504319548606873,13.199350357055664,13.848402976989748
4.540,our,-8.883792877197266,5.035198211669922,5.286042213439941
4.541,king ? '',-26.391275400761515,29.045828104019165,32.782835960388184
4.542,the,-9.057090759277344,0.000000000000000,0.000000000000000
4.543,birds,-10.993170022964478,5.300072193145752,9.994846343994141
4.544,"cried ,",-12.995000027120115,12.513996124267578,17.050535440444946
4.545,fuming,-15.614487648010256,8.006210803985597,9.413116455078123
4.546,with,-5.126654624938965,5.431511878967285,5.817209243774414
4.547,anger .,-8.402060464024544,16.413316726684570,19.962624073028564
4.548,`` You,-6.388669997064426,9.545599699020386,15.234826564788820
4.549,have,-2.187604904174805,3.606162548065186,4.861406803131104
4.550,done,-8.739534378051758,3.984705924987793,4.969163417816162
4.551,this,-3.479668617248535,4.928693294525146,4.951165199279785
4.552,by,-2.690026521682740,5.214646339416504,5.682291507720947
4.553,breaking,-6.805451273918152,7.941497564315796,10.264801025390623
4.554,every,-4.639276027679443,4.484364509582520,5.923166751861572
4.555,rule,-6.001168251037598,4.095462322235107,5.085328102111816
4.556,in,-2.450998306274414,3.272611141204834,3.843580245971680
4.557,the,-0.710229516029358,3.657652854919434,4.676848888397217
4.558,"book ,",-5.721569538116455,9.126398563385010,10.013735294342041
4.559,so,-5.250280380249023,4.609240531921387,5.220598220825195
4.560,we,-3.137840270996094,5.093278408050537,5.240251541137695
4.561,will,-3.417732715606689,5.293844223022461,5.546530246734619
4.562,not,-2.962553977966309,5.630464076995850,5.935434341430664
4.563,have,-2.366299867630005,5.305037975311278,5.239977836608887
4.564,"you ,",-10.406503200531006,10.082409858703613,11.033086776733398
4.565,who,-8.573177337646483,5.446937561035156,5.286676883697510
4.566,are,-2.463888645172119,5.387822628021240,5.443415164947510
4.567,simply,-7.299542903900146,5.325159549713135,5.840648174285889
4.568,tricky,-11.363591670989990,8.537281513214111,10.500557899475098
4.569,and,-2.123945713043213,5.000844955444336,5.281584262847900
4.570,"cunning ,",-12.627326250076294,16.603447198867798,18.773156404495239
4.571,to,-2.405453920364380,6.021720886230469,6.161968708038330
4.572,reign,-11.986188411712645,8.526740550994871,10.190330028533936
4.573,over,-4.486876487731934,5.757194995880128,5.888761997222900
4.574,us . '',-24.105145865665694,29.792552471160889,32.422255754470825
4.575,The,-1.715715885162354,0.000000000000000,0.000000000000000
4.576,bird,-11.649914741516113,5.775708198547362,10.311106681823730
4.577,without,-9.199897050857542,7.046003818511963,9.216820716857910
4.578,a,-1.550649881362915,5.254170894622803,5.942371368408202
4.579,name,-6.550107955932617,4.179954051971436,5.962203025817871
4.580,then,-8.247715950012207,5.607658863067627,6.170560836791992
4.581,decided,-8.932058334350586,4.512886047363281,6.121922969818115
4.582,to,-0.460422575473785,5.784648418426514,6.191948413848878
4.583,clear,-8.648394584655763,4.596764564514160,6.059803009033202
4.584,the,-0.937997817993164,5.226817131042480,5.887991905212402
4.585,air,-3.173967361450196,3.360238313674927,5.033499240875244
4.586,and,-2.051169633865356,6.095832824707031,6.348278522491455
4.587,"said ,",-8.284291148185730,10.715545177459717,12.583335876464844
4.588,`` Then,-7.429037727648392,18.575231075286865,20.117501735687256
4.589,let,-5.101582050323486,4.727464199066162,5.267205715179443
4.590,everyone,-7.513859748840332,10.046601772308350,11.623964786529539
4.591,start,-4.412549972534180,4.916338443756104,5.215808391571045
4.592,with,-3.550861358642578,4.873332023620605,5.145726203918457
4.593,a,-1.273827075958252,5.644640922546388,5.838255882263184
4.594,clean,-6.862241744995117,5.207092285156250,6.386433601379395
4.595,slate,-6.962938308715820,4.740272998809815,5.071140766143799
4.596,and,-3.021018981933594,4.866192340850830,4.980923652648926
4.597,perform,-9.491640090942383,4.256151676177979,4.538683891296387
4.598,a,-2.178948879241944,5.340490818023682,5.576265811920166
4.599,new,-6.036151885986327,5.894839763641357,6.381015300750732
4.600,challenging,-11.919910582248123,7.877878189086914,10.682120800018311
4.601,task .,-2.601445239037275,13.477288246154785,14.689192771911621
4.602,Then,-6.427267551422119,0.000000000000000,0.000000000000000
4.603,we,-4.251592636108398,5.935618877410889,5.916244506835938
4.604,can,-3.788064241409302,3.836060047149658,5.998589515686035
4.605,decide,-6.142633438110352,3.827533721923828,6.079937458038330
4.606,who,-3.112622976303101,4.193537712097168,4.317587375640868
4.607,should,-3.252108097076416,4.576045036315918,5.039716720581055
4.608,be,-1.277426838874817,4.040933132171632,5.129383563995361
4.609,the,-2.205840826034546,4.152948379516602,5.490082263946533
4.610,real,-4.612046241760254,3.914551973342896,5.911656856536865
4.611,king . '',-23.353035763531807,27.797439813613892,34.690301418304443
4.612,Then,-6.427267551422119,0.000000000000000,0.000000000000000
4.613,the,-2.401969432830811,3.071871280670166,4.301430702209474
4.614,birds,-8.798274517059326,5.894211530685425,8.826788425445557
4.615,gathered,-6.329306215047836,7.076294183731079,10.234198093414307
4.616,together,-5.743818283081055,3.820903778076172,5.396899223327637
4.617,again,-4.698933601379395,3.478958606719971,4.832465648651123
4.618,and,-2.071074724197388,5.017154693603517,5.506707668304443
4.619,decided,-8.277522087097168,4.951954841613770,6.454269886016847
4.620,the,-3.254366397857666,5.520293712615967,6.151585578918457
4.621,case,-7.599736213684082,3.339837312698364,4.441506862640381
4.622,would,-2.652533531188965,4.385855197906493,5.064332962036133
4.623,be,-1.010704994201660,3.794190168380737,5.163755416870117
4.624,resolved,-4.369609709712677,7.825299263000487,10.569620132446287
4.625,by,-3.480994939804077,5.896691799163817,6.026934623718263
4.626,making,-6.388279914855957,5.540945529937744,6.156567096710205
4.627,a,-1.670401573181152,4.852166652679443,6.234040737152100
4.628,new,-4.330810070037842,5.097356319427490,6.184227466583253
4.629,"condition ,",-12.730285406112673,9.893114566802979,11.389305114746094
4.630,which,-2.604514837265014,5.497439384460449,5.591008663177490
4.631,was,-3.093902111053467,5.776518821716309,6.308054924011231
4.632,that,-5.981236457824707,5.279949188232422,5.302510738372803
4.633,he,-4.569803714752197,5.235029697418213,5.938768863677979
4.634,should,-4.595706939697267,5.584460258483887,5.925449848175049
4.635,be,-1.463719129562378,5.192431449890137,6.101847171783447
4.636,king,-10.546238064765930,8.623351097106934,10.027184486389160
4.637,who,-8.044289588928223,5.695183753967285,6.017384529113770
4.638,could,-2.842976570129395,6.057427883148192,6.193120479583740
4.639,go,-5.132369041442871,4.982419967651367,6.335094928741455
4.640,the,-4.473873615264893,4.236810684204102,5.618132114410400
4.641,deepest,-10.498874664306641,4.839970588684082,5.951902866363525
4.642,into,-6.444248199462892,4.665502548217773,5.186278820037842
4.643,the,-0.953512310981750,4.586922645568848,5.474366664886475
4.644,earth .,-4.797735631465912,14.397213935852049,16.494874477386475
4.645,So,-5.562164306640625,0.000000000000000,0.000000000000000
4.646,the,-2.501402616500854,3.727889060974121,4.529782772064209
4.647,little,-7.452210903167725,2.916108369827271,4.880074501037598
4.648,bird,-7.435034394264221,5.229722023010254,9.065289974212646
4.649,who,-4.576615333557129,3.570626258850098,6.261605262756348
4.650,the,-7.574488162994385,4.868985652923584,5.404145717620850
4.651,other,-5.406789779663086,4.972095966339111,5.921379566192628
4.652,birds,-6.962525844573975,8.594631910324098,10.783225536346436
4.653,despised,-14.033507943153381,13.725469112396240,15.291055679321287
4.654,was,-1.871540069580078,5.374539375305176,6.091892719268799
4.655,now,-5.907493114471436,4.776997089385986,5.481137752532959
4.656,back,-5.846059799194336,4.407335758209229,6.261100292205811
4.657,to,-2.273026227951050,5.212919712066650,5.937726020812987
4.658,square,-9.423609972000124,7.396943330764770,10.695157051086426
4.659,one .,-1.199131757020950,11.767707109451294,15.768535614013672
4.660,"Confident ,",-16.639088779687878,8.952324151992798,15.282002925872803
4.661,he,-2.249181032180786,4.417834758758545,5.111591339111328
4.662,"remained ,",-13.152263164520264,7.529922008514404,10.220070362091064
4.663,"however ,",-4.625693493988365,12.575403928756712,15.725986480712892
4.664,that,-5.845601081848145,4.975807666778564,5.417017459869385
4.665,if,-5.724710941314697,4.486352920532227,5.415303230285645
4.666,he,-1.701425671577454,4.878610610961914,5.782808303833008
4.667,played,-7.688334465026855,4.725682735443115,6.167302608489990
4.668,his,-3.509637832641602,4.849602222442627,6.015198230743407
4.669,cards,-4.796016454696655,8.675718784332275,10.212200641632080
4.670,"right ,",-5.632220923900604,10.662899971008301,11.388315677642822
4.671,he,-0.824383258819580,4.343598842620850,5.038355827331543
4.672,could,-1.803093433380127,6.082757949829102,6.387592792510986
4.673,be,-2.042089462280273,5.856209754943848,6.379192352294923
4.674,king .,-10.842216096818445,18.141658782958984,21.497723579406738
4.675,How,-5.280795097351074,0.000000000000000,0.000000000000000
4.676,the,-5.720601081848145,2.227680921554565,4.299030780792236
4.677,goose,-11.788452148437500,4.106505393981934,8.489659786224365
4.678,wallowed,-17.648795127868652,5.092637777328491,9.299676895141602
4.679,in,-2.408361673355103,3.008071899414062,4.952844142913818
4.680,the,-0.982085585594177,3.322814464569092,5.227192878723145
4.681,"sand ,",-8.520634412765503,13.454709291458130,19.277452230453491
4.682,and,-3.165056705474853,5.387122154235840,6.638423919677733
4.683,the,-1.522920131683350,4.823745727539063,5.655944347381593
4.684,duck,-6.574724435806274,7.206695079803468,9.895355224609377
4.685,strove,-13.392607927322388,9.916783928871157,13.102563142776489
4.686,to,-3.686846733093262,4.921635150909424,6.472233295440674
4.687,dig,-10.751092910766602,3.738559246063232,5.391173362731934
4.688,a,-3.563097238540649,4.681989669799805,6.253534793853760
4.689,hole,-3.821584105491638,7.365383148193358,9.772235870361328
4.690,for,-5.115591526031494,6.079393386840820,6.770586490631104
4.691,the,-1.453504800796509,5.464272975921631,6.238613605499268
4.692,new,-5.625657081604004,5.269179344177246,6.116165637969972
4.693,task !,-16.324123859405518,13.001677513122559,15.162222385406494
4.694,All,-6.122260570526122,0.000000000000000,0.000000000000000
4.695,the,-1.948516130447388,1.997065186500549,4.585620880126953
4.696,other,-3.858397960662842,2.565847396850586,4.961820125579834
4.697,birds,-10.557782411575316,6.017434120178223,10.446652173995973
4.698,tried,-9.309402465820312,4.951858043670653,6.483935356140138
4.699,to,-0.639368355274200,4.245394706726073,5.374255180358887
4.700,hide,-5.045010089874268,3.769076108932495,4.893687248229980
4.701,themselves,-4.310198783874512,4.449477195739746,5.649553775787354
4.702,in,-1.909526228904724,3.454023361206055,4.923635005950928
4.703,the,-0.810595750808716,3.745532989501953,5.154546737670898
4.704,"ground ,",-5.349966287612915,9.273753643035889,10.873099803924561
4.705,"too ,",-6.930306911468506,8.580898284912109,10.846624851226807
4.706,until,-5.308810234069824,4.937673568725586,5.545298099517822
4.707,they,-1.135241031646728,5.043625354766847,5.594696998596191
4.708,were,-1.779548406600952,4.704435348510742,6.074017047882080
4.709,practically,-8.672568276524544,7.283734321594237,11.630162715911865
4.710,blue,-9.457091331481934,3.779236555099487,5.470807552337647
4.711,in,-4.191816329956056,4.286376476287842,4.941718101501465
4.712,the,-0.654900908470154,3.890500783920288,4.885305404663086
4.713,face .,-7.020671328529716,11.487704753875732,14.972869873046875
4.714,The,-1.715715885162354,0.000000000000000,0.000000000000000
4.715,nameless,-14.920687675476074,6.286077737808228,10.958960533142090
4.716,little,-5.404435634613037,2.672307491302490,4.517531394958496
4.717,bird,-7.178401947021483,5.284911632537842,9.239241123199463
4.718,that,-3.982712745666504,3.377646923065185,5.384377002716064
4.719,was,-3.844745874404907,5.096854209899902,6.282443523406982
4.720,as,-7.182277679443358,5.569181442260742,6.464789390563965
4.721,bold,-7.414222240447997,3.820887804031372,5.605484008789063
4.722,as,-0.553029716014862,5.587701320648193,6.358099937438965
4.723,brass,-11.286473274230955,3.972568035125733,5.953595161437987
4.724,found,-8.928184509277344,3.790615081787109,5.686284065246582
4.725,a,-3.117342233657837,5.351794242858887,6.396766185760497
4.726,pitch,-9.462045669555664,3.620289802551270,5.608296394348145
4.727,dark,-11.098116874694824,4.353620052337647,6.423584461212157
4.728,mouse 's,-19.692440256476402,22.270983457565308,29.167522430419929
4.729,"hole ,",-11.689999103546144,13.313361883163452,15.957533359527590
4.730,and,-1.672398805618286,5.627754211425781,5.933079242706299
4.731,creeping,-12.865120887756348,5.422184467315674,5.983477592468263
4.732,in,-2.915404319763184,5.041360378265381,5.803678512573242
4.733,"cried ,",-18.896817922592160,14.868318617343904,18.295630693435669
4.734,`` I,-3.584493547366947,18.305963039398193,21.267600536346436
4.735,am,-3.605268597602844,9.617972373962402,10.336198806762695
4.736,"king ,",-10.074372291564941,12.625368595123291,13.721744298934937
4.737,I,-3.251280307769775,3.675142288208008,4.002842903137207
4.738,am,-2.077400624752045,7.534657478332519,8.240284442901611
4.739,king ! '',-25.122687258291990,30.796418905258179,33.605354785919189
4.740,but,-12.242485046386721,0.000000000000000,0.000000000000000
4.741,it,-4.883246421813965,4.023485660552979,6.680914878845215
4.742,was,-2.441205501556396,3.787104845046997,6.007070064544678
4.743,of,-7.470969200134277,3.494204998016357,5.516649723052979
4.744,no,-1.974955677986145,2.468687057495117,5.260199069976807
4.745,avail .,-6.421480936929583,10.700419187545776,14.417273998260498
4.746,"`` You ,",-13.639494925348117,13.058499097824097,20.341488838195801
4.747,our,-6.280655384063722,4.573843479156494,5.921546936035156
4.748,king ? '',-27.582167083164677,27.557192564010620,32.040377140045166
4.749,all,-11.501943588256836,0.000000000000000,0.000000000000000
4.750,the,-1.893981099128723,1.932821750640869,4.610960006713867
4.751,remaining,-6.231654800474644,4.386321663856506,8.410732746124268
4.752,birds,-9.731738805770872,5.856883287429810,10.465159893035887
4.753,who,-6.816549777984619,3.786434412002564,5.743681907653809
4.754,the,-7.058114051818848,4.140904426574707,4.685678005218506
4.755,littlest,-14.461343005299568,11.042495489120483,17.033554553985596
4.756,bird,-6.306884527206421,6.563971042633058,10.274691104888916
4.757,had,-2.860598564147949,5.141505241394043,5.903289318084718
4.758,outwitted,-16.363936241716143,12.708920478820801,16.824329376220707
4.759,cried,-14.767992734909058,9.959229946136476,12.899022102355955
4.760,"again ,",-8.316260337829590,9.564728736877441,11.107106685638426
4.761,even,-5.337301254272461,5.494975090026856,6.277004241943358
4.762,more,-5.506269931793213,6.260252475738525,6.597122192382812
4.763,angrily,-10.204934960929677,10.509758949279783,12.875018119812012
4.764,than,-0.691730022430420,5.515589237213135,5.775607109069824
4.765,before .,-5.110192392021418,13.120702266693115,15.372307300567627
4.766,`` Do,-8.993041067926242,8.189069509506226,14.484708786010744
4.767,you,-1.495956778526306,3.777588129043579,5.517088890075684
4.768,think,-1.364211559295654,4.406161308288574,6.066779136657715
4.769,we,-2.786797285079956,4.079194068908691,5.084930419921875
4.770,would,-4.310637950897217,4.678862094879150,5.205507278442383
4.771,reward,-10.352838516235352,4.648410320281982,5.538937091827393
4.772,your,-3.664138317108153,5.004474639892578,6.532707214355469
4.773,cunning,-16.261009216308597,10.276223421096804,13.961727857589722
4.774,in,-5.282963752746582,4.672662734985352,5.444329261779785
4.775,this,-2.614530563354492,5.152278423309326,5.850259780883789
4.776,way ?,-3.227306584361941,11.564292669296265,12.512238264083862
4.777,"No ,",-9.441877841949463,2.740684270858765,5.125634670257568
4.778,no !,-7.264904379844666,8.658099889755249,12.714147329330444
4.779,You,-6.629871845245361,0.000000000000000,0.000000000000000
4.780,shall,-7.998285293579102,2.734306097030640,4.342323780059815
4.781,stay,-7.312498092651367,2.205074310302734,5.659075260162354
4.782,in,-1.450940966606140,2.889085531234741,4.641098499298097
4.783,the,-1.324935078620911,3.373214721679688,4.865154266357422
4.784,earth,-9.507687568664551,4.392037391662599,6.224141597747803
4.785,till,-6.858922839164734,8.472956418991089,10.330522537231444
4.786,you,-0.730731308460236,5.097835540771483,6.113743782043457
4.787,die,-4.623272299766541,8.498903274536133,10.689129829406738
4.788,of,-4.106779575347900,4.721126556396483,6.081818580627441
4.789,hunger ! '',-22.977741375099868,24.865332126617432,30.556264877319336
4.790,So,-5.562164306640625,0.000000000000000,0.000000000000000
4.791,they,-4.066954612731934,5.611862659454347,6.367045402526856
4.792,shut,-8.846053123474121,3.803089141845703,6.220865249633789
4.793,up,-2.174229621887207,3.698581695556641,6.021105766296388
4.794,the,-1.476351976394653,4.637890815734863,5.723018646240233
4.795,little,-8.310789108276367,2.969335794448853,5.482550621032715
4.796,bird,-7.934608578681946,6.293932676315308,10.013749122619627
4.797,in,-2.914038181304932,4.083574771881104,5.341087818145752
4.798,the,-1.118147015571594,3.931071519851685,5.175651550292969
4.799,mouse 's,-11.578118640056346,19.893632769584652,28.955246686935425
4.800,hole,-7.336592793464661,7.004222631454468,9.335720062255859
4.801,that,-5.539418697357178,5.078773021697998,5.345171928405762
4.802,the,-1.768564343452454,5.550541400909424,5.844166278839111
4.803,mouse,-6.496037498116492,9.079668521881104,12.518149852752686
4.804,gave,-5.274401187896729,5.630853652954102,5.985615253448486
4.805,up,-2.457497119903564,5.168249130249023,5.285470008850098
4.806,most,-6.019545555114746,5.786269187927246,6.042878627777100
4.807,"unwillingly ,",-21.357181131839749,15.480198860168457,17.071235179901123
4.808,and,-1.608400344848633,4.974971771240233,4.799554824829102
4.809,bade,-14.498230934143065,9.377565860748293,9.547468662261963
4.810,the,-0.857804715633392,5.985382080078125,6.272241115570067
4.811,owl,-9.858643889427183,7.582622051239014,9.509242773056028
4.812,watch,-11.557687759399414,3.604670286178589,4.775276660919189
4.813,him,-9.791408538818359,5.214898586273193,6.395505428314209
4.814,carefully,-7.987080574035645,4.773681640625000,5.843220710754395
4.815,night,-12.959673881530762,3.714858770370483,5.038856983184815
4.816,and,-3.298624992370605,4.535233020782472,5.526669025421143
4.817,day .,-3.996234901249409,15.121644496917725,18.742397308349609
4.818,Then,-6.427267551422119,0.000000000000000,0.000000000000000
4.819,all,-6.542758941650392,2.809989929199219,5.264498710632324
4.820,the,-1.327190518379211,2.484643697738647,3.961947679519653
4.821,birds,-8.173447012901306,5.340507745742798,8.636014461517334
4.822,went,-4.417573809623717,7.042660474777223,10.185981750488279
4.823,home,-4.438145160675049,4.299808979034424,5.644224643707275
4.824,to,-2.145694255828857,4.388823032379150,6.086588382720947
4.825,"bed ,",-8.855066895484924,13.331857681274414,15.652395725250244
4.826,for,-5.353543758392334,4.295842170715332,6.003877639770508
4.827,they,-5.441348075866699,4.775126457214356,5.281006813049316
4.828,were,-1.414901614189148,4.996738910675049,5.621930122375488
4.829,very,-6.332827568054199,5.140354156494142,6.097083568572997
4.830,"tired ,",-7.987003087997437,8.874598503112793,10.973044395446777
4.831,but,-3.096799612045288,4.858486175537108,5.261266708374023
4.832,the,-1.917721748352051,5.165712356567383,5.912046909332275
4.833,owl,-10.373476147651672,7.363901853561401,9.131047248840332
4.834,assigned,-12.151159286499025,4.810647010803223,5.753211975097656
4.835,by,-4.244876861572267,4.958707332611084,5.517894744873047
4.836,the,-0.780811607837677,4.788185596466064,5.831824779510497
4.837,birds,-6.648745536804199,7.753135442733765,9.511194229125977
4.838,to,-3.065465211868286,5.645683765411378,6.126081466674805
4.839,stand,-5.958238601684570,5.312263011932373,5.892704010009767
4.840,guard,-8.363209724426270,4.848173141479492,5.464575767517090
4.841,found,-9.422763824462891,5.328347206115723,6.092483043670653
4.842,his,-5.451162338256836,6.080121517181396,6.644502639770508
4.843,job,-7.620043754577638,5.477379322052002,6.392024993896483
4.844,was,-4.607431411743164,5.060912609100342,5.672919750213622
4.845,lonely,-9.662667274475098,4.999219894409180,5.955381870269775
4.846,and,-1.798762321472168,4.032718181610107,4.308105945587158
4.847,wearisome,-11.792061880230904,8.719764232635496,11.026950359344482
4.848,because,-6.074876029859297,9.221363067626953,11.098286628723145
4.849,he,-1.377732276916504,5.176855087280273,5.842581748962402
4.850,was,-1.333505272865295,5.344240188598633,5.828693866729736
4.851,just,-4.692081451416017,5.010215759277344,6.323876380920410
4.852,sitting,-4.403730392456055,5.715167999267577,6.624675273895264
4.853,alone,-5.784259796142577,4.953056335449219,5.888086318969727
4.854,staring,-10.907789334654806,12.458864927291870,15.739743232727051
4.855,at,-0.663778007030487,4.526494979858398,5.100159168243408
4.856,the,-0.985519051551819,4.935324192047119,5.893977642059326
4.857,mouse 's,-10.894122468365822,22.204511880874634,29.003896713256836
4.858,hole .,-8.139877207577229,15.630627870559692,19.124945163726807
4.859,`` I,-4.743439703790500,9.741308927536011,15.426395416259767
4.860,can,-3.487195730209351,3.595556974411011,5.172085285186768
4.861,close,-9.920396804809570,3.697723627090454,5.129350185394287
4.862,one,-4.534068107604980,4.413662433624268,5.987967491149902
4.863,eye,-6.614268302917480,4.122130870819092,5.562297344207764
4.864,and,-1.437943220138550,5.091042041778564,5.733768463134767
4.865,watch,-5.591764926910400,5.024782657623291,5.444619178771973
4.866,with,-5.524194240570068,5.605054855346680,5.983142375946045
4.867,the,-1.903261184692383,4.784362792968750,5.604610443115233
4.868,"other , ''",-19.054048389196396,23.653461933135986,26.570626258850098
4.869,he,-2.130440711975098,4.726121425628662,5.118522644042969
4.870,thought .,-9.540231939405205,12.570613622665405,15.217379570007324
4.871,So,-5.562164306640625,0.000000000000000,0.000000000000000
4.872,he,-3.672598600387573,6.014409065246582,5.394229888916017
4.873,closed,-7.626110553741455,3.753577947616577,6.166300296783447
4.874,one,-4.895683288574219,3.783857107162476,6.164327621459961
4.875,eye,-8.786329269409180,2.173898935317993,4.681101322174072
4.876,and,-2.332146883010864,5.339900016784668,5.584428310394287
4.877,stared,-7.605261255055666,11.150201320648193,14.659723043441772
4.878,steadfastly,-14.219797006226143,7.070381879806519,11.138551235198976
4.879,with,-5.468870162963867,5.579303741455078,6.209345817565918
4.880,the,-1.471118092536926,5.676174163818358,6.326047897338867
4.881,"other ,",-6.356487751007079,10.564223766326904,11.965867519378662
4.882,but,-3.941350460052490,5.161527633666992,5.528325557708740
4.883,before,-6.674547195434570,5.629401683807373,6.338957309722900
4.884,he,-1.918395638465881,4.771419525146483,6.010873794555664
4.885,knew,-5.142830848693848,5.057328224182129,6.003627300262451
4.886,it,-2.487136840820312,4.601869583129883,5.282550334930420
4.887,he,-4.171807765960693,4.143363475799561,4.660904407501222
4.888,forgot,-7.476238727569580,4.996687412261963,5.269255638122559
4.889,to,-1.028341054916382,5.858785152435303,6.467204570770264
4.890,keep,-5.321087837219238,5.863353729248048,6.279040336608888
4.891,that,-5.714630126953125,4.897109031677246,6.086309909820558
4.892,one,-3.799910068511963,4.971059799194336,6.141676902770996
4.893,"open ,",-9.548181772232056,9.848832130432129,11.282463073730469
4.894,and,-1.230031132698059,5.633476734161378,5.825911045074463
4.895,both,-7.563429355621338,5.930282115936278,6.042211055755615
4.896,eyes,-7.251480102539062,5.204766273498535,5.740507602691650
4.897,were,-1.792173027992248,5.483845710754395,6.085267543792725
4.898,fast,-8.686270713806152,4.940240859985352,6.431154727935791
4.899,asleep .,-10.091981472447516,18.083073377609253,21.918941497802734
4.900,Then,-6.427267551422119,0.000000000000000,0.000000000000000
4.901,the,-2.401969432830811,3.071871280670166,4.301430702209474
4.902,little,-7.507175445556642,2.240748405456543,4.459360599517822
4.903,bird,-7.006720662117004,5.488846302032472,8.187948226928711
4.904,guarded,-13.853187084197998,6.525788545608521,8.456092834472656
4.905,by,-2.849271774291992,4.154483795166017,5.239430427551270
4.906,the,-0.985966324806213,4.766453742980957,5.691905021667480
4.907,owl,-10.438839077949524,6.931453227996826,8.864371776580811
4.908,peeped,-14.279226779937744,7.829949855804442,11.196938037872314
4.909,"out ,",-5.521940469741821,10.207794666290283,12.167158126831055
4.910,and,-1.363898515701294,5.427398204803467,5.934635639190674
4.911,when,-5.218136787414551,5.401758670806885,5.748043060302733
4.912,he,-2.222803592681885,4.681004524230957,5.858862876892090
4.913,saw,-3.612415552139282,4.306383132934569,5.166730880737305
4.914,the,-1.068100571632385,5.712217330932617,6.231171131134032
4.915,owl 's,-12.396120192017406,20.298551082611084,24.511233806610111
4.916,two,-7.067279815673827,5.872336387634277,6.663257122039795
4.917,eyes,-5.361855983734131,4.767828941345215,5.462100028991699
4.918,tight,-9.025646209716797,3.573268651962280,4.160366058349608
4.919,"shut ,",-10.634749293327332,7.884807348251343,8.621579408645630
4.920,he,-0.836804330348969,4.865165233612061,5.515567302703857
4.921,slipped,-7.106443830212811,7.408147096633911,10.227491855621338
4.922,from,-4.408513545989990,4.738549709320068,5.655781745910645
4.923,the,-0.678234696388245,5.406903743743896,6.504514217376709
4.924,hole,-5.459980189800263,7.088635683059692,9.082285404205322
4.925,and,-1.991329669952393,5.629178524017334,6.089449405670166
4.926,flew,-5.492388039827347,7.706014871597290,10.833980560302734
4.927,away .,-5.142104737460613,13.708761215209961,16.374794483184814
4.928,He,-3.647783756256104,0.000000000000000,0.000000000000000
4.929,wanted,-6.506873726844788,5.588415145874023,10.176610469818117
4.930,to,-0.514980673789978,4.477876663208008,5.856977939605713
4.931,"shout ,",-12.968993663787842,7.571746349334718,10.382547855377197
4.932,`` I,-2.421131042996421,15.693828821182251,20.449093341827393
4.933,am,-3.358011722564697,7.915634632110597,9.803357124328613
4.934,king '',-27.364227592945095,19.777946949005127,24.910953998565674
4.935,so,-8.891413688659668,4.269492626190186,4.900824546813965
4.936,that,-1.908411979675293,4.549686431884767,4.762768268585205
4.937,the,-3.132724285125732,4.610951423645020,5.102918624877930
4.938,owl,-12.409195542335510,8.236737251281737,9.281548261642458
4.939,could,-3.344801664352417,5.757992267608643,5.608053207397461
4.940,hear,-6.668620586395264,4.683005332946777,4.901842117309570
4.941,him,-2.642450809478760,5.964808940887451,6.269040107727051
4.942,as,-5.211006641387940,4.584920883178711,4.798003673553467
4.943,he,-1.986820697784424,5.427198410034180,6.083715915679933
4.944,"flew ,",-11.455542247742414,13.861620903015137,16.211467742919922
4.945,but,-2.667055130004883,4.823497295379639,5.128399372100830
4.946,thought,-9.435710906982422,4.677336215972900,4.933275222778320
4.947,better,-7.920857906341553,5.737216949462892,5.814871311187744
4.948,of,-4.562119007110597,4.937478542327881,5.063644409179688
4.949,it .,-3.110660523176193,14.232529640197757,14.831938743591309
4.950,From,-7.046504974365233,0.000000000000000,0.000000000000000
4.951,this,-3.620779275894165,2.494772434234619,5.093416690826416
4.952,time,-4.030027389526366,3.021448850631714,5.613626480102539
4.953,"on ,",-2.894165679812431,6.844045639038087,10.291769981384277
4.954,the,-1.370850443840027,3.700730562210083,4.639012336730957
4.955,owl,-13.127801418304445,7.932348251342773,10.836335182189940
4.956,fooled,-11.593900442123413,8.317505836486816,10.972513198852539
4.957,by,-4.397126197814941,4.452061653137207,6.288574218750000
4.958,the,-0.813138186931610,5.009167671203613,6.236046791076660
4.959,little,-6.602401733398438,4.065423488616943,6.344564914703369
4.960,bird,-6.369759678840637,7.292920112609862,10.160273551940918
4.961,has,-5.133933067321777,5.783903121948242,6.146003246307372
4.962,not,-5.006294250488281,4.746453285217285,6.157771587371826
4.963,dared,-9.562868118286133,3.677168846130371,5.896512031555176
4.964,to,-0.569961905479431,4.421647548675537,5.993868827819824
4.965,show,-5.578360080718994,4.204519748687743,5.325935840606689
4.966,himself,-6.314396858215332,8.002769708633423,10.658573150634766
4.967,by,-6.548935890197754,5.322764396667480,5.876231670379639
4.968,day,-8.883143782615662,6.919380187988281,10.079223632812500
4.969,for,-6.166868209838867,4.625535011291504,5.781744003295898
4.970,fear,-5.801098823547362,3.814699172973633,4.363834381103517
4.971,the,-4.740151405334473,5.660523891448975,5.864774703979492
4.972,birds,-5.033161640167236,6.210794448852539,7.871585607528687
4.973,should,-5.693117618560791,5.699377059936523,5.622867584228517
4.974,beat,-9.148151397705078,3.852343797683716,4.102470397949219
4.975,the,-2.377988815307617,5.855677604675293,6.387798309326173
4.976,living,-8.633271217346191,4.933925628662108,6.366957187652588
4.977,daylights,-13.220857083797455,7.726717233657838,9.607264995574953
4.978,out,-5.123341083526611,5.120383739471436,5.875423431396483
4.979,of,-0.398804694414139,4.555132389068604,5.050877571105957
4.980,him .,-4.345464970916511,12.269408941268921,15.158243656158447
4.981,He,-3.647783756256104,0.000000000000000,0.000000000000000
4.982,flies,-10.200803268584425,5.338718414306642,9.933189392089844
4.983,about,-4.100683689117432,2.516762733459473,4.679940700531006
4.984,only,-8.049836158752441,2.857202053070068,5.493572235107422
4.985,at,-6.027737140655518,3.409775733947754,5.142951965332031
4.986,"nighttime ,",-11.518748044967651,10.822777032852173,16.058334827423096
4.987,hating,-12.727960288524628,12.921377420425415,16.759540081024170
4.988,and,-3.465056180953979,5.682729244232178,5.894003868103027
4.989,pursuing,-7.665248363744467,8.053518533706665,10.978652000427246
4.990,not,-7.991671562194824,3.960044860839844,5.605319499969482
4.991,the,-4.169406414031982,5.100708484649658,6.644180297851562
4.992,"bird ,",-10.354598522186281,10.507916450500488,12.754506587982178
4.993,but,-0.299581974744797,3.960458755493164,3.895684003829956
4.994,the,-1.983193039894104,5.026638031005858,5.625833034515381
4.995,mouse,-7.380777060985565,8.393612027168274,11.669845819473267
4.996,for,-7.435716629028320,5.299510478973389,5.608623027801514
4.997,having,-7.019081592559815,8.850856065750124,10.088600158691406
4.998,made,-4.378036499023438,4.993968963623047,5.539306640625000
4.999,the,-1.913509011268616,5.465959072113037,6.133660316467285
4.1000,hole,-7.853838682174683,8.118246555328371,9.740078926086426
4.1001,into,-4.934945106506348,5.815493106842041,5.939663887023926
4.1002,which,-5.655330181121826,5.182057380676270,5.477083206176758
4.1003,the,-1.329733610153198,5.853799343109131,6.331352233886719
4.1004,little,-7.249239444732666,4.683716297149658,6.403094768524170
4.1005,bird,-4.066324353218079,8.054193973541260,10.069705009460449
4.1006,crept .,-11.652419025078416,16.485206842422485,21.175299644470215
4.1007,And,-4.322423458099365,0.000000000000000,0.000000000000000
4.1008,the,-2.164876937866211,3.179056406021118,4.645967483520508
4.1009,little,-7.865166664123535,3.141921281814575,5.292032241821289
4.1010,bird,-7.535108685493469,5.711928606033325,9.037919998168944
4.1011,also,-6.894644737243652,4.691616058349608,6.413086414337157
4.1012,keeps,-5.646977424621582,4.732208251953125,5.683548450469972
4.1013,out,-4.907303810119629,4.565255641937256,5.822498321533202
4.1014,of,-1.858705401420593,3.655169963836670,5.856993675231934
4.1015,"sight ,",-6.791763782501221,9.914160251617432,11.486197471618652
4.1016,for,-5.031648635864258,4.645833492279053,5.697029113769531
4.1017,he,-4.846090793609619,3.840637922286987,4.946169853210449
4.1018,fears,-6.142158508300781,4.904439926147461,5.400244235992432
4.1019,that,-1.731710910797119,4.611812114715576,4.816489696502686
4.1020,the,-1.562389612197876,5.122363090515137,5.136247158050537
4.1021,other,-5.394343852996826,5.593524932861328,5.750289916992188
4.1022,birds,-6.657380461692810,6.430448293685912,7.549196481704713
4.1023,should,-5.760013580322267,4.892681121826172,4.851955890655518
4.1024,punish,-10.311367988586426,4.637077808380127,5.054733276367188
4.1025,him,-1.045541524887085,4.659543037414551,5.105670928955078
4.1026,for,-1.533625364303589,5.180066585540772,5.175967216491699
4.1027,his,-2.336325645446777,5.801931381225586,6.128328323364258
4.1028,cunning .,-14.475463390350342,17.874935746192932,23.207465171813965
4.1029,The,-1.715715885162354,0.000000000000000,0.000000000000000
4.1030,rejection,-9.506845474243164,3.250002622604370,6.261556625366211
4.1031,by,-2.196171283721924,3.010761022567749,4.827579021453857
4.1032,the,-0.870005011558533,3.554119825363159,4.987093925476074
4.1033,other,-5.600733280181885,3.777474403381348,6.060965538024902
4.1034,birds,-13.007362604141235,5.867695331573486,8.444390296936035
4.1035,was,-2.255243778228760,4.791020393371582,6.215529918670653
4.1036,a,-1.968022465705872,5.126980304718018,5.835817337036133
4.1037,bitter,-5.965091705322267,4.095708370208740,5.670799255371094
4.1038,pill,-5.348569154739380,4.421207189559937,7.870416164398192
4.1039,to,-1.766537666320801,4.920102119445801,5.811513900756836
4.1040,swallow,-4.772740840911865,4.147975921630858,5.230998516082764
4.1041,for,-4.536009311676025,4.968522071838379,5.100152969360352
4.1042,the,-1.087641835212708,5.249269008636475,5.637482643127441
4.1043,nameless,-17.130520820617676,9.508394718170166,11.131452083587646
4.1044,bird,-6.011454224586487,7.509981155395508,10.210672378540039
4.1045,the,-6.367052555084229,4.877713203430176,5.209914684295653
4.1046,owl,-9.593992471694945,8.325732946395874,10.051094055175779
4.1047,had,-2.185588359832764,4.996718883514403,5.006891727447510
4.1048,let,-8.307422637939451,4.639231681823730,5.660400390625000
4.1049,slip,-6.957903385162354,4.114367485046387,5.199060916900635
4.1050,away .,-4.337533116340637,13.837456703186035,16.589029788970947
4.1051,He,-3.647783756256104,0.000000000000000,0.000000000000000
4.1052,hides,-11.892138248775153,4.982917785644531,9.432028770446776
4.1053,in,-3.234076261520386,2.329317808151245,4.108787536621094
4.1054,the,-1.451385259628296,3.001799821853638,4.828787326812744
4.1055,"hedges ,",-15.491591691970825,10.599839210510254,14.820446491241455
4.1056,and,-2.397977352142334,4.940525054931642,5.510043144226074
4.1057,when,-5.029231071472168,4.801414966583252,5.167012214660645
4.1058,he,-0.766534566879272,4.277387619018556,5.583515167236328
4.1059,thinks,-5.044382313266397,7.600224733352661,9.412187099456787
4.1060,himself,-6.837966959923506,8.565364837646483,11.082267761230467
4.1061,quite,-9.439756393432617,4.477076530456543,6.360476493835449
4.1062,"safe ,",-6.378493189811707,9.641817092895508,10.409961223602295
4.1063,he,-0.472058355808258,5.319103717803955,5.753617763519287
4.1064,sings,-8.084311485290527,4.636482238769531,5.442620277404785
4.1065,"out ,",-9.358767509460449,9.939074993133545,10.915356636047363
4.1066,`` I,-1.774811295763357,17.934200525283813,20.028187751770020
4.1067,am,-3.126677751541138,8.957507371902468,9.828361034393311
4.1068,"king ,",-11.203409433364866,12.186332225799561,13.743484258651733
4.1069,I,-1.914772748947144,3.227266073226929,3.650449514389038
4.1070,am,-1.555778861045837,6.869918346405028,7.639790773391724
4.1071,king ! '',-25.434516818495464,28.529522180557251,31.441058874130249
4.1072,And,-4.322423458099365,0.000000000000000,0.000000000000000
4.1073,the,-2.164876937866211,3.179056406021118,4.645967483520508
4.1074,other,-6.231460571289063,4.568424701690674,6.107207298278809
4.1075,birds,-10.031500339508057,7.753949642181396,10.074179887771605
4.1076,in,-3.206031799316406,3.676467895507813,5.133816242218018
4.1077,mockery,-16.071075439453125,8.222936630249022,11.723450660705565
4.1078,call,-9.047843933105467,4.645815849304199,5.917242527008058
4.1079,"out ,",-7.621085166931152,9.784167289733887,11.155353069305420
4.1080,"`` Yes ,",-8.392518103107705,20.428954839706421,24.436818122863770
4.1081,"yes ,",-4.909408271312714,8.591635227203369,9.777428150177002
4.1082,the,-3.778543949127197,4.719289779663086,5.204267024993896
4.1083,"hedge-king ,",-26.300622701644897,15.733626842498779,19.212279319763184
4.1084,the,-3.095269918441772,5.076238155364990,5.389841556549072
4.1085,hedge-king ! '',-38.762160693760961,35.068192720413208,40.637931585311890
5.1,At,-4.843098163604736,0.000000000000000,0.000000000000000
5.2,ten,-13.206665039062500,3.596084594726562,7.221820116043091
5.3,years,-3.291633129119873,2.593193531036377,5.453792095184326
5.4,"old ,",-2.504212200641632,8.426529169082643,13.971753835678099
5.5,I,-4.135213851928712,4.407169342041017,5.512011528015137
5.6,could,-4.272997379302979,5.026326179504395,6.480867862701416
5.7,not,-3.240785598754883,4.532784461975098,6.603407382965088
5.8,figure,-5.386045455932617,3.474959850311280,5.045048236846924
5.9,out,-0.430559992790222,4.507186412811278,5.334711551666260
5.10,what,-1.811381340026856,4.269104003906250,4.781684875488281
5.11,it,-4.259608745574951,3.501989603042603,5.368372917175293
5.12,was,-0.852699458599091,4.371796131134033,5.234460353851318
5.13,that,-4.631596565246582,3.777697324752808,4.433649063110352
5.14,this,-6.653100013732910,4.449750900268555,5.346043586730957
5.15,Elvis,-13.253486633300779,3.627508640289306,5.935602664947510
5.16,Presley,-0.233955815434456,4.751601696014403,6.377512931823730
5.17,guy,-8.572051048278809,5.066214561462402,6.079430580139160
5.18,had,-2.365213871002197,5.492406368255615,5.761976242065430
5.19,that,-7.287597656250000,4.750078678131104,6.037595748901367
5.20,the,-7.413734912872314,4.196051597595215,4.560333251953125
5.21,rest,-5.719212055206299,4.843207836151123,5.515205860137940
5.22,of,-0.042166989296675,4.173041343688965,4.538361549377441
5.23,us,-1.755974579602480,8.694053649902344,10.570244789123537
5.24,boys,-12.491481781005859,4.704211235046387,5.322643280029297
5.25,did,-3.588428497314453,5.385339260101318,5.579837799072267
5.26,not,-2.615689754486084,5.858731269836426,6.455542087554933
5.27,have .,-3.564493507146835,13.618188381195067,15.698804855346678
5.28,He,-3.647783756256104,0.000000000000000,0.000000000000000
5.29,seemed,-7.885252095526083,4.378195524215698,8.781971931457520
5.30,to,-0.643507361412048,3.068459272384644,5.357098102569580
5.31,be,-1.403790354728699,3.463649749755860,5.139464855194092
5.32,no,-6.823054313659668,3.016707420349121,5.768435001373291
5.33,different,-3.474595546722412,3.544288873672485,5.753676414489746
5.34,from,-0.555444180965424,4.327941417694092,5.527610778808594
5.35,the,-1.277746081352234,4.290655136108398,5.540826320648193
5.36,rest,-3.302000999450684,4.470327854156494,6.154620170593263
5.37,of,-0.032323267310858,3.291068315505981,4.584383487701416
5.38,us .,-2.144447591155767,14.084662675857544,20.335560321807861
5.39,He,-3.647783756256104,0.000000000000000,0.000000000000000
5.40,was,-3.157721042633057,2.748592138290405,5.379156589508057
5.41,simply,-7.666651248931885,2.186269760131836,5.126265048980713
5.42,a,-2.379431724548340,3.485360145568848,4.914478778839111
5.43,man,-3.266342163085937,5.371418833732605,9.203770875930788
5.44,who,-1.195206999778748,5.311735153198242,6.596676349639893
5.45,had,-2.206723690032959,5.081921100616455,5.731903076171875
5.46,a,-2.283871173858643,4.627050876617432,5.962125301361084
5.47,"head ,",-12.495398044586182,8.257201910018921,11.571502208709717
5.48,two,-5.479998111724854,4.238054275512694,5.081371307373047
5.49,arms,-6.220523834228517,3.899315357208252,5.804131507873535
5.50,and,-0.772353708744049,4.826472759246826,5.159721374511719
5.51,two,-2.634989500045776,4.666962623596191,5.380139350891113
5.52,legs .,-2.322565592825413,13.312426567077638,16.641607761383057
5.53,It,-3.835548400878906,0.000000000000000,0.000000000000000
5.54,must,-6.039062976837157,3.559737205505371,6.151655673980713
5.55,have,-2.823475122451782,3.283764600753784,4.999308109283447
5.56,been,-0.302135199308395,2.613435983657837,4.929431915283203
5.57,something,-5.740284919738770,3.487196922302246,5.787358760833740
5.58,pretty,-7.044424057006836,3.800311565399170,6.689735412597656
5.59,superlative,-13.447094649076462,10.099006175994873,15.949955463409426
5.60,that,-3.630045413970947,4.793826103210449,5.912485122680664
5.61,he,-4.462954998016357,5.109215259552002,5.967519283294678
5.62,had,-1.949542760848999,5.863887310028076,6.241406917572021
5.63,hidden,-10.481089591979980,4.630023956298828,6.123160362243652
5.64,"away ,",-7.986466646194458,10.309724330902100,12.347945213317871
5.65,because,-4.996893478557468,8.392115592956543,10.667956352233887
5.66,he,-1.128282308578491,5.191653251647949,5.709112644195558
5.67,had,-1.800612330436706,5.617996692657472,5.925710201263428
5.68,every,-5.670388221740723,4.518254280090332,6.256902694702148
5.69,young,-10.190274238586426,3.622550964355469,5.228064537048340
5.70,girl,-4.321290016174316,4.340215682983398,5.792638301849365
5.71,at,-4.284367561340332,3.682398319244385,4.726481914520264
5.72,the,-1.087577104568481,3.492019176483154,4.634433746337892
5.73,orphanage,-11.775941312313080,5.845666170120238,9.191538810729980
5.74,wrapped,-14.049388289451599,7.411559581756593,9.831156253814695
5.75,around,-4.047676563262940,4.956521511077881,5.337719917297363
5.76,his,-2.046659231185913,4.503910541534424,5.884619235992433
5.77,little,-7.075203418731689,3.813627481460571,5.733673095703125
5.78,finger .,-7.459066808223724,12.169986486434937,16.275907516479492
5.79,At,-4.843098163604736,0.000000000000000,0.000000000000000
5.80,about,-5.583992481231689,2.023374795913696,3.767453432083130
5.81,nine,-7.225011825561523,0.902985930442810,2.710245847702026
5.82,o'clock,-23.181077480316162,10.682309031486511,18.635324001312252
5.83,on,-7.943251609802246,3.410067796707153,5.418458461761475
5.84,Saturday,-3.318703651428223,1.960665822029114,4.113551616668701
5.85,"morning ,",-2.225762397050858,6.073188662528993,9.708340644836426
5.86,I,-3.872859239578247,5.109203815460205,6.068477153778076
5.87,figured,-7.009338157251477,8.396131515502930,9.259771347045898
5.88,a,-4.543395042419434,4.904333591461182,6.013933181762695
5.89,good,-4.510745048522949,4.708960056304932,6.571363449096680
5.90,solution,-7.820325374603271,3.518039464950561,4.199222564697267
5.91,was,-1.377661228179932,4.477530956268311,5.111781120300293
5.92,to,-2.496489524841309,5.403464794158936,6.196106433868407
5.93,ask,-5.396378040313722,4.354543685913087,4.428802967071533
5.94,Eugene,-9.969455497805029,6.401282072067262,10.717272758483887
5.95,"Correthers ,",-26.545273244380951,24.723287343978882,31.924242019653320
5.96,who,-2.584959506988525,6.292402744293213,6.692031383514403
5.97,was,-1.897084474563598,6.001543045043945,6.296095371246338
5.98,one,-4.363554954528809,5.788715362548827,6.047192573547362
5.99,of,-0.059710584580898,4.825122356414795,5.154108524322510
5.100,the,-0.649072349071503,5.567361354827881,5.900035858154298
5.101,older,-8.364259719848633,6.028029918670653,6.350326061248778
5.102,and,-4.728022575378418,5.389532566070557,5.763335227966309
5.103,smarter,-9.265680313110352,11.899579524993895,12.439561367034912
5.104,"boys ,",-6.037427902221680,10.974258422851562,12.274738311767580
5.105,what,-3.146630048751831,4.803813934326172,5.030107498168945
5.106,it,-4.022138595581056,4.859553813934326,6.085361480712892
5.107,was,-0.736525237560272,5.235982894897461,5.844909667968750
5.108,that,-4.277831077575684,5.003119468688965,5.180851936340332
5.109,made,-5.091253280639648,4.611605644226074,5.252096652984619
5.110,this,-5.341264724731445,5.708252429962157,6.303179740905763
5.111,Elvis,-12.374703407287598,3.997382164001465,5.943221092224121
5.112,guy,-10.688554763793944,3.831131696701050,5.390892028808594
5.113,so,-4.193400382995605,4.835787773132324,5.970398902893066
5.114,special .,-8.193817853927612,13.342710018157959,14.921226978302002
5.115,He,-3.647783756256104,0.000000000000000,0.000000000000000
5.116,told,-5.647184371948242,5.476390838623047,8.531284570693970
5.117,me,-3.071160554885864,3.309505939483643,5.401304721832275
5.118,that,-1.331290841102600,3.843179225921631,4.760565757751465
5.119,it,-3.564533710479736,4.378341197967528,5.793629646301270
5.120,was,-0.855107486248016,4.579671859741211,5.125898361206055
5.121,not,-3.403307676315308,3.969243764877319,5.340619087219238
5.122,anything,-7.739667892456055,4.245039463043213,5.531699657440186
5.123,about,-6.160919189453125,3.689897298812866,4.418317794799805
5.124,Elvis 's,-12.967064208583906,16.303064107894897,20.966578483581543
5.125,"personality ,",-7.473220944404602,9.338522434234619,10.109858036041260
5.126,but,-1.106367826461792,4.201071739196776,4.582973480224608
5.127,his,-4.106240272521974,5.882830142974854,6.096704483032227
5.128,wavy,-12.922904461622238,8.908382058143617,14.392789602279663
5.129,"hair ,",-6.930351257324219,8.973551273345947,10.871951103210449
5.130,and,-3.124048233032227,4.363111495971681,4.674088001251222
5.131,the,-2.339143276214600,6.259698867797852,6.353767395019531
5.132,way,-2.866443634033203,4.381372451782227,4.349140644073486
5.133,he,-1.080692529678345,5.200124263763428,6.271590709686278
5.134,moved,-6.168876554816961,9.604792118072510,10.128089904785156
5.135,his,-2.327282905578613,5.585401535034180,6.011838436126709
5.136,body .,-6.648267358541489,17.614857673645020,21.498306274414062
5.137,About,-6.425943851470947,0.000000000000000,0.000000000000000
5.138,a,-3.216386795043945,1.382512331008911,3.697132110595703
5.139,half,-2.883068561553955,2.537693738937378,4.667751789093018
5.140,an,-7.790302753448486,2.676478624343872,4.923797607421875
5.141,hour,-0.320286490023136,5.413195133209229,9.029073715209961
5.142,"later ,",-0.942756399512291,5.427204847335815,8.575478076934814
5.143,the,-1.544188857078552,3.160970449447632,4.405313968658447
5.144,boys,-7.923034667968750,4.110118865966797,5.401600837707520
5.145,in,-3.869048595428467,3.176525592803955,4.312998294830321
5.146,the,-0.822989106178284,3.126124382019043,4.613132953643799
5.147,orphanage,-13.187459826469420,6.575066566467285,10.422865390777588
5.148,called,-6.072202563285828,7.667260885238647,9.995641231536863
5.149,down,-6.162904739379883,4.480986595153809,5.548265933990479
5.150,to,-2.525384426116944,5.113423347473145,6.278186321258545
5.151,the,-1.493748664855957,4.572798252105713,5.402484416961670
5.152,main,-7.077989101409912,4.750744819641113,5.971039772033691
5.153,dining,-6.214925765991211,2.551804065704346,4.566088199615479
5.154,room,-0.144674327224493,6.943576335906982,9.143062114715576
5.155,by,-6.124429225921631,5.067912101745605,5.863801002502441
5.156,the,-1.385646820068359,4.582217216491699,5.085235595703125
5.157,matron,-12.378232836723328,7.316528320312500,9.461032390594482
5.158,were,-5.076964855194092,5.827203750610352,6.605521202087402
5.159,told,-3.635235190391541,9.392363309860231,11.125354766845703
5.160,that,-1.468715548515320,4.917482852935791,5.664719581604004
5.161,they,-1.537251353263855,4.321608543395996,5.677304267883301
5.162,were,-1.286518931388855,5.033288955688477,5.996151924133301
5.163,all,-5.188706874847412,5.266315460205078,6.312530517578125
5.164,going,-3.862757444381714,4.450376987457275,5.995042324066162
5.165,to,-0.312373191118240,5.017336368560791,6.389918327331543
5.166,downtown,-10.674051284790039,5.372333049774170,6.271821975708008
5.167,"Jacksonville ,",-12.447809100151062,8.242998123168947,9.319161415100098
5.168,Florida,-8.232521057128906,5.210173130035400,5.829920768737793
5.169,to,-5.885135173797607,4.939735412597656,6.094608306884767
5.170,get,-3.322035551071167,4.827246665954590,5.757575035095215
5.171,a,-1.916185617446900,5.736350536346436,6.210188388824463
5.172,new,-3.559412479400635,5.580753803253174,5.948248386383058
5.173,pair,-8.381498336791992,4.469541072845459,5.498330116271973
5.174,of,-0.131512492895126,5.448704719543457,5.787993431091309
5.175,Buster,-12.142825752496721,5.394293069839478,9.767861366271973
5.176,Brown,-4.884832382202148,4.777342796325684,6.284018516540527
5.177,shoes,-3.925243377685547,5.507765769958496,5.887793064117433
5.178,and,-2.223731994628906,5.090707302093506,5.401959896087647
5.179,a,-1.157208681106567,5.622553825378418,5.901356220245361
5.180,haircut .,-9.375173777341843,14.594110965728760,16.567624568939209
5.181,That,-4.601949214935303,0.000000000000000,0.000000000000000
5.182,is,-2.481040954589844,3.555201292037964,6.509348869323730
5.183,when,-4.657796859741211,1.959197521209717,3.661592006683350
5.184,I,-3.876375436782837,3.430631637573242,4.963512897491455
5.185,got,-4.572904109954834,3.401905059814453,5.006285667419434
5.186,this,-5.774099349975586,3.293137073516846,5.376630306243896
5.187,big,-5.272291660308838,4.454555034637451,6.049407005310059
5.188,"idea ,",-6.819170951843262,8.771279335021973,10.402450561523438
5.189,which,-3.720727920532227,4.029196262359618,4.271662235260010
5.190,hit,-10.943062782287598,3.122783660888672,2.955039024353028
5.191,me,-0.262792378664017,4.462176322937012,5.510797977447510
5.192,like,-3.386822938919067,3.371089696884156,4.170245170593262
5.193,a,-0.475224673748016,3.949080705642700,5.668977260589600
5.194,ton,-8.528756141662598,6.449026346206665,9.884530067443848
5.195,of,-0.242889598011970,5.085616588592528,6.117636680603027
5.196,bricks .,-8.202027224004269,12.460323810577393,16.187776565551758
5.197,If,-4.899098396301270,0.000000000000000,0.000000000000000
5.198,the,-1.295633196830750,2.247772932052612,3.775328159332275
5.199,Elvis,-12.421537399291992,3.428876399993896,5.751264572143555
5.200,haircut,-14.201688766479492,2.742290735244751,4.815964698791504
5.201,was,-3.212509632110596,4.710001945495605,5.679110050201416
5.202,the,-3.488104104995728,4.864748954772949,4.874135494232178
5.203,big,-4.585599899291992,4.136055469512940,6.247900009155273
5.204,"secret ,",-7.479480206966400,9.557647228240967,11.272206306457520
5.205,then,-4.285402297973634,4.295938491821288,4.577785491943358
5.206,Elvis 's,-12.351814131252468,16.997324943542480,21.152368068695068
5.207,haircut,-10.912521362304688,3.983629465103149,5.047418594360352
5.208,I,-9.183377265930176,5.586750030517578,6.197500705718994
5.209,was,-2.916160106658936,5.189460277557373,5.812147617340088
5.210,going,-3.982373952865601,5.537747383117676,6.875928878784180
5.211,to,-0.109843626618385,5.251810550689697,6.252452850341798
5.212,get .,-6.662790298461914,13.865498065948486,16.717539787292480
5.213,I,-5.357283115386963,0.000000000000000,0.000000000000000
5.214,was,-2.896981716156006,2.216805934906006,5.948943614959718
5.215,going,-5.207499504089356,2.828350543975830,5.455965042114258
5.216,to,-0.177363336086273,3.847719669342041,5.510547637939453
5.217,have,-2.657094955444336,3.108108997344971,5.464866638183594
5.218,my,-3.617047309875488,3.466385841369629,5.413477420806885
5.219,day,-5.073024988174439,5.270827531814575,9.285844326019287
5.220,in,-1.918943762779236,3.273712635040283,4.416538238525392
5.221,the,-1.060190677642822,2.925787925720215,4.300023078918457
5.222,"sun ,",-6.196081757545471,8.553509235382080,11.379423141479492
5.223,and,-1.540411353111267,5.205880641937256,5.548734664916992
5.224,all,-4.906508922576903,4.946863651275635,5.251875877380371
5.225,the,-1.806348443031311,5.368419647216797,6.467464447021483
5.226,way,-4.906175613403320,4.909329891204834,5.763573646545410
5.227,to,-1.317119956016540,5.601988315582275,6.286044120788574
5.228,town,-5.847542524337769,8.158198595046997,9.979180335998537
5.229,that,-5.299610614776611,4.046109199523927,5.122768402099608
5.230,was,-4.021664142608643,5.162502288818358,6.084754943847656
5.231,all,-5.192428588867188,4.974450111389160,6.048102855682372
5.232,I,-3.895889282226562,3.840550899505615,5.441889762878418
5.233,talked,-8.048486709594728,5.089606285095215,5.915349960327148
5.234,about .,-3.627435408532619,12.997899293899536,15.329702854156496
5.235,The,-1.715715885162354,0.000000000000000,0.000000000000000
5.236,fact,-6.808484554290772,3.735822677612305,5.501153945922852
5.237,that,-0.345929533243179,2.497476100921631,4.637969970703125
5.238,I,-4.967360973358153,3.517516851425171,5.109956741333008
5.239,was,-1.578852176666260,3.954779148101807,6.002889156341553
5.240,getting,-5.641853332519531,4.065881252288818,5.865617752075195
5.241,an,-4.164687633514403,4.226289749145509,6.252769947052003
5.242,Elvis,-11.042979240417480,3.620066404342651,5.955599308013916
5.243,"haircut ,",-15.380238056182863,8.486703157424927,9.126262187957764
5.244,not,-4.400812149047852,4.808558464050293,5.512487411499023
5.245,just,-3.634464263916016,5.308393001556396,6.028078556060791
5.246,the,-2.880473852157593,4.617996692657472,4.917811870574951
5.247,simple,-7.247585773468018,4.048585414886475,5.688616752624513
5.248,fact,-4.126292705535889,4.455963134765625,5.083377838134767
5.249,that,-0.299445122480393,4.051017284393311,4.261125087738037
5.250,we,-4.291404724121094,5.832250595092773,6.433777809143066
5.251,were,-1.256803154945374,5.344814300537108,6.124619007110597
5.252,getting,-4.664941787719727,5.119267463684082,5.826829910278320
5.253,out,-3.910295486450195,4.953391075134277,5.103949546813965
5.254,of,-0.194848686456680,4.887779235839844,5.521446704864502
5.255,the,-1.135932922363281,3.677614212036133,4.448914527893066
5.256,"orphanage ,",-13.607864856719971,12.174618721008301,13.876713752746582
5.257,made,-5.267949104309082,4.023130416870116,4.258430480957031
5.258,me,-0.479705750942230,4.384576320648193,6.374649047851562
5.259,particularly,-7.096421604161152,8.310664653778076,11.885284900665285
5.260,loquacious .,-15.233334159478545,21.842434406280518,29.340365886688232
5.261,I,-5.357283115386963,0.000000000000000,0.000000000000000
5.262,told,-5.680986404418945,3.976329684257507,8.283890962600706
5.263,"everybody ,",-10.631937980651855,8.706175804138184,10.995445728302002
5.264,including,-5.523287994088606,7.702245235443115,11.001967906951904
5.265,the,-1.864858627319336,3.562019824981689,4.972060203552246
5.266,orphanage,-16.575448036193848,7.783429384231567,10.847330570220947
5.267,matron,-13.073523998260498,7.350834369659424,9.659455776214600
5.268,I,-4.370831489562988,4.363970756530762,5.429999351501465
5.269,normally,-10.482397655490788,8.182058334350586,10.467306613922119
5.270,"feared ,",-9.356425940990448,14.101456642150879,15.778307437896729
5.271,that,-0.188971087336540,4.963923931121826,5.914915084838867
5.272,I,-1.809077858924866,4.320025444030762,5.724340438842773
5.273,was,-1.271438360214233,5.116137027740479,6.266925811767577
5.274,going,-2.741143226623535,4.438327789306642,6.144128799438477
5.275,to,-0.046327289193869,5.321775436401367,6.299387931823730
5.276,look,-6.277866840362549,4.817765712738037,6.117803096771240
5.277,just,-7.235239028930664,4.204261779785156,5.737580776214600
5.278,like,-0.173556283116341,5.331451416015625,5.995804786682129
5.279,Elvis,-9.313200950622560,3.927206516265869,5.752598285675049
5.280,Presley,-0.604885101318359,4.350461006164552,5.474704742431642
5.281,and,-3.027247428894043,5.252701282501222,5.432699203491211
5.282,that,-2.324349880218506,5.173809528350830,5.423456192016602
5.283,I,-0.969909667968750,5.233049392700195,5.864788532257080
5.284,would,-1.615080714225769,6.272955417633058,6.354582786560059
5.285,learn,-6.517366409301758,6.048400402069093,6.392729759216309
5.286,to,-0.993426918983460,5.942682743072510,6.529162406921388
5.287,move,-5.365572929382324,5.322552680969238,5.753816604614258
5.288,around,-4.786648273468018,5.644022941589356,6.002273559570312
5.289,just,-7.057753562927246,4.889327049255371,6.298385620117188
5.290,like,-1.413168787956238,5.658969879150392,5.832704067230225
5.291,he,-3.961419582366944,4.443608760833740,5.826342582702638
5.292,did,-0.662885427474976,5.304047107696533,5.662841796875000
5.293,and,-5.288776874542236,5.771578311920166,5.989762306213379
5.294,that,-1.992172241210937,5.361015796661377,5.422064304351807
5.295,I,-0.921274185180664,5.317169189453125,5.797358512878418
5.296,would,-1.417170047760010,6.137573719024657,6.221947669982910
5.297,be,-2.170414447784424,5.945455074310303,6.465528011322021
5.298,rich,-6.487739682197571,9.657327175140381,11.401619911193848
5.299,and,-2.620264053344727,4.632926464080811,4.968140602111816
5.300,famous,-2.648152828216553,4.842470645904541,5.346382141113281
5.301,one,-10.435951232910156,4.885954856872559,6.269060611724854
5.302,"day ,",-3.770357809960842,14.178385734558104,16.342135906219482
5.303,just,-4.396898269653319,5.086871147155762,6.140608787536621
5.304,like,-1.222866058349609,5.416508674621582,5.567548274993896
5.305,him .,-5.705333774909377,12.635907411575317,15.309378623962402
5.306,The,-1.715715885162354,0.000000000000000,0.000000000000000
5.307,matron,-15.016381263732910,6.143448114395142,10.572499275207520
5.308,understood,-9.938052905956283,8.953668594360352,15.520158290863035
5.309,my,-6.682331562042236,4.506629467010498,6.337723255157472
5.310,idea,-4.982248306274414,2.899111270904541,5.157756328582764
5.311,was,-6.942616462707520,3.892389774322510,5.108835697174072
5.312,something,-6.411407470703125,3.682645797729492,4.248095512390137
5.313,that,-2.518454074859619,3.282400369644165,3.814994335174561
5.314,I,-2.780576467514038,4.587668895721436,5.545287609100342
5.315,was,-3.033311843872070,5.482115745544434,6.246002197265625
5.316,really,-4.999787651700898,8.640035629272461,12.090198993682860
5.317,excited,-6.497118949890138,3.966155529022217,5.741503715515138
5.318,about,-0.350451320409775,4.038220405578613,5.359446525573730
5.319,and,-3.599803447723389,4.721047401428223,4.958356857299805
5.320,said,-4.609511852264403,5.351302623748778,5.512558937072754
5.321,nothing .,-6.830978147685528,13.703112125396730,16.506962776184082
5.322,When,-5.382677555084229,0.000000000000000,0.000000000000000
5.323,I,-3.724717617034912,3.645878791809082,4.981621265411377
5.324,got,-3.568241596221924,3.184094905853271,5.217033863067627
5.325,my,-3.834141254425049,3.475745916366577,5.617005825042725
5.326,new,-5.394220352172852,3.162091493606567,5.534922599792480
5.327,Buster,-12.601254232227802,4.518049001693726,9.019380092620850
5.328,Brown,-6.603904247283936,3.825624704360962,6.266997814178468
5.329,"shoes ,",-7.317321896553040,8.812773227691650,10.359642028808594
5.330,I,-0.853329956531525,4.804730892181396,5.283830165863037
5.331,was,-2.188668251037598,5.224222183227539,6.133035659790039
5.332,smiling,-7.902590274810791,8.344612598419191,11.415655136108398
5.333,from,-5.842667579650879,5.236523628234863,5.746390819549561
5.334,ear,-10.443337678909304,6.065021991729736,9.856749534606934
5.335,to,-1.944446325302124,3.709856271743774,4.723074913024902
5.336,ear .,-2.342461261898279,13.808692693710325,18.520062446594238
5.337,Those,-6.383932650089264,3.280198574066162,5.872414588928223
5.338,"shoes ,",-13.274809360504150,6.516251564025878,11.412132263183594
5.339,they,-5.627578258514403,3.659029006958008,5.624134540557861
5.340,shined,-13.717789053916931,9.906200647354128,15.102514028549194
5.341,really,-10.372985482215881,8.734967708587646,12.681843280792235
5.342,"brightly ,",-13.408159852027893,8.350395441055298,10.337525844573975
5.343,and,-1.751522064208984,5.127408504486084,5.015336513519287
5.344,I,-4.829254627227783,4.916223049163818,5.273175239562988
5.345,liked,-5.667285334318876,9.212957382202148,10.397157669067383
5.346,looking,-7.540839195251465,5.263614177703857,6.240592002868652
5.347,at,-1.837019920349121,4.797578334808350,4.918517112731934
5.348,the,-1.566177845001221,4.557351589202881,5.388438224792480
5.349,bones,-8.326627492904661,6.590168237686157,8.147509574890138
5.350,in,-3.317174911499023,2.706224679946899,2.806951045989990
5.351,my,-1.632127761840820,4.388054847717285,5.894144058227539
5.352,"feet ,",-9.422429800033569,8.005086898803711,9.065055370330811
5.353,which,-3.583792924880981,3.681523084640503,3.974749803543091
5.354,I,-1.742653727531433,4.918678283691406,5.430965900421143
5.355,had,-2.417591333389282,5.534763813018799,5.985424995422362
5.356,never,-2.123282194137573,4.464861869812012,5.848940849304199
5.357,seen,-0.978420555591583,8.884363651275635,9.590657711029053
5.358,"before ,",-3.370910048484802,8.353379964828491,8.660237312316895
5.359,through,-8.624355316162111,4.604589462280273,5.004090309143066
5.360,a,-1.763640880584717,5.031483173370361,6.198079586029053
5.361,special,-5.663666725158691,4.747251510620117,6.423431396484375
5.362,x-ray,-16.249612689018250,13.455747127532961,19.640253543853763
5.363,machine,-1.608189582824707,3.654733657836914,4.357953071594238
5.364,they,-7.682632923126222,5.531191349029541,5.834167003631593
5.365,had,-1.563206553459168,5.959658145904541,6.535724639892577
5.366,in,-5.191444396972656,2.990594148635864,3.781952381134033
5.367,the,-2.772742271423340,3.558519601821899,4.659036636352539
5.368,shoe,-8.338142156600952,6.689027786254883,9.373892784118652
5.369,store,-2.448427557945251,7.576473712921143,9.027498245239258
5.370,that,-4.004167079925537,4.262598991394043,4.618066310882568
5.371,made,-3.801559686660767,4.327377319335938,4.799311637878418
5.372,the,-2.191434144973755,5.319632530212402,5.582443714141847
5.373,bones,-7.209222316741942,7.948258399963379,9.641664505004883
5.374,in,-4.773501396179199,3.498701810836792,3.957685947418213
5.375,your,-3.897588491439819,4.963602542877197,6.140000820159912
5.376,feet,-7.640811920166017,4.673001289367676,5.037406921386719
5.377,look,-5.485573768615723,5.295676231384277,5.796877384185791
5.378,green .,-7.514464575797319,13.254957914352417,16.021917819976807
5.379,I,-5.357283115386963,0.000000000000000,0.000000000000000
5.380,was,-2.896981716156006,2.216805934906006,5.948943614959718
5.381,now,-7.471477508544923,3.220004558563232,6.068981170654298
5.382,almost,-8.215494155883789,2.494018554687500,5.438106536865233
5.383,ready,-4.187853813171387,3.855809688568115,6.172623157501222
5.384,to,-0.261832058429718,4.367813110351562,6.497579574584961
5.385,go,-2.560957431793213,4.554652690887451,6.291812896728517
5.386,back,-2.301442384719849,4.549886226654053,6.179272174835205
5.387,to,-0.328183561563492,4.448211193084717,5.579112529754639
5.388,the,-1.226242542266846,3.569089412689209,4.720445156097412
5.389,orphanage,-13.189564943313599,5.985768079757690,9.865055561065674
5.390,and,-3.841795444488525,5.603427886962892,6.445631027221680
5.391,practice,-5.990290641784668,4.508786678314209,5.616813182830811
5.392,being,-8.586645126342772,4.551427364349365,5.297608852386475
5.393,like,-6.708634853363037,4.099453926086427,5.128070354461670
5.394,the,-2.581332683563232,4.173972129821776,4.923908233642578
5.395,man,-4.726810693740845,7.359599351882935,9.196395874023438
5.396,who,-1.033466339111328,5.954539775848389,6.584578990936278
5.397,all,-7.466477394104004,5.179344177246094,6.235175609588622
5.398,the,-2.586256027221680,4.914213180541992,5.262818813323975
5.399,girls,-6.589523185044527,8.501419544219969,11.601566791534426
5.400,"loved ,",-7.873090982437134,14.030381679534910,15.631200790405272
5.401,since,-6.567389011383058,4.663887500762940,5.062634468078613
5.402,I,-2.045570850372314,5.176007270812988,5.865595340728760
5.403,had,-2.184029817581177,5.908003330230713,6.072906494140625
5.404,my,-5.364713191986084,5.260643005371094,6.378074169158936
5.405,new,-6.946503162384032,5.145104885101318,6.343663215637207
5.406,Buster,-12.509954184293747,4.544418931007384,9.083055973052980
5.407,Brown,-6.524490833282472,5.042072296142578,6.533536911010742
5.408,shoes .,-6.863004915416241,15.216982841491699,16.929303646087646
5.409,It,-3.835548400878906,0.000000000000000,0.000000000000000
5.410,was,-2.245547771453857,3.240544319152832,5.025370121002197
5.411,the,-1.544885635375977,3.627515316009521,4.694008350372314
5.412,new,-8.166876792907715,3.722055435180664,4.710227012634277
5.413,"haircut ,",-14.848279833793642,7.074609994888306,9.532448768615723
5.414,"though ,",-5.775892853736877,7.794292926788330,10.528163433074951
5.415,that,-0.319905281066894,5.312106132507324,5.574233055114746
5.416,I,-5.133312225341797,5.118425846099854,5.828650474548340
5.417,needed,-5.880359649658202,5.063470840454102,5.714020252227782
5.418,to,-0.767286002635956,5.023425579071045,6.373693943023683
5.419,complete,-7.658162593841553,4.030009269714356,3.915031671524048
5.420,my,-1.836997985839844,5.603527545928955,6.038969993591309
5.421,new,-4.354483604431151,4.558194160461426,5.859474658966064
5.422,look .,-7.805743589997291,11.640391349792480,15.064669609069824
5.423,We,-5.566174983978272,0.000000000000000,0.000000000000000
5.424,finally,-7.427969217094869,4.216741323471068,10.031221866607666
5.425,arrived,-8.070391603629105,6.090533733367920,10.737976074218750
5.426,at,-1.047607898712158,3.927777767181397,5.661404609680176
5.427,the,-0.816993057727814,3.352328777313232,4.537585258483887
5.428,"unassuming ,",-19.074441432952881,11.724462509155273,17.135423660278320
5.429,unembellished,-35.618647098541260,16.023755550384518,26.623865604400635
5.430,"barbershop ,",-20.433253288269039,12.512526750564575,16.077932357788086
5.431,where,-2.106519222259521,8.645695686340332,10.803832530975342
5.432,they,-3.700504302978516,5.576169013977051,6.212196350097656
5.433,cut,-7.608408927917480,4.073351860046387,5.036400794982910
5.434,our,-5.176827430725098,4.254180431365967,5.495420455932617
5.435,hair,-4.171804428100587,3.667481422424317,5.617729663848877
5.436,for,-5.228660583496094,4.593157768249512,5.842375278472900
5.437,free,-6.459179878234862,5.231559276580811,6.291168689727782
5.438,because,-5.748301342129707,7.140152215957642,9.744255065917967
5.439,we,-1.698127627372742,5.079413414001465,5.991721153259277
5.440,were,-1.855975747108460,5.301356792449951,6.012226104736327
5.441,orphans .,-11.619890026748179,17.713628768920898,21.343988895416260
5.442,Even,-5.632818222045898,0.000000000000000,0.000000000000000
5.443,though,-2.543463468551636,2.097926616668701,3.563970804214477
5.444,we,-5.625349998474121,4.461590290069580,5.855515003204347
5.445,were,-3.258973360061645,3.840205907821655,5.315837383270264
5.446,supposed,-5.527444839477539,3.091646432876587,5.222372531890869
5.447,to,-0.016704684123397,3.975049495697021,5.760656833648683
5.448,slowly,-10.940579891204834,9.118294239044189,11.668967247009276
5.449,wait,-8.173879623413086,3.747492313385010,5.028832912445068
5.450,to,-3.012009859085083,4.503380775451660,6.137320518493652
5.451,be,-4.459215164184570,3.137753486633301,5.116199016571045
5.452,"called ,",-7.382703900337218,12.497970581054688,15.662608623504639
5.453,I,-3.413460254669189,5.529576301574707,5.924612522125244
5.454,ran,-8.288397789001465,5.428768157958983,6.521152019500732
5.455,straight,-6.831182956695558,3.854665279388428,5.589955329895020
5.456,up,-3.376832962036133,4.842608451843262,5.786063194274902
5.457,to,-1.716750264167786,5.396212100982666,6.452685832977295
5.458,one,-6.404289722442628,4.915537834167480,6.480334758758545
5.459,of,-1.030259370803833,4.512864112854004,5.970057010650635
5.460,the,-0.741550564765930,5.011092185974121,5.926515102386475
5.461,barber,-11.793796539306641,2.682004690170288,4.635782241821289
5.462,chairs,-5.923757770098746,7.950037240982057,10.625332355499268
5.463,and,-1.820411205291748,5.037099838256836,5.602655887603760
5.464,climbed,-7.907168505713344,8.545331239700317,9.608015060424805
5.465,up,-2.292254447937012,5.208240509033203,5.671185016632080
5.466,onto,-6.847798824310303,5.297602176666260,5.648133754730225
5.467,the,-0.594439029693604,4.890757560729980,6.151297569274902
5.468,board,-4.973748683929443,4.469350814819336,5.568304538726807
5.469,the,-6.171152114868164,4.516567230224608,5.621172428131104
5.470,barber,-15.094001770019533,5.370345115661621,6.156159400939941
5.471,placed,-9.361504793167112,8.084343910217285,9.775930404663086
5.472,across,-6.898920059204102,4.616582393646240,4.865015506744385
5.473,the,-0.560959458351135,4.729365348815918,5.795041561126709
5.474,arms,-9.054447174072266,4.638911724090576,5.404299259185791
5.475,to,-3.775916099548340,5.521742820739746,6.078326225280763
5.476,make,-2.830807209014893,5.146928787231445,5.541745185852051
5.477,me,-3.944935798645020,4.229975223541260,5.836112022399902
5.478,sit,-4.227512359619142,5.424927711486816,6.145986557006836
5.479,up,-3.482109069824219,4.629532814025879,5.567611694335938
5.480,higher .,-13.833224356174469,13.549500942230226,16.348692417144775
5.481,I,-5.357283115386963,0.000000000000000,0.000000000000000
5.482,looked,-7.372921824455261,6.128553628921509,11.378725051879885
5.483,at,-0.732773780822754,4.562750816345215,6.640480518341064
5.484,the,-1.249007463455200,3.444861173629761,5.006210327148438
5.485,man,-6.660651206970215,6.740040540695190,9.070467472076416
5.486,and,-3.439512252807617,4.396277904510498,5.109534263610840
5.487,"said ,",-1.522655904293060,8.504798889160156,10.731773376464844
5.488,with,-8.030171394348145,4.234029769897462,5.351607799530028
5.489,a,-1.594264984130859,4.822883605957031,6.316620826721191
5.490,beaming,-11.962901115417480,12.221009254455565,16.683022499084473
5.491,smile,-2.973781585693360,4.380531311035156,4.850996017456055
5.492,on,-4.952119827270508,3.852529048919678,3.945779085159302
5.493,my,-1.237218141555786,3.901847124099731,5.944244384765625
5.494,"face ,",-1.835790380835533,8.490487098693848,9.655398845672607
5.495,`` I,-3.170250849914737,17.058123826980591,21.400690555572510
5.496,want,-3.051398754119873,3.806312561035156,4.060625553131104
5.497,an,-7.173437118530273,5.413894653320312,6.276003360748291
5.498,Elvis,-10.827128410339355,3.581809043884277,5.495187282562256
5.499,haircut .,-12.743360169231892,11.881876468658447,14.192859172821045
5.500,Can,-8.522937774658201,0.000000000000000,0.000000000000000
5.501,you,-2.111661911010742,1.952272057533264,4.766853809356689
5.502,make,-4.770018577575684,2.472278118133545,4.539155483245850
5.503,my,-4.967655181884767,3.069537639617920,5.051007747650146
5.504,hair,-6.538117885589600,4.433309078216553,5.599136829376222
5.505,like,-5.148667335510254,4.484755039215088,5.254585742950440
5.506,Elvis 's ? '',-26.027782096061856,34.797147989273071,42.803730010986328
5.507,I,-5.357283115386963,0.000000000000000,0.000000000000000
5.508,asked .,-7.555330805480480,10.278031229972841,17.891463756561279
5.509,The,-1.715715885162354,0.000000000000000,0.000000000000000
5.510,"barber ,",-15.646136045455934,7.447524070739746,12.269316673278809
5.511,who,-1.146884322166443,4.948168754577637,6.083988189697267
5.512,was,-2.857315540313721,4.934768199920653,5.960543632507324
5.513,a,-2.870535612106323,4.492422103881836,4.810407161712647
5.514,genial,-10.794208526611328,4.102252006530762,6.206543922424316
5.515,young,-2.204894781112671,4.291006088256837,5.423379898071289
5.516,"man ,",-2.075094789266586,12.042986631393433,16.039515495300293
5.517,grinned,-15.121472120285034,10.558216094970703,16.172809123992920
5.518,back,-5.809803009033202,4.664760589599608,6.374393463134767
5.519,at,-2.038628339767456,5.251851558685303,6.522460460662843
5.520,me,-3.242825269699097,4.185713291168213,5.747589588165282
5.521,and,-1.581930637359619,4.663141250610352,4.841537475585938
5.522,said,-1.765562295913696,4.098744392395020,4.869400024414063
5.523,that,-2.724032878875732,4.196008205413818,4.702269077301025
5.524,he,-1.881738543510437,4.654922485351562,6.062243461608888
5.525,would,-2.496380329132080,5.810355186462402,6.117297172546388
5.526,try,-4.863492965698242,5.474250793457031,5.812155246734619
5.527,his,-4.429883003234863,5.463028430938722,6.362877845764160
5.528,best .,-5.524887263774872,11.870203971862793,16.509051322937012
5.529,I,-5.357283115386963,0.000000000000000,0.000000000000000
5.530,was,-2.896981716156006,2.216805934906006,5.948943614959718
5.531,so,-4.230848789215088,2.689199209213257,5.226931095123291
5.532,happy,-3.671702623367310,3.722078323364258,5.535731315612793
5.533,when,-3.643977880477905,4.693608283996582,5.256183147430420
5.534,he,-2.845234870910645,4.566234111785889,5.989063739776611
5.535,started,-3.879056880716234,7.594434738159180,11.049549579620360
5.536,to,-2.030699014663696,5.023342132568358,6.489562511444093
5.537,cut,-6.254352569580077,4.707653999328613,5.136814117431642
5.538,my,-2.714605569839477,3.586553096771240,5.481007099151611
5.539,"hair ,",-5.879289150238037,8.152037143707275,10.291795253753662
5.540,but,-4.186658382415772,4.703846931457520,4.981365680694580
5.541,just,-5.673923492431642,5.797395229339600,6.486267566680907
5.542,as,-1.279699683189392,5.031101703643799,5.347793579101562
5.543,he,-3.373913764953613,5.040794849395752,6.010101318359375
5.544,started,-4.900119154248387,8.517548322677612,10.725147247314453
5.545,to,-1.400708436965942,5.416803836822510,6.469588279724121
5.546,"cut ,",-9.913456916809082,8.974806785583496,9.561513900756836
5.547,the,-3.515836238861084,5.296319484710693,6.101634502410889
5.548,"matron ,",-16.640809774398804,13.628008365631102,15.379055500030518
5.549,who,-3.066756963729858,6.128332614898683,6.443905830383301
5.550,had,-2.563950061798096,5.687047481536865,5.717218399047852
5.551,been,-2.200161218643188,5.684502601623535,6.340250968933105
5.552,watching,-5.905140607617796,8.089005470275879,9.890723705291748
5.553,me,-4.525599002838135,5.182103157043457,5.991089820861816
5.554,and,-3.804615974426270,4.193274021148682,4.679078578948975
5.555,had,-4.685040473937988,4.871903896331787,4.967746734619142
5.556,a,-2.156810522079468,5.093694686889648,5.987879276275635
5.557,look,-6.928352355957031,5.351549625396729,5.927889347076416
5.558,as,-5.505073547363281,5.038224697113037,5.961441993713379
5.559,cold,-10.887641906738279,5.372965335845947,6.089864730834961
5.560,as,-0.107312269508839,4.265218734741212,4.567081928253174
5.561,"ice ,",-10.124993324279785,13.735625267028809,16.143013000488281
5.562,motioned,-12.834363818168640,8.952312469482422,10.574202060699463
5.563,for,-3.737418174743652,5.414341926574707,5.888751029968263
5.564,him,-3.769335746765137,4.555723190307617,5.814922332763673
5.565,to,-0.756134152412415,5.462966442108153,6.472232818603517
5.566,come,-3.758912563323975,5.551927566528320,6.303423404693604
5.567,over,-5.518593311309815,4.819760322570801,5.270911216735840
5.568,to,-1.834563136100769,5.502562046051025,5.772899627685548
5.569,where,-7.256033897399902,8.377191066741942,9.661733627319336
5.570,she,-4.721521377563477,5.146555423736572,6.316118240356445
5.571,was,-1.267100930213928,5.021837711334229,5.996359825134277
5.572,standing .,-6.044527454301715,18.209781646728512,21.342774391174316
5.573,She,-5.895580291748048,0.000000000000000,0.000000000000000
5.574,whispered,-10.828281939029694,4.783331990242004,9.304149627685547
5.575,something,-7.640188217163086,3.838477134704590,4.818791866302490
5.576,into,-5.749224662780763,4.425738334655762,4.877887725830078
5.577,his,-4.552341461181642,3.325069904327393,4.967627048492432
5.578,ear,-5.616060256958008,4.305040597915649,8.421863555908201
5.579,that,-2.831380844116211,3.978318214416504,4.317581176757812
5.580,caused,-6.509148262441157,12.036695957183838,13.348554372787476
5.581,the,-1.683137178421021,4.955418586730957,5.856893062591553
5.582,barber,-11.849800109863279,3.732351779937744,5.515588283538818
5.583,to,-0.341544300317764,5.712315082550049,6.634395122528076
5.584,shake,-6.656003952026367,4.130475044250488,4.837575435638428
5.585,his,-2.132888317108154,4.227050781250000,5.866612911224365
5.586,"head ,",-3.249140977859497,8.851905822753906,11.380669593811035
5.587,like,-7.220708847045898,4.210719108581543,5.565371513366699
5.588,he,-4.291616439819337,4.894660472869873,5.875035285949707
5.589,was,-1.654987454414368,5.408261299133301,6.382546901702881
5.590,telling,-5.878318786621094,4.676639080047607,5.204614162445068
5.591,"her ,",-4.318440914154053,9.432010173797607,11.486348628997803
5.592,`` No '' .,-24.483297912825947,37.306675672531128,46.429274797439575
5.593,In,-3.034920692443848,0.000000000000000,0.000000000000000
5.594,"response ,",-6.432533740997314,6.791721582412720,10.654185295104980
5.595,the,-1.144581437110901,3.558506965637207,4.739916801452637
5.596,matron,-14.967648744583130,7.807016372680664,10.359560489654539
5.597,walked,-8.374324083328247,7.954301834106445,10.832192897796631
5.598,over,-4.486965656280518,4.329368114471436,6.353756904602051
5.599,to,-2.089562177658081,5.107663154602051,6.356197834014893
5.600,a,-2.019241333007812,4.823454856872559,6.037182331085205
5.601,little,-6.470833301544189,4.331142902374268,6.549039840698242
5.602,man,-5.769284486770630,6.776739120483398,9.886596679687500
5.603,sitting,-5.582499504089356,4.944779872894287,6.400215148925781
5.604,in,-1.033516168594360,3.907376766204834,5.098984241485597
5.605,an,-3.391898155212402,4.960515022277832,5.998044013977051
5.606,office,-1.819825768470764,3.908159971237183,5.722699165344237
5.607,chair,-4.982247829437256,3.684929609298706,5.473540306091309
5.608,that,-4.054508209228517,4.754915237426758,5.502102851867676
5.609,squeaked,-11.808133952319622,12.942990779876707,14.894995689392090
5.610,as,-6.486848354339600,4.707189083099365,5.717205047607423
5.611,it,-3.384210348129272,4.759800434112549,6.502559661865233
5.612,rolled,-6.256546735763550,8.301811218261719,9.885715484619141
5.613,around,-4.630599021911621,5.335323333740233,5.567379474639893
5.614,the,-1.512392759323120,5.207015991210938,6.122504711151122
5.615,floor,-3.202221632003784,4.688848972320557,5.130053520202637
5.616,and,-2.265397548675537,5.675967216491699,5.921150207519531
5.617,spoke,-7.849282741546631,5.358588218688965,6.357938289642334
5.618,to,-2.502875804901123,5.090106964111328,5.384677410125732
5.619,him .,-3.093077789992094,13.908798694610596,16.982054233551025
5.620,It,-3.835548400878906,0.000000000000000,0.000000000000000
5.621,was,-2.245547771453857,3.240544319152832,5.025370121002197
5.622,the,-1.544885635375977,3.627515316009521,4.694008350372314
5.623,little,-8.685383796691895,2.286845922470093,4.992683410644531
5.624,man,-4.883648276329041,5.501772403717041,8.505635499954224
5.625,who,-0.679594159126282,4.466787338256836,6.260596752166747
5.626,then,-7.997451782226562,4.873754978179932,6.221228599548340
5.627,walked,-6.306145048700273,7.972606420516968,10.789396762847900
5.628,over,-3.922243595123291,4.826647758483887,6.013215065002441
5.629,and,-3.594242811203003,5.740969181060791,5.837464809417725
5.630,said,-3.478213310241699,5.509304046630858,6.329808235168457
5.631,something,-4.927076339721680,5.677961349487305,6.431487083435059
5.632,to,-2.784548044204712,5.875347614288330,6.212963581085205
5.633,the,-1.853016138076782,4.646467208862305,5.696659564971924
5.634,man,-4.237559556961060,7.573697090148926,9.705029964447020
5.635,who,-1.332312345504761,6.051439762115479,6.531793117523192
5.636,was,-2.139939308166504,5.956220626831055,6.511390686035156
5.637,cutting,-8.409961462020874,9.761364936828613,10.867625236511230
5.638,my,-5.126315116882324,4.059333324432373,5.618953704833983
5.639,hair .,-5.047645978629589,12.882110595703127,15.745909214019777
5.640,The,-1.715715885162354,0.000000000000000,0.000000000000000
5.641,next,-6.374516487121582,2.720926523208618,5.663381576538086
5.642,thing,-5.317912220954894,5.069114208221436,8.493923664093018
5.643,I,-3.268555402755737,3.479012250900269,5.891854286193848
5.644,"knew ,",-6.946968555450439,8.448613166809082,10.458721160888672
5.645,the,-2.355845451354980,3.456448078155518,4.801475524902344
5.646,man,-4.624668121337892,8.364779472351074,9.601236820220947
5.647,who,-2.004887580871582,5.737789154052733,6.895881652832031
5.648,was,-2.267909049987793,5.200720310211182,6.292926788330077
5.649,cutting,-8.120719671249390,9.196197986602783,10.410477638244627
5.650,my,-3.707296371459961,4.069195270538330,5.614313125610352
5.651,hair,-4.028895854949951,4.773737907409668,5.791445255279541
5.652,told,-7.398013114929199,7.848585605621338,8.619642257690430
5.653,me,-0.195821210741997,5.239665985107422,5.628415584564209
5.654,that,-2.256953716278076,4.644731044769287,5.436590671539307
5.655,he,-1.529881000518799,4.836666107177733,6.084925651550293
5.656,was,-1.036669969558716,5.015307903289795,6.009913444519043
5.657,no,-5.440639972686768,5.199881553649902,6.706617355346680
5.658,longer,-0.308969944715500,4.945440292358398,5.683973789215088
5.659,allowed,-6.629854202270508,4.766250133514403,5.577009677886963
5.660,to,-0.110513411462307,5.477190971374512,6.417752265930176
5.661,give,-5.678565979003906,4.551057338714600,4.900668621063232
5.662,me,-1.904865741729736,4.870554924011231,5.424431800842285
5.663,an,-3.745240211486816,5.731711864471436,6.482923030853272
5.664,Elvis,-9.915514945983887,3.518469810485840,5.456389904022217
5.665,cut .,-10.966248337179422,12.472136735916138,15.887814998626709
5.666,`` Why,-8.920753031579807,9.498729467391968,15.686772346496586
5.667,not ? '',-18.533269220031798,22.322271108627319,27.731316804885864
5.668,I,-4.278179168701172,5.017671585083008,5.459015846252441
5.669,cried,-9.870271061779931,12.757938861846926,16.320561885833740
5.670,desperately .,-13.919513478875160,13.414103031158447,15.242616176605225
5.671,The,-1.715715885162354,0.000000000000000,0.000000000000000
5.672,kindly,-15.280546188354492,4.729180335998535,9.065269947052002
5.673,barber,-11.932658195495605,2.885304689407349,4.937398433685303
5.674,stopped,-8.556715673301369,5.629060029983521,9.302967548370360
5.675,by,-2.467673778533936,3.201547384262085,5.129709720611572
5.676,the,-1.248971939086914,3.332001686096191,4.762535095214844
5.677,matron,-12.106672883033752,5.599596500396729,8.769834041595459
5.678,did,-7.068836688995361,4.466603755950928,5.436601161956787
5.679,not,-2.409102916717529,4.671714782714844,6.336816787719727
5.680,"answer ,",-11.065830230712891,10.094130992889404,12.107705593109131
5.681,but,-1.615936994552612,4.442255973815918,4.986083507537842
5.682,from,-5.645493030548097,5.911378860473633,6.257583141326903
5.683,his,-3.554292678833008,5.431035041809082,6.427917480468750
5.684,"expression ,",-11.711342811584473,8.250032424926758,9.306423187255859
5.685,I,-5.405981063842773,5.005517005920410,5.833472728729247
5.686,could,-4.182659626007080,4.611335277557373,6.089065551757812
5.687,tell,-3.826480627059937,4.290138244628906,5.615518569946289
5.688,that,-6.024167537689209,4.935715675354004,5.545446872711182
5.689,he,-1.881670236587524,5.120771408081055,6.157167911529541
5.690,wished,-8.240404129028320,4.500110149383545,5.091490268707275
5.691,he,-1.964562535285950,4.557815074920653,5.406896591186523
5.692,could,-1.418283343315124,5.626193046569824,6.222423553466798
5.693,cut,-6.859411239624023,4.877702236175537,5.469082832336426
5.694,it,-2.968897581100464,4.766932010650635,5.826286792755128
5.695,as,-5.291390895843506,4.550036907196045,4.982859611511231
5.696,I,-4.764026641845703,5.164785385131836,5.818731307983398
5.697,had,-2.379145622253418,5.638268470764160,5.654062747955322
5.698,asked .,-7.986125844850903,19.541255950927734,22.463398933410645
5.699,Within,-7.823020458221436,0.000000000000000,0.000000000000000
5.700,a,-1.839439630508423,2.534777164459229,5.927234649658202
5.701,few,-0.663651227951050,3.139582872390747,5.343931674957275
5.702,"minutes ,",-2.722515761852264,6.136544704437256,9.816020965576172
5.703,it,-3.671208143234253,3.151193618774414,3.976622581481934
5.704,was n't,-5.568290152224108,15.237756729125977,22.178420066833496
5.705,an,-5.541155815124512,5.515433788299561,6.536548614501952
5.706,Elvis,-11.262981414794922,3.216884613037109,5.785877227783202
5.707,"haircut ,",-15.003340125083923,9.050491333007812,10.547341823577881
5.708,but,-1.692758798599243,4.998304843902588,5.034181594848633
5.709,a,-1.375992059707642,4.661741733551025,4.778630256652832
5.710,short,-6.697280406951903,5.403133392333983,6.394530296325684
5.711,buzz,-10.051676750183104,6.832926034927367,9.401180744171144
5.712,cut,-8.675730705261230,4.351831436157227,5.736417770385742
5.713,that,-4.703399658203125,5.501648426055908,5.990083217620850
5.714,the,-3.357046604156494,4.871167659759521,4.670411586761475
5.715,barber,-10.316985130310060,4.952720642089844,5.772231101989746
5.716,had,-1.869843482971192,5.370036125183105,5.444579124450684
5.717,given,-4.731333851814269,10.050733566284180,11.625873088836670
5.718,me .,-5.526733264327049,14.016264438629150,16.709728717803955
5.719,When,-5.382677555084229,0.000000000000000,0.000000000000000
5.720,he,-2.710634231567383,4.144824981689453,5.448172569274902
5.721,finished,-5.670907497406006,3.232670545578003,5.360131263732910
5.722,shaving,-10.449324369430544,6.588113963603973,10.980402469635010
5.723,off,-6.630459308624268,4.243222713470459,5.170450687408447
5.724,all,-6.682363033294678,3.483702898025513,4.306047439575194
5.725,my,-5.342825889587402,3.671984910964966,5.136037349700928
5.726,hair,-4.668616294860840,3.537795066833496,4.825368881225586
5.727,and,-2.634758472442627,3.572258949279785,3.785678386688232
5.728,made,-6.193292617797852,4.360164642333983,4.750008106231689
5.729,me,-2.691201925277710,4.446150779724121,6.318473815917969
5.730,smell,-7.667014122009277,4.807328701019287,5.179924964904785
5.731,real,-5.558550834655762,4.517474651336670,6.122250556945801
5.732,good,-3.438115835189820,4.753859043121338,5.669545173645020
5.733,with,-6.405328273773192,4.274284362792969,4.744085311889648
5.734,his,-2.853577375411988,4.536347389221191,5.826361179351808
5.735,"powder ,",-9.741136014461517,10.711374282836914,13.326198101043701
5.736,the,-2.964801311492920,5.161651134490967,5.814423084259032
5.737,barber,-10.433792114257812,4.653913497924805,5.038709640502930
5.738,handed,-7.608131170272827,7.669783592224121,8.895887851715088
5.739,me,-0.387467473745346,4.496572017669678,5.277338981628418
5.740,a,-0.555586338043213,5.785390853881836,6.465881824493407
5.741,nickel,-7.602882385253906,8.172946929931639,10.082665920257568
5.742,and,-2.241647243499756,5.061051368713379,5.074508190155028
5.743,told,-4.976444602012633,9.054006099700928,9.667426586151123
5.744,me,-0.280429273843765,5.397872924804688,5.976931571960449
5.745,to,-1.900071144104004,6.202069759368896,6.418817996978760
5.746,go,-2.353623390197754,5.290305137634277,6.137074470520020
5.747,outside,-6.483841896057129,4.793595314025879,5.213753223419189
5.748,to,-3.144253969192505,6.009186744689941,6.557355403900146
5.749,the,-2.892431974411011,4.671212673187256,5.621459007263184
5.750,snack,-9.712135314941406,3.392119407653809,5.057556152343750
5.751,machine,-8.329162597656250,4.020008563995361,4.871500968933105
5.752,and,-2.376510143280029,5.563539028167725,5.696117401123048
5.753,buy,-4.149048805236816,4.927740097045898,5.316207885742188
5.754,myself,-8.815320014953613,10.960233211517334,12.291063308715820
5.755,a,-1.800039052963257,5.551604270935059,6.188825607299805
5.756,candy,-6.742023468017577,2.963070392608643,5.251972198486328
5.757,bar .,-3.646199099719524,13.389173507690431,15.962991714477539
5.758,I,-5.357283115386963,0.000000000000000,0.000000000000000
5.759,handed,-10.593387603759766,4.397399783134460,8.359066724777223
5.760,him,-1.780809402465820,3.190174341201782,4.698953628540039
5.761,the,-2.064528703689575,4.747610092163086,5.473217487335205
5.762,nickel,-10.810751914978027,6.470153808593750,9.030885219573976
5.763,back,-5.711361885070801,5.152061939239502,5.815727710723878
5.764,and,-1.602450609207153,4.795090675354004,4.900379180908203
5.765,told,-5.142289161682129,7.908740282058716,8.771002769470215
5.766,him,-0.487928897142410,5.124175071716309,5.878536224365233
5.767,that,-2.167882919311523,4.306445598602295,5.107627868652344
5.768,I,-1.863057374954224,5.004197120666504,5.735853672027588
5.769,was,-1.316388130187989,5.104048728942871,5.881567478179933
5.770,not,-2.842488050460815,4.866506099700928,5.891709327697754
5.771,hungry .,-9.426058202981949,17.268876314163208,20.534372329711914
5.772,`` I 'm,-6.727313145605876,22.247974395751953,31.337199211120605
5.773,so,-5.519385337829590,4.639408111572267,6.680951118469237
5.774,"sorry ,",-6.591011822223664,16.368489265441895,20.454769849777222
5.775,"baby , ''",-30.578651249408722,22.368171691894531,26.688941955566410
5.776,he,-1.748814463615418,5.589782238006592,5.738559722900392
5.777,"said ,",-2.691236138343811,8.820570945739746,10.429162502288818
5.778,as,-6.212682247161865,4.911018371582031,5.460107803344727
5.779,I,-2.264993667602539,5.122190475463867,5.878910541534424
5.780,climbed,-9.856489807367323,10.271348476409912,11.042972087860107
5.781,out,-3.120819568634033,5.248987674713135,5.343086242675781
5.782,of,-0.362028807401657,5.215645313262940,6.126953125000000
5.783,his,-3.513811111450196,4.490966320037842,5.916939258575440
5.784,barber,-10.343991279602051,3.179445743560791,5.132520198822021
5.785,chair .,-7.166205741465093,13.719431877136230,15.563169479370119
5.786,`` I,-4.743439703790500,9.741308927536011,15.426395416259767
5.787,am,-3.963403224945069,7.971995592117310,10.092425346374512
5.788,not,-1.732371926307678,4.052249908447267,5.825901031494142
5.789,a,-1.947484970092773,4.100845813751222,5.617269039154053
5.790,"baby , ''",-29.157554313540459,22.744275331497192,25.180106639862061
5.791,I,-3.569287300109864,5.469897747039795,5.773097038269043
5.792,"said ,",-3.844410181045532,10.145774364471436,10.567990303039551
5.793,as,-6.901166439056396,4.784621715545653,5.181970596313477
5.794,I,-2.174517869949341,4.817971706390381,5.458326339721680
5.795,wiped,-12.522168159484865,5.095681667327881,5.964474201202393
5.796,the,-4.284005641937257,4.984600543975830,5.801896572113037
5.797,tears,-8.057000339031219,10.273110389709473,11.564465045928955
5.798,from,-4.367203712463379,5.590388298034668,5.917040348052979
5.799,my,-0.816795051097870,4.904408454895020,5.684019088745117
5.800,eyes .,-5.263095106929541,13.165727138519287,14.514290332794189
5.801,I,-5.357283115386963,0.000000000000000,0.000000000000000
5.802,then,-8.536972045898438,2.848033428192139,6.704432010650635
5.803,sat,-5.400308787822723,7.454416155815124,13.206840753555298
5.804,down,-1.827355861663818,3.763160228729248,5.901275157928468
5.805,on,-3.383567333221436,3.837357282638550,5.632508277893066
5.806,the,-0.811238765716553,2.970483303070068,4.705143451690674
5.807,floor,-2.756633996963501,4.215230941772462,5.586195468902588
5.808,and,-1.314879179000854,4.580669879913330,5.161266803741455
5.809,brushed,-11.934577941894533,4.417712688446045,5.132824420928955
5.810,away,-4.505576133728027,5.725157737731934,6.314633369445801
5.811,the,-1.597166419029236,4.972797393798828,6.036388874053955
5.812,hair,-7.564908504486084,4.536216735839844,5.284155845642090
5.813,that,-5.064280986785889,4.426698207855225,4.856945991516113
5.814,had,-2.191771030426025,5.208162307739258,5.254494190216064
5.815,accumulated,-7.814143644922296,7.034937858581543,9.846917152404783
5.816,on,-3.005001783370972,4.141399860382080,4.301875114440918
5.817,my,-1.033914089202881,4.007376670837401,5.689874172210692
5.818,shiny,-11.445793151855467,3.945133209228516,5.497019290924072
5.819,new,-5.626478195190430,3.706974983215332,5.186763763427733
5.820,Buster,-12.879135459661484,4.034947872161865,8.159973382949829
5.821,Brown,-7.379718780517577,4.066153526306151,5.949453353881836
5.822,shoes .,-5.191700324416161,13.754224300384521,15.011116981506348
5.823,My,-7.691526889801025,0.000000000000000,0.000000000000000
5.824,head,-8.367103576660156,3.079533100128174,5.807760715484619
5.825,was,-2.540241241455078,4.370468139648438,6.027303218841553
5.826,no,-5.136101245880127,2.745576858520508,5.465600967407227
5.827,longer,-1.376865148544312,4.714307308197021,6.037472724914551
5.828,in,-2.121454715728760,3.481173276901245,3.971602201461792
5.829,the,-1.123567938804626,3.273948431015014,4.337139606475830
5.830,"clouds ,",-12.666152715682983,11.862403631210327,13.964628696441650
5.831,and,-1.446446299552918,4.219360828399658,4.383960247039795
5.832,I,-1.040538668632507,5.694444656372070,6.103578090667725
5.833,got,-4.462636470794678,5.362598896026611,6.320822715759277
5.834,up,-4.145980834960938,4.384510040283203,6.118673324584961
5.835,off,-8.020172119140625,5.056112289428711,5.763741970062256
5.836,the,-1.182733893394470,3.947552680969238,5.309511184692383
5.837,"floor ,",-5.799393415451050,9.363479137420654,11.286794185638428
5.838,brushed,-15.516807556152346,3.740684747695923,4.650688171386719
5.839,off,-2.301922321319580,4.995559692382812,5.795595645904541
5.840,my,-2.941908359527588,4.589092254638672,5.858213424682617
5.841,short,-7.711388587951660,4.435871124267578,6.129746437072754
5.842,"pants ,",-7.990235090255738,12.793466091156006,15.778656005859375
5.843,and,-1.143836855888367,5.362344741821289,5.797223567962647
5.844,walked,-4.489825444063172,9.178724765777588,10.248252391815186
5.845,sullenly,-18.962660863995549,10.632256507873537,11.806123733520508
5.846,towards,-11.006266117095947,9.476798534393311,10.085524082183838
5.847,the,-1.237307667732239,5.255075454711914,6.098093986511231
5.848,door .,-4.499720498919487,17.142070770263672,21.099359035491943
5.849,The,-1.715715885162354,0.000000000000000,0.000000000000000
5.850,matron,-15.016381263732910,6.143448114395142,10.572499275207520
5.851,was,-4.190922737121582,4.237663745880127,6.192667961120605
5.852,smiling,-9.171032667160032,6.442171812057495,9.691879749298096
5.853,at,-2.329256534576416,3.658328533172608,5.112821578979492
5.854,me,-2.613601684570312,2.962886095046997,5.001760482788086
5.855,sort,-12.406792640686035,2.292368412017822,4.759207248687744
5.856,of,-0.256664931774139,3.206588983535767,5.459898948669434
5.857,funny,-10.845123291015623,2.621031761169434,4.573894023895264
5.858,like .,-15.037421226501463,9.080647945404053,13.099344491958618
5.859,The,-1.715715885162354,0.000000000000000,0.000000000000000
5.860,barber,-13.290243148803713,3.595536231994629,6.925384521484375
5.861,upset,-12.571863174438475,2.880620956420898,4.768956661224365
5.862,by,-4.675835609436035,4.641412734985352,5.325571060180664
5.863,the,-1.920789718627930,4.814763545989990,5.534091949462892
5.864,matron,-13.584309697151186,6.097430467605591,9.237840652465820
5.865,said,-6.610385894775392,3.901242733001709,5.350015163421631
5.866,to,-4.864232540130615,4.717525005340576,6.085972309112549
5.867,"her ,",-5.173525094985962,8.211759090423586,10.909508228302002
5.868,`` You,-3.232337078945420,19.143043041229248,21.921524047851562
5.869,are,-3.156738281250000,4.382145881652832,5.583684921264648
5.870,just,-4.441056251525879,4.490081310272217,5.978704929351808
5.871,a,-1.963179111480713,4.489068984985352,5.124752998352051
5.872,damn,-7.655043601989746,3.611187934875488,5.677971839904785
5.873,"bitch ,",-14.746163845062256,12.354051351547241,16.521187305450439
5.874,lady . '',-27.500340420199791,31.285707235336304,39.832476854324341
5.875,She,-5.895580291748048,0.000000000000000,0.000000000000000
5.876,yelled,-11.480062246322632,4.129360675811768,8.475945949554442
5.877,back,-3.666524887084961,3.741289854049683,5.966823101043701
5.878,at,-2.021080970764160,4.452791213989258,5.686408042907715
5.879,him,-2.616593837738037,4.203186988830566,6.003131866455077
5.880,at,-3.688236713409424,4.284743785858153,4.628540992736816
5.881,the,-1.098801851272583,4.226885795593262,5.698589324951173
5.882,top,-6.369853973388673,4.489028453826903,5.925173759460449
5.883,of,-0.802919805049896,3.689457893371582,4.123379707336427
5.884,her,-1.953781843185425,3.943997144699097,5.589802742004395
5.885,"lungs ,",-10.230054378509521,11.840469837188721,16.124310970306396
5.886,before,-7.543212413787843,4.175074100494385,4.737597942352295
5.887,walking,-7.655022708291653,8.224694728851317,10.201317787170410
5.888,toward,-6.414210319519043,4.218852519989014,4.467705726623535
5.889,the,-0.948476433753967,4.947756290435791,5.814490318298340
5.890,"office ,",-5.894330263137817,9.623913764953613,10.746230602264404
5.891,as,-3.798211336135864,4.225619316101073,4.551903724670410
5.892,fast,-9.643831253051758,5.088044643402100,6.056073665618896
5.893,as,-0.147591128945351,4.037741184234618,4.295724868774413
5.894,she,-1.963062763214112,4.541826725006104,5.967058658599854
5.895,could .,-3.173849768936634,12.280081987380981,16.849197387695312
5.896,To,-5.505791187286377,0.000000000000000,0.000000000000000
5.897,show,-5.861173152923584,1.740677595138550,4.489301681518555
5.898,his,-4.067236900329590,3.275029420852661,5.386774539947510
5.899,"anger ,",-6.454124867916108,9.706581592559814,13.471261262893679
5.900,the,-1.961652278900146,4.116946220397948,5.376528739929199
5.901,man,-5.506678104400635,8.605967044830322,10.600748062133787
5.902,hit,-8.377533912658691,4.808200836181642,5.800923824310303
5.903,the,-1.517627477645874,4.013479232788087,5.353583812713623
5.904,wall,-3.466109037399292,4.073808193206787,5.410371780395508
5.905,with,-2.447747230529785,5.689643859863281,6.403365135192871
5.906,his,-2.397927045822144,5.231689929962158,6.133364677429199
5.907,hand,-3.175961971282959,4.587638378143311,6.255794048309326
5.908,and,-1.636243820190430,4.926716804504395,4.942230224609375
5.909,then,-4.171290874481201,5.197621345520020,5.225280284881592
5.910,walked,-4.728503815829754,8.565581083297731,10.642628669738770
5.911,outside,-6.413417816162108,5.340516090393066,5.807222366333008
5.912,where,-8.161630392074585,8.494475603103638,9.814685821533203
5.913,he,-0.636952340602875,5.197609901428223,5.983028888702393
5.914,stood,-5.011634290218353,10.288957834243773,14.252005815505981
5.915,against,-6.618059635162354,5.558686256408691,5.879418849945067
5.916,the,-0.960541009902954,5.815432071685791,6.608355045318604
5.917,brick,-9.234906196594238,8.113148689270020,10.525186061859131
5.918,"wall ,",-2.503409683704376,10.328265190124512,11.309563636779785
5.919,smoking,-8.983446598052979,9.940353393554688,10.917270660400391
5.920,a,-1.918469309806824,5.185401439666748,6.035912990570067
5.921,cigarette .,-6.970672652125359,13.343682527542116,16.474732398986816
5.922,I,-5.357283115386963,0.000000000000000,0.000000000000000
5.923,understood,-9.046444144798443,7.371944904327393,14.743221759796144
5.924,right,-8.861070632934570,2.534775972366333,5.125971794128418
5.925,there,-3.868067026138306,3.411572694778442,5.503697395324707
5.926,my,-7.409673690795898,3.713622093200684,5.559958457946777
5.927,haircut,-12.458109855651855,2.864065885543823,4.634352684020996
5.928,was,-3.086004972457886,4.019280910491943,5.558405876159668
5.929,something,-6.400393962860107,4.328264236450194,5.568039417266847
5.930,that,-2.754540920257568,3.918043613433838,4.461997032165527
5.931,had,-2.748535871505737,5.959319591522218,6.174319744110107
5.932,been,-1.977114558219910,5.217297077178955,6.758596897125244
5.933,out,-4.812610626220703,4.628837585449219,5.618397235870361
5.934,of,-0.446303427219391,3.529341220855713,4.412002086639403
5.935,the,-1.252585530281067,3.115991115570068,4.589092731475830
5.936,power,-10.508363723754883,3.965316772460938,5.003419399261475
5.937,of,-2.117799282073975,4.268516063690186,4.941997528076172
5.938,the,-1.131896138191223,3.300327777862549,4.868656635284424
5.939,barber,-10.910780906677246,3.713590860366821,5.238170146942139
5.940,and,-3.146207332611084,3.669779300689697,3.785905361175537
5.941,then,-4.095722198486328,4.955173492431642,5.191919326782227
5.942,I,-3.805109262466431,5.671401500701903,6.085128784179688
5.943,slowly,-11.389376372098925,10.122842311859131,11.186760425567627
5.944,walked,-4.179488271474837,9.129319190979004,10.106315612792967
5.945,outside,-6.843874931335449,4.927438735961914,5.198160171508789
5.946,to,-3.075577735900879,6.272571086883545,6.490111827850343
5.947,join,-5.163718223571777,4.546513557434082,4.800560951232910
5.948,the,-1.437356472015381,5.029711723327637,5.886925220489503
5.949,man .,-6.691089853644371,16.254462957382202,20.114619731903076
5.950,He,-3.647783756256104,0.000000000000000,0.000000000000000
5.951,looked,-7.927460551261902,6.098505258560182,10.439846038818359
5.952,"down ,",-7.297263383865357,8.231254816055298,11.190160274505615
5.953,smiled,-5.305725622922181,6.171786069869995,9.883657932281494
5.954,at,-4.857974052429199,3.927144289016724,5.456641674041748
5.955,"me ,",-3.302321314811707,9.582606792449951,12.007390022277832
5.956,then,-3.569263458251953,5.531542301177979,5.735322952270508
5.957,he,-4.882533073425293,5.386739253997803,6.273435592651367
5.958,patted,-12.133595466613770,10.608531951904297,13.387146949768065
5.959,me,-1.903077840805054,3.880596160888672,5.950124740600586
5.960,on,-2.154057502746582,4.550529479980469,5.098119258880615
5.961,the,-1.087298870086670,3.489298343658448,5.146328926086426
5.962,top,-5.585889816284180,4.023089885711670,5.536478519439697
5.963,of,-1.080971479415894,4.326513290405273,4.482690334320068
5.964,my,-1.325442910194397,3.951205968856812,5.355651855468750
5.965,bald,-10.032326459884645,5.452257156372070,9.207514286041260
5.966,as,-8.380152702331543,3.416482686996460,4.365171432495116
5.967,a,-2.671342372894287,5.025469779968262,5.999919414520264
5.968,coot,-15.168969035148619,9.369161844253538,13.711413860321045
5.969,head .,-12.896135181188585,15.058746814727785,17.551159381866455
5.970,It,-3.835548400878906,0.000000000000000,0.000000000000000
5.971,was,-2.245547771453857,3.240544319152832,5.025370121002197
5.972,a,-2.183984756469727,3.282635211944580,5.404700756072998
5.973,fact,-6.485014915466309,1.660133481025696,4.410464763641357
5.974,of,-1.375005125999451,2.846124172210693,5.265303134918213
5.975,my,-8.202512741088867,2.842024326324463,4.884321212768555
5.976,life,-0.758159637451172,2.943994045257568,3.598827123641968
5.977,that,-0.245791912078857,3.282141923904419,3.491560459136963
5.978,I,-1.176083803176880,4.292789936065674,5.819933414459229
5.979,was,-1.624599575996399,4.448549270629883,6.109396934509277
5.980,not,-2.623764038085937,4.078363418579102,5.882415294647218
5.981,gonna,-23.865928649902344,3.248748779296875,7.790159225463867
5.982,have,-11.544090270996096,4.389986991882323,5.578920841217041
5.983,hair,-11.582104682922365,3.610657215118408,5.812496185302733
5.984,that,-5.044442653656006,4.658710479736328,4.923788070678711
5.985,was,-2.652015209197998,5.191295623779297,5.916777133941650
5.986,anything,-6.570091724395753,4.700211048126222,5.852967739105225
5.987,like,-3.903521060943604,4.934767246246338,5.644856452941895
5.988,Elvis 's,-11.888926303014159,14.489013910293577,21.154676914215088
5.989,anytime,-13.370551109313965,6.922081708908081,10.861411571502686
5.990,soon .,-1.810403287410736,12.959104537963867,16.234353065490723
5.991,I,-5.357283115386963,0.000000000000000,0.000000000000000
5.992,then,-8.536972045898438,2.848033428192139,6.704432010650635
5.993,looked,-5.008310735225677,7.850285053253174,11.776170253753662
5.994,up,-2.888574123382568,4.812007904052733,6.068595409393311
5.995,at,-2.628497600555420,4.485548973083496,6.112723827362061
5.996,the,-0.969229400157928,3.493306159973145,5.382528305053711
5.997,barber,-10.659568786621094,3.795932292938232,5.854888916015625
5.998,with,-5.935827255249023,5.334217071533203,5.820702075958253
5.999,my,-2.654833316802979,4.439860820770264,5.774203300476074
5.1000,wet,-9.573826789855957,3.542932987213135,5.515651702880858
5.1001,red,-5.353439331054688,5.875493764877318,9.470115184783936
5.1002,eyes,-3.099981784820557,5.043901920318604,6.704715728759767
5.1003,and,-1.337615132331848,4.420570373535156,4.763591289520264
5.1004,"asked ,",-6.847017419990152,13.604726314544678,16.251717567443848
5.1005,`` Do,-3.756829246878624,15.872874498367310,21.836140632629395
5.1006,you,-0.966472744941711,4.376499652862549,5.517897129058838
5.1007,know,-2.131651401519775,4.298479557037354,5.163055419921875
5.1008,if,-3.096540451049805,4.668969154357910,5.085573673248291
5.1009,Elvis,-11.909460067749025,3.684523105621338,4.937475204467773
5.1010,Presley,-2.637628555297852,4.207046985626222,5.259845256805420
5.1011,has,-3.334903717041016,4.669845104217528,4.943492889404297
5.1012,green,-9.654054641723633,4.428527832031250,5.735007286071777
5.1013,bones ? '',-21.732430158881471,32.601085186004639,35.754683017730713
6.1,This,-4.780575275421143,0.000000000000000,0.000000000000000
6.2,is,-1.566251993179321,3.569642782211304,6.241889953613281
6.3,a,-1.831167459487915,2.752973079681396,5.553090572357178
6.4,story,-4.995989322662354,2.479375600814820,4.638405799865723
6.5,of,-0.599438786506653,3.653132200241089,5.058897972106934
6.6,how,-2.206002473831177,3.511741161346436,4.555944442749023
6.7,Mr.,-3.454366667196155,5.037383794784546,7.339618682861327
6.8,Sticky,-17.005936622619632,8.867165803909304,14.031768321990967
6.9,got,-5.096158027648926,4.947147369384767,6.004206180572510
6.10,in,-3.833869934082031,3.845594644546509,5.133648872375488
6.11,Abby 's,-18.038578901236178,14.966757535934448,20.480963706970215
6.12,fish,-10.929606437683104,2.894909381866455,4.786622047424316
6.13,tank .,-11.863045930862427,13.735788345336914,16.988528251647949
6.14,`` He 's,-7.632415607182338,23.046664714813232,31.962613105773926
6.15,very,-3.512254714965820,4.868953704833983,6.519619941711426
6.16,"small , ''",-25.719284415245053,23.043991565704346,25.628242492675781
6.17,Abby 's,-16.459147661924362,19.930264949798584,21.114252567291260
6.18,mom,-9.246456146240234,5.378436565399170,5.529251098632812
6.19,said,-3.064250230789185,4.769073963165283,5.830769538879395
6.20,as,-6.344080448150635,4.786098480224608,5.192022323608398
6.21,she,-2.409020423889160,5.099092960357666,6.153509616851808
6.22,peered,-8.840686619281771,9.035794973373411,11.149639606475830
6.23,at,-2.836205244064331,5.275794029235840,6.147758960723878
6.24,the,-1.249913811683655,4.552715301513672,5.943953514099121
6.25,tiny,-8.416146278381348,4.871838569641113,6.156898498535156
6.26,water,-8.112413883209229,7.794403314590454,9.919454097747805
6.27,snail .,-16.598667263984680,14.164199352264404,15.826297283172609
6.28,Abby,-12.628095626831055,0.000000000000000,0.000000000000000
6.29,said,-8.226985931396483,3.863729953765869,2.867890357971191
6.30,that,-1.674295902252197,5.388129234313965,3.964460849761963
6.31,he,-3.791845798492432,4.661182403564453,5.832187175750732
6.32,would,-3.447393178939820,4.851729393005371,5.390430450439453
6.33,grow,-10.602151870727539,4.442580223083496,5.962658405303955
6.34,and,-4.825654029846191,5.435924530029297,6.194364547729492
6.35,then,-5.311865329742432,5.527648448944092,5.858194828033447
6.36,pulled,-13.042737960815430,10.346838474273682,12.029396533966064
6.37,her,-7.568403720855713,4.232180595397948,6.514450073242188
6.38,pajama,-17.169771194458008,7.247180223464966,10.932698249816896
6.39,bottoms,-14.949552536010742,9.232383251190186,12.772360801696776
6.40,up,-3.990061283111572,4.903715133666992,5.658782005310059
6.41,again,-3.368436336517334,4.448931694030762,4.764243125915527
6.42,before,-5.232369899749756,5.152499675750732,4.987743377685547
6.43,she,-3.106452941894531,3.849169731140137,5.177470207214356
6.44,got,-3.535211086273193,4.228599548339844,5.298488140106201
6.45,into,-2.474916458129883,4.890396118164063,5.439548969268799
6.46,"bed ,",-8.576482057571411,12.003808975219727,14.727498054504395
6.47,for,-5.774504661560059,5.374430656433105,6.003443717956543
6.48,they,-7.521875381469727,4.812240123748778,5.177565574645996
6.49,were,-2.171280860900879,5.272569179534912,5.718318939208983
6.50,always,-5.764256954193115,5.477505683898926,5.888427734375000
6.51,falling,-6.492362022399902,4.851894378662108,5.452096939086914
6.52,down .,-6.069111984223127,14.101227283477783,16.338905334472656
6.53,"Usually ,",-10.085957883857192,4.492856860160828,7.623471975326538
6.54,Abby 's,-18.977032941766083,13.794790029525757,20.456670522689819
6.55,mom,-10.087737083435060,4.635159015655518,6.110861778259277
6.56,got,-6.375130176544189,4.191757678985597,5.489416122436523
6.57,up,-4.017176628112793,3.241685390472412,5.119961738586426
6.58,at,-2.522509574890137,3.606281757354736,5.196121692657472
6.59,the,-1.145287275314331,3.050496578216553,4.747587680816650
6.60,crack,-8.953371047973633,3.694698810577393,5.527609348297119
6.61,of,-1.663867115974426,4.887333869934082,5.272562503814697
6.62,"dawn ,",-10.321300268173220,12.590087175369263,15.830911159515381
6.63,but,-2.054132938385010,5.346609592437744,5.094220161437988
6.64,it,-3.284584045410156,5.360157966613770,5.893204689025879
6.65,was,-1.442186117172241,5.392451286315918,5.825042724609375
6.66,Abby,-14.296590805053713,4.762076377868652,6.041216850280763
6.67,who,-2.956946372985840,6.100902080535889,6.606477737426758
6.68,jumped,-7.614752769470215,4.955976009368896,5.984048843383789
6.69,out,-2.491388082504272,4.598300457000732,5.670148372650146
6.70,of,-0.428538680076599,4.504243850708008,5.297919273376465
6.71,bed,-3.859880447387695,7.841641902923584,9.953948020935060
6.72,first,-7.866682052612305,4.965951919555664,6.009910583496094
6.73,the,-7.251027107238770,4.099493980407715,5.284700393676758
6.74,next,-1.240750670433044,5.035659313201903,6.119985103607178
6.75,morning,-1.836347341537476,4.883707523345947,5.708275794982910
6.76,and,-1.923825502395630,5.765063762664795,5.797605991363525
6.77,switched,-6.476602162903871,9.964797973632812,10.817723751068117
6.78,on,-3.616561889648438,5.186517715454102,5.499409198760986
6.79,the,-1.767078161239624,4.782841682434082,5.986676216125487
6.80,light,-9.137693405151367,5.041216373443604,6.148635864257812
6.81,in,-4.173837661743163,4.340282440185547,5.018995285034180
6.82,her,-4.080058097839356,4.766237258911133,6.362771034240723
6.83,fish,-10.457334518432617,4.196767807006837,5.641345500946045
6.84,"tank ,",-11.274297237396240,9.885944843292236,11.232388496398926
6.85,which,-2.933531284332275,4.694036006927490,4.837437152862549
6.86,contained,-6.134394079446793,10.154888153076172,10.596031665802002
6.87,three,-4.761426925659180,5.913372993469237,6.145985603332520
6.88,fish .,-6.398210071027279,13.214979410171509,16.354708194732666
6.89,At,-4.843098163604736,0.000000000000000,0.000000000000000
6.90,"first ,",-4.460155844688416,4.635323643684387,7.535619974136353
6.91,she,-4.059333801269531,3.170784235000610,2.689048051834106
6.92,could,-4.912415981292725,3.908716201782227,5.217415809631348
6.93,see,-4.466744899749756,3.816385030746460,4.371061801910400
6.94,neither,-8.605530738830566,3.709192037582397,4.723149299621582
6.95,hide,-11.813905715942385,3.256218433380127,4.683170318603517
6.96,nor,-2.826749801635742,4.638989448547363,5.382915496826172
6.97,hair,-8.509954452514647,5.106812953948975,6.154211044311523
6.98,of,-5.169500350952148,4.353964805603026,5.164516448974608
6.99,the,-1.599924325942993,4.171638965606689,5.480628490447998
6.100,"snail ,",-14.125587940216064,9.370719909667969,10.067297458648682
6.101,but,-1.641844391822815,2.824537992477417,2.892184972763061
6.102,then,-3.904549598693848,3.827344894409180,4.144057273864746
6.103,she,-1.634993314743042,4.385775089263916,5.030030250549316
6.104,spotted,-8.159742238000035,9.033504486083984,11.104382514953613
6.105,him .,-4.808354765176773,11.725742816925049,16.206213951110840
6.106,It,-3.835548400878906,0.000000000000000,0.000000000000000
6.107,had,-4.418177604675293,2.574738502502441,4.862458229064941
6.108,taken,-5.850282430648804,5.385342597961426,8.472647666931152
6.109,Abby,-15.837060928344727,2.424951076507568,5.068090438842773
6.110,a,-6.632450103759767,4.111254692077637,5.356365680694580
6.111,while,-6.350285649299622,6.506502866744995,10.003056049346924
6.112,to,-1.070403456687927,4.203856945037842,5.958988189697267
6.113,find,-2.919575452804565,2.889957904815674,4.308108329772948
6.114,Sticky,-17.643483519554135,10.119940280914307,15.190787315368652
6.115,because,-6.538135409355164,7.190091133117676,9.475286483764648
6.116,he,-1.596242904663086,5.221518039703369,6.256152629852295
6.117,was,-1.624048113822937,5.108987808227539,6.107295989990233
6.118,clinging,-11.565116432146171,6.970305919647218,10.733953475952148
6.119,to,-0.136817365884781,4.950429439544678,5.608667373657227
6.120,the,-1.283802866935730,4.626334190368652,5.928741455078125
6.121,glass,-7.596199035644531,3.690914154052734,5.356811046600342
6.122,near,-9.793923377990724,4.170908927917480,4.426294326782227
6.123,the,-1.060895681381226,4.603488922119142,5.513939380645752
6.124,"bottom ,",-6.435888528823853,9.431758880615234,11.023216247558594
6.125,right,-6.766326427459718,4.757814407348633,6.183310508728027
6.126,next,-5.356469154357910,4.782818317413330,5.784232616424561
6.127,to,-0.088435888290405,4.999996662139893,5.565901756286621
6.128,the,-0.717617869377136,5.244983673095703,6.170289516448975
6.129,gravel .,-11.286270081996920,20.680271863937378,26.168769836425781
6.130,At,-4.843098163604736,0.000000000000000,0.000000000000000
6.131,school,-9.114542007446287,2.576742410659790,4.094698905944823
6.132,that,-5.976163387298584,3.632224798202514,6.394217967987061
6.133,"day ,",-2.435996860265732,9.607938766479492,15.310341835021971
6.134,"Abby ,",-18.041126251220703,8.168240785598755,10.149157524108887
6.135,encouraged,-10.228672966361048,7.871626377105713,11.062746047973633
6.136,by,-0.523859858512878,4.497922420501709,4.815560817718506
6.137,her,-1.760657668113708,5.393349647521973,6.801750183105469
6.138,"teacher ,",-7.430627346038819,6.915468931198120,9.602323055267334
6.139,wrote,-4.373668738175184,9.576836585998537,13.663874149322510
6.140,excitedly,-14.113452658057213,7.888935565948486,12.238588809967039
6.141,about,-1.375355243682861,4.517116069793701,5.064442157745361
6.142,the,-0.950287461280823,5.050275325775146,5.519709587097168
6.143,small,-7.595117092132567,4.054862976074219,5.610311031341553
6.144,and,-4.736017227172852,4.748897552490233,5.144120693206787
6.145,mysterious,-7.020236492156982,5.077401638031006,5.902874469757080
6.146,Mr.,-6.075222515501082,6.645330429077148,8.577023983001709
6.147,"Sticky ,",-17.600381135940552,13.887664437294006,18.881492614746094
6.148,who,-2.028919935226440,5.658962726593018,5.940804004669189
6.149,you,-8.175477027893066,5.002369880676270,5.967182636260986
6.150,could,-3.328455448150635,4.999987125396729,6.094770908355713
6.151,mistake,-11.450494766235352,5.402347564697267,6.112110137939452
6.152,for,-4.831046104431152,5.423721313476562,6.213185310363770
6.153,a,-2.233545064926147,5.158311367034912,5.763585090637207
6.154,piece,-6.434550404548645,7.513389825820923,9.090292930603027
6.155,of,-0.540962696075439,5.421898841857910,5.756485939025879
6.156,gravel .,-10.241044431924818,20.222000360488892,25.608408927917480
6.157,He,-3.647783756256104,0.000000000000000,0.000000000000000
6.158,seemed,-7.885252095526083,4.378195524215698,8.781971931457520
6.159,an,-4.646490573883057,3.531005382537842,5.772915840148926
6.160,ideal,-4.109419345855713,3.095498561859131,5.552200794219972
6.161,pet,-11.035473823547363,1.144797563552856,3.305332183837890
6.162,for,-4.020560264587401,4.535140514373778,5.293031215667725
6.163,"her ,",-7.495307326316833,7.769070386886597,10.186494827270508
6.164,some,-6.173674583435059,5.050905704498291,6.357023239135742
6.165,of,-2.257970809936523,4.023527622222900,4.891693592071533
6.166,the,-3.020694255828857,4.543745040893555,5.516592502593994
6.167,girls,-7.094319500029088,7.364525794982910,9.134368896484377
6.168,in,-3.279596090316772,4.024774074554443,4.541703224182129
6.169,her,-2.147553205490112,3.846090078353882,5.691466808319093
6.170,class,-4.213711857795714,6.353973150253296,9.483179569244383
6.171,"teased ,",-19.248396277427673,13.750941395759583,17.633858919143677
6.172,because,-5.113765373826028,8.114566802978517,10.215247631072998
6.173,Abby,-14.210645675659180,5.038650512695312,6.016701698303223
6.174,was,-2.651865959167480,5.074953556060791,5.913448810577393
6.175,also,-5.719489097595215,5.040742874145508,5.925964355468750
6.176,very,-5.296334743499756,5.399222373962402,6.437169075012207
6.177,small .,-7.688327737152576,11.697628259658813,15.387503623962402
6.178,That,-4.601949214935303,0.000000000000000,0.000000000000000
6.179,"evening ,",-8.378739744424820,4.291626930236816,7.984687566757202
6.180,Abby,-12.807404518127440,3.421895265579224,5.635728359222412
6.181,turned,-10.262065887451172,3.699372053146361,4.820864200592041
6.182,on,-3.387821912765503,3.184212207794189,4.602835655212402
6.183,the,-1.280237913131714,3.751324415206909,5.032400131225586
6.184,light,-8.142857551574707,3.034260749816895,5.476882934570312
6.185,and,-2.714548587799072,5.505015850067139,5.735695838928223
6.186,found,-4.836730003356934,4.033906459808350,4.864846706390381
6.187,Mr.,-4.460157447028905,6.117565870285034,7.768572807312013
6.188,Sticky,-16.304632663726807,10.279559373855589,15.239761352539062
6.189,clinging,-10.174116854788736,8.674173593521116,12.136324405670164
6.190,to,-0.161294385790825,4.922697067260742,5.337866783142090
6.191,the,-1.221909403800964,4.980147361755371,5.844507217407227
6.192,pond,-9.698969125747679,6.837438344955443,9.961097717285156
6.193,weed,-13.660786688327789,7.799853324890138,10.252689361572266
6.194,and,-3.363511323928833,5.463027954101562,5.817315101623535
6.195,bobbing,-8.699647545814514,10.832014560699463,13.802294254302980
6.196,about,-5.153946876525879,5.243163108825684,5.747026920318604
6.197,in,-4.443034172058105,3.666823863983153,4.866177082061768
6.198,the,-1.310656189918518,4.296977519989014,5.555385112762451
6.199,air,-3.832714080810547,4.511819839477539,5.449202537536621
6.200,bubbles .,-16.154043070971966,17.435259819030762,22.072182655334473
6.201,`` That,-6.669296294061496,9.357903003692627,15.439665794372559
6.202,looks,-6.916230089962482,8.683261871337889,11.173916816711426
6.203,fun ! '',-26.996251264819875,25.525835275650024,30.488976716995239
6.204,Abby,-13.691177368164062,5.468089103698730,6.246548652648926
6.205,exclaimed .,-13.118541441857813,16.062950849533081,20.571243762969971
6.206,She,-5.895580291748048,0.000000000000000,0.000000000000000
6.207,tried,-7.346105098724365,4.394210815429688,5.253299713134767
6.208,to,-0.468299269676208,3.425556898117065,5.387298583984375
6.209,imagine,-8.210344314575195,3.397469520568848,4.853286266326903
6.210,what,-2.989312171936035,3.799441337585449,3.743367671966553
6.211,it,-3.940617561340332,2.764278888702393,4.568127155303955
6.212,must,-10.488802909851074,3.835254192352295,5.385104656219482
6.213,be,-1.006595730781555,4.278203964233398,6.129333496093750
6.214,like,-2.762220621109009,4.615564346313477,5.240362167358398
6.215,to,-1.238088726997376,5.447447776794434,6.320639133453369
6.216,have,-2.967172861099243,3.972082853317261,5.101888656616211
6.217,to,-4.889788150787354,5.346701145172119,6.650203227996826
6.218,hang,-7.157322883605957,7.977923870086670,9.682632446289062
6.219,on,-1.168041944503784,5.236738204956055,5.578458786010742
6.220,to,-0.431528300046921,4.850666999816895,5.374958992004395
6.221,things,-6.779031276702881,8.063243865966799,8.725535869598389
6.222,all,-6.470455169677733,3.962252140045166,4.669999122619629
6.223,day,-3.927158355712890,8.263676404953003,9.622189521789551
6.224,and,-3.346523284912109,5.082663059234619,5.598352432250977
6.225,decided,-6.886952400207520,5.293863296508789,5.590092658996582
6.226,the,-3.962873935699463,5.504086494445801,6.157942295074463
6.227,answer,-5.598159790039063,5.178265094757080,5.510796546936035
6.228,was,-1.005339860916138,5.272315025329590,5.789981365203857
6.229,that,-4.531512737274170,4.639385223388672,4.999857425689697
6.230,it,-2.412646293640137,4.274820327758788,5.197570800781250
6.231,was,-0.799301385879517,5.370930194854736,5.790295600891112
6.232,probably,-6.289209002512507,7.102922916412354,10.185096263885498
6.233,very,-5.995273113250732,5.318240165710449,6.077233314514160
6.234,tiring .,-14.127435965463517,20.258651018142700,24.162898540496830
6.235,Abby,-12.628095626831055,0.000000000000000,0.000000000000000
6.236,told,-10.165242671966553,5.637549877166747,9.191157341003418
6.237,her,-1.741554737091064,4.084844589233398,6.079882144927979
6.238,mom,-9.964188575744627,4.509624004364014,5.777823448181152
6.239,that,-1.668289184570312,4.193635463714600,4.919255733489990
6.240,she,-0.725449085235596,3.927922248840332,5.113378524780273
6.241,thought,-4.946332931518555,4.924099922180176,5.518586158752441
6.242,Sticky,-17.036430239677429,9.385247230529783,14.064731121063232
6.243,had,-3.424318790435791,5.454742908477783,6.068500518798827
6.244,grown,-4.980325698852539,4.598401069641113,6.089406490325928
6.245,a,-3.950525760650634,4.192435264587401,5.904235363006593
6.246,bit,-2.628940343856812,4.243033885955811,5.866980075836183
6.247,the,-7.506208419799805,2.264365911483765,4.354474067687988
6.248,next,-5.247617244720459,4.725537300109863,6.262688636779785
6.249,day,-0.835195988416672,6.984932184219360,9.185133934020996
6.250,at,-4.127695083618163,3.651477575302124,4.396777629852295
6.251,breakfast .,-8.677270248532295,14.499656438827515,20.131138801574707
6.252,`` Just,-9.239195853082492,9.046526193618774,15.645543098449711
6.253,as,-1.857475757598877,3.735133647918701,5.042666912078857
6.254,well,-5.381688117980957,4.279643535614014,5.848999023437500
6.255,if,-6.113391399383545,3.853309869766235,5.342288494110107
6.256,he 's,-6.015407159924507,16.715247869491577,21.181248188018799
6.257,going,-2.304104328155518,5.014208316802979,6.569637298583983
6.258,to,-0.032796021550894,5.333747386932373,6.138581275939941
6.259,be,-2.215596675872803,4.264043807983398,5.478078365325928
6.260,gobbled,-12.674973487854006,4.478261947631836,6.012604236602782
6.261,up,-0.016972294077277,5.368611335754395,6.417769432067871
6.262,like,-5.028927803039551,4.679978370666504,5.870126724243164
6.263,"that , ''",-22.081039875745773,24.644246578216553,27.632695198059082
6.264,her,-8.771345138549805,5.438337326049805,5.459413528442383
6.265,mom,-7.415320396423340,5.237527370452881,5.593579292297363
6.266,responded,-9.420682191848757,10.221514225006104,10.696957111358644
6.267,who,-8.960720062255859,5.422842979431152,5.525725364685059
6.268,was,-2.912362098693848,5.722084522247314,6.077471733093263
6.269,busy,-9.064754486083984,5.701677322387695,5.904731273651122
6.270,preparing,-7.127705693214921,8.993216991424561,9.919758796691896
6.271,breakfast .,-11.282013785094021,17.388989925384521,20.068970680236816
6.272,Abby,-12.628095626831055,0.000000000000000,0.000000000000000
6.273,whined,-22.048679351806641,10.254572868347168,17.519804000854492
6.274,that,-2.769768953323364,4.824468135833740,4.802037239074707
6.275,she,-3.521300077438354,4.200970649719238,5.483632087707520
6.276,did n't,-3.136483177506079,16.258276224136353,21.109967708587646
6.277,want,-2.235624790191650,4.704123497009277,4.926409721374512
6.278,him,-5.321743965148926,5.123387813568115,6.256196975708008
6.279,to,-0.465596556663513,5.146584033966064,5.948687076568604
6.280,get,-4.305450916290283,4.276720046997069,5.224446296691895
6.281,too,-4.758277416229248,3.531129360198975,5.716087818145753
6.282,big,-3.860279083251953,4.746797561645508,5.270025730133057
6.283,or,-4.323609352111816,4.800430297851562,5.155829429626465
6.284,he,-6.896054267883301,4.320019245147705,4.753177642822267
6.285,would n't,-2.971354901287214,17.141764879226685,20.727519989013672
6.286,be,-2.190429925918579,5.068807601928711,5.176430702209473
6.287,cute,-9.824587821960449,5.178826332092285,5.900620937347412
6.288,anymore .,-5.530805613845588,16.990204572677612,20.591502666473389
6.289,`` Small,-11.587381392328096,7.798271894454956,14.054091930389404
6.290,"things ,",-9.488363265991211,11.984173536300659,14.654566764831541
6.291,not,-4.698794364929199,3.721544981002808,4.271172046661377
6.292,big,-3.450279235839844,5.258466243743896,5.671020507812500
6.293,"things ,",-5.544936537742615,13.834670543670653,16.006340026855469
6.294,are,-1.582305908203125,5.107475757598877,5.398417949676514
6.295,"cute ,",-10.050691604614258,10.134245872497559,11.376027584075928
6.296,right ? '',-24.344414762104861,25.754801034927368,30.658257722854614
6.297,she,-2.703332424163818,4.968266010284424,5.550295829772949
6.298,"asked ,",-5.786649227142334,11.433268547058105,15.569827556610107
6.299,half,-9.565761566162109,3.922491788864136,4.754360198974608
6.300,to,-6.089703559875487,5.014228820800781,5.927948474884032
6.301,herself .,-9.850084949284794,17.875379085540771,21.033647537231445
6.302,The,-1.715715885162354,0.000000000000000,0.000000000000000
6.303,next,-6.374516487121582,2.720926523208618,5.663381576538086
6.304,day,-1.310387909412384,3.761121034622192,6.334099292755128
6.305,in,-4.564683437347412,2.658091068267822,3.522483348846436
6.306,art,-13.726670265197756,5.319167375564575,7.570337772369385
6.307,"class ,",-10.235924601554869,10.643203258514404,14.147099494934082
6.308,Abby,-12.142607688903807,4.263071060180663,5.861635208129883
6.309,needed,-11.243001937866213,4.624410629272461,6.339654922485352
6.310,two,-4.412049293518066,5.782361507415772,6.791018962860107
6.311,pieces,-4.793470501899718,8.110064983367920,10.577073574066162
6.312,of,-0.499163925647736,5.244623184204102,5.469477653503418
6.313,paper,-2.726772308349609,4.482839584350586,6.123464584350586
6.314,that,-4.061234951019287,3.489802360534668,3.916794061660767
6.315,were,-2.593184947967529,5.796974658966064,6.248600959777832
6.316,very,-5.589696884155273,5.874027252197267,6.567218780517577
6.317,"expensive ,",-6.389591693878174,11.603146553039551,12.634250640869141
6.318,to,-4.536015987396240,4.776250839233398,6.105340003967285
6.319,draw,-6.158198356628418,4.262320995330811,4.794378757476807
6.320,an,-4.384158611297607,4.864941120147705,6.266286849975586
6.321,"elephant ,",-12.235891819000244,9.760409355163574,11.759513378143311
6.322,but,-2.748224735260010,4.393512725830078,4.391703605651856
6.323,the,-2.469452857971191,5.504438400268555,5.746143341064452
6.324,teacher,-7.674028396606445,4.682344913482666,5.203144550323486
6.325,did n't,-3.350527003257866,19.187187671661377,22.113899707794186
6.326,mind,-5.750605583190918,6.281739711761475,6.340406417846680
6.327,Abby,-15.403582572937012,5.477719306945801,6.405349254608153
6.328,using,-10.272060632705687,9.476552009582520,10.084424018859863
6.329,the,-1.207392454147339,5.761216640472412,6.061882495880128
6.330,expensive,-7.470982551574707,5.844734668731689,6.060031890869142
6.331,paper,-4.290621757507323,4.737185478210449,5.391451835632324
6.332,because,-5.292127909488045,9.124735355377195,10.061467170715332
6.333,she,-1.594129800796509,5.334017753601074,5.856823921203612
6.334,was,-1.603852868080139,5.705618858337402,6.085007667541504
6.335,pleased,-8.085612135590054,9.201017141342165,11.411740779876707
6.336,with,-1.060533642768860,5.361403465270996,5.614403247833252
6.337,the,-0.612457931041718,6.068775177001952,6.091387271881104
6.338,drawing,-7.007140159606934,4.021336078643799,5.109155178070068
6.339,and,-3.635804891586304,4.812140464782715,5.161606788635254
6.340,wanted,-4.553121121600269,10.823401927947998,11.400589466094971
6.341,it,-2.598352193832397,6.149618625640869,6.300604343414308
6.342,on,-3.714516639709473,3.698742389678955,3.961655616760254
6.343,the,-1.090281248092651,5.195943355560303,5.823658943176270
6.344,wall .,-4.755194198340177,14.844228744506836,16.176588058471680
6.345,The,-1.715715885162354,0.000000000000000,0.000000000000000
6.346,"teacher ,",-12.598727703094482,7.697080135345460,12.663339614868166
6.347,who,-1.296937942504883,5.322118759155273,6.437459468841553
6.348,was,-2.534447193145752,4.711719512939453,5.956085681915282
6.349,always,-6.380125999450684,4.625886440277100,6.245144367218018
6.350,very,-5.392004013061523,4.594821453094482,6.291903495788574
6.351,"encouraging ,",-8.941588759422302,8.455327510833740,11.354132175445557
6.352,remarked,-8.328118324279785,7.493990898132324,10.193663597106934
6.353,that,-1.226067423820496,4.945647239685059,5.586977005004883
6.354,the,-1.952279806137085,4.529530048370361,4.960957527160645
6.355,drawing,-9.781407356262207,3.950280666351318,5.204655647277832
6.356,Abby,-15.797785758972168,3.776662826538086,5.495933055877686
6.357,had,-3.155349969863892,4.795435905456543,4.777353286743164
6.358,made,-3.557076215744019,4.502332210540772,4.726698875427246
6.359,was,-6.185992240905763,4.617665290832520,5.141033172607422
6.360,very,-6.382488727569580,5.533715248107910,6.042669296264648
6.361,creative,-7.082624435424805,4.627820968627930,5.411387443542480
6.362,and,-1.975088357925415,4.902040481567383,4.782719135284424
6.363,beamed,-12.076036617159845,13.544611215591431,15.626901626586914
6.364,at,-4.177871704101562,4.807189941406250,4.998820781707764
6.365,"Abby ,",-19.253830194473267,7.403355836868286,9.259216308593750
6.366,giving,-9.113636493682860,8.859148025512695,9.422686100006104
6.367,her,-2.513366699218750,5.446835041046143,6.141593456268311
6.368,the,-1.899762511253357,5.863250255584718,6.343241214752197
6.369,seal,-11.006669282913208,8.392663717269897,12.123338460922241
6.370,of,-0.217562645673752,4.803320884704590,6.863529205322267
6.371,approval .,-1.086041748523712,13.304160118103027,14.233571052551271
6.372,Back,-8.572368621826174,0.000000000000000,0.000000000000000
6.373,at,-3.182099819183350,1.866055011749268,4.438876152038574
6.374,"home ,",-3.946104854345321,5.108846187591553,9.405069351196289
6.375,"Mom ,",-12.509431838989258,6.872719287872314,10.086161375045776
6.376,convinced,-12.249615639448164,6.937003850936890,9.892715930938721
6.377,by,-3.251354694366455,3.846103906631470,3.949337005615233
6.378,Abby,-14.007963180541992,3.440531492233276,4.817427635192871
6.379,to,-5.727003097534180,4.624490261077881,6.074860095977782
6.380,clean,-7.818020820617676,3.833116292953491,4.527399063110352
6.381,out,-3.433911800384521,3.946340322494507,4.138291835784912
6.382,the,-1.295217275619507,4.566103458404541,5.246455669403076
6.383,"tank ,",-9.392675876617432,9.494383335113525,10.837885856628418
6.384,was,-2.453821420669556,5.205641269683838,6.398661136627197
6.385,cleaning,-8.927253842353821,8.227390766143799,9.616857051849363
6.386,with,-6.503749847412108,3.717436313629150,3.841539144515991
6.387,a,-2.258947372436523,4.808882713317871,5.748759746551514
6.388,special,-7.002455711364746,4.522437572479248,6.042564868927003
6.389,"vacuum ,",-10.742999076843262,8.764965295791626,10.579565048217773
6.390,or,-5.766779422760010,4.767539024353027,4.856431961059570
6.391,`` hoover '' .,-43.980538425268605,43.098227262496948,52.697675704956055
6.392,`` Where 's,-12.658534474281623,21.091768026351929,32.021604537963867
6.393,Mr.,-6.367556422948838,8.297322273254395,10.599302291870117
6.394,Sticky ? '',-28.896742863580585,33.648009300231934,37.669730901718140
6.395,Abby,-14.212285995483398,5.664685249328612,6.349613189697267
6.396,asked,-4.499539494514464,7.907922267913817,10.555401325225830
6.397,first,-10.326450347900391,4.854863643646240,5.792735576629639
6.398,thing,-7.612930536270142,8.839078903198242,10.292788028717039
6.399,when,-5.341936588287354,4.498346805572510,5.018837451934815
6.400,she,-2.652284145355225,4.704359054565430,5.665521144866942
6.401,came,-4.674376487731934,8.820652484893799,10.384977340698242
6.402,home,-3.764100074768066,4.971797466278076,5.694657802581787
6.403,from,-1.752541422843933,5.069152832031250,5.200999259948730
6.404,school .,-7.504074454307556,14.070919036865234,15.614541530609131
6.405,`` On,-8.606011896936252,8.451449394226074,14.802228450775148
6.406,the,-1.185348749160767,3.470842599868774,4.375928878784181
6.407,"side , ''",-27.431300878524784,22.024561166763306,30.903367042541504
6.408,Mom,-7.054184913635254,4.608744621276856,5.417023658752441
6.409,replied .,-14.290937721729279,16.982506275177002,19.937853336334229
6.410,And,-4.322423458099365,0.000000000000000,0.000000000000000
6.411,then,-4.708255767822267,1.649551749229431,3.563762187957764
6.412,she,-4.645150184631348,5.652023315429688,5.144880294799805
6.413,"added ,",-6.941907525062561,8.092024326324463,9.048513412475586
6.414,`` Do n't,-5.754866448960456,28.446098804473877,36.551463603973389
6.415,worry .,-4.581134006381035,10.456536531448364,13.579217195510864
6.416,I,-5.357283115386963,0.000000000000000,0.000000000000000
6.417,went,-5.918667793273926,4.257826209068298,8.978747129440306
6.418,extra,-12.004143714904785,2.614797830581665,5.166212081909180
6.419,slowly,-7.232024766504765,7.610946416854858,11.193608283996582
6.420,since,-7.547890186309814,3.930804252624512,5.321635246276856
6.421,it 's,-8.233006073161960,15.528771638870239,20.726211309432983
6.422,better,-5.451273918151856,4.817666530609131,5.901774406433105
6.423,to,-1.367912411689758,5.022477149963379,6.138344287872314
6.424,be,-2.790018081665039,3.957133054733277,5.097517490386963
6.425,safe,-5.982077598571777,4.673740386962892,6.121400833129883
6.426,than,-1.050882339477539,4.321472644805908,5.061805248260498
6.427,sorry . '',-24.286892870833981,29.774207234382629,38.719650268554688
6.428,Abby,-12.628095626831055,0.000000000000000,0.000000000000000
6.429,looked,-13.903350353240967,5.318021059036255,9.862958431243896
6.430,on,-4.183845996856689,3.774650335311890,5.348771095275879
6.431,all,-5.360993862152100,3.292949199676514,4.924267292022705
6.432,sides,-5.500571250915527,3.878334760665894,5.478957176208496
6.433,of,-0.905390441417694,4.107924938201903,4.327335834503174
6.434,the,-0.221180394291878,3.835578203201294,4.361584186553955
6.435,"tank ,",-10.502399444580078,7.927422285079956,10.471279144287109
6.436,but,-2.432049751281738,4.636641979217528,4.539278984069824
6.437,there,-4.426682472229004,4.834150791168213,5.515987873077393
6.438,was,-0.606776416301727,5.974114418029785,6.374710083007812
6.439,no,-0.964259266853332,5.514032840728760,6.531501770019531
6.440,sign,-3.656801700592041,4.763513565063477,5.532701969146729
6.441,of,-0.598968446254730,5.902173042297362,6.105831623077393
6.442,the,-2.685443878173828,5.553896427154541,6.137326717376709
6.443,water,-6.635985136032104,8.507746696472168,10.783911705017090
6.444,snail,-13.908883094787598,5.002393245697021,6.009393215179442
6.445,that,-4.209496974945068,5.149827957153320,5.517195701599121
6.446,she,-6.167611122131348,4.582423210144043,5.824409484863281
6.447,had,-1.533643007278442,5.366602897644043,6.279422283172607
6.448,discovered,-6.652955290650425,8.819663047790527,10.652234554290773
6.449,a,-2.264289855957031,5.829555511474608,6.491113662719727
6.450,couple,-6.162957191467285,5.388370990753174,6.560065269470215
6.451,of,-0.157497137784958,6.136573791503906,6.619861602783202
6.452,days,-4.377021789550781,5.284168720245361,6.409853935241699
6.453,ago .,-1.096184445545077,12.429613113403320,14.601704597473145
6.454,She,-5.895580291748048,0.000000000000000,0.000000000000000
6.455,was,-3.107972145080566,3.213958024978638,6.178365707397461
6.456,very,-5.462224960327148,3.444149971008301,5.381566047668457
6.457,sad .,-7.334769681096078,7.657300710678101,13.948340892791748
6.458,Her,-7.607936859130858,0.000000000000000,0.000000000000000
6.459,mom,-8.904811859130859,3.856128454208374,5.790513038635254
6.460,said,-5.092622756958008,3.581306219100952,4.582440376281738
6.461,to,-4.314334869384767,4.498688220977783,6.348354816436768
6.462,wait,-11.042509078979492,3.767824172973633,5.498547077178955
6.463,a,-2.694582939147949,3.604773998260498,5.942738533020020
6.464,few,-1.458615303039551,3.990874767303467,6.020292282104492
6.465,hours,-1.872493982315064,4.183429718017578,4.880870342254639
6.466,until,-4.956864833831787,4.439512252807617,4.950884342193604
6.467,the,-2.023981332778931,3.913356781005859,4.857559680938722
6.468,water,-6.919582128524780,5.999326944351196,9.049869298934935
6.469,clears,-7.079340517520905,8.843367338180544,9.998805522918699
6.470,to,-4.059008598327637,4.541718006134033,5.281956672668457
6.471,take,-5.493571281433105,3.768410921096802,4.725875854492188
6.472,another,-6.968555927276611,5.240697860717773,6.504134654998778
6.473,careful,-12.098352432250975,4.441677093505858,6.404061317443848
6.474,look .,-1.621329326182604,12.246375799179077,14.262284278869629
6.475,That,-4.601949214935303,0.000000000000000,0.000000000000000
6.476,"evening ,",-8.378739744424820,4.291626930236816,7.984687566757202
6.477,Abby,-12.807404518127440,3.421895265579224,5.635728359222412
6.478,went,-8.939373970031738,6.264779329299928,8.896622657775879
6.479,up,-4.615904808044434,3.100620985031128,5.383733272552490
6.480,to,-1.475593686103821,4.063666343688965,5.063043594360352
6.481,her,-2.418521404266357,3.303586959838867,5.248606204986572
6.482,bedroom,-6.431154489517213,5.603342771530151,9.192708492279053
6.483,to,-1.983216762542725,4.211730003356934,5.839968681335449
6.484,check,-5.714645385742188,3.893506050109863,5.107590198516847
6.485,the,-1.710976839065552,4.302336215972900,5.413553714752197
6.486,tank,-7.923504352569580,3.763529777526856,5.478800296783447
6.487,again .,-6.486858580261468,12.440839529037476,15.645986557006836
6.488,The,-1.715715885162354,0.000000000000000,0.000000000000000
6.489,water,-8.833785533905029,5.759987831115723,9.571978569030762
6.490,had,-5.684065818786621,4.385973453521729,4.816783428192139
6.491,settled,-8.910676002502441,3.404475212097168,5.944926261901856
6.492,and,-4.164302825927733,4.956552982330322,6.000654220581055
6.493,looked,-8.058414830360563,9.666237354278564,11.185398578643801
6.494,"clear ,",-9.999205827713013,8.893389940261841,12.173672199249268
6.495,but,-1.520235776901245,5.321077823638916,5.683859348297119
6.496,Abby,-13.595931053161619,4.519944667816162,5.756437301635742
6.497,could,-6.505465030670166,5.552276134490967,5.661876678466798
6.498,not,-3.218659162521362,4.693431854248047,5.925920009613037
6.499,see,-3.601506710052490,4.724282264709473,5.168959617614746
6.500,Mr.,-5.376413132064044,6.284070730209351,8.306560039520264
6.501,Sticky .,-20.133915722370148,20.551018714904785,26.408927440643311
6.502,Abby,-12.628095626831055,0.000000000000000,0.000000000000000
6.503,kneeled,-23.486851930618290,4.569139003753662,8.248476982116701
6.504,down,-4.828617095947267,3.068921566009521,5.608373165130615
6.505,to,-2.723908424377441,3.826853752136231,5.713610649108888
6.506,have,-7.408640861511230,3.304697275161743,5.090834140777588
6.507,another,-4.348065853118896,4.268291473388672,5.404514789581299
6.508,look,-4.793479919433594,3.828578710556030,6.104982376098633
6.509,in,-4.237802028656007,3.416543006896973,3.936085700988770
6.510,the,-0.661348283290863,3.333822727203369,4.494044303894043
6.511,tank,-7.558644294738770,3.433289527893066,5.370373725891113
6.512,that,-4.674223423004150,4.785715579986572,5.295996665954590
6.513,her,-6.210692405700684,4.766230583190918,5.756010532379150
6.514,mom,-7.566597461700439,4.860171318054199,5.938297748565674
6.515,had,-2.295755863189697,4.882441043853760,5.896516323089600
6.516,cleared,-8.794576536864044,8.650270462036133,11.287625312805176
6.517,so,-6.754764556884767,4.686717033386231,5.193287372589111
6.518,"thoroughly ,",-10.107071903767064,13.951664924621582,15.646151065826416
6.519,but,-2.570149421691895,4.121845245361328,4.446541786193848
6.520,Mr.,-4.979079037904738,5.569737911224365,7.593242645263673
6.521,Sticky,-15.498098373413086,11.992713928222654,16.072332859039307
6.522,was,-2.861729145050049,5.981236457824707,6.371247768402100
6.523,still,-3.978134632110596,6.041442394256593,6.570795536041260
6.524,nowhere,-8.589816093444824,10.345456123352051,12.761015415191650
6.525,to,-1.819615602493286,5.262028217315674,6.426088333129883
6.526,be,-1.940911769866944,4.660958290100098,6.170064926147461
6.527,found .,-1.220752699300647,12.894393682479860,15.146725177764893
6.528,Abby,-12.628095626831055,0.000000000000000,0.000000000000000
6.529,was,-7.724647998809814,3.543841361999512,6.392313003540039
6.530,a,-2.190536737442017,4.444502830505371,5.627455234527588
6.531,bundle,-10.410468101501463,2.286235570907593,4.966017246246338
6.532,of,-1.500766754150391,4.745684623718262,5.427583217620850
6.533,nerves,-10.230137228965759,5.756172180175781,11.461265563964846
6.534,as,-4.591324806213379,4.002593040466309,3.962238311767578
6.535,she,-1.911354899406433,4.553542137145996,6.168363094329834
6.536,descended,-8.485724545549601,6.293099164962769,9.309975147247314
6.537,the,-4.465986251831055,4.347929954528809,4.996493339538574
6.538,stairs .,-9.712500646710396,13.544574260711668,18.772126674652100
6.539,In,-3.034920692443848,0.000000000000000,0.000000000000000
6.540,the,-1.750806689262390,1.847463726997376,5.030716419219972
6.541,"study ,",-7.223785981535911,4.311682701110841,7.933590412139893
6.542,surrounded,-11.806862808763981,5.649088740348816,9.938300371170042
6.543,by,-0.013597133569419,4.748239040374756,5.409141540527344
6.544,books,-7.443346023559570,2.880661487579346,4.927001476287842
6.545,and,-1.274380207061768,4.107697486877441,5.978054046630858
6.546,"papers ,",-6.720742821693420,6.928976058959960,10.394692897796631
6.547,her,-8.520521163940430,5.267458915710449,5.586146354675293
6.548,mom,-10.670969963073730,4.571165084838867,5.271780967712402
6.549,was,-2.845005273818970,4.266217708587647,5.288002490997314
6.550,working,-5.411417007446289,3.623531818389893,5.477351188659668
6.551,and,-5.107963562011719,4.333929061889648,4.559134006500244
6.552,she,-2.998017787933350,4.358617782592773,4.860608100891113
6.553,looked,-5.915363209322095,8.962349176406859,11.155015468597412
6.554,impatient,-9.770282745361328,4.584245204925537,5.957283973693848
6.555,when,-3.572112798690796,4.526227951049805,4.815433979034424
6.556,she,-0.531714200973511,4.448372840881348,5.626100540161133
6.557,saw,-3.908087253570557,4.537404537200928,4.863595008850098
6.558,Abby,-14.255704879760742,4.008521080017090,5.691981315612793
6.559,in,-4.731729507446289,3.351856946945190,4.463484287261963
6.560,the,-1.636385083198547,3.338712215423584,4.962702751159668
6.561,doorway,-11.185187339782717,4.305170536041260,5.064332008361816
6.562,and,-2.996444463729858,5.175738334655762,5.632173061370850
6.563,even,-5.874474525451660,5.586917400360107,6.073067188262940
6.564,more,-5.776559829711914,5.332601547241211,6.075200080871582
6.565,worried,-5.758356094360352,5.664397239685059,5.846733570098878
6.566,when,-4.447441101074219,4.857471942901611,4.950331687927246
6.567,she,-0.476939350366592,4.989759445190430,5.990483283996582
6.568,heard,-4.090975522994995,8.715233802795410,10.033017635345461
6.569,the,-1.997690081596374,6.191565990447997,6.747002124786378
6.570,bad,-8.194118499755861,3.885275125503540,6.075055122375487
6.571,news .,-1.262147702276707,13.821211099624634,16.171356678009033
6.572,`` He 'll,-10.563470631448581,23.349343299865723,31.573534488677979
6.573,turn,-5.897928714752197,4.969564437866211,5.503771305084229
6.574,"up , ''",-21.105190455913544,23.404003620147705,26.130157947540283
6.575,Mom,-7.596508502960205,4.879558563232422,5.236576080322267
6.576,"said ,",-6.252293825149536,8.761471748352051,10.335606098175049
6.577,and,-5.402039051055908,4.993293285369873,4.831354141235352
6.578,that,-3.804271459579468,5.050532341003418,5.358715057373047
6.579,was,-3.854574918746948,5.004828453063965,5.288628578186035
6.580,that .,-7.140197873115540,12.430933952331543,14.379506111145020
6.581,"Then ,",-7.674790024757385,3.336169481277466,4.518747806549072
6.582,to,-4.789627075195312,3.849273443222046,6.270706176757812
6.583,add,-6.124673843383789,2.794234514236450,5.326352119445801
6.584,fuel,-2.996936321258545,4.329170227050781,6.167176723480225
6.585,to,-0.311690509319305,4.270456790924071,5.455600261688232
6.586,the,-0.529477894306183,4.357436656951903,5.505409240722656
6.587,"flames ,",-7.357111573219300,19.641390323638916,25.237014293670654
6.588,she,-4.344198226928712,4.763947486877441,4.980201721191406
6.589,raised,-6.797632666828576,6.631105899810791,9.997556209564207
6.590,her,-1.764497876167297,5.269326210021973,6.392899990081787
6.591,tone,-9.435170173645020,4.492799758911133,5.574130535125732
6.592,of,-4.498888015747070,4.610638618469238,6.441284179687500
6.593,voice,-5.246659755706787,3.790496349334717,5.307482719421387
6.594,and,-1.228051304817200,4.309645652770996,4.238626480102538
6.595,said,-2.536490201950073,4.681400775909424,5.445637226104736
6.596,"dismissively ,",-17.771438002586361,18.935819149017334,22.250226974487301
6.597,`` For,-5.782409877341706,18.111704826354980,20.489546775817871
6.598,the,-1.620962619781494,4.557941436767578,5.242442607879639
6.599,time,-3.436025381088257,3.990429639816284,4.710532188415527
6.600,"being ,",-0.143335690721869,8.727080583572388,9.161736488342285
6.601,go,-8.899750709533691,3.898806333541870,5.655253410339356
6.602,to,-2.139302253723145,4.807300090789795,5.712773323059082
6.603,"bed ,",-7.033228635787964,12.317684888839722,13.760237693786621
6.604,Abby .,-18.466492891311646,13.614224910736084,14.590485095977783
6.605,I 've,-15.383600987493992,18.831343650817871,19.961905956268311
6.606,got,-1.559686541557312,5.152018547058105,5.169987201690674
6.607,masses,-14.888651371002195,9.630351066589355,11.542057037353516
6.608,of,-1.790436863899231,5.513787269592285,5.462662696838379
6.609,work,-7.771185874938965,4.626838684082031,5.591656684875488
6.610,to,-3.094634056091309,4.912275791168213,5.588844299316406
6.611,catch,-5.492611408233643,4.532537460327148,4.657531261444092
6.612,up,-1.420285820960998,4.608178615570068,4.643229484558105
6.613,on . '',-22.922913836489894,23.924005508422852,26.436377525329590
6.614,Abby,-12.628095626831055,0.000000000000000,0.000000000000000
6.615,had,-8.402912139892576,3.080729722976685,3.494765520095825
6.616,a,-2.335971832275390,3.120671272277832,5.982587337493896
6.617,quick,-6.687390327453612,2.088014125823975,5.265233039855957
6.618,temper,-6.717289924621582,2.256263494491577,4.380070686340332
6.619,and,-2.496898412704468,5.328329563140869,5.853692531585692
6.620,she,-4.679059982299805,5.001684665679932,5.633987903594972
6.621,was,-1.921691894531250,5.116240024566650,5.966113090515138
6.622,angry,-6.198203563690186,3.897799491882324,6.381080150604247
6.623,as,-4.169287681579590,5.035526275634767,5.282279491424561
6.624,hell .,-8.834942705929279,13.120792627334595,19.526019573211670
6.625,`` You 've,-9.504732776043966,20.819911479949951,30.784880638122559
6.626,hoovered,-25.750728607177731,12.929492592811586,18.322099685668945
6.627,him,-5.139151573181152,4.772975444793701,5.726376533508301
6.628,"up ,",-4.900707125663757,9.943066596984863,10.042212486267090
6.629,have n't,-11.538933033933970,16.564845561981201,20.130097866058350
6.630,you ? '',-22.296943901106715,28.689308643341064,31.730721950531006
6.631,she,-2.812502622604370,4.799355983734131,5.229695320129395
6.632,said,-1.835120797157288,3.697824716567993,4.866674423217773
6.633,accusingly .,-19.306630630046129,16.714787721633911,19.386557102203369
6.634,Abby 's,-19.157355992821977,10.752813816070557,15.743053913116455
6.635,mom,-10.077369689941406,3.927531242370605,6.899485588073730
6.636,denied,-10.759242057800293,4.407317638397217,5.897839069366455
6.637,Abby 's,-15.217340376897482,16.994237422943119,23.433216094970703
6.638,version,-7.942204952239990,3.592152357101440,5.082565307617188
6.639,of,-0.458667576313019,4.978505134582520,5.663534164428711
6.640,the,-1.057751893997192,4.308477878570557,5.999118328094482
6.641,story,-4.444809436798097,4.250459671020509,5.298171043395996
6.642,was,-6.806146621704102,5.160463809967041,6.280529499053955
6.643,true,-3.402857780456543,4.245388984680177,5.837657928466798
6.644,and,-3.864460706710816,5.500657558441162,5.407478809356689
6.645,said,-2.871509790420532,5.078229427337647,5.308875083923340
6.646,that,-2.637855529785156,5.062180519104004,4.863405704498291
6.647,she,-2.908447265625000,4.804515361785889,5.846739292144775
6.648,was,-1.559208154678345,5.103874683380127,5.910356044769287
6.649,"careful ,",-13.247426509857176,10.525056362152100,12.057864665985107
6.650,but,-1.981183290481568,5.016082286834717,5.145185947418213
6.651,because,-6.024675099179149,8.596721649169924,9.724724292755127
6.652,Mr.,-4.355191420763732,6.843392133712769,7.811090469360352
6.653,Sticky,-16.063447475433350,12.078208684921265,15.799437999725342
6.654,was,-1.766313552856445,5.538625717163086,6.043555736541747
6.655,so,-2.527474403381348,5.356414318084717,6.179890632629395
6.656,small,-6.662059783935548,4.208936214447021,4.910233020782472
6.657,he,-2.947546482086182,5.608788967132568,5.759481430053711
6.658,was,-1.743872523307800,5.413622379302979,5.752398490905763
6.659,hard,-5.314366340637207,3.819911003112793,5.639232635498048
6.660,to,-1.176637649536133,4.959791660308838,6.376621246337892
6.661,see .,-3.657223919406533,13.666320323944090,15.449488401412966
6.662,`` What 's,-9.507621302811458,23.147176980972290,32.664356708526611
6.663,wrong,-3.458297967910767,4.304226398468018,4.705328941345215
6.664,with,-0.055180393159389,3.284892082214355,4.844628810882568
6.665,being,-5.891086101531982,3.398850440979004,4.874441146850586
6.666,small ? '',-24.141475385520607,26.496488094329834,28.977868080139160
6.667,`` Nothing,-9.827496558038547,9.487924814224243,15.394227981567385
6.668,at,-5.333517551422119,2.874911308288574,4.655495643615723
6.669,"all ,",-1.978724941611290,9.728914260864258,10.772850990295410
6.670,but,-4.210055351257323,5.151394844055176,6.198313236236572
6.671,it,-2.266685009002685,5.450881958007812,6.398288726806642
6.672,makes,-5.016786575317383,4.898190021514893,6.024802684783936
6.673,things,-5.207359790802002,8.487934827804565,10.631937503814695
6.674,hard,-5.895126342773438,5.430369377136231,5.791139125823975
6.675,to,-1.180972099304199,5.583734989166260,6.807362079620361
6.676,find . '',-23.230618621761096,23.344408988952637,28.726897954940796
6.677,`` Or,-10.981860190240695,8.763787031173706,14.806582450866701
6.678,"notice , ''",-30.060027956962585,20.312056779861450,26.236957550048828
6.679,Abby,-12.860924720764160,5.532245159149170,6.306487083435059
6.680,"said ,",-5.329944849014282,8.775888919830322,10.131149768829346
6.681,suddenly,-10.081881206482649,10.920346736907961,11.480934143066404
6.682,feeling,-11.017781257629396,5.357483386993408,6.011373043060303
6.683,like,-2.143099069595337,4.089838027954102,4.917080402374268
6.684,the,-2.721584320068360,4.534141540527344,5.596635341644287
6.685,"small ,",-12.117517948150635,9.355878829956055,10.829138278961182
6.686,overlooked,-11.517921082675455,8.979290962219238,11.196124553680420
6.687,Mr.,-7.233187381178142,8.011708259582520,9.019182682037354
6.688,Sticky,-16.987339735031128,12.178620815277100,15.556012153625488
6.689,herself,-8.975124157033859,10.876887321472168,12.171461582183838
6.690,and,-3.409425258636475,5.430869579315186,5.345143318176270
6.691,storming,-13.300652742385864,10.090818405151367,10.190587997436523
6.692,from,-5.220406055450440,5.458980560302733,5.413029193878174
6.693,the,-0.879978418350220,5.206098079681396,6.077723979949951
6.694,room .,-6.158865362405778,17.912508010864258,19.496915340423584
6.695,The,-1.715715885162354,0.000000000000000,0.000000000000000
6.696,door,-10.297153472900391,5.400726795196533,9.740074157714844
6.697,to,-4.446159362792969,3.408745288848877,6.196336746215820
6.698,the,-0.791444659233093,2.904827594757080,5.164104461669922
6.699,bedroom,-9.375664949417112,5.810350418090820,9.816862583160400
6.700,opened,-5.124766115099192,6.493726968765259,10.826871871948242
6.701,a,-3.889677286148071,3.386543273925781,5.928128242492676
6.702,few,-1.172432422637940,3.654847621917725,5.949506759643555
6.703,minutes,-1.827622413635254,4.052885055541991,6.227760314941406
6.704,later,-0.684731125831604,3.909937620162964,5.553948402404785
6.705,and,-2.845062494277954,5.425156593322754,5.883622646331787
6.706,Mom 's,-16.235823689494282,16.512682914733887,21.484752178192139
6.707,face,-4.549041748046875,4.671580314636231,5.727869987487793
6.708,appeared .,-8.466605186462402,15.443041086196899,20.464595794677734
6.709,She,-5.895580291748048,0.000000000000000,0.000000000000000
6.710,was,-3.107972145080566,3.213958024978638,6.178365707397461
6.711,there,-5.825767517089844,2.742954969406128,5.039357662200928
6.712,to,-2.231478214263916,3.798975944519043,6.353260040283202
6.713,try,-4.706800460815430,4.447570323944092,5.130530834197998
6.714,to,-0.613243281841278,4.511053562164307,6.167049884796143
6.715,make,-3.040311336517334,4.400164127349854,5.163782119750977
6.716,up,-4.455851554870605,3.825082302093506,4.919501781463623
6.717,for,-0.543274641036987,5.047003269195557,5.933898448944093
6.718,having,-7.553885936737059,8.179535865783691,11.269605159759520
6.719,been,-2.487848281860352,4.502563953399658,6.062813282012940
6.720,insensitive,-12.481529235839846,7.945492744445801,9.230959415435793
6.721,earlier .,-10.074798464775085,16.370996236801144,20.879595279693604
6.722,She,-5.895580291748048,0.000000000000000,0.000000000000000
6.723,had,-4.083217620849608,3.615910768508911,5.557357311248778
6.724,put,-6.460586547851562,3.916396856307984,5.278038978576660
6.725,her,-2.034662961959839,3.049553394317627,5.168509960174561
6.726,work,-5.995077610015869,2.862442493438721,5.919869899749756
6.727,on,-1.375008702278137,3.595487356185913,4.674259185791017
6.728,the,-1.233803391456604,3.429059505462646,4.378995895385741
6.729,back,-5.885360240936278,3.817448377609253,6.358985900878906
6.730,burner,-2.502100825309753,6.411377191543579,10.060673713684082
6.731,and,-2.198100566864014,4.395218849182129,4.337577819824219
6.732,occupied,-11.390098914504053,7.202018737792969,7.619767189025879
6.733,herself,-6.385081291198730,9.578116893768311,12.556288719177244
6.734,with,-1.534989118576050,5.171511650085449,5.505743503570557
6.735,Sticky .,-21.807914495468143,16.444838523864750,24.333832263946533
6.736,"Abby ,",-17.385605812072754,3.949269533157349,5.580484390258789
6.737,who,-1.831392765045166,3.548154354095459,5.871915817260742
6.738,was,-3.256581306457520,4.341851711273193,5.781481266021729
6.739,breathing,-11.336935836821795,5.433432817459106,9.512425899505617
6.740,fire,-8.776567935943604,6.035005331039429,9.166244029998779
6.741,all,-6.113870620727539,3.180362462997437,5.460742473602295
6.742,on,-6.551948547363281,4.039980411529541,4.459271430969238
6.743,account,-10.942006111145020,3.202357769012451,4.836369991302490
6.744,of,-0.026564573869109,4.051370143890382,4.360353946685791
6.745,the,-0.910480797290802,4.466260910034180,4.878446578979492
6.746,little,-8.544481277465820,3.741338253021240,5.837590694427490
6.747,"snail ,",-14.440519332885742,9.109695434570312,11.704731464385986
6.748,tried,-6.447242736816406,5.190940380096436,6.623155117034912
6.749,to,-0.383736431598663,4.976069927215576,6.187080860137940
6.750,ignore,-6.306930065155028,4.248470306396483,5.523012638092041
6.751,"her ,",-6.195669889450073,8.329514741897583,10.443815708160400
6.752,but,-1.267076134681702,3.736168861389160,3.617506742477417
6.753,it,-3.486968994140625,5.237247943878174,5.692728519439697
6.754,was,-1.262985110282898,5.155728816986084,5.483036041259767
6.755,hard,-3.578953742980957,4.805937767028809,5.958351612091064
6.756,when,-7.352497577667236,3.534628868103028,3.677345752716065
6.757,Mom,-11.169099807739258,4.763092041015625,5.874779701232910
6.758,walked,-5.495198186486960,7.720078945159912,10.151470661163330
6.759,over,-4.220761299133302,4.288847446441650,4.715227603912354
6.760,to,-2.405763626098633,4.710958003997803,5.752752304077148
6.761,the,-1.412124037742615,4.784133911132812,6.005021095275879
6.762,bed,-6.028455018997192,6.904308319091798,8.906868457794189
6.763,and,-1.320529937744141,4.759422302246094,4.727310180664063
6.764,sat,-6.252294778823853,10.780812501907349,13.763672590255736
6.765,next,-5.030472755432129,5.516552925109863,5.977774620056152
6.766,to,-0.083894178271294,3.542982578277588,4.029273033142090
6.767,her .,-1.616856157779694,12.386841773986816,16.053703308105469
6.768,"Mom ,",-13.996552944183351,2.836057186126709,4.013813972473145
6.769,who,-4.084257125854491,4.117496490478517,5.751615524291992
6.770,Abby,-13.966548919677734,3.540944576263428,4.911475658416748
6.771,still,-7.375592231750487,3.386742830276489,4.986816883087158
6.772,strained,-14.654459834098814,9.383664846420286,13.819806098937988
6.773,to,-4.173482894897462,4.345658302307129,6.085142612457275
6.774,remain,-7.885303497314452,4.315871238708496,5.107666969299316
6.775,upset,-10.078437805175779,5.146485328674316,6.333531379699707
6.776,"with ,",-10.804580688476562,9.397512435913086,9.973318099975586
6.777,had,-3.873301506042481,5.281607627868652,5.917249679565430
6.778,gone,-5.054200649261475,4.264964103698730,6.137127399444580
6.779,out,-2.560335159301758,3.811545372009277,5.544785976409912
6.780,to,-2.278436422348022,4.731749057769775,5.948555946350098
6.781,find,-4.113677978515625,4.583575248718262,5.261806964874268
6.782,her,-1.826400279998780,4.700747013092041,6.518853187561035
6.783,glasses,-11.400026321411133,5.317196369171143,6.721784114837647
6.784,in,-2.582707881927490,3.661572456359863,4.091787338256837
6.785,order,-5.282876014709473,3.625922679901123,5.669109821319580
6.786,to,-0.250011146068573,5.731974124908447,6.618149757385254
6.787,search,-8.322705268859862,3.605178594589233,4.062386512756349
6.788,for,-0.583784580230713,5.082084655761719,5.118282318115233
6.789,Sticky,-17.298497438430786,9.655653476715088,14.678375720977785
6.790,more,-8.000148773193361,5.851830482482910,6.771405220031737
6.791,effectively .,-9.308736070990564,19.525092601776123,22.873702049255371
6.792,`` This,-6.015457182733371,9.549453020095825,15.162065505981447
6.793,is,-0.689517140388489,4.592727661132812,5.220133781433105
6.794,my,-5.144649505615233,4.739264965057373,6.046999454498291
6.795,new,-6.233959674835205,4.122519016265868,5.678988933563232
6.796,and,-5.797622203826903,4.760468482971191,4.884861946105957
6.797,extra,-8.245867729187013,4.269256114959717,6.031187534332275
6.798,powerful,-11.675151824951172,4.255652904510498,5.801669120788574
6.799,pair,-10.327357292175293,2.917507648468018,4.564749240875244
6.800,I,-6.837180137634277,4.942431926727295,5.996217727661133
6.801,have,-2.400654792785645,5.136780261993408,5.126559734344482
6.802,for,-5.283717155456543,4.322768688201903,5.089570999145508
6.803,important,-11.862053871154785,4.535683631896973,5.440209388732910
6.804,occasions,-7.485049461014569,8.479083061218263,10.357367992401123
6.805,like,-6.016493797302246,4.622090816497803,5.661177158355713
6.806,snail,-14.557969093322756,4.444141864776611,6.342744350433350
6.807,"hunting , ''",-22.065787166357040,26.715159416198730,30.257373809814453
6.808,she,-3.312183380126953,4.836400985717773,5.238432884216309
6.809,said .,-1.562645654194057,12.130532264709474,15.247696399688724
6.810,She,-5.895580291748048,0.000000000000000,0.000000000000000
6.811,smiled,-7.870050370693207,4.381062388420105,9.173093318939207
6.812,at,-2.115055084228516,4.402297019958496,5.313163757324219
6.813,"Abby ,",-18.267681121826172,6.898104429244995,10.089409351348877
6.814,trying,-6.428380012512207,5.237637519836426,5.938738346099854
6.815,to,-0.091884009540081,4.659798145294189,5.721158981323242
6.816,butter,-13.583574295043945,8.070484161376951,10.225523948669434
6.817,her,-1.354072928428650,3.782928705215454,6.000211238861084
6.818,"up ,",-7.991212844848633,9.197530269622803,10.918317794799805
6.819,but,-1.788663506507874,4.911524772644043,4.907978057861328
6.820,Abby,-13.645118713378904,5.200927257537842,6.399136066436768
6.821,did n't,-4.494776069987893,18.433077812194824,21.962215423583984
6.822,smile,-7.782113552093506,4.431681632995605,5.813538551330566
6.823,back .,-6.266560846939684,13.260440349578857,16.549518585205078
6.824,Abby,-12.628095626831055,0.000000000000000,0.000000000000000
6.825,believed,-14.078815793618560,8.118525505065918,9.885540008544922
6.826,her,-3.960836887359619,4.340247631072998,5.738262653350830
6.827,mom 's,-11.354813720332459,13.692140579223633,19.035041570663452
6.828,idea,-5.596159934997559,3.106888294219971,4.052608966827393
6.829,would,-3.092245578765869,4.713916301727295,4.903687953948975
6.830,not,-5.332898139953613,4.351554393768311,5.825284957885742
6.831,"succeed ,",-6.439962863922119,9.706773281097412,11.243544578552246
6.832,but,-0.754127264022827,3.886954784393311,3.942137718200684
6.833,then,-5.654721736907959,4.766643524169922,4.601729393005371
6.834,she,-1.385292649269104,5.019702911376953,5.406061172485352
6.835,had,-3.352500915527344,5.881092071533202,5.889079570770264
6.836,an,-3.739130973815918,5.663426876068115,6.876618862152100
6.837,idea,-2.436212539672852,3.888092041015625,5.452625274658203
6.838,of,-1.526826858520508,5.847100257873535,5.948048114776611
6.839,her,-2.693957805633545,4.874922752380371,6.300284862518311
6.840,own .,-1.694021973758936,13.452516794204712,15.270660400390627
6.841,`` I 've,-7.864338919131114,22.146398067474365,30.866256237030033
6.842,got,-2.326133251190185,4.196753025054932,5.738785266876222
6.843,a,-1.288681268692017,4.338548660278319,6.242840290069580
6.844,magnifying,-12.929069526493551,16.431079149246216,25.047124862670898
6.845,"glass , ''",-29.763718515634533,22.931951045989990,26.147994995117188
6.846,Abby,-13.067779541015625,5.257208824157715,6.021778106689452
6.847,suddenly,-9.775791621315877,9.189136266708372,11.612551212310793
6.848,remembered,-8.639417886734009,8.285181999206543,10.145601272583008
6.849,and,-5.305454254150392,5.469959259033203,5.671302318572997
6.850,rushed,-6.839562058448792,9.294394493103027,9.990262508392334
6.851,off,-5.213620185852051,4.906990051269531,4.965377330780028
6.852,to,-1.269978523254394,4.941401481628418,5.523818969726562
6.853,find,-4.318149566650392,5.006609916687012,5.257698059082031
6.854,it .,-4.288057021796703,14.035781383514404,14.863001823425291
6.855,On,-5.083998203277588,0.000000000000000,0.000000000000000
6.856,the,-1.078182458877564,2.595097064971924,3.971820116043091
6.857,floor,-5.780847549438477,2.665562391281128,5.118236541748047
6.858,beside,-9.926547050476074,3.871534109115601,6.210292339324951
6.859,each,-7.056755542755128,5.507445096969604,8.735301971435549
6.860,other,-1.327248334884644,2.439650774002075,3.825793504714966
6.861,they,-5.781305313110352,5.103529930114746,6.355256557464600
6.862,"sat ,",-9.246572136878969,14.294839501380920,18.803764820098877
6.863,shuffling,-9.407333150506020,11.787781596183775,17.006148576736450
6.864,around,-3.451947450637817,4.729804992675781,5.733893871307372
6.865,the,-1.725364565849304,3.920479297637940,5.461019039154053
6.866,"tank ,",-9.565817356109619,8.573746681213379,10.779832363128662
6.867,looking,-4.991557121276856,5.249707698822021,6.062668800354004
6.868,all,-6.441198348999023,4.360655784606934,5.679693698883058
6.869,over,-1.045562863349915,4.448309421539307,5.342519760131836
6.870,the,-0.736334681510925,4.264796257019043,5.122756004333496
6.871,place,-2.132169246673584,3.838538885116577,5.337691307067871
6.872,and,-2.564897060394287,5.836190700531006,6.116393089294434
6.873,peering,-7.197391788125969,7.758791446685791,10.487422943115234
6.874,into,-1.986244082450867,5.507972717285156,6.119815349578857
6.875,the,-0.733915805816650,4.732053279876709,5.804979324340820
6.876,corners,-8.985733985900879,5.083320140838623,5.802938461303711
6.877,among,-11.875980377197266,5.576409339904785,5.986704349517822
6.878,the,-0.848942577838898,5.347038269042969,6.213643550872803
6.879,big,-6.099361896514893,4.726263046264648,6.281926155090332
6.880,pebbles,-14.695247670635581,8.469816207885742,11.217534065246582
6.881,and,-2.936408996582031,4.952507495880127,5.488443374633789
6.882,the,-2.341329574584961,5.399340629577637,5.918765068054199
6.883,pond,-8.216888904571531,7.358482122421265,8.735565185546875
6.884,weed .,-15.069444321095943,15.579102516174316,20.087503910064697
6.885,Abby,-12.628095626831055,0.000000000000000,0.000000000000000
6.886,tried,-11.761430740356445,3.965622425079346,4.704132556915283
6.887,to,-0.238495141267776,3.050451040267944,5.351507663726807
6.888,"imagine ,",-12.621899604797363,7.561419725418091,9.365153789520264
6.889,if,-6.151914596557617,4.055376052856444,4.812568187713623
6.890,she,-4.060227870941162,4.459167957305908,5.693808555603027
6.891,were,-2.487203836441040,4.057172775268556,5.460925579071045
6.892,"Sticky ,",-18.429874897003170,14.771347045898439,20.470929145812988
6.893,a,-3.337904453277588,5.152175426483153,6.352936267852782
6.894,little,-3.798142194747925,4.441929340362549,6.287003993988037
6.895,water,-7.233426451683044,7.663007736206055,10.183853626251221
6.896,"snail ,",-14.604503512382507,9.410458087921143,10.373405456542969
6.897,where,-6.473618984222412,8.380167484283447,9.486942768096924
6.898,would,-7.209580898284912,3.827636241912842,4.209392547607422
6.899,she,-0.728912293910980,4.935066223144531,6.051872730255128
6.900,hide,-7.704109668731689,3.982302665710449,4.500335693359375
6.901,out ?,-6.076595991849899,12.948115825653076,14.464442968368534
6.902,At,-4.843098163604736,0.000000000000000,0.000000000000000
6.903,one,-3.185500144958496,2.117879390716553,5.075216293334961
6.904,point,-0.354798078536987,1.574763298034668,3.622009754180908
6.905,she,-6.028238296508789,3.330069541931152,4.268717288970946
6.906,thought,-5.288237571716309,3.698557853698730,4.798257350921631
6.907,she,-1.122879862785339,3.612494230270386,4.579354286193848
6.908,saw,-6.298005580902100,3.499027013778687,4.868272304534912
6.909,"him ,",-6.995399236679078,8.846559524536133,10.242374420166016
6.910,but,-1.832963705062866,5.026667118072510,5.262188911437988
6.911,it,-3.820753097534180,5.490547657012940,6.258609771728517
6.912,was n't,-2.226806145070213,16.944389104843140,21.887453556060791
6.913,the,-3.102827548980713,4.186871528625488,5.289263725280762
6.914,water,-10.365878105163574,7.247461557388307,8.625395059585571
6.915,snail .,-15.434648394584656,12.416725397109987,14.330367565155029
6.916,It,-3.835548400878906,0.000000000000000,0.000000000000000
6.917,was,-2.245547771453857,3.240544319152832,5.025370121002197
6.918,a,-2.183984756469727,3.282635211944580,5.404700756072998
6.919,large,-6.898899078369142,3.639389038085938,5.754321098327638
6.920,speck,-15.538971900939940,5.789759635925293,9.845987796783447
6.921,of,-1.275844335556030,4.361755847930908,6.159881114959718
6.922,dust,-7.262039184570312,6.678426265716553,10.739810943603516
6.923,that,-1.879221081733704,5.071493625640869,6.055645942687987
6.924,was,-3.083015918731689,5.618483066558838,6.492923259735107
6.925,deceptively,-13.466587781906128,10.458001613616943,12.932130813598633
6.926,bobbing,-13.397623300552368,10.183795690536501,14.134758710861206
6.927,around,-2.625182628631592,4.318234443664552,5.856022834777832
6.928,in,-2.300619602203369,3.692905426025391,5.197369575500488
6.929,the,-0.607576251029968,3.815527677536010,5.422427654266357
6.930,water,-4.001228570938109,7.126682519912720,9.832469463348387
6.931,like,-7.931649684906006,4.826376914978027,6.311421871185303
6.932,a,-0.800128757953644,5.023448944091797,6.185233592987061
6.933,live,-7.643776893615723,4.243139266967773,5.720932483673097
6.934,animal .,-4.751269534230232,12.382433176040649,16.228436946868896
6.935,They,-4.680220603942871,0.000000000000000,0.000000000000000
6.936,were,-3.163032293319702,2.781479835510254,5.951908111572267
6.937,ready,-6.119769096374513,2.942021608352661,5.506042003631592
6.938,to,-0.317104399204254,2.999944448471069,5.588955402374268
6.939,call,-5.500982284545898,3.971046924591065,5.189201354980469
6.940,it,-3.083129644393921,3.495529174804688,4.657420635223389
6.941,"quits ,",-7.869100838899612,10.611088514328003,15.662634849548340
6.942,when,-5.471303462982178,4.849772453308105,5.747494697570801
6.943,suddenly,-9.892817974090576,9.629389762878418,12.629309654235840
6.944,Mom,-10.185602188110352,4.793840408325195,5.889090061187744
6.945,"cried ,",-10.719357200898230,13.288414716720583,17.254909753799442
6.946,`` Ah,-9.036392109701410,16.242254734039307,19.419848442077637
6.947,ha ! '',-24.115009687840942,25.888244390487671,32.564810037612915
6.948,Tucked,-13.465122133493425,3.149334192276001,5.989898204803468
6.949,in,-1.795279741287231,1.417594313621521,3.181761980056763
6.950,a,-2.027107715606689,2.714530229568481,5.115773677825928
6.951,curve,-8.410071134567259,6.139921665191650,9.947626113891602
6.952,of,-2.259344100952148,4.793438911437988,6.245590209960938
6.953,the,-4.338436603546143,3.162101745605469,5.039567947387695
6.954,"archway ,",-16.841780483722687,11.879554271697998,19.947058200836182
6.955,perfectly,-11.848273098468779,7.401932001113892,11.293407440185547
6.956,hidden,-8.947185516357422,3.812861442565918,6.022793769836426
6.957,against,-7.717182159423827,4.969957351684570,6.349568367004395
6.958,a,-2.090630054473877,4.630977630615233,6.199587821960449
6.959,pitch,-9.039397239685060,2.810816764831543,4.504932403564453
6.960,dark,-11.931613922119141,3.905656576156616,5.943305969238281
6.961,"stone ,",-8.065185725688934,11.334162712097168,16.273339271545410
6.962,sat,-11.550949335098267,9.554443359375000,13.511155605316162
6.963,Mr.,-5.375146131496876,6.422724246978760,9.127996921539307
6.964,"Sticky ,",-18.101100683212280,16.033217668533325,21.567376136779785
6.965,safe,-9.926395416259766,4.794119358062744,6.344902992248535
6.966,and,-2.668182849884033,4.373584747314453,4.923456192016602
6.967,sound .,-9.320595353841780,13.053928852081299,15.863158226013184
6.968,"`` You ,",-13.639494925348117,13.058499097824097,20.341488838195801
6.969,I,-2.605263233184814,3.749579906463623,5.167134761810303
6.970,can,-3.564473628997803,4.121906757354736,5.769826412200928
6.971,always,-6.209977149963379,5.074308872222900,5.844975471496582
6.972,count,-4.932930946350098,5.052408695220947,5.799679756164551
6.973,"on , ''",-20.602687969803810,25.148821830749512,28.943816661834720
6.974,Abby,-13.442880630493164,5.244473457336426,6.073798179626465
6.975,said,-3.729237556457520,3.862831592559815,4.618039608001709
6.976,to,-4.647808074951172,4.091115951538087,4.493643283843994
6.977,her,-3.374308347702026,5.149381637573242,5.750862121582031
6.978,"mom ,",-10.165360569953920,9.465502262115479,10.541917800903320
6.979,with,-7.013506412506104,4.518378257751465,5.068861961364746
6.980,relief .,-9.848192773759365,13.816399574279785,14.953149795532230
6.981,Then,-6.427267551422119,0.000000000000000,0.000000000000000
6.982,she,-3.911821842193604,6.037062168121338,4.352361202239990
6.983,noticed,-6.953442245721817,6.581322669982910,10.094944953918457
6.984,another,-5.019772529602051,4.638673782348633,5.635855674743652
6.985,water,-9.174056529998779,5.469649314880371,9.062367916107178
6.986,snail,-13.199014663696287,4.209302902221681,5.848537921905518
6.987,was,-6.271646499633789,5.402801513671875,5.885146141052246
6.988,right,-8.377060890197754,4.165350914001465,5.921452999114990
6.989,next,-6.356185436248778,4.171357154846191,5.879922389984131
6.990,to,-0.275120884180069,3.703066110610962,4.581543445587158
6.991,Sticky,-17.266818284988403,9.938748121261595,14.830542564392090
6.992,and,-3.891627550125122,5.028336048126222,5.504338264465332
6.993,asked,-6.498790547251701,10.159272193908693,11.499072074890135
6.994,where,-4.916831493377686,7.447564840316772,9.408596992492676
6.995,this,-6.140897274017334,5.011270523071289,5.610736846923828
6.996,new,-6.090365886688232,5.239444732666017,5.885567188262940
6.997,addition,-8.926031112670898,4.597314357757568,5.420028686523438
6.998,to,-3.675492763519287,4.927132129669189,5.458858966827393
6.999,the,-0.283210426568985,4.796761989593506,5.635166168212892
6.1000,family,-5.302877902984619,4.892739295959473,5.925157070159912
6.1001,could,-4.541949748992920,5.316740989685059,6.029354572296143
6.1002,have,-3.504705667495728,5.713804244995117,6.304033279418945
6.1003,come,-2.961006879806519,4.424318313598633,5.872075557708740
6.1004,from .,-1.036631602793932,13.395062923431396,15.509055137634277
6.1005,`` I 'm,-6.727313145605876,22.247974395751953,31.337199211120605
6.1006,beginning,-7.073595046997070,4.804838657379150,5.276546955108643
6.1007,to,-0.034845076501369,4.655198097229004,6.183070182800293
6.1008,suspect,-5.617786407470703,3.992702484130859,5.677670955657959
6.1009,the,-2.626334428787231,4.318036079406738,5.399626255035400
6.1010,pond,-13.347016572952271,7.990387201309204,9.770780086517334
6.1011,weed,-12.298459529876707,7.342418193817139,9.008799552917480
6.1012,is,-2.599696397781372,4.758151054382324,5.080386638641357
6.1013,"guilty ,",-12.143283009529114,9.725704193115234,10.249959945678711
6.1014,do n't,-10.827623452774786,18.715908765792847,21.617319107055664
6.1015,you,-2.950075387954712,4.809918880462647,5.445141315460205
6.1016,think ? '',-19.014910624013282,27.534760475158691,30.185727596282959
6.1017,replied,-7.868980705738068,10.221043586730957,11.715590953826904
6.1018,Mom .,-11.661131143569946,13.084434509277344,16.064803600311279
6.1019,They,-4.680220603942871,0.000000000000000,0.000000000000000
6.1020,both,-6.701226234436035,3.587525367736816,6.727010250091553
6.1021,laughed,-10.020877599716188,5.064063549041748,8.644129276275635
6.1022,and,-0.925102472305298,4.611658096313477,5.740017890930176
6.1023,climbed,-9.137606266885996,6.948228597640991,9.906502246856689
6.1024,into,-3.349980354309082,4.351965904235840,5.557687282562256
6.1025,Abby 's,-16.960868602065602,13.681258440017700,20.920391559600830
6.1026,bed,-6.064910411834718,6.738109827041626,9.777172565460203
6.1027,together,-7.987768173217773,4.600162029266357,5.691479206085205
6.1028,"and ,",-7.317844152450562,10.247378349304199,11.204822063446045
6.1029,though,-5.412278175354004,4.700126171112061,5.159926891326903
6.1030,it,-3.361763000488281,4.823807716369629,5.123762130737305
6.1031,was,-0.931714177131653,5.146130084991455,5.496904850006104
6.1032,"cozy ,",-12.740611493587492,9.862324714660645,11.041730403900146
6.1033,it,-4.415045738220215,5.101700305938722,5.605107784271240
6.1034,was,-0.901452243328094,5.784385204315186,6.154289245605469
6.1035,a,-2.350494623184204,5.516405582427979,6.285128593444824
6.1036,bit,-3.487797737121582,4.560770511627197,6.122419357299805
6.1037,of,-2.309871912002563,4.957128524780273,6.103312015533447
6.1038,a,-0.269956290721893,4.983876228332520,6.374100685119629
6.1039,squeeze .,-8.472245454788208,12.974183797836302,15.957363128662109
6.1040,`` Budge,-18.463815718499973,15.470360040664673,24.006369590759277
6.1041,"up , ''",-28.172690153121948,21.295420408248901,25.640486717224121
6.1042,Mom,-7.479458332061768,5.207229137420653,5.693251609802246
6.1043,"said ,",-6.113608956336975,8.818649768829346,10.473176956176758
6.1044,giving,-15.264226891100408,9.221341133117676,9.748788356781006
6.1045,Abby,-14.846039772033693,5.653850555419923,6.317887783050537
6.1046,a,-2.264981508255005,5.199511051177979,5.992745399475098
6.1047,push,-8.199857711791992,3.411298513412476,5.094032287597656
6.1048,with,-4.894050121307373,5.168427944183350,5.360290527343750
6.1049,her,-1.804304122924805,5.804108619689941,6.100209712982178
6.1050,bottom .,-11.472001731395720,14.073372840881348,16.046814441680908
6.1051,`` I,-4.743439703790500,9.741308927536011,15.426395416259767
6.1052,ca n't,-27.034952369285747,18.634072303771973,25.904483795166016
6.1053,because,-3.981815516948700,8.994834423065186,11.039619922637939
6.1054,I 'm,-1.817113608121872,19.247802257537842,22.304245471954349
6.1055,already,-7.345689773559570,5.474638938903809,6.413523674011231
6.1056,on,-2.931862831115723,4.800977706909180,5.520056724548340
6.1057,the,-0.735207855701447,4.185995101928712,5.647228717803955
6.1058,edge . '',-26.760188017535256,26.100532054901123,29.192502021789547
6.1059,`` Good,-10.481143027154758,7.910932302474976,14.406684875488283
6.1060,"heavens ,",-12.483122348785400,13.549006938934326,15.912614822387695
6.1061,you 've,-7.358347482979298,17.581885576248169,22.251720428466797
6.1062,grown,-8.153603553771973,5.040112018585205,6.068512916564941
6.1063,then .,-13.180137529969215,12.393276691436768,14.110026359558105
6.1064,When,-5.382677555084229,0.000000000000000,0.000000000000000
6.1065,did,-7.846952915191650,2.234249830245972,4.430148124694824
6.1066,that,-3.079417228698730,2.982881307601929,5.029445171356201
6.1067,happen ?,-1.750697579467669,9.620423078536987,11.770224332809448
6.1068,You,-6.629871845245361,0.000000000000000,0.000000000000000
6.1069,could 've,-10.971859723329544,10.354272842407227,18.554988861083984
6.1070,put,-4.546371936798097,3.474247455596924,4.880649089813232
6.1071,an,-4.141449928283691,2.890932559967041,4.811540603637695
6.1072,elephant,-6.148772239685059,3.822508096694945,5.831723690032959
6.1073,in,-1.260945200920105,3.614619255065918,3.969552040100098
6.1074,here,-5.911974906921388,4.846703052520752,6.118074893951416
6.1075,last,-6.840279579162598,3.487475872039795,5.755884170532227
6.1076,time,-4.593253612518311,4.271255970001222,5.261317253112793
6.1077,we,-9.163441658020020,4.972905158996582,5.081520557403564
6.1078,did,-2.587664842605591,5.551848888397217,5.786759376525879
6.1079,this .,-5.780450165271759,12.666174411773682,15.787028312683105
6.1080,Before,-6.876983165740968,0.000000000000000,0.000000000000000
6.1081,I,-5.119781017303467,3.577536582946777,4.886528968811035
6.1082,know,-5.643383502960205,4.151614189147948,4.965303421020508
6.1083,"it ,",-2.736820757389069,8.681474447250366,9.854756355285645
6.1084,you 'll,-7.184036158025265,17.322046518325806,19.167555809020996
6.1085,be,-2.166381597518921,4.705969810485840,5.481658935546875
6.1086,all,-5.489223480224608,4.051909446716309,5.340434551239014
6.1087,grown,-9.544032096862793,3.339971542358398,5.278316020965576
6.1088,up . '',-17.946236121439146,22.960307121276855,29.023083209991455
6.1089,On,-5.083998203277588,0.000000000000000,0.000000000000000
6.1090,her,-7.036728858947754,2.579209089279175,3.605200767517090
6.1091,mom 's,-10.445901843486352,9.464330792427063,16.896518945693970
6.1092,chest,-5.666176875733073,4.303711414337158,8.414974212646483
6.1093,Abby,-17.464336395263672,4.364802837371826,5.805983543395996
6.1094,then,-7.990122318267822,4.400279045104980,5.480517387390137
6.1095,put,-5.540162086486816,4.061425685882568,5.002376079559326
6.1096,her,-1.326333045959473,4.074387550354004,6.185586452484131
6.1097,head,-4.219254970550537,3.679942369461060,6.135457515716553
6.1098,and,-4.216577529907227,4.175173282623291,5.170628547668457
6.1099,smiled .,-12.361397206783295,12.684307336807251,20.130055904388428
7.1,The,-1.715715885162354,0.000000000000000,0.000000000000000
7.2,text,-9.612290382385254,3.143621683120728,5.920183181762695
7.3,message,-9.312500953674316,3.814215421676636,5.384377956390381
7.4,said,-5.289095878601074,3.506292819976806,5.218234539031982
7.5,that,-1.307549715042114,4.246226787567139,5.576860904693604
7.6,Lucy,-15.352746933698654,7.776216387748718,12.946507453918455
7.7,Josephs,-14.557475566864015,6.917975902557372,11.053010463714600
7.8,was,-4.415209770202637,4.851377010345459,6.040061950683594
7.9,a,-2.184838533401489,4.229550361633302,5.152266979217528
7.10,failure .,-10.298791766166687,11.393517017364502,16.037217617034912
7.11,It,-3.835548400878906,0.000000000000000,0.000000000000000
7.12,said,-2.785717487335205,2.869854688644409,4.912516117095947
7.13,she,-8.813287734985352,4.771950244903564,5.596562385559082
7.14,was,-1.951481342315674,3.974034547805786,5.382934570312500
7.15,"ugly ,",-14.726104855537415,7.643736362457275,10.614745140075684
7.16,had,-5.151320457458496,4.316472530364990,4.649914264678955
7.17,no,-2.611480236053467,4.089862346649170,5.813603401184082
7.18,style,-8.521340847015379,6.347750902175902,9.636023998260498
7.19,and,-1.676308512687683,3.940762281417847,4.212732791900635
7.20,the,-5.562345027923584,5.669423580169678,5.916817188262940
7.21,world,-7.133474349975586,3.813188552856445,4.224267959594727
7.22,hated,-9.472385637462141,10.662017107009886,12.123872518539429
7.23,her .,-1.709697723388672,12.367232322692873,16.236982345581055
7.24,At,-4.843098163604736,0.000000000000000,0.000000000000000
7.25,least,-2.652450084686280,1.363292694091797,3.715246438980103
7.26,that,-3.498718500137329,2.587257623672485,5.294494628906250
7.27,was,-3.157467842102051,4.486588001251222,6.467322349548340
7.28,what,-2.909952163696289,4.472866058349608,5.021796703338623
7.29,it,-3.108252525329590,4.267835617065431,6.357155323028564
7.30,said,-4.412373542785645,3.897962093353272,5.425327301025392
7.31,to,-3.340412855148315,4.360360145568849,5.914288520812987
7.32,Lucy .,-18.697698682546616,15.367739796638489,22.424887180328369
7.33,It,-3.835548400878906,0.000000000000000,0.000000000000000
7.34,said,-2.785717487335205,2.869854688644409,4.912516117095947
7.35,that,-2.394930362701416,4.476679325103760,5.963185787200928
7.36,and,-7.356225967407227,4.674976825714111,6.268696784973145
7.37,a,-3.484032154083252,4.934820175170898,6.349771022796631
7.38,whole,-8.843366622924805,4.486710548400879,6.612176895141602
7.39,lot,-3.379818201065063,4.532694339752197,6.277714729309082
7.40,more,-4.239882469177246,4.915294647216797,6.344701766967773
7.41,that,-7.411559104919434,5.104104042053223,5.986895084381104
7.42,she,-7.579541206359862,4.998461246490479,6.205601692199707
7.43,was,-3.149911165237427,5.653591156005858,6.379398822784424
7.44,struggling,-10.735268478718352,7.730794429779053,10.286529064178467
7.45,to,-0.438453614711761,4.705387115478517,5.806039333343506
7.46,understand .,-7.555468499660492,12.795478582382202,14.702839374542236
7.47,The,-1.715715885162354,0.000000000000000,0.000000000000000
7.48,actual,-8.304275512695312,3.081704139709473,4.767100334167480
7.49,text,-7.602650642395020,3.419308900833130,5.825758934020996
7.50,of,-0.763456702232361,3.221080303192139,5.173921108245850
7.51,the,-0.271160662174225,3.587641716003418,5.048237800598145
7.52,note,-8.256908416748049,3.650051832199097,4.912283420562744
7.53,said,-7.258544445037843,4.626022338867188,5.876585006713867
7.54,that,-0.959666848182678,4.639759540557861,6.168421745300293
7.55,Lucy,-14.966125547885895,9.235932707786560,13.762535572052002
7.56,better,-11.292620658874512,5.365417003631592,6.778699874877930
7.57,not,-2.816453695297241,5.213446617126465,6.914346694946289
7.58,show,-7.110878944396973,4.319416522979736,4.199826717376709
7.59,up,-1.696774244308472,4.606902599334717,5.268260478973389
7.60,at,-2.079750299453736,4.998040199279785,5.467282295227051
7.61,the,-0.678152441978455,4.531074047088623,5.515164852142334
7.62,party,-4.628379821777344,3.607882022857666,5.257572650909424
7.63,"tonight ,",-14.856223225593565,15.979929924011230,17.301430225372314
7.64,because,-4.055145179387181,9.182100296020508,9.555684089660645
7.65,it,-2.531848669052124,5.922003746032715,6.067721843719482
7.66,was,-1.872100114822388,5.690951824188232,5.819822311401367
7.67,going,-7.598733901977539,5.121954441070557,6.253073692321777
7.68,to,-0.347018539905548,5.502313613891602,6.485816001892090
7.69,be,-0.562958538532257,5.147888183593750,5.210233211517334
7.70,bad,-7.824670314788817,5.439358234405518,6.174392700195312
7.71,enough,-3.856040596961975,10.041162014007568,10.616399765014648
7.72,already !,-20.418050289154053,13.769943237304688,15.240512371063232
7.73,"Lucy ,",-16.967382729053497,5.793245911598206,12.432254791259766
7.74,who,-2.655972719192505,4.089632987976073,5.742788791656494
7.75,had,-2.978534936904907,3.874268054962158,5.072354316711426
7.76,started,-5.883506992366165,7.097736120223999,10.852882385253906
7.77,receiving,-8.452380180358888,3.951243162155152,5.427596569061278
7.78,these,-7.123897552490233,4.803954601287842,6.093624591827393
7.79,messages,-5.186422667698935,5.684252262115479,9.312854290008543
7.80,a,-4.937959671020508,3.189745426177979,5.223927021026611
7.81,few,-1.158845663070679,2.824065923690796,4.757766246795653
7.82,weeks,-2.626033067703247,3.843579530715942,5.042463302612305
7.83,"ago ,",-0.574007347226143,8.298667192459106,10.921277523040771
7.84,tapped,-11.444391250610352,8.512107849121094,10.001138687133787
7.85,the,-1.426164269447327,4.912888526916504,5.836594581604004
7.86,mobile,-10.127046585083008,4.388463973999023,6.015371322631836
7.87,screen,-8.562405586242676,3.402319669723511,4.593894481658936
7.88,to,-1.922012090682984,4.857869625091553,6.254041671752930
7.89,make,-3.455691576004028,4.848786830902100,5.460395336151123
7.90,the,-2.038837432861328,5.643728733062744,5.986793041229247
7.91,message,-4.405482769012451,4.290011882781982,5.528598308563232
7.92,disappear,-10.008597373962402,4.110185623168944,5.412170410156250
7.93,from,-3.325290679931641,5.457215309143066,5.722111225128174
7.94,view .,-7.721430446952581,12.253313064575195,16.113985538482666
7.95,She,-5.895580291748048,0.000000000000000,0.000000000000000
7.96,only,-8.245191574096680,2.954791784286499,5.486692905426025
7.97,wished,-9.271726608276367,4.199256420135498,5.178398132324219
7.98,it,-3.789248943328857,3.880608558654785,5.064435958862305
7.99,was,-1.534028649330139,4.806895256042480,5.593237876892090
7.100,as,-5.819660186767577,4.787985801696777,5.790299415588379
7.101,easy,-4.769474029541017,5.695109844207764,6.462455749511719
7.102,to,-1.643157482147217,4.490523815155028,6.299478054046631
7.103,tap,-8.011848449707031,4.446980476379395,4.467532634735107
7.104,her,-3.611047267913817,4.055480003356934,5.889548778533936
7.105,heart,-6.026996612548827,4.334072113037108,5.604455471038818
7.106,and,-4.070756912231444,4.828244686126709,5.283149242401123
7.107,erase,-11.222887992858887,3.771370172500609,4.180599212646483
7.108,the,-1.955345869064331,5.680876255035400,6.339270591735840
7.109,trace,-9.130023002624512,3.473644495010376,4.532329559326172
7.110,the,-7.213874816894531,5.515981197357178,6.068888664245605
7.111,message,-6.896651268005371,4.441874504089356,4.655105113983153
7.112,had,-5.070348262786865,5.419320106506348,6.357452869415282
7.113,left,-5.398613929748535,3.509397745132446,3.930334091186523
7.114,there .,-7.909190073609351,12.882058382034302,16.234949588775635
7.115,`` Was,-12.313574820367648,9.154685258865356,15.403915405273439
7.116,that,-3.616982221603394,3.657762050628662,4.919866085052490
7.117,another,-7.095133304595947,4.340643405914307,5.357421875000000
7.118,one,-5.260418891906738,4.706027030944824,5.412558078765869
7.119,of,-1.714090347290039,4.493205070495605,5.877563476562500
7.120,those,-1.680621332925512,10.623210787773132,13.363120079040527
7.121,messages ? '',-24.391701545566320,28.490406036376953,33.301763772964478
7.122,her,-7.714814186096191,5.362381935119629,5.389110565185547
7.123,mom,-8.238213539123535,4.700111389160156,5.032595634460449
7.124,"asked ,",-3.993231415748596,12.929849624633789,15.900563240051270
7.125,who,-6.340627670288086,5.075652599334717,5.282766342163086
7.126,was,-2.084479808807373,5.613889694213867,5.857913017272949
7.127,driving,-5.179928779602051,5.161777019500732,5.130611896514893
7.128,the,-2.171145677566528,4.726281642913818,5.271305561065674
7.129,car .,-5.084092855453491,12.950981616973877,14.768371105194092
7.130,Lucy,-13.320729792118073,3.052878499031067,7.823383808135986
7.131,confirmed,-12.042552113533020,7.283698797225952,10.307025909423828
7.132,her,-5.514458656311035,3.729455947875977,6.205390930175781
7.133,mother 's,-8.078055780119030,14.395998716354372,21.352421283721920
7.134,suspicion,-3.767519712448120,2.985165596008301,4.594785213470459
7.135,was,-9.203224182128906,4.637590408325195,5.327743053436278
7.136,founded,-10.563956737518311,7.193117618560791,10.501170635223387
7.137,as,-4.931717395782472,3.543615102767944,4.269638061523438
7.138,she,-5.489151000976562,4.632141113281250,6.182522773742676
7.139,answered,-7.287695109378546,8.409621953964232,10.650369644165039
7.140,"dejectedly ,",-23.435263991355892,17.054659843444824,23.363503932952881
7.141,`` I 'm,-7.032555073312324,30.264927387237549,36.018113136291504
7.142,sorry,-5.288144424557687,9.937539100646973,12.362035274505615
7.143,to,-2.115074872970581,5.560044765472412,5.891302108764648
7.144,say,-3.526431322097778,4.559291839599608,4.756465435028076
7.145,it,-2.776454925537109,4.944567203521729,5.735852241516112
7.146,was . '',-22.070660580735421,25.013843774795532,29.057836055755615
7.147,`` Have n't,-13.155790296893427,19.254657506942749,29.717463016510010
7.148,you,-1.441479325294495,4.667581558227539,5.976006507873535
7.149,reported,-8.159495353698730,3.575497627258301,4.497430801391602
7.150,it,-3.086423635482788,4.188735961914063,4.412911415100098
7.151,yet ? '',-18.009471526136622,24.799542665481567,27.585044145584106
7.152,asked,-4.579791069030762,9.721708774566650,11.850277900695801
7.153,"Jill ,",-18.424237728118896,7.664419174194336,10.347830295562744
7.154,Lucy 's,-14.095572613179682,25.984456539154053,31.335496425628662
7.155,older,-7.855608940124513,5.650711536407472,6.494665622711183
7.156,sister,-2.630776882171631,5.450526237487793,5.880758762359619
7.157,who,-5.379761219024658,5.299957752227783,5.529500484466553
7.158,was,-2.839014053344727,5.876661300659180,6.183635234832764
7.159,sitting,-6.112471580505371,6.119769573211670,6.786418914794923
7.160,in,-1.293659329414368,4.531840801239014,5.425883769989014
7.161,the,-1.224638819694519,3.699558734893799,5.087960720062256
7.162,passenger,-7.801824569702148,3.238507986068726,5.056237220764160
7.163,seat .,-2.904092252254486,14.303333282470703,15.761742591857910
7.164,"`` Yes , ''",-26.614588722197364,23.608794927597046,33.255620479583740
7.165,Lucy,-12.355711713433266,10.699823379516602,14.450606822967529
7.166,"replied ,",-9.020670831203461,13.609724521636963,16.566220760345463
7.167,lying,-12.223900184966626,12.602767467498779,15.348822116851807
7.168,through,-6.085058212280273,4.953632354736328,5.823902130126952
7.169,her,-2.732382774353028,4.997123718261719,6.540526866912843
7.170,teeth .,-7.730370670557021,13.478324413299561,15.776528358459473
7.171,That,-4.601949214935303,0.000000000000000,0.000000000000000
7.172,Lucy,-17.499164998531338,7.084163188934326,10.473924398422239
7.173,should,-6.817382812500000,3.579275131225586,5.715001106262207
7.174,not,-3.345118761062622,2.769723415374756,5.543571949005127
7.175,let,-4.970927238464356,3.400105953216553,5.033121109008789
7.176,the,-2.092912912368774,3.596048593521118,5.354317665100098
7.177,messages,-10.722360372543337,9.235699176788330,13.059412002563475
7.178,get,-3.321175575256348,4.279989719390868,5.784831523895264
7.179,to,-3.417528867721558,4.598650932312012,5.156340122222900
7.180,her,-3.659225463867188,3.646689891815186,5.513274669647217
7.181,and,-4.383345603942871,4.650765419006348,4.918519973754883
7.182,that,-4.046354770660400,3.753393650054932,4.068603992462158
7.183,the,-2.459850311279297,5.320291996002197,6.033720970153809
7.184,sender,-11.749192595481873,7.066431522369385,10.494583606719971
7.185,was,-3.019938945770264,5.822591304779053,6.215201854705811
7.186,only,-6.050584316253662,5.428540229797363,6.627519607543945
7.187,jealous,-10.252848625183104,4.557911872863770,5.862610816955566
7.188,were,-12.591992378234865,4.187103271484375,4.542579650878906
7.189,Lucy 's,-16.115272279828787,20.813156008720398,29.415868759155273
7.190,mom 's,-11.571360885631293,16.383980512619019,20.918505668640137
7.191,"arguments ,",-13.598098516464233,14.405067920684814,17.094792842864990
7.192,in,-4.611176013946533,4.017420768737793,4.829212665557861
7.193,an,-5.383560180664063,5.520370483398438,6.654386043548584
7.194,effort,-3.636865139007568,4.903809547424316,5.848976135253906
7.195,to,-0.017491253092885,5.978045940399170,6.661576271057129
7.196,comfort,-8.292655944824219,4.194087982177733,4.292695522308350
7.197,her,-0.658223092556000,6.201467514038086,6.651435852050781
7.198,daughter .,-7.438493311405182,15.721452236175537,17.421764850616455
7.199,Lucy 's,-16.802635176456533,10.386904597282410,20.725816726684570
7.200,mom,-8.216672897338867,3.855679035186768,6.425472259521483
7.201,suddenly,-8.807303786170449,6.428956031799316,10.965095043182373
7.202,felt,-6.362978935241699,4.691857337951660,5.719989299774170
7.203,"guilty ,",-7.710687398910523,8.597857475280760,10.271175861358643
7.204,for,-5.542911529541017,4.627173900604248,5.718175411224365
7.205,she,-4.359932422637940,4.585463523864746,5.081393241882324
7.206,had,-1.556300878524780,5.018909931182861,5.550906658172607
7.207,been,-2.170007467269897,5.124231338500977,6.176005840301514
7.208,the,-4.513770580291748,4.900007247924805,5.558117389678955
7.209,one,-4.175113677978517,5.921999454498291,6.800623893737793
7.210,to,-2.614305019378662,4.895937919616699,6.001193523406982
7.211,buy,-5.711557388305664,5.201304912567139,5.624095439910889
7.212,the,-2.158194065093994,5.352797985076903,6.358203887939452
7.213,phone,-6.151928901672362,4.211190223693849,5.742177009582520
7.214,for,-2.790350437164306,5.343894958496094,5.807121276855469
7.215,Lucy,-16.408605501055714,8.746707797050476,13.365250349044800
7.216,just,-8.167491912841799,4.450564384460449,6.341068744659424
7.217,a,-2.424604892730713,3.964731693267822,6.036187171936035
7.218,couple,-3.757628679275513,2.781613826751709,5.335960388183594
7.219,of,-0.115837134420872,4.658732414245605,6.442677497863770
7.220,months,-1.459987282752991,4.513451576232910,5.835232734680176
7.221,ago .,-3.178627893328667,12.893285036087036,15.203228950500488
7.222,She,-5.895580291748048,0.000000000000000,0.000000000000000
7.223,then,-6.041726589202881,3.507544755935669,7.113066196441650
7.224,admitted,-7.567152500152588,5.128868579864502,6.244388103485107
7.225,her,-4.182642936706543,4.208057880401611,6.331793785095215
7.226,regret,-8.863493919372559,1.916352033615112,4.298167705535889
7.227,about,-4.066655158996582,4.688896656036377,5.454761505126953
7.228,the,-1.267821669578552,4.806284427642822,5.669218540191650
7.229,phone,-7.246163368225098,4.022468566894531,5.335808753967285
7.230,was,-6.334891796112061,5.071935176849365,6.229773521423340
7.231,still,-5.817256927490233,4.273655414581299,6.052311420440674
7.232,bugging,-12.043178915977476,6.659296512603760,9.725526332855225
7.233,her,-1.707924365997314,3.945562362670898,5.313339233398438
7.234,out,-6.559194087982178,4.142663478851318,5.714688301086426
7.235,loud,-6.801961898803711,3.768138408660889,5.858430862426758
7.236,as,-4.828288555145264,3.803390741348267,4.275279998779297
7.237,she,-0.265657782554627,5.224327564239502,6.241816520690918
7.238,"sighed ,",-9.650817178189754,12.339810371398926,16.424554824829102
7.239,`` I,-2.613431204255903,18.053290367126465,21.793136119842529
7.240,never,-3.950669288635254,5.304790019989014,5.730978012084961
7.241,should,-6.300874233245850,4.855286598205566,5.192353248596191
7.242,have,-0.595336318016052,5.567006111145020,5.936139583587647
7.243,given,-5.738891601562500,8.299610614776611,9.007926940917967
7.244,you,-2.335672140121460,4.542505741119385,4.737193584442139
7.245,that,-3.480797290802002,4.432646751403809,5.174552440643311
7.246,phone,-6.538709163665772,4.327642917633057,5.177996158599854
7.247,Lucy . '',-31.919546820776311,32.526642799377441,39.624767065048218
7.248,"`` No ,",-10.216103106347873,13.269283533096313,19.199451923370361
7.249,it 's,-3.549762764945626,17.610509872436523,20.983302116394043
7.250,fine .,-7.489283755421639,12.949515819549561,14.926080703735352
7.251,I,-13.150427818298340,4.873585700988770,5.057944774627686
7.252,love,-4.507528305053711,5.234212398529053,5.684066772460938
7.253,"it , ''",-17.941054254770279,24.077751636505127,25.166104793548584
7.254,said,-3.277791023254395,5.209726810455322,6.159008979797362
7.255,Lucy,-10.306805342435835,10.394502401351927,14.772686958312988
7.256,knowing,-10.795122146606444,5.280943393707275,5.619759082794189
7.257,that,-5.406661987304688,4.342895030975342,4.989612102508545
7.258,affording,-14.833505153656006,8.467138290405272,10.418354034423828
7.259,the,-2.185505151748657,5.162542819976807,6.170449256896973
7.260,phone,-6.595793724060059,4.457268714904785,5.232311248779297
7.261,had,-6.286985397338867,5.821921348571777,5.913508415222168
7.262,been,-2.109008789062500,5.676642894744872,6.090652465820312
7.263,no,-6.480863094329834,5.610128402709961,6.634663105010986
7.264,small,-6.799565315246582,4.525626659393311,6.193223476409912
7.265,thing,-3.322931110858917,9.618455410003662,10.035849094390869
7.266,for,-2.080336093902588,5.627038478851318,5.603795528411865
7.267,her,-3.229522228240967,4.510108947753906,4.658679485321045
7.268,mother .,-6.432881414890288,14.490988731384277,15.152066707611084
7.269,It,-3.835548400878906,0.000000000000000,0.000000000000000
7.270,had,-4.418177604675293,2.574738502502441,4.862458229064941
7.271,been,-1.657721996307373,3.573322296142578,5.564635276794434
7.272,nothing,-11.005300521850586,2.126508474349976,4.260177612304688
7.273,but,-0.889208018779755,3.618939161300659,5.598880290985107
7.274,trouble,-7.394319057464600,3.248210430145264,5.831102848052979
7.275,though .,-10.957217160612345,9.548901557922363,13.374683380126953
7.276,Lucy,-13.320729792118073,3.052878499031067,7.823383808135986
7.277,did,-7.828603744506836,3.824678421020508,5.907557010650635
7.278,not,-2.300973415374756,3.358406782150269,6.109248638153076
7.279,know,-3.939088582992554,4.305663108825684,6.006969451904298
7.280,who,-3.400211334228516,4.734770774841309,5.226377010345459
7.281,it,-3.719757080078125,3.367460489273072,5.157926082611084
7.282,was,-0.171638220548630,3.811900615692138,5.839638710021973
7.283,that,-4.822062492370605,3.642074823379517,4.695384025573730
7.284,was,-5.602878570556642,4.396328926086427,5.914858818054199
7.285,sending,-8.716776967048645,10.556193590164183,13.838002920150757
7.286,her,-2.261889934539795,4.209313392639160,5.586300373077393
7.287,the,-3.655156135559082,4.227159500122069,5.460844993591309
7.288,"messages ,",-11.485093355178835,12.731693506240843,13.441449165344238
7.289,and,-1.463343024253845,3.736365556716919,4.213104248046875
7.290,she,-1.936853170394897,5.380599498748778,5.857021808624268
7.291,did,-2.132974147796631,6.052089691162108,6.191164493560791
7.292,not,-1.993843674659729,5.906091213226317,6.642236709594727
7.293,know,-2.178985118865967,4.766634941101074,4.996834278106689
7.294,how,-1.789788007736206,4.549500465393066,4.778003215789795
7.295,they,-3.934589385986328,5.103635787963867,5.806595802307129
7.296,had,-3.141154766082764,5.774729728698730,5.948998451232910
7.297,got,-5.936880588531494,4.082087516784668,4.568274497985840
7.298,her,-2.807599544525146,5.194935798645020,6.339177131652832
7.299,"number ,",-11.719667911529541,10.803428173065186,11.792928218841551
7.300,but,-2.468557596206665,4.366360187530518,4.772340774536133
7.301,whoever,-10.794296264648438,8.582108020782469,8.600484371185303
7.302,it,-4.394094467163087,4.593547344207764,5.228473663330078
7.303,"was ,",-2.196549236774445,8.967961788177490,9.530474662780762
7.304,he,-4.160450458526611,5.578381061553955,6.074987411499023
7.305,or,-6.424142360687256,4.778054714202881,5.374393939971924
7.306,she,-0.055147450417280,5.275583744049072,5.757979393005371
7.307,had,-1.711723327636719,5.694818496704102,5.763771057128906
7.308,slowly,-13.120075471699238,11.688137531280518,12.568607330322266
7.309,taken,-5.035602092742920,9.493138313293457,10.430525302886963
7.310,over,-3.311851024627685,4.902242183685303,4.892504692077637
7.311,Lucy 's,-18.429856808157638,23.455626964569092,30.703970432281494
7.312,life .,-3.339298410341143,14.349919795989990,15.610374450683592
7.313,She,-5.895580291748048,0.000000000000000,0.000000000000000
7.314,was,-3.107972145080566,3.213958024978638,6.178365707397461
7.315,getting,-7.339366436004639,3.826406717300415,5.694394588470459
7.316,several,-7.059587001800537,3.310034275054932,6.234633445739746
7.317,texts,-10.383913639932869,5.578154921531677,9.063430309295654
7.318,a,-5.567493438720703,3.292868375778198,5.548325061798097
7.319,day,-1.453748941421509,6.660726308822633,9.261643409729004
7.320,"now ,",-8.190051436424255,8.361239671707153,10.262718200683594
7.321,all,-4.884681701660156,4.387933254241943,5.157725811004639
7.322,of,-2.248892307281494,3.742798805236816,4.235177516937257
7.323,which,-0.917579829692841,3.796617031097412,3.979085206985474
7.324,were,-1.619399666786194,5.420870780944824,6.271420001983643
7.325,abusive,-10.574329376220703,4.304620742797852,5.499221801757812
7.326,and,-1.492752194404602,4.916859149932861,5.048769474029541
7.327,hurtful .,-15.698203023523092,16.420004844665527,21.337784767150879
7.328,Lucy,-13.320729792118073,3.052878499031067,7.823383808135986
7.329,wondered,-12.189835548400881,6.577790498733521,11.343669891357422
7.330,what,-2.441522598266602,4.676093101501465,5.353647232055664
7.331,the,-2.097140312194824,4.290503978729248,5.638407230377197
7.332,person,-7.562050819396973,4.218700408935547,5.225610733032227
7.333,who,-2.071569204330444,4.685169219970703,6.201516151428223
7.334,was,-2.243518590927124,4.548145771026611,5.828810214996338
7.335,messaging,-15.987759448587894,10.237022876739502,13.314515590667725
7.336,her,-4.760433197021483,4.424647331237793,5.558028221130371
7.337,might,-5.054083347320557,4.617418289184570,5.688611507415772
7.338,be,-2.267826795578003,4.450758934020996,5.061492919921875
7.339,thinking,-2.456324815750122,4.626926422119142,5.065837383270264
7.340,or,-6.652275562286378,4.785430431365967,5.487656116485597
7.341,trying,-4.749873161315918,5.477530002593994,5.531830787658691
7.342,to,-0.058855619281530,5.421164989471436,6.399504661560059
7.343,achieve,-7.475705146789551,4.765965461730957,4.564824581146240
7.344,with,-4.543039321899414,4.752468109130858,4.739280223846436
7.345,all,-5.921184539794923,5.276191234588623,5.751500129699707
7.346,of,-3.028106212615967,4.737460613250732,4.715248107910156
7.347,their,-4.731214046478272,5.660610675811768,6.420274734497070
7.348,hateful,-11.711896181106567,9.691069841384886,12.110396385192873
7.349,messages .,-7.915193136781454,17.174895286560059,19.187748908996582
7.350,As,-4.516566753387451,0.000000000000000,0.000000000000000
7.351,the,-2.420159339904785,2.154358625411988,4.023939609527588
7.352,car,-7.699517250061035,2.107916831970215,3.867740154266357
7.353,pulled,-6.470149993896483,4.970630645751953,9.838344097137453
7.354,up,-2.169603109359741,3.916772365570069,5.890666007995605
7.355,outside,-8.680750846862793,5.072513580322267,5.005445003509521
7.356,the,-0.858809351921082,3.748420953750609,5.151453971862793
7.357,"school ,",-7.896817326545715,8.432699680328369,10.974425315856934
7.358,which,-7.019531250000000,5.702681541442871,6.425335884094237
7.359,looked,-5.246577404439449,9.612482547760010,12.186613082885742
7.360,like,-0.632700562477112,5.702969074249268,5.831497192382812
7.361,a,-0.595999300479889,4.323774814605713,5.447854518890381
7.362,large,-6.439023971557617,4.087881088256837,5.336402893066406
7.363,shadow,-8.329584121704103,4.696520328521729,5.882814407348633
7.364,in,-3.735844135284424,4.247185707092285,4.605529308319092
7.365,the,-0.941543400287628,3.715072154998779,4.248671531677246
7.366,darkness,-6.461284875869751,8.826340675354004,11.449150085449221
7.367,of,-1.454240560531616,5.021854877471924,5.441516399383545
7.368,a,-2.053055763244629,5.111569881439209,5.830355167388916
7.369,November,-9.773941993713381,4.331648826599121,5.560508728027344
7.370,"evening ,",-5.809570193290710,9.207421302795410,11.061254978179932
7.371,Lucy,-11.911752447485926,8.139956593513489,12.366010904312134
7.372,felt,-6.645165443420410,4.285171508789063,4.988309860229492
7.373,a,-3.049323558807373,5.164956092834473,6.403218269348145
7.374,shiver,-11.863370876759289,5.892048835754395,10.841709136962891
7.375,run,-11.726830482482910,2.919051885604858,4.090300083160400
7.376,down,-4.938630104064941,4.068758010864259,5.120144367218018
7.377,her,-4.107377052307129,4.131931781768799,5.981103897094727
7.378,spine .,-13.487449437379835,15.546119034290317,23.070669412612915
7.379,Hastened,-24.636153221130371,7.859534978866577,8.792885780334473
7.380,by,-1.064744234085083,3.431845188140869,5.734849929809570
7.381,"Jill ,",-21.137315273284912,7.060907125473022,9.042217016220093
7.382,who,-3.012956619262696,4.405722618103027,5.680008888244629
7.383,did,-4.772435665130615,5.226716518402100,5.861117839813232
7.384,not,-1.979966878890991,4.850277900695801,6.128191471099854
7.385,want,-2.824383735656738,4.737442493438722,5.757796287536621
7.386,to,-0.278439015150070,4.509936332702637,5.810435295104980
7.387,be,-1.444685935974121,4.072073936462401,5.593802928924561
7.388,late,-8.827209472656250,4.860956668853760,5.597564697265625
7.389,to,-3.657999515533447,5.406534194946289,6.724651336669923
7.390,her,-6.090561389923097,4.771553039550781,6.305073261260986
7.391,own,-4.260606288909912,4.511155605316162,6.512200832366942
7.392,"concert ,",-9.324990034103394,7.743616104125976,9.153050899505615
7.393,Lucy,-13.713187724351885,9.303469419479368,13.217492103576660
7.394,hesitantly,-13.525447970256211,10.515167713165283,11.987402915954590
7.395,stepped,-7.894433021545410,5.035584926605225,6.397478103637695
7.396,out,-2.392622470855713,4.593374252319336,5.663097858428955
7.397,of,-0.401934415102005,4.598131656646729,5.391817569732666
7.398,the,-0.981742143630981,4.393058776855469,5.683783054351808
7.399,car,-6.957932949066162,3.555517911911011,4.597667694091797
7.400,and,-2.054113626480103,5.842855453491211,5.957494735717773
7.401,walked,-4.763158522080630,9.724794387817383,10.769970893859863
7.402,toward,-7.388419151306152,5.396780490875244,5.777700901031494
7.403,the,-0.847242474555969,5.241359710693358,6.283450603485107
7.404,school .,-8.429780006408691,13.976118564605713,15.948635578155518
7.405,It,-3.835548400878906,0.000000000000000,0.000000000000000
7.406,was,-2.245547771453857,3.240544319152832,5.025370121002197
7.407,Jill,-15.566539764404295,2.271374702453613,4.882546901702881
7.408,who,-6.916237831115723,3.165870666503906,4.744861602783203
7.409,in,-5.795271873474121,3.957639694213867,5.116323471069336
7.410,her,-4.381343841552733,3.686660766601562,5.487001419067383
7.411,final,-6.596920967102051,3.018121719360352,5.892805576324463
7.412,year,-3.017372965812683,5.575664281845093,9.033574819564821
7.413,of,-0.706216514110565,4.013762950897217,5.103463649749756
7.414,high,-3.957402467727661,3.846717834472656,6.021104335784912
7.415,school,-0.026847546920180,4.540398120880127,5.673418045043945
7.416,had,-2.598655700683594,5.132123470306396,5.900678634643555
7.417,become,-3.871937513351440,4.502621173858643,5.278638839721680
7.418,involved,-7.220926869544201,7.349787712097168,11.456006526947020
7.419,in,-0.356824159622192,5.096903800964356,5.989161491394043
7.420,helping,-6.225717544555664,4.196968078613281,5.027646064758301
7.421,organize,-5.659611225128174,4.337969303131104,5.052515983581543
7.422,this,-4.192121982574463,4.817934036254883,6.421895027160645
7.423,year 's,-2.630919830080529,18.106268882751465,26.256432533264160
7.424,school,-4.540369987487793,3.142068147659302,5.356106281280518
7.425,talent,-13.150936126708984,2.942405223846436,4.584413528442383
7.426,"show ,",-10.879255294799805,8.180873394012451,10.505225181579590
7.427,and,-1.652649879455566,4.282818794250488,4.501663684844972
7.428,she,-2.606540441513061,5.299742221832275,5.805546760559082
7.429,took,-4.527730941772461,6.093822956085205,6.487021923065186
7.430,her,-3.477622509002685,6.139043807983398,6.928374767303468
7.431,position,-7.195951461791992,4.877160549163818,6.152260303497314
7.432,very,-6.852146148681642,4.244754314422607,6.234749794006348
7.433,seriously .,-0.548670745076379,18.233151674270630,22.972999572753906
7.434,Lucy,-13.320729792118073,3.052878499031067,7.823383808135986
7.435,hurried,-13.401799917221069,5.417523145675659,9.108675003051758
7.436,behind,-10.656946182250977,3.493542671203613,4.675803661346436
7.437,"Jill ,",-19.418372154235840,5.992269277572632,8.866055011749268
7.438,pulling,-8.065198898315430,7.369210720062256,9.282615184783936
7.439,on,-4.698636531829834,4.137543678283691,5.173715591430664
7.440,the,-1.494927763938904,3.823338031768799,5.054265499114990
7.441,"worn ,",-14.686461687088014,12.326833724975586,16.633593559265137
7.442,oversized,-8.860362768173216,7.242144107818604,10.571689605712891
7.443,coat,-6.611021876335144,6.760371208190918,9.123007297515869
7.444,that,-3.456557750701904,4.542482376098633,5.175683498382568
7.445,had,-3.197737693786621,5.165050029754639,6.335648536682129
7.446,originally,-8.226870296522975,8.995387554168701,12.269333362579346
7.447,belonged,-5.307474125569570,7.623939037322997,10.253531932830811
7.448,to,-0.054183900356293,4.620054244995117,5.184353351593018
7.449,"Jill ,",-17.299978256225586,7.264243125915528,10.183411598205566
7.450,in,-4.439476013183594,3.248917341232300,4.490142822265625
7.451,order,-4.058086395263672,4.486129283905028,5.638285160064697
7.452,to,-0.022602325305343,5.502556324005127,6.580514430999756
7.453,keep,-3.675497531890869,5.031735897064209,5.317566394805908
7.454,her,-1.050769209861755,4.730318069458008,6.485795021057129
7.455,dry,-6.919884681701660,3.722813606262207,5.213094711303711
7.456,as,-5.017807006835938,3.732646226882935,3.980896949768066
7.457,the,-2.297292232513428,5.637556552886963,6.236702919006348
7.458,raindrops,-19.870892047882077,12.620264530181885,14.601110935211182
7.459,fell,-5.208802223205566,4.784526348114014,5.609672546386719
7.460,all,-8.001983642578125,4.361684799194337,5.184220790863037
7.461,around,-3.432456970214844,4.535289764404297,4.501458168029785
7.462,them .,-5.236997687257826,13.427731990814209,15.153534889221191
7.463,As,-4.516566753387451,0.000000000000000,0.000000000000000
7.464,the,-2.420159339904785,2.154358625411988,4.023939609527588
7.465,sisters,-11.991378188133240,6.948618888854980,11.562026023864744
7.466,entered,-7.334310293197633,7.139588832855225,10.029407024383543
7.467,the,-0.447822332382202,4.289538860321045,5.539446830749512
7.468,hall,-4.998449206352233,7.047779083251952,9.376245498657227
7.469,where,-4.901417970657349,8.405482292175293,10.152710437774658
7.470,the,-1.651596784591675,4.759001731872559,5.311410903930664
7.471,show,-5.576187133789063,3.885551452636719,5.090913772583008
7.472,was,-0.711831867694855,4.451520919799805,5.934664726257324
7.473,to,-4.567564964294434,4.444153785705566,5.690409660339356
7.474,take,-5.081583976745605,3.831475257873535,5.324450969696045
7.475,"place ,",-0.366841882467270,9.473711013793945,10.690213680267334
7.476,Jill,-12.225517272949221,3.678970098495483,5.152847290039063
7.477,filled,-11.509160041809082,4.456635475158691,5.485583305358887
7.478,with,-1.801927089691162,5.483500480651856,6.029567241668701
7.479,excitement,-7.554921150207519,3.986646652221680,5.809294700622559
7.480,while,-6.534127354621887,9.613779067993164,10.575738906860352
7.481,Lucy,-11.975537046790125,8.480424761772156,12.695051670074465
7.482,regretted,-11.955964557826519,9.623847484588623,10.273208141326904
7.483,that,-2.862734317779541,4.084270477294922,4.511605739593506
7.484,she,-1.985664129257202,4.454976081848145,5.463511466979980
7.485,had,-1.024956822395325,5.279961109161377,6.074672698974608
7.486,promised,-9.335197548847647,9.513444900512695,10.989342212677002
7.487,her,-2.544244527816772,5.215960025787354,6.567002773284912
7.488,mother,-5.216512680053711,4.639820098876953,5.583894729614258
7.489,she,-3.676503419876098,4.157240390777588,5.518388748168945
7.490,would,-0.447951197624207,5.380990028381348,6.157287597656250
7.491,participate,-6.897279262542725,5.177361965179443,5.430536746978760
7.492,in,-0.435278713703156,5.677847385406494,5.986900329589844
7.493,the,-0.580569565296173,5.706116199493407,6.085313796997070
7.494,show .,-4.083492606878282,13.429363250732422,16.190149307250980
7.495,`` To,-8.161175280420139,9.479127645492554,15.506938457489015
7.496,waste,-10.203199386596680,3.550037860870361,5.332954406738281
7.497,your,-3.091151714324951,4.862041473388672,6.490841388702393
7.498,talent,-7.405020713806152,4.613069057464600,5.077011108398438
7.499,would,-6.110399723052979,4.659521102905273,5.111084461212158
7.500,be,-1.171485304832458,4.469727039337158,4.524084568023682
7.501,a,-1.855538725852966,5.034074783325195,5.137141227722168
7.502,real,-4.252734184265137,5.141964912414551,5.752046585083008
7.503,"shame ,",-6.608840823173523,10.844175338745117,11.558869838714600
7.504,for,-7.549386024475098,4.719331741333008,4.895941734313965
7.505,you,-2.154891490936280,5.570309162139893,5.794421195983888
7.506,have,-2.916352272033691,4.948504924774170,4.887032032012940
7.507,such,-8.411033630371094,5.968524932861327,6.101802349090576
7.508,a,-0.487786412239075,5.575868606567383,6.158861160278320
7.509,beautiful,-6.678743362426758,4.833837985992432,6.297910213470459
7.510,"voice , ''",-21.797175839543339,23.175769329071045,24.778698444366455
7.511,her,-8.266305923461914,5.286902904510498,5.322945117950440
7.512,mother,-2.497769355773926,5.369461536407472,5.710672855377197
7.513,had,-6.476373672485352,4.409628391265869,4.343016624450684
7.514,argued,-9.195723600685595,9.761817455291748,10.995991230010986
7.515,two,-8.329149246215820,5.043673038482666,6.002832889556885
7.516,months,-3.471651792526245,5.426175117492676,6.164589881896973
7.517,"back ,",-7.476746797561645,9.002814769744873,10.489040374755859
7.518,when,-5.571759223937988,4.146434783935547,4.578990459442139
7.519,the,-2.196348905563354,4.752674579620361,5.370989322662354
7.520,concert,-8.083228111267090,4.109012603759767,4.963143348693848
7.521,was,-0.999402284622192,5.240508079528809,5.712188720703125
7.522,first,-5.728052616119385,5.349945068359375,5.927709579467773
7.523,announced .,-4.799236339400523,16.112749338150024,19.095217227935791
7.524,Lucy,-13.320729792118073,3.052878499031067,7.823383808135986
7.525,had,-6.728499412536621,3.193614482879639,5.246483802795410
7.526,been,-1.753544807434082,3.979529142379761,5.871167182922362
7.527,considering,-7.511501284287077,6.163737773895264,10.168506622314453
7.528,"it ,",-10.008706092834473,7.196717500686646,9.024696350097656
7.529,for,-5.045354843139648,4.687287807464600,5.725158691406250
7.530,she,-6.105623245239258,4.647086620330811,5.396152019500732
7.531,did,-4.013208389282227,5.230735301971436,5.467484474182129
7.532,love,-10.266267776489258,4.687279701232910,5.651283740997314
7.533,to,-2.601938247680664,5.002751350402832,6.258076190948486
7.534,sing .,-7.897418200969696,14.715800404548645,21.936599731445312
7.535,That,-4.601949214935303,0.000000000000000,0.000000000000000
7.536,very,-9.087395668029783,2.106559276580811,4.346899986267090
7.537,"night ,",-7.113206684589386,5.151208162307739,9.642940044403076
7.538,the,-2.040462255477905,2.695272445678711,3.826438665390015
7.539,first,-5.343616485595703,3.205799341201782,4.973770141601562
7.540,text,-10.656015396118164,4.116467475891113,5.183268547058105
7.541,message,-9.126520156860352,4.224986553192139,5.204524993896483
7.542,had,-4.976663112640381,5.157121658325195,5.693528652191162
7.543,come,-3.369794845581055,4.445349693298340,6.544928550720215
7.544,through .,-6.215023711323738,12.014831304550169,16.566593647003174
7.545,`` How,-8.422009497491672,9.011422395706177,15.529061317443849
7.546,does,-4.323112010955811,4.343891143798828,5.850438594818115
7.547,it,-1.640317559242248,3.346342563629150,5.506000518798828
7.548,feel,-5.154390335083008,4.382877349853517,4.880655765533447
7.549,to,-3.153076887130737,4.616539001464844,6.156511783599854
7.550,be,-1.186182141304016,4.183960914611816,4.845511436462402
7.551,tall,-13.432383298873901,6.473961591720581,7.636780977249146
7.552,and,-2.300472736358643,4.904611110687256,5.331000328063965
7.553,lanky,-9.135186179075390,7.746948242187500,9.282720565795898
7.554,like,-7.232617378234862,4.779679298400879,5.053215980529785
7.555,a,-2.325741767883301,5.131143569946289,6.088349342346191
7.556,giraffe ? '',-27.861435682279989,38.457239151000977,47.165457010269165
7.557,it,-4.931703567504883,5.055571556091309,5.523240089416504
7.558,had,-7.400114059448242,4.937147140502930,5.104647159576416
7.559,"asked ,",-8.875585397705436,14.088658332824707,17.001789569854736
7.560,taking,-12.429542381316425,9.149654388427734,10.039864540100098
7.561,Lucy,-13.838087975978851,10.200664997100830,13.679683923721313
7.562,by,-6.403772354125977,4.106508731842041,4.763755798339844
7.563,surprise .,-3.145700715482235,13.466026306152344,14.845719337463379
7.564,One,-5.192912578582764,0.000000000000000,0.000000000000000
7.565,of,-1.683322072029114,3.292283535003662,4.526414871215820
7.566,the,-0.449236243963242,3.283671379089355,4.869532108306885
7.567,popular,-8.492013931274414,3.021200895309448,5.427259445190430
7.568,"girls ,",-12.765666995197535,8.954712152481079,14.666359901428223
7.569,Lucy,-9.991929680109022,7.766289353370666,12.200503110885620
7.570,had,-8.650315284729004,4.910846233367920,6.351803779602051
7.571,always,-5.776641368865968,4.888670921325684,6.671357154846191
7.572,known,-4.873631477355957,8.237668514251709,10.524283885955811
7.573,she,-4.039206981658936,3.524722337722778,5.038776874542236
7.574,"was n't ,",-8.128336580846735,19.564615488052372,26.417903900146484
7.575,but,-1.171202659606934,4.394042015075684,4.797150611877441
7.576,before,-7.361215114593506,4.468893527984619,4.658907413482666
7.577,the,-2.994282722473145,4.448175430297852,4.824267387390137
7.578,messages,-13.018011569976807,10.119991779327393,10.788110256195068
7.579,"began ,",-5.949962019920350,13.923543691635134,15.759399414062502
7.580,Lucy,-12.827620521187782,9.981741666793825,14.027142047882080
7.581,had,-2.176320075988769,5.844413280487061,6.123572349548340
7.582,always,-5.645909309387207,5.860101222991942,6.576389789581299
7.583,been,-0.998059868812561,5.576837062835693,6.333474159240723
7.584,quite,-5.772006988525392,5.005398750305176,6.440997123718263
7.585,proud,-6.788731575012207,4.583002090454102,5.726965427398683
7.586,of,-0.654354095458984,4.288352966308594,4.420814514160156
7.587,being,-5.533616542816162,5.121155261993408,5.824138641357423
7.588,a,-1.639471769332886,5.312249183654785,5.698901653289795
7.589,little,-4.660111427307129,4.697226524353027,6.161764621734619
7.590,different .,-6.601477053016424,14.512888908386230,16.408884048461914
7.591,But,-3.195700645446777,0.000000000000000,0.000000000000000
7.592,text,-13.074216842651367,2.792640447616577,5.576694965362549
7.593,by,-6.568425655364990,3.110172271728516,4.700101375579834
7.594,"text ,",-11.661552190780640,7.570706605911255,10.701210975646973
7.595,Lucy 's,-16.379591309931129,19.276244521141052,28.684609413146973
7.596,self-confidence,-11.994399860501289,14.898473501205444,20.009433269500729
7.597,had,-5.833746910095215,5.611975669860840,6.083121299743652
7.598,deflated,-11.495370743374224,9.199698925018311,11.517258167266846
7.599,"and ,",-7.133629798889160,9.488492012023926,10.694408893585205
7.600,in,-2.031344890594482,3.924865484237671,4.749069213867188
7.601,the,-1.561360597610474,3.896058320999146,5.080603122711182
7.602,"end ,",-1.389439205639064,7.713892459869386,9.224201202392578
7.603,it,-3.260877132415771,4.747200965881348,5.188755989074707
7.604,had,-1.899605393409729,6.153954982757567,6.321643829345702
7.605,taken,-4.922815561294557,8.825358867645264,10.411805152893066
7.606,some,-4.239780426025392,5.643083095550537,6.766460895538330
7.607,doing,-6.652275562286378,4.595908164978027,5.802287101745605
7.608,to,-2.747558116912842,6.234550952911378,6.514132976531982
7.609,get,-3.124207496643066,4.450469017028809,5.082434654235840
7.610,her,-2.094876766204834,5.078147411346436,6.665942192077638
7.611,to,-1.994205951690674,5.204464912414551,6.479063987731934
7.612,agree,-5.679478645324707,3.634001493453980,4.637262821197510
7.613,to,-0.626922726631165,5.471262931823730,5.887225151062013
7.614,perform,-6.199705600738525,4.643348217010498,4.852365493774414
7.615,in,-2.838588476181030,3.918864250183105,4.629518985748291
7.616,the,-1.378142595291138,4.897540569305420,5.313023567199707
7.617,show .,-6.159307405352593,13.414085626602173,16.415763854980469
7.618,"Now ,",-6.574176132678986,3.459546089172364,4.854910373687744
7.619,"however ,",-3.172345078317449,11.770643472671509,17.268755435943604
7.620,Lucy,-14.764270365238190,8.526422500610353,13.510146379470825
7.621,had,-6.720337867736816,4.199004650115967,5.082142829895020
7.622,no,-4.003637313842773,4.982476711273193,7.001905441284180
7.623,choice,-1.789701581001282,3.622420310974121,5.925442695617676
7.624,but,-0.334245383739471,4.935809135437012,6.609077453613281
7.625,to,-0.012717809528112,4.856066703796387,6.211979866027832
7.626,make,-3.997308731079102,5.204064846038818,5.741493225097656
7.627,her,-3.238664627075196,4.661175727844238,6.135069370269775
7.628,way,-6.495996952056885,4.413637638092041,6.182833671569824
7.629,towards,-14.043641567230225,9.973518371582033,12.060946941375732
7.630,the,-0.900230586528778,4.841648101806642,6.290806293487549
7.631,stage,-3.808132410049439,5.223338127136231,5.729931831359862
7.632,where,-4.289386689662933,7.443266868591309,8.809766292572021
7.633,Jill,-14.909187316894533,3.546467542648315,5.435933589935303
7.634,was,-4.608309745788574,5.666987895965576,6.462215423583983
7.635,beckoning,-13.444612175226213,7.735493898391724,9.744201660156250
7.636,encouragingly,-14.348689556121824,10.765261173248293,12.025272369384766
7.637,to,-3.472990036010742,5.119186401367188,6.097177505493164
7.638,her .,-5.291435837745666,13.105065107345581,16.762983798980713
7.639,She,-5.895580291748048,0.000000000000000,0.000000000000000
7.640,was,-3.107972145080566,3.213958024978638,6.178365707397461
7.641,the,-3.287463188171387,3.910384416580200,4.450748920440674
7.642,first,-1.197161793708801,5.198149681091309,5.267426490783691
7.643,performer .,-14.771415591239929,11.645462274551392,15.503403186798096
7.644,"Lucy ,",-16.967382729053497,5.793245911598206,12.432254791259766
7.645,announced,-12.223171710968018,6.942409753799439,10.704184532165527
7.646,by,-2.929833889007568,5.136231422424316,5.109343528747559
7.647,her,-2.659133434295654,4.679769992828369,6.041688919067383
7.648,sister,-5.379010677337647,3.450426816940308,5.732149124145508
7.649,to,-4.959957122802733,5.113500118255615,5.853794097900392
7.650,the,-1.862406492233276,3.892517566680908,4.964025497436523
7.651,"audience ,",-5.430032372474670,8.955454826354980,11.819698810577393
7.652,was,-2.298909664154053,5.029580116271973,5.916976928710938
7.653,all,-6.651137828826903,4.732081413269043,5.882172107696532
7.654,nerves,-14.458546876907349,4.696606636047363,9.930566787719727
7.655,as,-6.779738426208496,3.921937465667725,4.610829353332520
7.656,she,-0.750240206718445,4.245517730712892,5.750192642211914
7.657,walked,-3.235402282327414,6.762644290924072,9.831240653991699
7.658,out,-2.382860183715820,4.361500263214111,5.454911708831787
7.659,onto,-6.151905536651611,4.757815361022949,5.541645050048828
7.660,the,-0.784297108650208,4.470598697662354,5.701319217681885
7.661,middle,-6.979411602020264,3.678777694702149,5.647957801818848
7.662,of,-0.832748711109161,4.550543308258057,5.233318328857422
7.663,the,-0.752629220485687,4.746151924133301,5.859742164611816
7.664,"stage ,",-5.486534118652344,9.487451076507568,11.014749050140381
7.665,where,-4.091284275054932,8.337658405303955,9.904215335845947
7.666,there,-6.831779003143311,5.208553314208983,5.967992782592773
7.667,was,-0.972673177719116,5.726067543029785,6.237120151519775
7.668,nothing,-4.207686424255371,5.334290027618408,5.415937423706055
7.669,but,-2.694474697113037,5.486148357391357,5.959901332855225
7.670,a,-1.350270867347717,5.598301410675049,6.378124237060548
7.671,microphone,-8.407727241516112,4.519358158111572,5.316917896270752
7.672,and,-2.892400026321411,4.708586215972900,4.907151699066162
7.673,her .,-11.657351732254028,12.319882154464722,16.896842002868652
7.674,She,-5.895580291748048,0.000000000000000,0.000000000000000
7.675,heard,-8.419102668762207,4.140622615814209,7.819614171981812
7.676,the,-1.972641587257385,3.277440547943115,5.569754600524902
7.677,audience,-5.102778434753418,3.610094547271729,5.590573787689209
7.678,applaud,-5.690259456634521,3.201079368591309,3.563326358795166
7.679,and,-4.688254356384277,5.232937335968018,5.566943168640137
7.680,could,-6.858172416687013,4.516449928283691,5.638999462127686
7.681,feel,-6.221522331237793,4.913538932800293,5.806550979614258
7.682,a,-2.961449861526489,3.789288997650146,5.638929843902588
7.683,sense,-4.896067619323730,3.931879758834839,5.317066192626953
7.684,of,-0.051321640610695,5.274858951568604,6.441797256469727
7.685,anticipation,-8.732414245605469,5.226615428924561,5.515517234802246
7.686,emanate,-19.698496341705319,8.671856164932251,12.062113761901855
7.687,from,-0.084565900266171,4.116084098815918,4.258638381958009
7.688,the,-1.014956116676331,4.597219467163086,5.408905029296875
7.689,other,-5.408359050750732,4.998123168945312,6.054626941680907
7.690,side,-1.902430891990662,7.305876731872559,9.990022182464600
7.691,of,-1.320004105567932,4.189223766326903,4.613276481628418
7.692,the,-0.311615020036697,4.632132530212402,5.780401706695558
7.693,heavy,-10.933616638183594,4.058516979217528,5.872239589691162
7.694,curtain .,-7.058683145791292,13.602377891540527,16.504500865936279
7.695,As,-4.516566753387451,0.000000000000000,0.000000000000000
7.696,the,-2.420159339904785,2.154358625411988,4.023939609527588
7.697,curtains,-12.302471160888672,5.360536813735962,11.009465694427490
7.698,began,-4.899364039301872,7.225941419601440,10.944789409637453
7.699,to,-0.746828675270081,4.076344013214111,5.861071586608888
7.700,"part ,",-12.641301751136780,8.229412555694580,11.124002933502197
7.701,she,-4.766836643218994,4.721461296081543,5.210479736328125
7.702,cast,-8.217546582221985,6.531025409698486,8.492815494537354
7.703,a,-1.888567566871643,4.316357612609863,5.880395889282227
7.704,worried,-10.861104965209961,3.106699705123901,5.674459457397461
7.705,look,-6.559078216552733,2.904532670974731,4.167460918426514
7.706,at,-0.569316625595093,4.135051727294922,4.505058765411377
7.707,Jill,-14.201816558837891,2.513765096664429,4.835893154144287
7.708,in,-6.931433677673340,3.010343313217163,3.674012184143066
7.709,the,-1.329766035079956,3.622930049896240,5.022615909576416
7.710,"wings ,",-9.614354491233826,13.267843484878540,16.306170940399170
7.711,who,-4.404637336730957,5.470204830169678,5.924311637878418
7.712,assured,-9.343549728393556,4.242441654205321,4.663972854614258
7.713,her,-0.354018181562424,4.879448413848877,5.417333602905273
7.714,with,-6.968547821044923,4.993072032928467,5.933829307556152
7.715,a,-0.752985358238220,5.685356616973878,6.609387397766112
7.716,positive,-7.798577785491942,4.524629592895508,6.541719436645508
7.717,thumbs,-10.721909046173096,10.524411916732786,15.560678482055664
7.718,up .,-4.612297900021076,13.684261322021484,16.566041946411133
7.719,Lucy,-13.320729792118073,3.052878499031067,7.823383808135986
7.720,thought,-10.094546318054199,3.650958299636841,5.165781497955322
7.721,to,-3.836762905120850,4.033256053924561,6.096699714660645
7.722,herself,-8.270411968231201,6.701009511947633,10.924312591552734
7.723,that,-2.220216751098633,3.831155538558960,4.755264282226562
7.724,she,-1.822896242141724,3.405502319335937,4.676310539245605
7.725,could,-2.112742900848389,4.144797801971436,5.491607189178467
7.726,not,-3.723554134368897,4.184390544891357,5.893020153045653
7.727,go,-4.167150497436523,4.122103214263916,5.957043170928955
7.728,through,-3.415051460266113,4.819791316986084,5.620369911193848
7.729,with,-3.594183444976806,4.864186763763428,5.511368274688722
7.730,this,-2.994372129440308,5.086966514587402,6.253968238830566
7.731,and,-5.231079101562500,5.247026920318604,5.564631462097168
7.732,that,-1.722219705581665,4.577563762664795,4.875953674316406
7.733,"she ,",-6.568897843360901,9.564066410064697,10.423307895660400
7.734,unlike,-6.988972663879395,4.740041255950928,5.414120197296143
7.735,her,-1.190437316894531,5.043169498443604,6.298413276672362
7.736,older,-6.291216850280763,4.760517120361328,6.428050041198730
7.737,"sister ,",-2.269012153148651,8.768054962158203,10.435838699340820
7.738,was,-1.730165481567383,5.762125968933105,6.429758548736572
7.739,not,-3.297873497009277,5.448547363281250,6.306411743164063
7.740,confident,-8.671080589294434,5.374385833740233,5.661156654357910
7.741,enough,-1.767946273088455,8.850516319274902,10.068770408630373
7.742,to,-0.666308462619781,5.517414569854736,6.189162731170653
7.743,put,-5.572013378143311,4.980987071990967,5.166407585144043
7.744,herself,-2.166137337684632,9.747242927551270,12.705946922302244
7.745,before,-5.939719200134277,5.279406070709229,5.454267501831055
7.746,the,-1.586470246315002,4.728539466857910,5.913221359252930
7.747,judging,-11.691256319172680,5.432292699813843,8.813954353332520
7.748,audience .,-4.387892268598080,14.269219398498535,16.186725139617920
7.749,The,-1.715715885162354,0.000000000000000,0.000000000000000
7.750,crowd,-8.484464645385742,3.227443695068360,5.959666728973389
7.751,looked,-7.165725886821747,6.813933372497559,11.010288238525391
7.752,up,-3.835784435272217,3.363836526870728,5.949207782745361
7.753,at,-1.857100009918213,3.799810886383057,5.643965721130371
7.754,her,-3.919619560241699,3.882793188095093,5.908106327056885
7.755,and,-2.884138107299805,3.724656343460083,3.452487468719482
7.756,Lucy,-13.406231537461279,7.141763687133789,11.381134986877440
7.757,was,-3.279314041137696,5.783749103546143,6.261732578277588
7.758,ready,-5.177684783935547,4.874562740325928,6.278320789337157
7.759,to,-0.834364295005798,4.814773082733153,6.361751556396483
7.760,run,-4.456304073333740,4.626960277557373,4.793818473815918
7.761,when,-6.582916259765625,3.922358512878418,4.169058799743651
7.762,the,-2.024368047714233,4.500390052795410,5.577126502990723
7.763,first,-4.862949371337892,4.626057147979736,5.519069194793701
7.764,notes,-9.940579414367676,4.519148826599121,5.615643024444580
7.765,of,-1.601782560348511,3.447503089904785,3.805500030517578
7.766,the,-0.920382380485535,4.491083621978760,5.149513721466064
7.767,music,-7.200240135192871,3.495994091033936,4.534874916076660
7.768,sounded,-5.683664016425610,8.577795028686522,10.322801589965820
7.769,out,-2.392677545547485,5.229897022247314,5.349857807159424
7.770,and,-4.103539466857910,3.923503160476685,4.292130947113037
7.771,a,-3.982107639312744,5.761502742767334,6.371670246124268
7.772,sudden,-7.121350765228272,4.813691139221191,6.048040390014648
7.773,calm,-7.942122459411621,5.216724872589111,6.202179908752441
7.774,settled,-8.092654228210451,4.869934082031250,4.973132133483887
7.775,over,-3.538380146026612,4.365923881530762,4.345167636871338
7.776,her .,-3.209730625152588,11.320970296859741,16.319572448730469
7.777,She,-5.895580291748048,0.000000000000000,0.000000000000000
7.778,closed,-8.791757583618164,3.617926597595215,5.504558086395264
7.779,her,-2.695764303207397,3.024448394775390,5.354165077209473
7.780,eyes,-2.731092453002930,2.825141429901123,5.419444084167480
7.781,and,-1.694601774215698,4.329682350158691,5.389846324920653
7.782,shut,-7.004904747009277,3.982961177825928,4.605776786804199
7.783,everything,-8.659491717815401,9.053651809692383,11.547241210937500
7.784,"out ,",-5.248462200164795,9.234516143798828,11.474368572235107
7.785,including,-4.877875891310397,7.297238588333130,10.402999401092529
7.786,the,-1.560727000236511,4.392169952392578,5.617063045501709
7.787,"audience ,",-9.510851621627808,8.287210464477539,10.321249008178711
7.788,the,-3.377693176269531,4.555010318756104,5.421823978424072
7.789,nerves,-9.150794744491575,8.135324239730835,10.781152248382568
7.790,that,-3.605025291442871,4.158964157104491,4.872237682342528
7.791,threatened,-6.283697426319122,6.926449298858643,7.430412530899048
7.792,to,-1.871400594711304,5.003985881805420,6.068933486938477
7.793,take,-5.732041835784912,3.754333257675171,4.173935890197754
7.794,"over ,",-7.995662927627563,8.784868717193604,9.427410125732422
7.795,the,-1.230422019958496,5.781081199645996,6.366960048675537
7.796,text,-10.040329933166504,4.045960426330566,4.721798419952393
7.797,"messages ,",-11.162959337234499,13.057846069335938,13.912248134613035
7.798,and,-1.186431646347046,4.349142074584962,4.668982982635498
7.799,the,-0.304691046476364,6.181991577148438,6.512753963470459
7.800,way,-5.244472980499268,3.864542961120605,4.040114402770996
7.801,they,-3.429007053375244,5.083018302917480,5.819729804992676
7.802,made,-6.115409374237061,4.023559570312500,4.570533752441406
7.803,her,-3.450464248657227,4.509946346282959,6.016270160675049
7.804,feel .,-4.869450904428959,12.001842260360718,14.714097023010254
7.805,It,-3.835548400878906,0.000000000000000,0.000000000000000
7.806,was,-2.245547771453857,3.240544319152832,5.025370121002197
7.807,just,-4.915404319763184,3.666547536849976,6.752871036529541
7.808,her,-7.429695606231689,2.882981300354004,4.743458747863770
7.809,and,-6.660070419311523,2.614829301834106,3.001730918884277
7.810,the,-2.291656970977783,4.666425228118896,5.427724838256836
7.811,"music ,",-8.793945312500000,7.080982446670532,7.695118665695190
7.812,and,-2.639113426208496,2.934398889541626,3.557110309600830
7.813,it,-2.363598346710205,5.740248203277588,6.218764781951903
7.814,was,-0.951898932456970,3.940089941024780,4.237674236297607
7.815,a,-2.822308063507080,5.231890678405762,6.609721183776856
7.816,love,-6.070916652679442,2.993591308593750,5.093693733215332
7.817,story,-2.073981761932373,4.853827476501465,5.572419643402100
7.818,that,-3.819698810577393,3.817614078521729,3.929967880249024
7.819,had,-3.358237266540528,5.061315059661865,5.339874744415283
7.820,been,-2.335459709167480,4.635730743408203,5.418971538543701
7.821,going,-4.790071487426758,3.825622320175171,5.461713790893555
7.822,on,-0.115487985312939,5.151459693908691,5.675803184509277
7.823,her,-7.227510452270508,3.719534873962401,5.709260463714600
7.824,whole,-7.380305290222168,4.065989494323730,6.323600292205811
7.825,life .,-0.968472491949797,11.233838558197021,14.774270057678223
7.826,She,-5.895580291748048,0.000000000000000,0.000000000000000
7.827,began,-6.011940300464630,6.722687482833862,9.091407299041748
7.828,to,-1.371376514434814,3.650125026702881,5.773668289184570
7.829,"sing ,",-7.984962642192841,11.817743062973024,15.427978754043579
7.830,and,-1.980956673622132,5.122284412384033,5.355769157409668
7.831,all,-6.301222324371338,4.610390186309815,4.607156753540039
7.832,the,-1.870578408241272,4.842528343200684,5.562363624572754
7.833,pain,-8.135082244873049,5.128101348876953,5.174386501312256
7.834,and,-3.405148506164551,4.592505455017090,5.899204254150392
7.835,confusion,-6.032398700714111,5.063197135925293,5.545962333679199
7.836,that,-2.978577136993408,4.800077915191650,5.298173427581787
7.837,the,-4.050804138183594,4.397901058197021,4.973977088928223
7.838,messages,-11.971977233886721,9.182903766632080,10.228085994720461
7.839,had,-3.184535264968872,5.383191108703613,6.326919078826903
7.840,been,-1.488544225692749,5.184325695037842,6.565501689910889
7.841,causing,-8.163826009724291,7.471782922744751,9.780644416809082
7.842,inside,-9.224307060241699,4.284812450408936,4.352504730224608
7.843,her,-1.856563925743103,4.334795475006104,5.583083152770996
7.844,just,-7.372062206268311,4.666645050048828,6.166193485260010
7.845,flowed,-8.834353744983671,6.757835865020753,9.440578937530518
7.846,out .,-2.639808982610703,13.343416690826416,15.891021728515625
7.847,The,-1.715715885162354,0.000000000000000,0.000000000000000
7.848,words,-9.386678695678713,4.003583908081056,7.150588035583496
7.849,were,-2.905215263366699,4.752546787261963,6.521586894989014
7.850,not,-4.001893997192384,3.529992103576660,5.429299354553223
7.851,"important ,",-8.964040994644165,9.587019920349121,11.459336280822754
7.852,for,-4.790897846221924,4.864065170288086,5.388510227203369
7.853,it,-4.315248489379884,5.231282234191895,5.501732349395752
7.854,was,-0.786767959594727,5.379563331604004,5.839070320129395
7.855,the,-2.305630207061768,4.534640789031982,5.802479267120361
7.856,feeling,-6.101414680480957,4.424597740173340,5.792840957641602
7.857,behind,-6.551291465759277,4.492744922637940,5.083935737609863
7.858,them,-2.245138883590698,4.416904449462892,5.415584087371826
7.859,that,-0.759758830070496,4.573582649230957,5.036076068878174
7.860,she,-6.151236057281494,4.948300361633301,5.972662448883058
7.861,latched,-15.106927939690650,11.026589870452881,13.816736936569214
7.862,onto .,-6.785716414451598,13.013328552246094,15.044250488281252
7.863,Lucy,-13.320729792118073,3.052878499031067,7.823383808135986
7.864,was,-6.177101135253906,3.595151901245117,5.934707641601562
7.865,in,-3.874861717224121,3.307229518890381,5.384961128234863
7.866,the,-1.704811096191406,2.436061859130860,4.078044891357422
7.867,heart,-5.851905345916747,2.732074260711670,5.180054187774658
7.868,of,-0.006918522529304,4.454556465148926,5.850410938262940
7.869,the,-0.858597755432129,3.610835313796997,4.889690876007080
7.870,song,-8.312764167785645,2.857610702514648,5.276031494140625
7.871,with,-4.403811931610107,4.560842514038086,5.708943367004395
7.872,the,-1.832476258277893,4.886518955230713,6.170604228973389
7.873,rest,-5.917087554931642,4.046568870544434,6.406145572662354
7.874,of,-0.206207022070885,3.865299701690674,5.493217468261719
7.875,the,-0.587827682495117,3.622698783874512,5.940405368804933
7.876,world,-2.877555370330811,3.896732807159424,6.241126537322997
7.877,slipping,-9.839006375521420,6.467086791992188,10.718876838684082
7.878,away .,-5.461555719375610,12.029439210891724,16.621882438659668
7.879,When,-5.382677555084229,0.000000000000000,0.000000000000000
7.880,the,-1.515375494956970,2.105072736740112,3.305970668792725
7.881,song,-9.567262649536133,2.035966873168945,4.029364109039307
7.882,finished,-8.443404197692871,2.832372665405273,4.854656219482422
7.883,and,-4.573842048645020,4.456793308258057,5.618468284606934
7.884,the,-1.059076428413391,4.545744895935059,5.150007724761963
7.885,last,-6.216772556304933,4.809034347534180,5.613346576690674
7.886,note,-7.258189201354980,4.435008525848389,5.701342582702638
7.887,died,-6.138936042785645,5.369023799896240,6.292936325073242
7.888,"away ,",-7.822542250156403,10.519076824188232,12.248136043548584
7.889,she,-3.535775423049927,4.776725769042969,5.090614795684815
7.890,opened,-7.392653763294220,8.328660011291504,10.683593273162842
7.891,her,-2.603888988494873,4.588589668273926,6.296339035034180
7.892,eyes .,-4.004023268818855,10.341145753860474,15.943351268768311
7.893,To,-5.505791187286377,0.000000000000000,0.000000000000000
7.894,see,-5.417970657348633,1.337337255477905,3.057656764984131
7.895,the,-1.929854393005371,2.663653373718262,3.822732686996460
7.896,whole,-5.813601016998291,2.255151748657227,4.350520610809326
7.897,audience,-7.221889972686768,4.107650279998778,6.465734958648683
7.898,on,-4.674941062927246,2.586822748184204,4.528680801391602
7.899,their,-3.145669221878052,2.167464733123780,4.125082015991212
7.900,feet,-2.659497261047364,3.603068828582764,4.615031719207764
7.901,and,-3.913984537124634,4.656582832336426,4.919739723205566
7.902,the,-3.011407375335693,5.185719490051270,5.550393581390381
7.903,hall,-7.808764457702638,7.023649215698242,9.474975347518919
7.904,filled,-6.108307361602782,4.331419467926025,5.825077056884767
7.905,with,-0.185293331742287,5.034086227416992,6.106435775756836
7.906,cheers,-7.300582706928253,8.689530372619629,12.452279567718506
7.907,and,-2.195696830749512,5.313596725463867,6.337386608123778
7.908,applause,-4.073715492151678,5.898134827613831,9.263039588928224
7.909,was,-7.348983287811278,4.693813323974608,5.473284721374512
7.910,not,-3.198837280273437,3.881044626235962,4.794694423675537
7.911,what,-5.095681667327881,4.383453845977783,4.884423255920410
7.912,Lucy,-14.777707099914551,9.334358215332033,13.426229000091553
7.913,had,-3.190700769424438,4.847205638885498,5.702980995178223
7.914,expected .,-5.810441389679909,13.561264991760254,15.226783275604248
7.915,Lucy,-13.320729792118073,3.052878499031067,7.823383808135986
7.916,allowed,-11.685710906982422,3.033851385116577,4.977474212646483
7.917,herself,-3.716107487678528,6.502799987792969,11.219031333923340
7.918,to,-0.249997779726982,4.617054939270020,5.588545799255371
7.919,enjoy,-5.668815612792969,4.018625259399413,4.895490646362305
7.920,the,-1.765244483947754,4.666371822357178,6.214392185211183
7.921,sense,-7.353379726409912,2.997414588928223,4.126275539398193
7.922,of,-0.330605596303940,4.870250225067139,6.019020080566406
7.923,achievement,-8.423829078674316,3.656909942626953,4.489140033721924
7.924,and,-2.089160919189453,5.571686267852783,6.001901149749756
7.925,belonging,-10.319904327392578,3.194001674652100,4.687820911407472
7.926,that,-2.334137916564941,3.638364315032959,4.000673294067384
7.927,she,-1.793947458267212,5.012158393859863,5.861157417297362
7.928,had,-1.571354389190674,5.431356906890869,6.079027175903320
7.929,not,-3.923721313476562,4.415338516235352,6.119818687438965
7.930,felt,-5.958593845367433,4.764572143554688,5.192576408386231
7.931,in,-1.875245928764344,3.962969779968262,4.681619167327881
7.932,a,-2.929952383041382,3.698623895645142,5.319251060485840
7.933,very,-5.502364158630371,4.774518013000488,5.905905246734619
7.934,long,-2.323216915130615,4.692791938781738,6.366175174713135
7.935,time .,-0.589591618627310,11.085657119750978,14.753397941589355
7.936,Then,-6.427267551422119,0.000000000000000,0.000000000000000
7.937,she,-3.911821842193604,6.037062168121338,4.352361202239990
7.938,saw,-5.849171638488770,2.835371255874634,4.898727416992188
7.939,her,-2.639774799346924,3.575932025909424,5.891735076904298
7.940,"mother ,",-4.322267532348633,8.133354902267456,12.065703392028809
7.941,who,-1.806675791740417,5.818336963653564,6.425957202911378
7.942,was,-1.950791358947754,4.900739192962647,6.185304641723633
7.943,cheering,-11.532616734504700,7.809399843215942,10.419450759887695
7.944,the,-2.932042598724365,4.983647346496582,5.919038772583008
7.945,loudest,-11.833425975113640,8.834656715393066,13.173153162002563
7.946,of,-3.707730054855346,4.855299472808838,5.300932407379150
7.947,all,-3.720512390136719,4.777230262756348,5.411337852478027
7.948,in,-5.759077072143555,3.333714485168457,4.161089420318604
7.949,the,-1.066153049468994,3.823559045791626,4.933655738830566
7.950,"crowd ,",-5.811128258705139,8.725993633270264,11.312188148498535
7.951,and,-1.661539912223816,4.471697807312012,4.831681251525879
7.952,"Jill ,",-18.405937194824219,7.902281284332275,9.538072109222412
7.953,who,-1.076019763946533,5.793234825134277,6.442654609680176
7.954,was,-2.148477554321289,6.082853317260742,6.598387241363525
7.955,beaming,-11.894240014255047,11.146859169006348,14.318250179290773
7.956,at,-3.780439376831055,4.585125923156738,5.032700061798097
7.957,her,-1.267858862876892,4.543257236480713,6.117593765258789
7.958,with,-4.280359268188477,5.218142986297607,5.879065036773683
7.959,pride,-8.048632621765138,3.823600053787232,4.888688087463379
7.960,from,-6.272490501403809,4.798930644989014,5.287295818328857
7.961,the,-1.527514934539795,5.044741630554199,5.898289680480957
7.962,wings .,-10.567926581948997,16.236159086227417,20.424813270568848
7.963,She,-5.895580291748048,0.000000000000000,0.000000000000000
7.964,knew,-7.166359424591064,4.063656806945802,4.711316108703613
7.965,she,-2.762753009796143,2.785440444946289,3.740597009658813
7.966,owed,-8.093320131301880,6.789950370788574,7.685376167297362
7.967,them,-3.514696598052979,4.661865234375000,5.212707042694092
7.968,big,-6.385704040527344,4.677883625030518,6.021302700042725
7.969,time,-7.047478675842285,4.414217948913574,6.011833667755128
7.970,for,-3.587973594665528,4.687392711639403,5.406669616699219
7.971,reminding,-11.038986624451354,7.674691200256348,9.838115215301514
7.972,her,-1.236897230148315,4.933947086334229,6.551681518554688
7.973,what,-6.881690979003906,4.412666320800781,4.848845481872559
7.974,she,-1.581361651420593,4.709519863128662,6.021031856536865
7.975,was,-1.585507750511169,5.075292587280273,6.733071327209473
7.976,capable,-10.197730349842461,5.817800521850586,10.170612812042236
7.977,of,-0.015261542052031,5.846287727355957,7.045927524566650
7.978,and,-5.010233879089356,4.904663085937500,5.239421367645264
7.979,who,-3.048774719238281,4.825227260589600,5.196869373321533
7.980,she,-4.020148277282715,5.342264652252197,5.703322887420653
7.981,really,-5.235566600662422,10.233489513397217,12.507617950439453
7.982,was .,-2.291832253336906,14.039824485778809,16.907583236694336
7.983,The,-1.715715885162354,0.000000000000000,0.000000000000000
7.984,next,-6.374516487121582,2.720926523208618,5.663381576538086
7.985,time,-2.973574638366699,2.157022237777710,4.199161052703857
7.986,her,-7.479094028472900,3.544812440872192,5.296451568603517
7.987,phone,-6.376763343811035,2.811993122100830,4.880220413208008
7.988,bleeped,-17.906823039054871,10.561634242534636,15.884003639221193
7.989,she,-6.706670284271240,4.064046382904054,5.281477451324463
7.990,would,-3.366431474685669,4.435572147369385,6.428709506988525
7.991,tap,-9.828027725219727,4.434206008911133,5.118348598480225
7.992,the,-1.687244057655334,4.615338325500488,6.201457500457764
7.993,message,-7.875953674316406,4.114541530609132,5.052351474761963
7.994,straight,-9.429964065551758,3.662311792373657,5.664633274078369
7.995,into,-3.489945411682129,4.899544239044189,5.407516956329347
7.996,oblivion,-11.069740232080221,6.629701614379883,10.337988376617432
7.997,where,-9.271717339754103,7.303653955459595,8.784871101379395
7.998,it,-3.068500757217407,5.332973003387451,6.113867759704590
7.999,belonged .,-6.847277165390551,17.735865354537964,20.242083549499512
8.1,The,-1.715715885162354,0.000000000000000,0.000000000000000
8.2,Roswell,-13.691240489482881,4.488476991653441,9.180918216705322
8.3,UFO,-20.307206153869629,7.673165559768678,10.540474891662598
8.4,Incident,-21.312440514564518,9.764579534530641,14.639705181121824
8.5,was,-3.209052562713623,4.803049087524414,6.196718692779541
8.6,the,-2.975594282150269,4.753658771514893,4.863976478576660
8.7,alleged,-9.013657569885254,5.044520854949951,6.131398200988770
8.8,recovery,-11.278841018676758,3.329470634460449,5.741821765899657
8.9,of,-0.916544020175934,5.062208175659180,5.918092727661133
8.10,extra-terrestrial,-22.799366302788254,23.574761629104611,33.934660911560059
8.11,"debris ,",-14.085506303468719,13.554036855697632,17.793420791625977
8.12,including,-3.363387509074528,9.540909767150881,12.708214282989502
8.13,alien,-10.179382562637327,7.639801025390625,10.522082805633543
8.14,"corpses ,",-9.669253325089812,12.863928079605103,17.375620841979980
8.15,from,-1.849316000938416,4.730763912200928,5.400880336761475
8.16,an,-2.841551780700684,5.542273521423340,6.013622760772705
8.17,object,-8.278454780578612,4.634031772613525,5.939372062683105
8.18,that,-2.675165891647339,5.423564434051514,5.956991672515869
8.19,crashed,-7.551313426345588,8.497292995452879,10.980221748352051
8.20,near,-4.645967483520508,5.660519599914551,6.317436695098878
8.21,"Roswell ,",-12.602569341659546,8.330808162689209,11.764964103698730
8.22,New,-8.409144401550293,3.942456245422363,4.982946872711182
8.23,"Mexico ,",-4.847845673561096,9.621618747711182,11.338703632354736
8.24,on,-3.178273916244507,5.143565654754639,5.704739570617676
8.25,or,-10.038422584533693,4.175012588500977,5.903725147247314
8.26,about,-1.371409177780151,5.323179721832275,6.233555793762207
8.27,July,-2.278100490570068,4.500031948089600,6.177476882934570
8.28,"eighth ,",-18.053918361663818,12.674772739410400,15.783720493316650
8.29,nineteen,-18.552464485168453,10.034340858459473,12.143487930297852
8.30,forty-seven .,-26.813423424959183,27.731772422790531,34.493316888809204
8.31,Since,-5.936686038970947,0.000000000000000,0.000000000000000
8.32,the,-1.553577542304993,1.498124122619629,1.966064929962158
8.33,late,-4.695080757141113,2.962383508682251,5.566181659698486
8.34,nineteen,-17.747187614440918,2.681834816932678,6.866477489471436
8.35,"seventies ,",-23.534994125366211,7.729154586791992,14.289277553558350
8.36,the,-1.195549845695496,4.156764984130858,5.166831493377686
8.37,incident,-8.934441566467285,2.565823316574097,3.051177978515625
8.38,has,-0.301229298114777,4.972804546356201,4.776509284973145
8.39,been,-1.768877148628235,4.560170650482178,5.064328193664551
8.40,the,-2.438018321990967,4.268036365509033,5.475840568542480
8.41,subject,-2.589834213256836,3.484397411346436,5.620835781097412
8.42,of,-0.002336155390367,4.720766544342041,5.970428943634032
8.43,intense,-2.217532157897949,4.546987056732178,5.338693618774414
8.44,controversy,-3.832458496093750,4.747052192687988,6.048532009124756
8.45,and,-2.489796876907349,5.352746009826660,5.636221885681152
8.46,the,-3.862339973449707,4.932191848754883,5.277485370635986
8.47,subject,-6.602684974670410,3.907059907913208,4.704302310943604
8.48,of,-0.176473602652550,5.132993221282959,6.092532634735107
8.49,conspiracy,-10.765724182128906,4.911282062530518,5.689378738403320
8.50,theories,-11.518052339553833,9.704061508178713,10.753135681152344
8.51,as,-5.332836151123047,4.610445976257324,5.057229042053223
8.52,to,-3.163406372070312,5.341339588165283,6.123300075531006
8.53,the,-1.132451415061951,5.261239528656006,6.031702995300293
8.54,true,-4.424899101257324,5.763873577117920,6.656992912292480
8.55,nature,-0.410629570484161,5.127377033233643,6.377718925476074
8.56,of,-0.024462169036269,4.523116111755371,5.405330657958983
8.57,the,-0.441173195838928,4.732834339141847,5.643584251403809
8.58,object,-9.633678436279297,3.551373720169067,5.170051574707031
8.59,that,-6.618244171142577,4.690141201019287,5.837781429290772
8.60,crashed .,-12.634561434388161,17.368613243103027,21.932164669036865
8.61,The,-1.715715885162354,0.000000000000000,0.000000000000000
8.62,United,-7.323179244995117,3.045603275299072,5.436154842376709
8.63,States,-2.434485435485840,3.623671531677246,6.029413700103760
8.64,military,-7.526195049285889,2.641325235366821,5.222026348114014
8.65,maintains,-7.671356514096260,8.098380088806152,11.025781631469727
8.66,the,-2.490555524826050,4.137215614318849,5.577010631561278
8.67,debris,-12.293667638674377,6.589075088500977,10.435074329376221
8.68,recovered,-9.766597747802734,4.436085700988770,5.794466018676758
8.69,was,-8.562568664550781,4.689594268798828,6.139806747436523
8.70,from,-6.345883369445801,4.023708343505858,4.924906730651856
8.71,an,-2.899531841278076,4.823688507080078,5.653705596923827
8.72,experimental,-7.423872470855713,4.124557971954347,5.649714469909668
8.73,high-altitude,-11.746838495135307,9.519883871078493,15.725028514862061
8.74,surveillance,-5.816654205322267,2.735749721527100,4.864547252655028
8.75,balloon,-10.104642868041992,3.634966373443604,5.590687751770020
8.76,that,-1.661574244499206,5.351298809051514,6.488132953643799
8.77,belonged,-10.515943051548675,8.969968318939209,11.692486763000488
8.78,to,-0.020932121202350,4.855867385864258,5.420731544494629
8.79,a,-1.842947959899902,4.691236019134521,5.467809677124023
8.80,classified,-7.763255119323730,4.700316429138184,5.661885261535645
8.81,program,-3.368474721908569,3.687150001525879,5.464961528778076
8.82,named,-7.581172704696655,7.204763650894165,9.353093624114990
8.83,`` Mogul '' .,-40.232310880455771,42.008908748626709,51.401643276214600
8.84,"However ,",-5.400094963610172,5.913725852966309,11.305753231048584
8.85,many,-4.637474060058594,3.735023021697998,5.163766860961914
8.86,UFO,-15.739429473876953,6.257725000381470,9.492875337600706
8.87,proponents,-9.184962986331811,9.122298002243044,11.293476104736328
8.88,maintain,-5.287522315979004,3.782774448394776,4.701022148132324
8.89,"that ,",-4.263197958469391,8.832904338836670,9.483326673507690
8.90,in,-2.546961307525635,3.043333053588867,3.978639125823975
8.91,"fact ,",-4.343037435784936,8.423149585723877,8.525075912475586
8.92,a,-3.533303737640381,4.809261798858643,4.750616073608398
8.93,crashed,-14.314630508422852,8.073724746704103,8.818742752075195
8.94,alien,-10.747482538223267,8.080594539642334,9.190527439117432
8.95,craft,-8.950576543807982,7.415457963943481,9.202597618103027
8.96,and,-4.140884399414063,4.819946765899658,4.981017589569092
8.97,bodies,-9.301447710022330,12.387847900390625,14.750477313995360
8.98,were,-2.765312671661377,5.516824722290039,5.702709674835205
8.99,"recovered ,",-13.057602882385254,10.232056617736816,10.992280483245850
8.100,and,-1.141305804252624,5.259202957153320,5.102495670318604
8.101,that,-1.000875234603882,4.687762260437012,4.585625648498535
8.102,the,-1.277884125709534,4.744519710540772,4.678705215454102
8.103,military,-5.318095207214356,4.809335231781006,5.354298591613770
8.104,then,-8.150493621826174,4.950152873992920,4.903183937072754
8.105,engaged,-6.685929240076803,10.447436332702637,11.052545070648193
8.106,in,-0.119654722511768,5.596009254455566,5.881516456604004
8.107,a,-1.187884092330933,5.634491443634032,6.040377616882324
8.108,cover-up .,-8.778108377475291,21.022336959838867,26.292072296142578
8.109,The,-1.715715885162354,0.000000000000000,0.000000000000000
8.110,incident,-7.969023704528809,3.297001123428345,6.301584243774414
8.111,has,-3.248631000518799,4.714169025421143,4.984467506408691
8.112,turned,-5.646243095397949,3.557135820388794,5.970566749572754
8.113,into,-1.552090048789978,4.928905010223389,6.533596515655518
8.114,a,-0.287227362394333,5.066692829132080,6.573724269866942
8.115,widely,-9.003305435180664,3.363230228424072,5.585400104522705
8.116,known,-5.343809127807617,7.712242126464844,10.800581932067873
8.117,pop,-10.918721675872805,5.504566907882690,9.520049571990967
8.118,culture,-4.634919643402100,4.076913833618163,6.166265964508058
8.119,"phenomenon ,",-9.219154596328735,8.458704948425293,11.692206859588623
8.120,making,-5.567914962768555,5.475363254547119,6.158077239990233
8.121,the,-2.018934249877930,5.171769142150879,5.598371982574463
8.122,name,-7.291132926940918,4.075883388519287,4.882863044738770
8.123,Roswell,-14.370401382446287,5.405220031738281,8.651567935943604
8.124,synonymous,-10.419260676950216,8.199868679046629,11.081887722015381
8.125,with,-0.025094680488110,5.397379875183105,5.698967456817628
8.126,UFOs .,-17.100730478763580,21.892535448074341,26.970509052276611
8.127,It,-3.835548400878906,0.000000000000000,0.000000000000000
8.128,ranks,-9.573582649230957,5.173566341400146,9.290232419967653
8.129,as,-2.448727607727051,2.755472183227539,4.686045646667480
8.130,one,-2.077390193939209,3.656830549240112,5.691193103790282
8.131,of,-0.038793265819550,2.763313770294189,4.283509731292725
8.132,the,-0.174052819609642,4.066098213195802,5.315371990203857
8.133,most,-2.321409225463867,4.891993999481201,6.826756954193115
8.134,publicized,-7.871644972590730,6.977842330932617,11.363390445709227
8.135,and,-2.280618667602539,5.529144763946533,6.312192916870117
8.136,controversial,-1.864882826805115,3.831570148468018,5.454124927520752
8.137,alleged,-9.260103225708008,3.843541145324707,5.252579689025879
8.138,UFO,-16.997063636779785,5.665208339691162,9.001923084259033
8.139,incidents .,-6.553057752898894,12.247872591018677,18.640318870544434
8.140,On,-5.083998203277588,0.000000000000000,0.000000000000000
8.141,July,-4.696413040161133,2.362524986267090,3.970561981201172
8.142,"ninth ,",-14.094027787446977,4.230382680892944,8.083328485488892
8.143,nineteen,-17.132500648498535,7.247099399566650,10.552623748779297
8.144,"forty-seven ,",-26.708521366119385,19.496719360351566,27.405382394790649
8.145,a,-3.641311168670654,4.736759185791017,6.357676029205322
8.146,press,-9.029089927673340,3.127931594848633,5.299111366271973
8.147,release,-1.335725069046021,5.005867004394531,5.428443431854248
8.148,that,-4.473206520080566,5.268332004547119,5.876670837402344
8.149,Roswell,-13.362818956375122,6.125175714492798,10.101038455963137
8.150,Army,-11.154549598693848,2.691222667694092,5.163467407226562
8.151,Air,-8.483220100402832,2.895165205001831,5.310802459716797
8.152,Field,-9.635896682739258,4.088829040527344,5.548157691955566
8.153,issued,-7.017935464624316,10.076076984405518,10.986601352691650
8.154,stated,-7.784696578979492,5.357965469360352,5.271598339080811
8.155,that,-0.559916853904724,4.930005073547363,4.992360115051270
8.156,personnel,-11.544279098510742,4.496926784515381,5.716145038604736
8.157,from,-4.435823440551758,4.988749027252197,5.197351455688477
8.158,the,-1.061821103096008,4.980136394500732,4.914344310760498
8.159,field 's,-10.602245124813635,25.236685752868652,27.311406612396240
8.160,Bomb,-13.558309555053713,2.720276594161988,5.212068080902100
8.161,Group,-10.405671119689940,5.064063549041748,5.417634963989258
8.162,had,-1.852390646934509,5.637468338012695,5.806857585906982
8.163,recovered,-8.749401092529299,5.363904953002930,5.699062347412108
8.164,a,-4.172021389007568,6.260469913482666,6.561839580535889
8.165,crashed,-10.808435916900637,9.852210998535156,11.936645507812500
8.166,`` flying,-14.676453470696288,21.539440631866455,26.157362461090088
8.167,disc '',-30.726986259222031,17.938690423965454,24.708679199218750
8.168,from,-3.987521648406982,5.667109489440918,5.758520603179933
8.169,a,-1.309029102325440,5.467829704284668,5.396263122558594
8.170,ranch,-9.954418063163756,9.427480697631836,10.834046840667725
8.171,near,-3.328458547592163,5.610732078552246,6.027547836303711
8.172,"Roswell ,",-10.627289146184921,9.695778131484985,12.538266181945801
8.173,sparking,-12.468452900648115,10.219489574432373,11.238917827606199
8.174,intense,-6.564437866210938,6.369706630706787,6.668430328369142
8.175,media,-5.731681346893311,4.090312004089356,6.321600437164308
8.176,interest .,-2.393254578113556,14.714352130889891,16.119264125823975
8.177,Later,-8.001325607299805,0.000000000000000,0.000000000000000
8.178,the,-3.745841503143311,3.453856468200684,4.539899349212647
8.179,same,-3.336212873458862,2.967579126358032,4.811038970947267
8.180,"day ,",-0.705216467380524,7.641334295272827,12.242851495742798
8.181,the,-1.661374926567078,3.232654333114624,4.315178394317627
8.182,Commanding,-22.595163345336914,6.158076047897339,10.798363208770752
8.183,General,-4.740654945373535,3.475770950317383,4.794921875000000
8.184,of,-1.516034245491028,3.785352706909180,5.081718444824219
8.185,the,-1.233838200569153,3.886497020721436,5.055407524108887
8.186,Eighth,-12.136197090148926,3.120824813842773,5.343048572540283
8.187,Air,-8.643040657043457,3.028889656066895,5.536477088928223
8.188,Force,-0.198112204670906,4.480579376220703,5.693998813629150
8.189,stated,-8.053245544433594,4.367919445037842,5.567227840423584
8.190,"that ,",-5.249202370643616,8.716021060943604,10.360057353973389
8.191,in,-2.320565938949585,3.236696481704712,3.898133039474487
8.192,"fact ,",-3.385956480167806,8.616306781768799,9.993682384490967
8.193,a,-3.408934593200684,4.664556503295898,5.524858474731445
8.194,weather,-8.026919364929201,3.659955978393554,5.203405380249023
8.195,balloon,-8.299325942993164,4.047528266906738,5.404800891876222
8.196,had,-2.164564609527588,4.876427650451660,5.116358280181885
8.197,been,-1.217858076095581,4.700717926025392,5.687903404235840
8.198,recovered,-7.920788288116455,4.089963912963866,5.696672916412354
8.199,by,-2.783915042877197,5.178865432739258,6.014916419982910
8.200,the,-1.168208122253418,5.333494186401367,5.693288326263428
8.201,Roswell,-13.737446665763855,5.010652303695679,9.300981044769287
8.202,Army,-5.772134780883789,4.403409957885742,5.640125274658202
8.203,Air,-4.856452941894531,2.893696546554565,5.324792385101318
8.204,Field,-9.388073921203613,3.360298633575439,5.255423545837402
8.205,"personnel ,",-11.098220467567444,10.171929359436035,11.937348365783691
8.206,rather,-5.595806121826172,4.686044216156006,6.160456180572510
8.207,than,-0.000168666912941,5.752383708953857,5.910678386688232
8.208,a,-3.218095302581787,5.687266826629639,6.061593532562256
8.209,`` flying,-12.243983028583898,21.463576555252075,25.152188301086426
8.210,saucer '' .,-40.920310914516449,35.022019624710083,41.440313339233398
8.211,A,-3.402023315429688,0.000000000000000,0.000000000000000
8.212,subsequent,-8.463937759399414,2.938937664031982,4.541596412658691
8.213,press,-7.409976005554199,4.048369407653809,6.315342903137207
8.214,conference,-0.871425509452820,3.448749303817749,4.653832435607910
8.215,was,-2.717617511749268,4.745297908782959,6.045665264129639
8.216,"called ,",-7.096682548522949,11.595062255859375,16.372155666351318
8.217,featuring,-10.044438296929002,8.307417869567871,11.610513687133787
8.218,debris,-13.094925738871098,6.859277248382567,10.996988296508787
8.219,from,-0.791987955570221,3.997118711471558,5.275069236755371
8.220,the,-1.202347517013550,3.719858407974243,5.189246654510498
8.221,crashed,-12.654531478881836,7.183931827545166,9.326128959655762
8.222,object,-10.816493034362793,2.014928340911865,4.116211891174316
8.223,that,-5.575380325317383,5.474198818206787,6.110539436340332
8.224,confirmed,-7.646089307963848,9.911175251007080,11.101694583892822
8.225,the,-0.576923310756683,5.698544025421143,6.018188953399657
8.226,weather,-7.796128273010254,4.654899120330811,6.096066474914551
8.227,balloon,-9.945696830749512,4.499838829040527,5.507954597473145
8.228,description .,-14.303085319697857,13.533944129943848,17.259067535400387
8.229,The,-1.715715885162354,0.000000000000000,0.000000000000000
8.230,case,-6.229294776916504,2.904617547988892,5.002939701080322
8.231,was,-2.051083803176880,3.152074098587036,4.698003768920898
8.232,quickly,-7.015026177279651,6.770164251327515,10.268697738647461
8.233,forgotten,-9.711316466738936,5.185139715671539,8.026577711105348
8.234,and,-3.363290309906006,5.366021156311035,6.096537590026856
8.235,almost,-6.604452133178711,4.270382404327393,6.488217830657959
8.236,completely,-3.902311503887177,7.403283834457397,11.134064674377440
8.237,"ignored ,",-6.301217603875557,11.138632118701935,14.932266235351562
8.238,even,-4.637164115905762,5.047936439514160,6.305708408355713
8.239,by,-2.721947669982910,5.339426517486572,6.374803066253662
8.240,UFO,-15.143956661224365,5.997574329376222,8.885172128677366
8.241,"researchers ,",-7.120741676539183,11.673675775527954,15.304327011108398
8.242,for,-4.924432754516602,5.755805015563965,5.949147701263428
8.243,more,-5.046648025512695,5.536324024200440,6.645833015441895
8.244,than,-0.154113143682480,4.171342849731444,5.892516613006593
8.245,thirty,-14.294578120112419,10.023239612579346,14.177794933319092
8.246,years .,-0.578641738742590,13.197109460830690,16.498000621795654
8.247,"Then ,",-7.674790024757385,3.336169481277466,4.518747806549072
8.248,in,-1.777760267257690,2.905589342117310,4.679063796997070
8.249,nineteen,-19.293656349182129,4.957697629928589,8.936301708221436
8.250,"seventy-eight ,",-29.389637887477875,17.630602359771729,26.461645603179935
8.251,nuclear,-12.367480278015135,3.964422464370728,5.528419017791748
8.252,physicist,-4.237926483154297,3.303394556045532,5.102609634399414
8.253,and,-5.111369132995605,4.288595676422118,5.040053367614746
8.254,author,-5.956511497497559,4.683733463287354,5.843607902526856
8.255,Stanton,-11.971924781799315,3.901485443115233,5.947524547576903
8.256,Friedman,-6.648044586181642,4.857583999633789,5.535652160644531
8.257,interviewed,-7.752088740468025,9.420062541961670,11.275218009948730
8.258,Jesse,-9.181448936462402,2.835982084274292,5.028518199920653
8.259,"Marcel ,",-18.558386325836182,7.710738658905029,10.446034431457520
8.260,the,-2.032123088836670,4.371531009674071,4.476696014404297
8.261,only,-4.597508907318115,5.270278453826903,5.390342235565186
8.262,person,-3.937610387802124,5.430661201477051,5.677982330322267
8.263,known,-6.033263921737671,9.871549606323242,11.260169982910154
8.264,to,-0.115424573421478,5.573367118835449,6.260742187500000
8.265,have,-0.905884087085724,5.639425277709961,6.062607288360597
8.266,accompanied,-9.525534748645439,8.669828891754150,10.715076923370360
8.267,the,-1.718490004539490,5.808448314666747,6.160459995269775
8.268,Roswell,-13.318988204002380,6.275136470794678,10.534451961517334
8.269,debris,-12.507464565336704,8.407165527343750,11.194328308105467
8.270,from,-3.887404918670654,5.148529052734375,5.502738952636719
8.271,where,-6.977414369583130,8.492952346801758,9.452191352844238
8.272,it,-2.935720443725586,4.806379795074463,6.114849567413330
8.273,was,-0.840534329414368,5.294822692871094,6.175496101379395
8.274,recovered,-9.583875656127930,4.612915515899658,5.088449001312256
8.275,to,-4.559013366699219,6.099958896636963,6.635138988494872
8.276,Fort,-8.129832267761230,3.786291599273682,5.324795722961426
8.277,Worth .,-2.584739174693823,17.363279819488525,18.502128124237061
8.278,Over,-7.145508289337157,0.000000000000000,0.000000000000000
8.279,the,-0.346520811319351,2.203150987625122,5.577856540679932
8.280,next,-2.343071460723877,2.234736204147339,5.499527454376222
8.281,few,-1.535528898239136,2.032145738601685,4.753633975982666
8.282,"years ,",-0.721592724323273,4.534611582756042,8.196262598037720
8.283,the,-1.554964780807495,3.076604127883911,4.288579463958740
8.284,accounts,-9.788462638854980,3.477725982666016,4.082328796386719
8.285,he,-6.907737255096436,3.972169637680054,5.611748695373535
8.286,and,-4.984721183776856,3.161305189132690,4.246678829193115
8.287,others,-3.467475414276123,5.129141807556152,5.372458457946777
8.288,gave,-5.637409687042236,4.716054916381836,4.788356304168701
8.289,elevated,-12.592574830166994,7.853492259979247,11.130743026733398
8.290,Roswell,-14.120691299438475,6.182000875473023,9.808677673339844
8.291,from,-7.178212165832520,4.295594692230225,4.836290836334229
8.292,a,-2.202796459197998,5.124654293060303,5.947544097900392
8.293,forgotten,-12.597791223437527,8.097772598266603,11.557657718658447
8.294,incident,-10.718571662902832,4.086762905120850,4.178040981292725
8.295,to,-0.934399247169495,5.943999767303468,5.681637287139893
8.296,perhaps,-8.951866149902344,5.415031433105469,5.870236396789551
8.297,the,-0.973400235176086,5.528496265411377,5.809967517852782
8.298,most,-0.683800935745239,6.167845249176025,6.813369274139403
8.299,famous,-3.040700435638428,5.638683319091798,6.049714088439941
8.300,UFO,-15.846204280853273,8.463379859924316,10.654589176177980
8.301,case,-5.288208007812500,4.520727157592773,5.331060886383057
8.302,of,-3.324644565582275,4.020980834960938,4.234597682952882
8.303,all,-3.951413154602051,4.908189773559570,5.475827217102051
8.304,time .,-5.563185006380082,13.149577140808105,14.540868759155273
8.305,By,-5.801501750946045,0.000000000000000,0.000000000000000
8.306,the,-1.722443222999573,1.664225816726685,3.876146554946899
8.307,early,-3.274797439575196,2.342227458953857,4.642499923706055
8.308,nineteen,-15.755772590637207,4.356528878211975,9.941466808319092
8.309,"nineties ,",-24.007298022508621,8.769757509231567,16.172369480133057
8.310,UFO,-13.746735572814940,6.458725214004517,8.411480426788330
8.311,researchers,-7.642204111441970,7.320270538330077,9.592989444732666
8.312,had,-1.547408819198608,5.207411766052246,4.931750774383545
8.313,interviewed,-8.491576989123132,7.484270811080933,10.771301746368408
8.314,several,-4.709173202514648,5.536130905151367,6.020160675048827
8.315,hundred,-3.419724225997925,5.461701869964600,5.761169910430907
8.316,people,-2.104719161987305,4.701157569885254,6.129356384277344
8.317,who,-1.782299637794495,5.364548206329347,6.093284606933594
8.318,"had ,",-8.406981647014618,10.054777145385742,11.573679447174072
8.319,or,-3.329212903976440,5.113090038299561,6.073063373565674
8.320,who,-4.676491260528564,5.090718269348145,5.261911392211914
8.321,claimed,-6.670461110770702,9.309963703155518,9.826632976531982
8.322,to,-1.317373514175415,5.227067470550537,5.694546699523926
8.323,have,-0.582357048988342,5.380448341369629,6.161288261413574
8.324,"had ,",-5.942968845367432,10.896349906921387,12.742655754089355
8.325,a,-2.111843824386597,4.832941532135010,6.148109436035156
8.326,connection,-8.418086051940918,3.879383087158203,5.645393371582031
8.327,with,-0.893835902214050,5.121217727661133,5.460433006286621
8.328,the,-1.057014107704163,5.079698562622070,5.088802814483643
8.329,events,-8.921526908874512,4.561164855957031,5.715881824493407
8.330,at,-3.691103458404541,4.527625083923340,4.593195915222168
8.331,Roswell,-10.612524151802065,5.885513782501222,8.387887477874756
8.332,in,-4.422460079193115,3.956984758377075,5.005215644836426
8.333,nineteen,-18.003583908081055,9.279465436935423,11.779169082641602
8.334,forty-seven .,-27.092803895473480,29.441598892211911,36.432848453521729
8.335,"Additionally ,",-9.094813484465703,5.394432783126831,7.492196798324585
8.336,hundreds,-9.756711006164551,3.612594127655029,5.056874275207520
8.337,of,-0.050474319607019,3.540570735931396,4.795542716979980
8.338,documents,-7.416240692138673,4.409526824951172,5.913113117218018
8.339,were,-1.985917806625366,3.691448211669922,5.745175361633301
8.340,obtained,-3.378228304594813,5.339839458465576,8.770578384399414
8.341,by,-1.784808754920960,3.802042007446289,4.735995292663574
8.342,Freedom,-9.760104179382324,2.820407390594482,5.068428516387940
8.343,of,-2.194421291351318,2.393590927124023,4.206021308898927
8.344,Information,-0.052114952355623,3.479250907897949,5.511013031005858
8.345,Act,-3.105509281158448,3.556474447250366,5.360640525817871
8.346,"requests ,",-8.177198350429535,12.849248647689819,16.809120178222656
8.347,as,-4.385777473449707,5.084846496582031,5.060087203979492
8.348,were,-4.314922809600830,5.760013580322267,6.163519382476808
8.349,some,-3.094006061553955,6.220118522644043,6.587009429931642
8.350,that,-5.123383522033691,5.447950363159180,5.411674499511719
8.351,insiders,-10.924921035766602,5.041448116302490,5.745935440063477
8.352,apparently,-5.967088767793030,9.935632228851318,12.637667655944824
8.353,leaked .,-8.812914836453274,16.025430679321289,21.106281757354736
8.354,Their,-6.825243473052979,0.000000000000000,0.000000000000000
8.355,conclusions,-7.634428143501282,6.704093217849731,10.748062610626221
8.356,were,-2.127799034118652,4.505342960357666,5.992947101593018
8.357,that,-4.797444820404053,3.642817258834839,4.075075626373291
8.358,at,-6.292606353759767,2.252466678619385,3.461371660232544
8.359,least,-1.422803640365601,3.023852825164795,4.123262405395509
8.360,one,-1.449581027030945,4.139809131622314,5.067713737487793
8.361,alien,-9.665400028228760,6.834395408630371,8.899192810058594
8.362,craft,-11.183763265609741,7.143444538116455,8.849666357040403
8.363,had,-2.266238212585449,4.502986907958983,4.595128059387207
8.364,crashed,-7.440235283225776,6.073643684387207,8.802170753479004
8.365,in,-1.879422903060913,3.180183172225952,3.781792879104614
8.366,the,-0.894806087017059,3.590908527374268,4.372144699096681
8.367,Roswell,-13.030179381370544,5.443161725997925,8.654230833053589
8.368,"vicinity ,",-14.241216160124166,15.535941362380980,21.287728309631348
8.369,that,-5.684222221374513,5.015615940093994,5.060126781463623
8.370,"aliens ,",-13.245319068431854,18.661328554153442,20.724724292755127
8.371,some,-5.546442031860352,5.658420562744142,6.007173061370850
8.372,possibly,-8.906822204589844,5.371887207031250,5.668712615966798
8.373,still,-7.716114997863770,5.129246234893799,5.776779651641847
8.374,"alive ,",-3.262780666351318,12.778980255126953,14.899056434631348
8.375,were,-1.095069646835327,5.709759235382080,6.365014076232910
8.376,"recovered ,",-12.586590766906737,9.057146549224854,10.479735374450684
8.377,and,-1.023234724998474,4.547354221343994,4.735984325408936
8.378,that,-0.518081247806549,4.981413841247559,5.156786441802979
8.379,a,-2.997958660125732,6.000770092010497,6.246437072753906
8.380,massive,-7.630535602569580,5.827907562255858,6.404011249542236
8.381,cover-up,-10.022735113278033,13.090661048889160,16.070292472839355
8.382,of,-1.678710222244263,4.818329811096191,5.114215850830078
8.383,any,-7.633382320404053,5.477809906005858,5.860558509826660
8.384,knowledge,-9.049586296081543,4.813465595245361,5.537078380584717
8.385,of,-0.769412279129028,4.983091354370117,5.209015369415283
8.386,the,-0.665127038955688,5.476140499114990,5.603707790374756
8.387,incident,-3.646583557128906,4.427840232849121,5.110014915466309
8.388,was,-1.592146873474121,5.619262695312500,6.193387508392334
8.389,put,-7.899833679199219,4.838457107543945,5.899556159973145
8.390,in,-2.227364063262939,3.916703939437866,4.692271709442139
8.391,place .,-0.564771875739098,14.185819149017334,15.343914508819580
8.392,Numerous,-11.152525611629246,2.425106525421143,5.084977149963379
8.393,"books ,",-9.448912143707275,7.308594465255739,11.992285251617430
8.394,"articles ,",-5.932315498590468,9.702411651611330,14.515857696533201
8.395,television,-6.068932533264160,4.131726264953613,5.930963516235352
8.396,specials,-6.291159812361003,6.563194870948792,10.519129276275637
8.397,and,-0.529738843441010,4.640720844268799,6.289356231689452
8.398,even,-3.331738948822021,4.397242546081543,6.242573261260986
8.399,a,-2.412556171417236,4.202953815460205,5.668918132781982
8.400,made-for-TV,-10.900308834621685,13.728299021720884,23.297142267227173
8.401,movie,-0.394448757171631,3.513956546783448,4.250596046447754
8.402,brought,-7.875134229660034,7.980585813522339,10.141951322555544
8.403,the,-2.513498544692993,4.677170276641847,6.092214107513428
8.404,nineteen,-17.490407943725586,8.968259334564209,12.708064079284668
8.405,forty-seven,-26.820219635963440,17.434950709342953,25.081584215164185
8.406,incident,-11.040607452392578,4.692448616027832,6.085612297058105
8.407,fame,-12.840579032897949,4.827043533325195,5.946076393127441
8.408,and,-3.650715351104736,5.592483043670653,5.706007957458496
8.409,"notoriety ,",-11.763016911922023,13.055874109268188,17.395742893218994
8.410,so,-5.619136810302733,3.933062553405762,5.718049049377441
8.411,that,-2.936457157135010,5.382982254028320,6.100362300872803
8.412,by,-6.661202907562256,5.102923870086670,5.903918266296388
8.413,the,-1.055937290191650,3.226635694503784,4.730915546417236
8.414,mid,-3.485898017883301,3.707602977752686,5.705692768096924
8.415,nineteen,-15.094364166259766,7.326629400253296,10.865703582763672
8.416,"nineties ,",-25.831196188926700,16.192555427551270,17.704668998718262
8.417,strong,-11.803932189941404,5.547180652618408,6.415450096130371
8.418,majorities,-9.112957403063772,6.633217811584473,9.521958112716677
8.419,in,-2.701066017150879,4.664484977722168,5.012439250946045
8.420,"polls ,",-14.326537132263184,7.572799444198608,8.860067129135132
8.421,such,-4.406081199645996,5.429623603820801,6.561718940734862
8.422,as,-0.004774479195476,4.432600021362305,5.551115036010742
8.423,a,-5.350006103515625,4.918139457702637,5.704716682434082
8.424,nineteen,-17.227298736572266,6.893116950988770,10.167834281921387
8.425,ninety-seven,-26.468449622392651,18.782197713851929,24.275876998901371
8.426,CNN,-15.753484725952148,4.760597229003906,5.563024997711182
8.427,Time,-8.912735939025879,4.291270256042480,5.765140533447267
8.428,"poll ,",-5.251304864883424,7.936758995056151,9.017128944396973
8.429,believed,-7.680285215377808,10.248157978057860,10.448894977569580
8.430,that,-1.226606965065002,5.369839191436768,5.872870445251465
8.431,aliens,-13.924326121807098,11.721035480499268,14.154243469238279
8.432,had,-2.660439252853394,4.844414234161377,5.025950908660889
8.433,visited,-9.942295551300047,8.932549476623535,9.756594657897949
8.434,earth,-11.187159538269043,4.558325767517090,5.575824737548828
8.435,and,-2.381573200225830,4.784127235412598,5.066184520721436
8.436,specifically,-11.969401419162750,10.032776355743408,10.429936408996582
8.437,that,-4.150120258331299,4.381716251373291,4.636854648590088
8.438,aliens,-9.520652055740355,11.760610818862915,13.405806541442873
8.439,had,-1.902617573738098,5.276646614074707,5.232980251312256
8.440,landed,-7.593917118385434,12.508935213088989,14.263932704925535
8.441,at,-2.823519706726074,4.775501251220703,4.808390140533447
8.442,Roswell,-12.304973959922789,7.645954847335815,9.706232070922852
8.443,and,-3.430909156799316,4.098645210266113,4.444692611694336
8.444,the,-2.923917531967163,4.060620784759521,4.404695987701416
8.445,government,-6.267677307128906,4.553263664245605,4.874122619628906
8.446,was,-5.094843387603760,5.577285766601562,5.952013015747070
8.447,covering,-10.567292213439940,4.763876438140869,4.883002281188965
8.448,up,-3.190762281417847,5.309924125671387,5.250750064849854
8.449,the,-1.128288030624390,4.753903388977051,4.682306289672852
8.450,fact .,-9.991880511865020,14.395601511001583,16.368113994598389
8.451,During,-6.589187558740377,1.115568757057190,3.205638647079468
8.452,the,-0.566479444503784,3.235652923583984,5.947915554046631
8.453,nineteen,-15.426488399505615,4.457325339317323,9.867005348205566
8.454,eighties,-22.732298851013184,5.766044378280640,10.355519294738770
8.455,and,-4.290574073791504,3.505701541900635,5.064235687255858
8.456,nineteen,-11.395900249481199,7.247524499893188,9.622063636779783
8.457,"nineties ,",-18.297689318656921,10.880844831466675,17.034637928009033
8.458,a,-4.084424495697021,5.078681468963623,6.370778560638428
8.459,new,-4.232320785522462,4.590717792510986,5.897691726684570
8.460,narrative,-10.514584641903641,5.959448695182800,9.442080736160277
8.461,emerged,-8.938388109207152,8.594290256500244,11.834150791168213
8.462,which,-7.552156925201416,4.818062305450440,5.439334869384767
8.463,was,-2.250559806823730,5.298998832702637,5.941951274871826
8.464,at,-5.377404212951660,2.810108184814453,4.563743114471436
8.465,strong,-12.438408851623535,2.621107101440430,5.102524757385254
8.466,odds,-6.775481700897218,3.893215417861938,5.552018642425537
8.467,with,-0.347804248332977,6.010370731353760,6.285079002380371
8.468,what,-4.807496547698975,4.988813400268555,5.586222171783447
8.469,was,-2.026822090148926,5.138498306274414,5.880192756652832
8.470,reported,-6.299515247344972,3.861191749572754,5.324645519256592
8.471,in,-1.465421915054321,4.555481433868408,5.021717071533203
8.472,nineteen,-17.038853645324707,9.820638179779053,12.104902744293213
8.473,forty-seven .,-27.711393833160400,26.663421392440796,35.491566896438599
8.474,This,-4.780575275421143,0.000000000000000,0.000000000000000
8.475,narrative,-11.381031088531016,3.383340179920197,6.879490137100220
8.476,evolved,-9.869343221187592,5.604562759399414,10.641791820526123
8.477,over,-4.363461971282959,3.466287612915039,5.692321777343750
8.478,the,-0.844366490840912,3.271358489990234,4.718334197998047
8.479,years,-1.150987863540649,3.411360740661621,5.265660285949707
8.480,from,-2.757811307907104,4.241720199584962,5.667160987854004
8.481,the,-1.379190802574157,4.009150505065918,5.314867973327637
8.482,time,-4.864429473876953,3.945271968841553,4.893916130065918
8.483,the,-2.151052474975586,3.861444473266602,4.782893180847168
8.484,first,-4.616032123565674,4.067409038543701,5.429723739624023
8.485,book,-3.983805656433105,3.893244266510010,5.136157035827637
8.486,on,-5.276628494262695,4.390836238861084,5.460436344146729
8.487,Roswell,-13.020609855651855,3.890371441841125,7.337741136550902
8.488,was,-2.812597036361694,4.629093647003174,6.116498470306396
8.489,published,-0.687168300052690,6.554179430007935,9.874865055084227
8.490,in,-1.462023735046387,4.037126541137694,5.134808540344238
8.491,nineteen,-17.593908309936523,8.351328611373901,11.610252857208252
8.492,"eighty ,",-27.302934169769287,13.009795427322388,17.092897415161133
8.493,as,-5.799002647399902,4.172902584075929,5.404479026794434
8.494,many,-4.670440196990967,6.166475296020508,6.745460987091064
8.495,new,-6.947507858276367,4.211758136749268,5.241199016571045
8.496,witnesses,-7.774491786956787,5.256505012512207,6.367499828338622
8.497,and,-2.424145936965942,5.543818473815918,5.627774238586426
8.498,accounts,-9.073820114135742,4.763976097106934,5.691650867462157
8.499,"emerged ,",-8.811524569988251,15.286412715911865,17.494405269622803
8.500,drawn,-8.894954204559326,8.266126871109009,10.637952804565430
8.501,out,-4.973959445953369,4.851331233978272,5.911021232604980
8.502,in,-2.568763256072998,4.807033061981201,5.373090267181396
8.503,part,-6.119370460510254,4.845145225524902,6.051095962524414
8.504,by,-0.925972461700440,5.740932464599608,5.826428413391112
8.505,the,-0.995802342891693,5.803758144378662,6.112322807312013
8.506,publicity,-7.495430469512939,4.727882862091064,5.487145900726318
8.507,on,-5.618474960327148,4.379449367523193,4.459167480468750
8.508,the,-1.300941944122314,4.816098213195801,4.980805397033691
8.509,incident .,-7.435450175777078,12.902125358581543,15.968384265899660
8.510,Of,-6.410584926605225,0.000000000000000,0.000000000000000
8.511,the,-1.078351497650146,2.203603029251098,4.243801593780518
8.512,hundreds,-7.290521621704102,2.921781301498413,5.964380264282227
8.513,of,-0.185356721282005,3.408479452133179,5.875087261199951
8.514,witnesses,-7.049682617187500,3.364912271499634,5.936900138854980
8.515,that,-4.058727264404297,5.003927707672119,5.848670959472656
8.516,the,-3.940464258193970,3.356542587280273,4.121799945831299
8.517,various,-9.261676788330078,2.933660745620728,4.389663696289063
8.518,researchers,-7.981276558217360,7.508131027221680,11.566531181335449
8.519,"interviewed ,",-4.837888213805854,11.541080236434937,15.968778133392334
8.520,a,-4.030383586883545,4.521786689758301,5.619414806365967
8.521,seemingly,-10.353245869278908,8.014192581176758,11.724407196044922
8.522,impressive,-6.447540283203125,3.773730278015137,6.374126434326173
8.523,"figure ,",-7.500205993652344,10.154894828796387,11.954629898071289
8.524,a,-3.495330333709717,5.229306697845459,5.891772747039795
8.525,comparable,-10.388044357299805,4.474926471710205,5.893539428710938
8.526,few,-9.010162353515623,5.964834690093994,5.994647026062013
8.527,were,-3.943576812744141,6.333469390869142,6.649146080017090
8.528,true,-7.991774559020996,4.495308399200440,6.196335792541504
8.529,`` witnesses '',-33.949793803942157,28.364497661590576,35.833752632141113
8.530,who,-8.483551979064941,4.715007781982422,5.815806388854980
8.531,claimed,-7.289810389280318,9.898437500000000,10.964757919311523
8.532,to,-1.631278038024902,5.260242462158203,6.310177326202393
8.533,have,-0.786183536052704,4.681792259216309,5.861899852752686
8.534,actually,-6.360368195921183,9.582993984222412,12.192185401916506
8.535,seen,-4.717456698417664,8.773722648620605,10.711008548736572
8.536,debris,-12.423689598217607,6.879848718643188,10.535813808441162
8.537,or,-3.603479623794556,4.830587387084961,5.472149372100830
8.538,aliens .,-11.134162664413452,20.321812391281128,25.360494136810303
8.539,Most,-5.764913082122803,0.000000000000000,0.000000000000000
8.540,of,-1.157890558242798,2.758214950561523,4.918407440185547
8.541,these,-2.917624473571777,3.054878950119019,4.994983196258545
8.542,so-called,-6.579825036344117,9.202106952667236,14.178374290466307
8.543,witnesses,-11.383100509643555,4.184670925140382,6.041213989257812
8.544,were,-2.730640411376953,4.487130165100098,5.867628574371338
8.545,repeating,-12.074093937873840,7.079234123229980,11.078647136688232
8.546,the,-1.787104845046997,4.856415748596191,6.502370834350586
8.547,claims,-6.288959503173827,4.391537189483643,5.974477291107178
8.548,of,-0.688536524772644,4.969622611999512,5.977172374725343
8.549,"others ,",-6.311179399490356,10.234822750091553,12.574523925781250
8.550,and,-2.186873435974121,5.284507751464844,5.589707851409912
8.551,their,-3.629968166351318,6.221742153167725,6.810688495635986
8.552,testimony,-2.652395248413086,4.707322120666504,5.840914726257324
8.553,would,-4.805304527282715,4.787450790405273,5.396340847015381
8.554,be,-1.461555719375610,4.591124057769775,5.003449916839600
8.555,inadmissible,-17.821919984999113,8.483309149742126,13.322673559188845
8.556,hearsay,-15.915581703186035,6.539335250854492,10.152211666107178
8.557,in,-4.175177097320557,4.241319656372069,4.998264789581299
8.558,an,-3.683281898498535,5.391696929931642,6.289478302001952
8.559,American,-6.493428707122803,4.265110492706299,5.650341510772705
8.560,court .,-2.440522626042366,11.888560295104980,14.452223777770998
8.561,As,-4.516566753387451,0.000000000000000,0.000000000000000
8.562,for,-2.932793617248535,1.559610962867737,3.337662696838379
8.563,the,-0.933894932270050,3.452028751373291,4.540028572082520
8.564,several,-9.580546379089355,3.298235177993774,5.782844543457031
8.565,accounts,-7.571299552917480,3.267914772033691,5.480679035186768
8.566,from,-5.902005195617676,2.885169506072998,4.249734401702882
8.567,those,-6.386435010877904,8.438106060028076,13.314232826232910
8.568,who,-5.580576896667480,5.739331722259521,6.212032318115233
8.569,claimed,-5.804349064826965,9.670355319976807,12.232872486114502
8.570,to,-0.967531442642212,4.109180450439453,6.358818531036378
8.571,have,-0.384635359048843,4.471987724304199,6.421720027923584
8.572,seen,-6.490132212638855,7.411810636520387,9.871795177459717
8.573,"aliens ,",-13.700800567865372,15.610235214233398,21.473589420318604
8.574,critics,-8.466563224792480,4.810467720031738,5.550499439239502
8.575,identified,-8.578843719558790,9.710262298583984,11.851451396942140
8.576,a,-3.258729934692383,5.568994045257568,5.913786411285400
8.577,variety,-4.957016944885254,4.642628192901611,6.153832912445067
8.578,of,-0.004145362880081,5.945549964904785,5.960546493530273
8.579,problems,-3.783917903900146,5.194990158081055,6.105867385864258
8.580,with,-2.549993276596069,4.657667636871338,4.615124702453613
8.581,them .,-4.989418327808379,12.589942455291748,14.987555980682373
8.582,These,-5.816002845764160,0.000000000000000,0.000000000000000
8.583,problems,-5.338748455047607,1.711424708366394,4.499023914337158
8.584,ranged,-9.509238719940186,5.357251167297363,10.363163948059082
8.585,from,-0.088807918131351,3.683982610702514,5.752625942230225
8.586,the,-1.558312892913818,3.714678287506104,4.556821823120117
8.587,reliability,-9.468181371688845,8.517262697219849,13.711824417114258
8.588,of,-0.044212922453880,3.407834529876709,4.811060905456543
8.589,second-hand,-14.264265060424805,9.094110012054443,13.843327522277832
8.590,"accounts ,",-9.286968946456909,8.332889318466187,10.854241847991943
8.591,to,-2.640359163284302,4.773753643035889,4.962125301361084
8.592,serious,-9.376268386840820,5.365224361419678,5.942330360412598
8.593,credibility,-11.110807418823242,4.801023960113525,5.903325080871582
8.594,problems,-0.256403177976608,4.485218524932861,5.402222633361816
8.595,with,-3.072019577026367,4.482515811920166,4.650092124938965
8.596,witnesses,-9.284350395202637,4.401224136352539,5.947295188903809
8.597,making,-7.599970817565918,5.004273414611816,5.724533557891847
8.598,demonstrably,-16.901374578475952,7.243796348571777,11.204224109649658
8.599,false,-3.210742712020874,4.168978691101073,6.142582893371582
8.600,or,-5.905038833618164,5.151610374450684,5.585847377777100
8.601,internally-inconsistent,-36.657284736633294,21.050527572631839,31.680749654769894
8.602,"claims ,",-5.714723587036133,9.204886913299561,11.918421745300293
8.603,to,-0.298531562089920,5.843876838684082,6.001585960388184
8.604,dubious,-10.100412368774414,5.322422981262207,6.476025104522705
8.605,death-bed,-20.521539688110352,7.691657066345215,13.863667488098145
8.606,`` confessions '',-34.178512929101998,25.658473014831543,37.189503669738770
8.607,or,-4.971879482269287,4.857096672058105,5.494774818420410
8.608,accounts,-9.710867881774902,3.506277799606323,4.864493846893311
8.609,from,-6.451494693756104,4.380934238433838,4.679480552673340
8.610,elderly,-10.607336044311523,4.476447582244873,5.045932769775392
8.611,or,-4.670876502990723,4.145739555358887,4.788335323333740
8.612,easily,-11.320060961181298,7.226657152175902,9.458444118499756
8.613,confused,-6.562883853912354,4.922728061676025,5.526648521423340
8.614,witnesses .,-5.897511065006256,12.456554889678957,15.797343730926514
8.615,A,-3.402023315429688,0.000000000000000,0.000000000000000
8.616,basic,-9.241578102111816,3.047299623489380,6.145255088806152
8.617,problem,-2.737807512283325,3.077274084091187,5.933189392089844
8.618,with,-1.798889756202698,2.646823167800904,4.517948150634767
8.619,all,-4.983690261840820,3.040178775787353,5.150231838226318
8.620,the,-2.072816371917725,3.426486015319824,5.420125484466553
8.621,witness,-11.745346069335938,2.569705963134766,4.835170269012451
8.622,"accounts ,",-9.869923591613770,7.479310035705566,10.652935504913330
8.623,according,-2.387903213500977,3.423191547393799,5.845607757568358
8.624,to,-0.001538404030725,4.563863277435303,5.439916610717773
8.625,the,-1.304833173751831,3.829262256622314,5.532242298126222
8.626,"critics ,",-8.489484518766403,9.262212276458740,11.255977153778076
8.627,is,-0.104509942233562,5.118689537048340,5.517176151275635
8.628,that,-0.268906176090240,4.615194797515869,5.150053501129150
8.629,they,-2.578887462615967,5.024109363555908,6.015421867370605
8.630,all,-5.715159416198730,5.507830142974854,6.449945449829102
8.631,came,-4.692579984664917,7.574169397354126,9.413461685180664
8.632,a,-6.757155895233153,2.326455354690552,4.516737461090088
8.633,minimum,-7.988900184631348,3.469187736511230,5.274319171905518
8.634,of,-0.662687361240387,4.850601196289063,6.392551898956299
8.635,thirty-one,-19.477656722068790,16.116843700408936,24.291705369949341
8.636,years,-1.524574995040894,4.896834373474121,6.205847263336183
8.637,after,-3.310242176055908,5.462793827056885,5.523225784301758
8.638,the,-0.878168106079102,4.379079818725587,4.962704658508301
8.639,events,-6.124842166900635,4.413866519927979,5.655181407928468
8.640,in,-3.347583532333374,3.358358860015869,4.513311862945557
8.641,"question ,",-4.710851669311523,9.105252027511597,10.855819702148438
8.642,and,-1.399118542671204,5.884272098541260,5.860012054443358
8.643,in,-4.299222946166991,5.059760570526123,5.440032005310059
8.644,many,-3.157862663269043,5.742888450622559,6.204831123352051
8.645,cases,-0.191234335026820,8.927437067031859,10.664722442626953
8.646,were,-2.760043621063232,5.731917381286621,6.288091659545898
8.647,recounted,-10.956325305625796,9.215664386749268,10.737981319427490
8.648,more,-4.527562618255615,5.704085826873778,6.697198867797852
8.649,than,-1.102253794670105,5.202874660491943,6.052385807037354
8.650,forty,-15.908071041107178,7.396496772766112,10.502192020416260
8.651,years,-5.998541355133058,4.398684024810791,5.560519218444824
8.652,after,-3.585143566131592,4.904923915863037,4.952849864959717
8.653,the,-0.592804670333862,5.416935443878174,5.759233474731445
8.654,fact .,-5.144455454312266,10.437048912048340,14.233646392822266
8.655,Not,-6.474130153656006,0.000000000000000,0.000000000000000
8.656,only,-1.843292832374573,3.210232496261597,6.252689838409424
8.657,are,-1.921117305755615,3.370205402374268,4.556366920471191
8.658,memories,-10.058470100164412,5.167134523391724,8.452193260192871
8.659,this,-8.788466453552246,3.307403326034546,4.897131919860840
8.660,old,-8.028481125831604,6.025424957275392,9.357455730438232
8.661,of,-7.835788249969482,3.368259429931641,4.545172691345215
8.662,dubious,-10.766714096069336,3.962033271789551,5.817920207977295
8.663,"reliability ,",-8.654272198677063,14.363356471061707,18.459497928619385
8.664,they,-3.827957391738892,5.326537609100342,5.976769447326660
8.665,were,-5.402419090270996,5.477634429931642,6.223586082458496
8.666,also,-3.188264131546021,5.597863674163818,6.286146163940430
8.667,subject,-6.596774101257324,3.344369888305664,5.673090457916260
8.668,to,-0.144676789641380,5.466447353363037,6.177536964416504
8.669,contamination,-10.366154627874494,9.561573266983034,14.258915424346926
8.670,from,-4.216147422790526,4.849472522735597,5.400775432586670
8.671,other,-3.417247533798218,5.218309879302979,6.273311614990233
8.672,accounts,-10.037539482116699,4.468880176544189,5.867511749267577
8.673,the,-6.759376525878906,5.485587120056152,5.840426921844482
8.674,witnesses,-9.066522598266602,5.126829147338867,5.735707759857178
8.675,may,-4.014008998870850,4.792017459869385,6.019554138183594
8.676,have,-0.682650506496429,5.349538326263428,6.137902259826660
8.677,been,-2.722932815551758,5.066694259643555,6.075501441955566
8.678,exposed,-3.525880653411150,6.836743831634521,9.977169036865234
8.679,to .,-1.107104673981667,12.630620479583740,15.286316394805908
8.680,Though,-6.471168041229247,0.000000000000000,0.000000000000000
8.681,there,-3.986317634582520,5.340267658233643,6.456233024597168
8.682,had,-4.721753597259521,3.651417016983032,5.177362442016602
8.683,always,-6.439421176910400,3.086312294006348,5.757123470306396
8.684,been,-0.006627128459513,3.570148944854736,6.079576492309570
8.685,skeptics,-13.057214260101318,6.344673156738281,10.487927913665773
8.686,who,-3.669904232025146,5.155652523040772,6.530146598815918
8.687,had,-2.060602903366089,4.074116706848145,5.555765151977539
8.688,many,-8.859916687011719,3.800995349884033,6.101070880889893
8.689,objections,-6.819658839842305,6.881887912750244,11.268503189086914
8.690,to,-0.578695535659790,4.196119308471681,5.846147060394287
8.691,the,-0.917088270187378,4.371613025665283,5.461548805236816
8.692,plausibility,-16.047740567475554,16.601334095001221,25.915925502777100
8.693,of,-0.215506523847580,4.718513011932373,6.077279567718506
8.694,these,-4.267580986022948,5.319896697998047,6.457981109619142
8.695,"accounts ,",-7.260363608598708,10.321378231048584,11.867094993591309
8.696,it,-3.186790704727173,5.612691879272461,5.748176574707031
8.697,was,-0.605726599693298,5.823759555816650,6.381742000579834
8.698,not,-3.150698661804199,4.968447208404541,6.151129722595215
8.699,until,-4.335051536560059,5.738627910614014,5.974653244018555
8.700,the,-1.188061833381653,4.295273780822754,4.591918468475342
8.701,mid,-5.260735988616943,4.242897987365724,6.094401836395264
8.702,nineteen,-17.195403575897213,7.706164121627808,11.281372547149658
8.703,nineties,-21.564793586730961,10.771983146667480,12.359203338623047
8.704,that,-0.460521459579468,5.748852252960205,5.826029300689697
8.705,a,-3.819551467895508,5.576450347900392,5.655833721160889
8.706,strong,-6.222708702087402,5.422050476074219,6.060240745544434
8.707,counter-argument,-19.658516258001328,19.473092079162601,29.474696874618530
8.708,to,-2.998399496078491,4.989576339721680,5.138768672943115
8.709,the,-0.807919740676880,5.093151092529297,5.278388500213623
8.710,presence,-8.930558204650879,5.297713756561278,5.871293067932129
8.711,of,-0.039998900145292,4.818168640136719,5.057288169860840
8.712,aliens,-8.780579648911951,13.291632413864136,15.616838932037355
8.713,was,-2.041147708892822,5.022042751312256,5.634983539581299
8.714,widely,-6.306982517242433,5.019271373748778,6.295509815216064
8.715,publicized .,-5.157623908904498,15.807715654373171,18.910906791687012
8.716,The,-1.715715885162354,0.000000000000000,0.000000000000000
8.717,General,-8.041135787963867,2.621695518493652,4.794564723968506
8.718,Accounting,-0.892775058746338,3.293842792510986,5.988184452056885
8.719,Office,-0.000397126481403,3.883872985839844,6.068476676940918
8.720,launched,-9.116479073942171,7.063208818435669,10.157504558563232
8.721,an,-1.556394100189209,4.875005245208740,5.556252479553223
8.722,inquiry,-2.089095691277180,6.365059852600098,10.851136207580566
8.723,and,-6.704170227050781,4.598759651184082,4.841742515563965
8.724,directed,-7.325998306274414,5.628829002380371,5.745734691619872
8.725,the,-0.756365239620209,5.582699775695801,5.639810085296631
8.726,Office,-4.690258502960205,3.215667724609375,5.215090751647949
8.727,of,-0.003586409846321,2.659977436065674,4.249306201934815
8.728,the,-3.969274759292603,3.141095399856567,4.496956825256348
8.729,Secretary,-7.497138023376465,3.439682722091675,4.986783981323242
8.730,of,-0.316498011350632,3.580479145050049,4.727826595306396
8.731,the,-4.778759002685547,3.181011676788330,4.506044864654541
8.732,Air,-5.054805278778076,3.192834377288818,5.228957653045653
8.733,Force,-0.450085878372192,3.459951877593994,5.225030422210693
8.734,to,-0.093011803925037,5.463823795318604,6.086758136749268
8.735,conduct,-3.983343601226807,4.972875595092773,5.184942722320557
8.736,an,-1.636601805686951,5.583302497863770,5.883268356323242
8.737,internal,-2.029214620590210,5.060201168060303,5.863883495330811
8.738,investigation .,-2.339089371263981,11.161768436431885,14.556043624877928
8.739,The,-1.715715885162354,0.000000000000000,0.000000000000000
8.740,result,-5.798444747924805,3.555447578430176,5.734438419342041
8.741,was,-1.908473968505860,3.343464136123657,5.450459957122803
8.742,summarized,-14.524728089570999,5.625598669052124,9.769845485687256
8.743,in,-0.938292622566223,3.428754806518555,4.464008331298828
8.744,two,-5.264598369598389,4.107664108276366,6.065894126892090
8.745,reports .,-6.107129335403442,11.494775295257568,15.705002784729004
8.746,The,-1.715715885162354,0.000000000000000,0.000000000000000
8.747,"first ,",-9.288526535034180,5.972724676132202,10.653131484985352
8.748,released,-6.869300775462762,6.401251316070558,10.538743019104004
8.749,in,-1.434270620346069,3.420219898223877,4.291855335235597
8.750,nineteen,-18.640883445739746,6.987294912338258,10.464241027832033
8.751,"ninety-five ,",-33.609178662300110,19.634386301040649,26.731874942779541
8.752,concluded,-7.903240219398866,7.783825635910034,10.712248802185060
8.753,that,-0.288777440786362,4.057232379913330,5.686338424682617
8.754,the,-1.356612086296082,4.071968078613281,5.442402839660645
8.755,reported,-10.328126907348633,4.110722064971924,5.182959556579590
8.756,recovered,-11.099433898925779,3.861042022705078,5.555644989013672
8.757,material,-5.714075088500977,3.968643188476562,5.124973773956299
8.758,in,-3.632148742675781,3.607851266860962,4.565953731536865
8.759,nineteen,-17.205898284912109,10.031172275543213,12.392303466796875
8.760,forty-seven,-25.679259896278378,15.834757804870605,22.451871395111084
8.761,was,-6.167285919189452,5.259074211120605,6.068746089935303
8.762,likely,-8.241516232490540,9.932409286499023,11.824388504028320
8.763,debris,-16.036189813166853,6.747717142105103,10.702216148376463
8.764,from,-2.516881942749023,5.431171894073486,6.073409080505371
8.765,a,-1.655979871749878,5.827281475067139,6.254461765289308
8.766,secret,-7.089844226837157,4.777997493743896,5.811330795288086
8.767,government,-6.888951778411865,4.808023452758789,5.907253742218018
8.768,program,-5.251486778259277,4.712882995605469,5.831091403961183
8.769,called,-5.595367908477783,8.354737281799316,10.196513652801514
8.770,Project,-6.314702033996582,3.460139274597168,4.752421379089356
8.771,"Mogul ,",-16.175987601280212,12.535576343536377,14.978958129882812
8.772,which,-0.865612030029297,6.061110973358153,6.164015769958496
8.773,involved,-6.893968799617141,10.471050739288330,11.432641506195068
8.774,high,-6.976150035858153,5.058980941772461,5.878799915313722
8.775,altitude,-6.460909843444824,7.452852964401245,10.287459373474119
8.776,balloons,-11.131159782409668,7.131636857986450,10.688914775848387
8.777,meant,-9.602186203002930,4.640864849090576,5.943616867065430
8.778,to,-0.063498228788376,5.448347568511963,6.293363571166992
8.779,detect,-4.026957988739014,5.157941818237305,5.551518440246582
8.780,sound,-7.737048149108888,4.138124942779541,5.682960510253906
8.781,waves,-2.311037791892886,6.588340759277344,9.342226028442383
8.782,generated,-10.772474961966507,9.107961654663086,11.036656379699707
8.783,by,-0.164613351225853,5.093793869018555,5.374921798706055
8.784,Soviet,-6.524001121520996,4.909918785095215,5.390835285186768
8.785,atomic,-7.706782817840576,6.669385194778442,9.770770072937012
8.786,bomb,-2.486042499542236,3.644545078277588,5.260716438293457
8.787,tests,-6.617111220955849,6.699975728988648,9.560111522674561
8.788,and,-3.216502189636230,4.881572246551514,5.166572570800781
8.789,ballistic,-7.472240209579468,7.440078496932983,9.873978614807127
8.790,missiles .,-0.473500397522002,12.815686702728270,15.370319366455078
8.791,The,-1.715715885162354,0.000000000000000,0.000000000000000
8.792,second,-6.126859188079834,2.668460845947266,5.675329208374023
8.793,"report ,",-7.371204376220703,7.488532543182373,12.805688381195068
8.794,released,-1.697547434629087,6.116449117660522,10.490777492523193
8.795,two,-6.130061149597168,2.672099351882935,4.634070396423340
8.796,years,-3.120340585708618,4.274505138397217,6.118440628051758
8.797,"later ,",-2.382355950772762,7.040067672729492,9.350182056427002
8.798,in,-7.450216293334961,3.429934501647949,4.235393524169922
8.799,nineteen,-20.262528419494629,8.551705837249756,11.604787349700928
8.800,"ninety-seven ,",-29.816378712654114,24.803464651107788,31.121528863906864
8.801,concluded,-5.458810468669982,8.440271377563478,11.163574695587158
8.802,that,-0.257909089326859,4.038334369659424,5.694657325744629
8.803,reports,-9.745643615722656,4.252566337585448,5.439336776733398
8.804,of,-0.502438306808472,4.286820888519287,5.282028675079347
8.805,recovered,-11.972636222839355,4.049717903137207,5.589703559875488
8.806,alien,-11.292054653167725,6.663468837738037,9.402265071868896
8.807,bodies,-6.756459462179920,7.448659896850586,11.783812046051025
8.808,were,-2.286373615264893,4.719520092010498,5.424833774566650
8.809,likely,-5.966805681586266,10.026698589324953,12.239029884338381
8.810,a,-7.231175899505615,4.391898632049561,5.889697074890138
8.811,combination,-7.733160018920898,3.897641181945801,5.345151424407959
8.812,of,-0.071198292076588,4.823967456817627,5.543548107147217
8.813,innocently,-14.209254264831545,9.251374244689940,11.244408130645752
8.814,transformed,-11.179428219795227,7.838826656341553,10.378396987915039
8.815,memories,-7.733936256263405,5.268787205219269,8.522475242614746
8.816,of,-1.183378934860229,4.416408061981201,4.723671913146973
8.817,military,-7.384899616241455,4.339055061340332,5.955268859863281
8.818,accidents,-5.116564042400568,7.482495546340942,10.855503559112547
8.819,involving,-4.762812518631108,8.755371093750000,10.163119792938232
8.820,injured,-7.931003451347351,7.869440555572510,10.480258464813232
8.821,or,-4.376776695251465,4.583901405334473,5.295707702636719
8.822,killed,-3.241617918014526,4.123312473297118,4.772168159484863
8.823,"personnel ,",-8.729520082473755,9.349437236785889,11.347636222839355
8.824,innocently,-13.534325599670410,9.059482574462891,11.706171035766602
8.825,transformed,-10.880644083023071,8.482020378112793,10.447814464569092
8.826,memories,-7.874744296073914,5.716193079948425,9.071557760238649
8.827,of,-0.530050933361053,4.839797019958496,5.171665668487549
8.828,the,-0.625890970230103,4.387642860412599,4.818420886993408
8.829,recovery,-9.535420417785645,4.098097324371338,5.188784122467041
8.830,of,-1.106976985931396,4.474105834960938,4.744175910949707
8.831,anthropomorphic,-21.954368636012077,18.811378002166744,25.884571552276611
8.832,dummies,-16.394773483276367,8.890506744384766,10.841315269470217
8.833,in,-2.522220849990845,4.104430675506592,4.507738590240479
8.834,military,-7.831908702850343,4.585096359252930,6.043399810791017
8.835,programs,-6.953996181488037,4.525924205780028,5.397487163543701
8.836,US,-16.544443130493164,3.413853406906128,5.630271434783936
8.837,conducted,-11.898861160501838,7.895011425018311,10.030179500579834
8.838,in,-1.550796747207642,4.531533718109131,4.794733047485352
8.839,the,-1.195307254791260,4.879809856414795,5.232195854187012
8.840,nineteen,-16.595613479614258,9.614458084106444,11.054785728454590
8.841,"fifties ,",-21.845032215118408,20.216770410537720,25.971807956695560
8.842,and,-0.438879817724228,5.806893825531006,6.054800510406494
8.843,hoaxes,-13.013176731765270,9.601197242736816,11.642329216003418
8.844,that,-2.540393352508545,6.005777359008789,6.336175441741942
8.845,various,-9.715103149414062,5.428900241851807,5.474394321441650
8.846,witnesses,-6.476746559143066,5.200312137603760,5.924978256225586
8.847,and,-3.293690204620361,4.874047279357910,5.471008300781250
8.848,UFO,-15.649234294891356,7.652479410171509,9.743680953979492
8.849,proponents,-10.720015761005923,10.658888816833496,11.706957340240480
8.850,perpetrated .,-13.383812114596367,19.808737754821777,22.129174232482910
8.851,The,-1.715715885162354,0.000000000000000,0.000000000000000
8.852,psychological,-11.493517875671387,1.936571836471558,3.992708206176758
8.853,effects,-4.162182807922363,3.294186830520630,6.332154750823975
8.854,of,-0.270302146673203,3.031208753585815,5.023341178894043
8.855,time,-8.916742324829102,2.886704921722412,5.481784343719482
8.856,compression,-12.832917213439940,5.612542867660522,10.178143978118896
8.857,and,-1.753751873970032,4.547651290893555,5.929051399230957
8.858,confusion,-7.547280788421631,3.580006361007690,5.585734367370605
8.859,about,-4.225912094116212,4.719528675079347,5.819182395935059
8.860,when,-5.537181854248047,4.512335300445557,5.413380146026611
8.861,events,-8.981370925903320,3.810518503189087,5.703025341033936
8.862,occurred,-6.005770348012447,7.474203109741211,10.001225471496582
8.863,explained,-11.056587100028992,9.959105491638184,11.698213100433350
8.864,the,-1.061338543891907,5.814924240112305,6.240939140319824
8.865,discrepancy,-6.846481651067734,6.931307792663574,11.165111064910887
8.866,with,-4.936780929565430,5.923413753509521,6.246182918548584
8.867,the,-0.941225230693817,5.552825450897217,6.176242351531982
8.868,years,-7.650629520416260,5.001726150512695,6.060325622558594
8.869,in,-3.632891654968262,4.339712142944337,5.216677665710449
8.870,question .,-5.624429430812597,11.475375175476074,15.156173706054688
8.871,In,-3.034920692443848,0.000000000000000,0.000000000000000
8.872,January,-5.537194252014160,1.944159269332886,4.113738059997559
8.873,nineteen,-22.049594879150391,5.040808916091919,10.331117630004883
8.874,"ninety-seven ,",-28.581215977668766,23.393538236618042,32.136137723922729
8.875,Karl,-12.467820167541506,3.035686969757080,5.425557613372803
8.876,"Pflock ,",-22.049947738647461,19.248998641967773,26.615409851074222
8.877,one,-4.633331298828125,5.731611728668213,6.670069217681885
8.878,of,-0.099254198372364,4.245439529418944,5.544132232666017
8.879,the,-0.789382219314575,5.332250118255615,6.075911521911621
8.880,more,-5.591452598571777,6.170292854309082,6.918782234191895
8.881,prominent,-3.287080287933350,5.820682525634767,6.456152439117433
8.882,pro-UFO,-20.422748833894730,13.782650709152222,20.485491275787357
8.883,"researchers ,",-6.192299299756996,13.235698461532593,15.732958316802980
8.884,"said ,",-6.420474529266357,11.015956401824951,12.015947818756104
8.885,`` Based,-8.290786249681334,22.373399972915649,26.833448410034180
8.886,on,-0.029420690611005,4.479210853576660,4.949045658111572
8.887,my,-2.506678581237793,5.261369705200195,6.096413135528564
8.888,research,-5.332106590270996,3.927396535873413,5.402293682098389
8.889,and,-2.487212419509888,4.546318054199219,4.790702819824219
8.890,that,-4.399998664855957,4.673791885375977,4.901180267333983
8.891,of,-3.624284744262695,4.827911376953125,4.757182598114014
8.892,"others ,",-5.149992048740387,9.250405788421631,9.779071331024170
8.893,I 'm,-4.011907830834389,20.942240715026855,22.116661548614502
8.894,as,-6.668166160583496,5.841749668121338,6.766662597656250
8.895,certain,-6.024529457092285,5.722424507141112,5.920910835266112
8.896,as,-0.650490105152130,5.657768726348878,5.811915874481201
8.897,it 's,-4.999172050505877,17.836447238922119,20.838544130325317
8.898,possible,-3.458054065704346,5.293318271636963,5.366868019104004
8.899,to,-1.504532098770142,6.045571327209473,6.422070980072021
8.900,be,-2.561802387237549,5.492256641387940,5.712593078613281
8.901,without,-8.340820312500000,9.684725761413574,11.184646129608154
8.902,absolute,-8.982913017272949,5.640760421752930,6.757345199584961
8.903,"proof ,",-8.756859540939331,13.455020666122437,14.982116699218750
8.904,that,-3.608647108078003,5.255929946899414,5.194453716278076
8.905,no,-5.503202915191650,6.009119987487793,6.120139598846436
8.906,flying,-13.569357156753540,7.468472719192505,9.181665420532227
8.907,saucer,-17.891798257827762,10.644463300704958,14.076477050781250
8.908,or,-3.888245820999146,4.440691471099854,4.689369678497314
8.909,saucers,-15.872760653495787,11.621932983398438,13.628457546234131
8.910,crashed,-10.144357830286024,9.514572143554688,9.991444110870360
8.911,in,-1.874147415161133,4.359624862670898,4.715120315551758
8.912,the,-1.038066744804382,4.747823715209961,5.145146846771240
8.913,general,-8.714288711547853,4.717671871185303,5.652894973754883
8.914,vicinity,-10.761905904502783,10.735524415969847,14.308437824249268
8.915,of,-0.436479419469833,5.346732139587402,5.511042594909668
8.916,Roswell,-12.836411952972412,7.166030406951903,9.798698425292967
8.917,or,-5.511182785034180,4.279638767242432,4.497405529022217
8.918,on,-5.671176910400392,4.657235622406006,4.793109893798828
8.919,the,-0.794961810112000,4.797735691070557,5.134209632873535
8.920,Plains,-10.234668731689453,4.824006080627441,5.626707077026367
8.921,of,-3.574404239654541,4.555430889129639,5.080038547515869
8.922,San,-5.046328544616699,3.315086841583252,5.336711406707764
8.923,Agustin,-19.869003295898441,7.085047483444214,9.776759624481199
8.924,in,-2.652630567550659,4.173103809356689,4.373792648315431
8.925,nineteen,-15.914705276489258,11.732976913452148,12.936835765838625
8.926,forty-seven . '',-43.441488340904471,45.488583803176880,51.348245143890381
8.927,He,-3.647783756256104,0.000000000000000,0.000000000000000
8.928,then,-5.668714523315430,3.169470071792603,6.062493324279785
8.929,"added ,",-6.825968503952026,8.573809146881104,11.734262466430664
8.930,`` The,-2.845349672588782,17.454554080963135,21.174716472625732
8.931,debris,-12.929103733971715,8.110778331756594,10.963181495666504
8.932,found,-7.823687553405763,4.311012744903564,5.646429061889648
8.933,was,-4.117140769958496,4.935050487518311,5.600735187530518
8.934,the,-2.826587200164795,4.626461982727051,5.556519031524658
8.935,remains,-12.635573387145994,7.803816556930543,11.189867019653320
8.936,of,-0.214118957519531,4.356609821319580,5.523410797119142
8.937,something,-7.849835395812987,4.812160968780518,5.982572078704834
8.938,very,-4.748999118804932,5.979516029357910,6.591968059539795
8.939,"earthly ,",-14.481899261474609,13.376829624176025,16.790860176086426
8.940,all,-5.266782760620117,4.753987789154053,5.243792533874512
8.941,but,-3.670678615570069,4.755219459533691,5.621051788330078
8.942,certainly,-5.382752239704132,9.771903991699221,10.837128162384033
8.943,something,-5.495724678039551,5.024801254272461,5.396458625793457
8.944,from,-6.025043487548827,4.897426128387451,5.495559692382812
8.945,the,-0.738510906696320,4.835695266723633,5.871803283691406
8.946,Top,-10.856363296508787,4.274336338043213,6.034978866577148
8.947,Secret,-11.659995079040527,4.094547271728517,5.250310897827148
8.948,Project,-8.524880409240723,4.740883350372314,5.409107208251953
8.949,Mogul . '',-37.414573802263476,31.464345932006836,35.145919322967529
8.950,Although,-5.554223775863648,1.856572866439820,3.990235328674317
8.951,most,-4.314677715301514,2.825617313385010,4.704184532165527
8.952,now,-8.583292007446289,3.330590724945068,5.916343688964844
8.953,agree,-4.606305122375488,3.245562076568604,4.778737068176270
8.954,with,-2.149322271347046,3.748059988021851,5.957500457763673
8.955,this,-4.129954338073730,4.275740623474121,6.323612213134767
8.956,"conclusion ,",-4.776460453867912,8.581736087799072,11.001902103424072
8.957,each,-7.611338615417480,8.762534618377687,10.501271724700928
8.958,"year ,",-6.519327163696289,12.942280769348145,14.318773746490479
8.959,during,-8.004585981369019,7.007385969161987,9.399099826812744
8.960,July,-8.814455986022949,3.309745788574219,4.019030570983887
8.961,Fourth,-9.690911293029783,3.617869853973389,5.571491718292236
8.962,"weekend ,",-7.407746315002441,8.386685848236084,8.832912921905518
8.963,the,-1.247356653213501,5.189500808715820,5.604866027832031
8.964,City,-9.400038719177246,4.872668266296387,5.601262092590332
8.965,of,-2.036785840988159,4.064961433410645,5.276540756225586
8.966,Roswell,-11.521376729011536,7.176698207855225,9.298351287841797
8.967,hosts,-8.682609796524048,9.361054420471193,10.604914188385010
8.968,the,-2.023934125900269,5.592332363128662,5.525479316711426
8.969,Roswell,-11.909607648849487,6.048641204833983,10.271765232086182
8.970,UFO,-17.663254737854004,6.800872802734375,9.588012218475342
8.971,Festival,-6.247894763946532,4.753986358642578,6.340735912322997
8.972,celebrating,-9.155308306217194,7.776420831680298,10.712080478668213
8.973,all,-6.939754009246826,5.791433334350586,6.031545162200928
8.974,things,-6.653097629547119,7.777836322784424,10.275787830352783
8.975,"UFO ,",-21.099622726440430,12.142497062683105,15.407337188720703
8.976,featuring,-9.199203740805386,9.114032745361328,10.611059665679932
8.977,prominent,-8.526602745056152,5.726154804229736,5.713216781616211
8.978,UFOlogists,-25.247607588768005,17.436676740646362,22.387785434722900
8.979,and,-1.484892964363098,5.088755607604980,5.053911209106445
8.980,discussions .,-18.518565297126766,16.196779251098633,22.065637111663818
9.1,Tulip,-15.620769297704101,1.894781827926636,3.427820682525635
9.2,mania,-10.832610130310060,4.125573158264160,7.975207805633545
9.3,was,-5.039448738098145,4.036004066467285,5.466481685638428
9.4,a,-2.303000450134277,4.113014221191406,6.123520374298097
9.5,period,-7.854385375976562,3.727336406707764,6.009216785430907
9.6,in,-1.998826265335083,3.305682420730591,5.221847534179688
9.7,the,-4.085528373718262,3.270872354507446,4.971869468688965
9.8,Dutch,-9.075713157653807,3.285505533218384,5.111323356628418
9.9,Golden,-12.604307174682615,2.200857400894165,4.699398040771483
9.10,Age,-3.523120185360312,4.940195202827455,8.453806400299072
9.11,during,-5.674293994903564,7.116426944732666,10.037244796752930
9.12,which,-0.168781757354736,4.769540786743164,4.923293113708496
9.13,contract,-9.955399513244627,4.357796669006349,5.981497764587402
9.14,prices,-4.997018814086914,5.111854076385498,5.726965427398683
9.15,for,-2.587492942810059,5.006045818328857,4.969185829162598
9.16,bulbs,-9.503198012709618,13.359385967254640,15.470685958862305
9.17,of,-5.629492759704590,5.301312923431396,5.563739299774170
9.18,the,-2.506902456283569,4.560699462890625,4.887320041656494
9.19,recently,-8.699944496154785,5.898866176605225,6.243201255798340
9.20,introduced,-1.956211715005338,8.215596914291384,9.651305675506592
9.21,tulip,-11.009704589843750,4.363773345947267,4.905591011047363
9.22,reached,-9.916829406283798,9.079511880874632,10.097535133361816
9.23,extraordinarily,-10.949582159519196,9.331727981567383,12.699834823608398
9.24,high,-0.306286901235580,5.363782882690430,6.320159435272218
9.25,levels,-0.111198180587962,9.162212848663330,11.243464946746826
9.26,and,-3.215429306030273,5.771382808685303,5.845031738281250
9.27,then,-2.768769979476929,5.960955142974854,6.231911659240723
9.28,suddenly,-5.764661787710793,10.964953422546387,12.565421581268311
9.29,collapsed .,-3.399626835074741,18.282141685485840,20.761198043823242
9.30,At,-4.843098163604736,0.000000000000000,0.000000000000000
9.31,the,-0.916523337364197,2.393058061599731,4.204593658447267
9.32,peak,-6.268781661987305,1.759282708168030,4.344179153442384
9.33,of,-0.208736687898636,2.491872787475586,4.543209552764893
9.34,tulip,-14.925040245056152,2.408459663391113,5.403658866882324
9.35,mania,-5.891121387481689,3.774801611900330,7.470844268798827
9.36,in,-1.804231524467468,3.492913246154785,4.294974803924561
9.37,February,-5.737962722778320,3.156664848327637,4.794361591339111
9.38,sixteen,-21.264177322387692,7.025956153869629,10.793011188507080
9.39,"thirty-seven ,",-25.968569725751877,21.557235240936279,31.768963098526001
9.40,tulip,-12.333723068237305,3.335045337677002,5.161462306976318
9.41,contracts,-11.077763186767696,7.274541378021240,9.756536006927490
9.42,sold,-4.486313343048097,4.307980060577393,5.369757175445557
9.43,for,-0.898573160171509,4.892173290252686,5.721805095672607
9.44,more,-3.354141235351562,5.581338882446289,6.365311145782472
9.45,than,-0.002278591040522,4.613294124603272,5.772002696990968
9.46,ten,-11.010986685752867,8.919721603393555,9.724182128906250
9.47,times,-0.062079317867756,5.073117733001709,5.809441566467285
9.48,the,-1.815391182899475,5.482713699340820,5.538890361785889
9.49,annual,-5.061128616333008,5.411879539489746,5.879794597625732
9.50,income,-6.555011749267577,4.895665645599365,5.246081829071045
9.51,of,-0.354018777608871,5.037828922271729,5.067952632904053
9.52,a,-2.592668533325196,4.929960727691650,4.946609973907472
9.53,skilled,-10.513038873672484,8.409875154495241,9.019869565963743
9.54,craftsman .,-12.417765945196152,13.370205879211426,16.016712665557861
9.55,It,-3.835548400878906,0.000000000000000,0.000000000000000
9.56,is,-1.736417770385742,3.276454925537109,5.097389221191406
9.57,generally,-6.009735944680870,5.545336246490479,9.999743938446043
9.58,considered,-3.016190290451050,4.142570972442627,6.004789352416992
9.59,the,-2.389341354370117,4.387897968292236,5.486477375030518
9.60,first,-3.592214584350586,4.142464637756349,5.262935161590576
9.61,recorded,-10.705607414245604,3.508001327514648,5.228353023529053
9.62,economic,-5.861205101013184,3.812653541564941,5.675089359283447
9.63,bubble .,-14.503227949142458,11.297811508178711,15.916190147399902
9.64,The,-1.715715885162354,0.000000000000000,0.000000000000000
9.65,"tulip ,",-16.950747489929199,7.476546049118042,10.760128498077393
9.66,introduced,-5.628137830470222,6.135438919067383,10.596166133880617
9.67,to,-4.113907814025879,4.269585609436035,5.228610992431642
9.68,Europe,-5.597913742065430,2.760778427124023,5.025188446044922
9.69,in,-0.829023718833923,3.669652462005615,5.204925537109375
9.70,the,-2.551188230514526,3.868693113327025,5.123675346374512
9.71,mid,-2.555850505828857,3.750199079513550,5.933403491973878
9.72,sixteenth,-23.150939464569092,9.775304794311523,15.406396865844727
9.73,century,-0.123829717747867,7.463582038879394,9.244464397430420
9.74,from,-5.953991413116455,4.958966255187988,5.282849311828613
9.75,the,-1.058160781860352,4.356946945190431,4.837054252624512
9.76,Ottoman,-10.127659981371835,7.244982004165649,14.287212848663330
9.77,"Empire ,",-1.291721403598785,9.001229524612427,11.057207107543945
9.78,became,-5.554359912872314,9.343774557113649,12.182051658630373
9.79,very,-7.006953239440918,5.306680679321289,6.340353965759277
9.80,popular,-1.017093777656555,5.269944190979004,6.203183174133301
9.81,in,-1.284493207931519,4.644468307495117,4.941111087799072
9.82,the,-0.770762681961060,4.588977813720703,5.182841777801514
9.83,United,-5.629037857055664,3.600540637969971,5.445425987243652
9.84,"Provinces ,",-22.414751052856442,14.089194297790527,16.582806110382080
9.85,which,-3.827763557434082,6.242908000946045,6.419262409210205
9.86,we,-5.775115013122559,5.720373630523683,6.555431365966798
9.87,now,-3.198036909103394,5.016712665557861,6.131231307983398
9.88,know,-2.334383726119995,4.258839607238770,4.732238292694092
9.89,as,-3.170402526855469,4.766660690307617,4.944449424743652
9.90,the,-2.067780494689941,4.851225376129150,5.234002590179443
9.91,Netherlands .,-7.766049209982157,13.743590116500854,15.615458488464355
9.92,Tulip,-15.620769297704101,1.894781827926636,3.427820682525635
9.93,cultivation,-14.417525231838225,6.149633884429933,12.881112337112427
9.94,in,-3.489241123199463,3.316351890563965,4.960696697235107
9.95,the,-1.042290568351746,3.304208755493164,5.010179042816162
9.96,United,-5.956427574157715,3.515640735626221,5.536082744598389
9.97,Provinces,-20.833263397216800,8.744193553924559,11.044641017913818
9.98,is,-1.787688016891479,5.576882839202881,6.504604339599608
9.99,generally,-6.746095118345692,8.660445690155031,12.137903690338135
9.100,thought,-4.169815063476562,4.090822219848634,5.562378883361816
9.101,to,-0.118907846510410,4.643087387084961,5.839983940124513
9.102,have,-1.621156930923462,4.907447814941406,5.535355091094972
9.103,started,-6.638354277703911,7.508852720260620,10.701442718505859
9.104,in,-1.357554674148560,3.956395864486694,4.660109996795653
9.105,earnest,-4.536900997161865,4.746170043945312,5.793746471405028
9.106,around,-5.016124725341797,5.379214286804199,5.919656753540039
9.107,fifteen,-15.300092414021492,13.026136755943297,19.105222702026367
9.108,"ninety-three ,",-33.005745083093643,21.225113868713379,28.960935592651367
9.109,after,-4.640149116516113,5.303778648376465,5.795373439788817
9.110,the,-1.622630953788757,4.156990528106689,4.541850090026856
9.111,Flemish,-13.564100742340088,7.469974756240845,9.527359962463381
9.112,botanist,-10.914067089557648,12.752922534942627,18.799571037292480
9.113,Charles,-6.334228992462157,3.585325479507446,5.603110313415527
9.114,de,-4.213230848312378,7.971770763397218,10.834921360015869
9.115,l'Ecluse,-62.161583423614502,28.442372798919678,37.986168384552002
9.116,had,-3.713692665100098,5.463378429412842,5.812595844268799
9.117,taken,-4.292042255401611,10.647150993347168,11.382005691528320
9.118,up,-3.282550096511841,5.985476493835449,6.031229496002197
9.119,a,-1.853762865066528,6.031976222991942,6.270627021789551
9.120,post,-6.391341209411621,4.513688087463379,5.717661857604980
9.121,at,-1.905794739723206,5.938345432281494,6.142496109008789
9.122,the,-0.705058991909027,4.643045425415039,5.028456687927246
9.123,University,-3.696620225906372,5.144526481628418,5.946102142333983
9.124,of,-0.011784579604864,4.065759181976318,4.493795394897461
9.125,Leiden,-16.071815490722653,6.811942815780640,10.222993373870850
9.126,and,-3.836351871490479,5.013819694519043,4.965713977813722
9.127,established,-5.421522617340088,5.348529338836670,5.605961322784424
9.128,a,-1.796107411384582,5.236666202545166,5.248477935791017
9.129,botanical,-10.822970926761627,14.068287730216980,19.118364334106445
9.130,"garden ,",-10.893314361572266,11.152476310729980,12.224563121795654
9.131,which,-2.644318580627441,5.375920772552490,5.445032119750977
9.132,is,-2.140947103500366,6.129775047302246,6.543156623840332
9.133,famous,-7.653638839721680,5.222155570983887,5.964951515197754
9.134,as,-3.674744844436646,4.939942359924316,5.312796115875244
9.135,one,-4.335740089416504,5.460895538330078,6.188673973083496
9.136,of,-0.141457304358482,4.770340442657472,5.149726867675781
9.137,the,-0.340430051088333,5.658811092376709,5.987346172332764
9.138,oldest,-4.338131390511990,14.719166994094849,17.027294158935547
9.139,in,-2.666534662246704,3.546362876892090,3.856380939483643
9.140,the,-0.387459546327591,4.218484401702882,4.524267196655273
9.141,world .,-0.444063698872924,12.580930948257445,14.711180210113529
9.142,"There ,",-9.083360671997070,2.047714471817017,4.486742496490479
9.143,he,-2.250146150588989,5.049854755401611,5.763461112976074
9.144,planted,-9.027379035949707,3.468790531158448,5.465545654296875
9.145,his,-3.154975891113281,3.505268573760986,5.175564765930176
9.146,collection,-7.311935424804687,3.231181859970093,5.374383926391602
9.147,of,-1.286540627479553,4.583418846130371,5.960593700408936
9.148,tulip,-10.294915199279783,1.946842789649964,4.043854236602783
9.149,bulbs,-11.160193492658436,7.959645986557008,14.155928134918213
9.150,that,-3.571216106414795,4.386350631713866,5.063218593597412
9.151,the,-4.111169815063477,4.963191986083983,5.470697402954102
9.152,Emperor 's,-13.821858597540995,16.102288484573364,20.851442813873291
9.153,ambassador,-8.110344886779785,4.712789535522461,5.692261695861816
9.154,sent,-5.726999759674072,5.191605567932129,5.485855102539063
9.155,to,-0.731995940208435,4.711716651916504,5.010817050933838
9.156,him,-6.049893856048584,3.768900871276856,4.603271484375000
9.157,from,-5.249876976013184,4.032021522521974,4.315131664276123
9.158,"Turkey ,",-8.980290412902832,8.103977680206299,9.041773796081543
9.159,which,-3.188676595687866,5.315201282501222,5.228940963745117
9.160,were,-6.937676906585692,5.715411663055420,6.156053066253662
9.161,able,-6.802923679351808,7.934975385665893,10.012042999267578
9.162,to,-0.010869109071791,5.348465919494629,6.281054973602295
9.163,tolerate,-9.158190727233887,5.116894721984863,5.298146247863770
9.164,the,-1.928466677665710,6.182260036468506,6.490787982940674
9.165,harsher,-11.567626953125000,11.580504894256592,13.278100967407227
9.166,conditions,-2.449081540107727,10.653923988342283,11.592179298400881
9.167,of,-1.178743958473206,4.386565208435059,4.586930751800537
9.168,the,-1.094094991683960,4.427250862121582,4.698048591613770
9.169,northern,-6.796014308929442,4.415560722351074,5.265854358673097
9.170,climate .,-8.411607772111894,12.716276168823240,14.454323530197145
9.171,It,-3.835548400878906,0.000000000000000,0.000000000000000
9.172,was,-2.245547771453857,3.240544319152832,5.025370121002197
9.173,shortly,-10.049669742584227,6.495062112808228,11.808335304260256
9.174,thereafter,-4.360473453998567,6.830813646316527,10.288322448730467
9.175,that,-1.704176545143127,4.154254913330078,5.253621101379395
9.176,the,-1.145483851432800,4.075953006744385,5.033317565917969
9.177,tulips,-14.793891787528992,8.878031730651855,11.974845886230467
9.178,began,-3.501443803310394,9.866894721984863,11.281941890716553
9.179,to,-0.574954450130463,5.360253810882568,5.959602355957031
9.180,grow,-5.065898895263672,4.953080654144287,6.099499702453612
9.181,in,-2.343994855880737,4.009646415710448,5.007359981536865
9.182,popularity .,-6.318472497165204,17.461628437042236,22.344960212707520
9.183,The,-1.715715885162354,0.000000000000000,0.000000000000000
9.184,flower,-11.967593193054199,5.276919364929199,9.228337764739990
9.185,rapidly,-11.475018501281738,2.560731410980225,5.510778427124023
9.186,became,-4.130390793085098,7.598433017730713,11.155144214630127
9.187,a,-1.061165809631348,4.733741760253906,5.785519123077393
9.188,coveted,-7.936702677980065,11.988040208816528,18.821372985839844
9.189,luxury,-6.811177253723145,3.761994123458862,5.711379528045653
9.190,item,-1.648792505264282,6.991297960281372,9.520456790924072
9.191,and,-3.872547388076782,5.374365806579590,5.614599704742432
9.192,a,-2.428959131240845,5.135956764221191,5.679591178894043
9.193,status,-10.107393264770508,3.867377758026123,5.935584068298340
9.194,"symbol ,",-4.529123097658158,10.536499500274658,12.320237159729004
9.195,and,-1.888328552246094,6.023194313049316,6.271776199340820
9.196,a,-3.633053064346313,5.377379417419434,5.712718963623048
9.197,profusion,-11.643236637115480,6.909581661224365,10.030425548553467
9.198,of,-0.034650031477213,5.809866428375244,6.022787094116211
9.199,varieties,-7.694573588669300,6.445176720619202,9.611789703369141
9.200,followed .,-8.363221322942991,18.686204433441162,21.109348297119141
9.201,They,-4.680220603942871,0.000000000000000,0.000000000000000
9.202,were,-3.163032293319702,2.781479835510254,5.951908111572267
9.203,classified,-9.086062431335449,3.721248865127564,5.626389503479004
9.204,in,-3.664075136184693,2.621156454086304,4.063584804534912
9.205,groups :,-14.278178215026855,7.753040075302124,10.934159755706787
9.206,one-colored,-18.757128953933719,10.089309215545654,14.870924472808838
9.207,tulips,-12.208307847380636,7.470732688903809,10.495273113250732
9.208,of,-6.302264213562013,4.867583274841309,5.835248947143555
9.209,"red ,",-6.325640082359315,11.794724941253662,14.778966903686525
9.210,"yellow ,",-4.046071290969849,8.673572540283203,9.957454681396484
9.211,or,-6.960311889648438,4.753609180450440,5.051942825317383
9.212,white,-2.574103593826294,4.757813930511475,5.648685932159424
9.213,were,-8.276240348815918,5.490223884582520,5.879138946533202
9.214,known,-6.402408599853517,10.322258472442627,11.811416625976562
9.215,as,-0.978262901306152,5.025899887084961,5.533708095550537
9.216,"Couleren ,",-36.002882480621338,14.156260967254639,20.023858070373535
9.217,but,-3.129765510559082,5.015238761901856,5.344410896301270
9.218,it,-4.621286392211914,6.095252990722656,6.451128005981445
9.219,was,-0.771421551704407,5.765269756317139,6.117641448974608
9.220,the,-2.543141365051269,5.575676918029785,5.695931911468506
9.221,multicolored,-10.820584058761597,8.711981296539308,10.813692092895508
9.222,Rosen,-13.210253715515135,3.394577980041504,5.122554302215576
9.223,-LRB- red,-9.947554706617666,29.148531436920170,32.712299823760986
9.224,or,-4.613821506500244,4.392444610595703,4.776309967041017
9.225,pink,-6.713848680257798,11.884876489639282,13.955788612365724
9.226,on,-5.864160537719727,5.656169891357423,5.893846035003662
9.227,white,-3.938018321990967,5.335972785949707,6.341719150543213
9.228,"background -RRB- ,",-10.334219827324432,34.998203754425049,39.952363014221191
9.229,Violetten,-29.425301074981689,13.082996845245360,18.742212772369388
9.230,-LRB- purple,-10.544006003969116,25.288897037506104,28.142137527465820
9.231,or,-5.823325157165527,4.488723278045653,5.000909328460693
9.232,lilac,-11.167385816574097,11.719878673553467,14.943258285522461
9.233,on,-7.238155841827393,5.311605453491211,5.633511543273926
9.234,white,-4.447547912597656,4.878183841705322,6.028562545776367
9.235,"background -RRB- ,",-8.401729645937849,34.022106647491455,39.132122039794922
9.236,"and ,",-5.640817523002625,10.463011741638184,11.933152675628662
9.237,to,-4.906857013702393,5.636762142181396,6.155498027801514
9.238,a,-2.299567699432373,5.245156288146973,5.703555107116699
9.239,lesser,-0.629510939121246,4.870543956756592,6.268327713012695
9.240,"extent ,",-0.300239823758602,9.706779956817627,10.369808197021484
9.241,the,-2.648280143737793,5.590436935424805,5.797276496887207
9.242,Bizarden,-25.430035591125488,16.027121543884274,19.785124778747559
9.243,"-LRB- red ,",-9.590338244772283,33.957988977432251,37.824892997741699
9.244,brown,-6.369221210479736,8.506996154785156,9.587903499603273
9.245,or,-4.934805870056152,3.818527698516846,4.456206798553467
9.246,purple,-6.729122161865233,4.964956283569336,5.392772197723389
9.247,on,-7.553396701812744,5.251831531524658,5.563804626464844
9.248,yellow,-6.829219341278076,5.330263137817383,6.299188137054442
9.249,background -RRB-,-7.979992321302234,31.504815101623535,34.931591987609863
9.250,that,-5.590148925781250,5.866915225982666,5.800884246826173
9.251,were,-1.486707448959351,6.102710247039795,6.271154403686523
9.252,the,-3.271632671356201,6.439828872680664,6.679178714752197
9.253,most,-2.721077680587769,6.371848106384277,6.608391761779785
9.254,popular .,-3.988481819629669,15.319112539291384,16.313623428344727
9.255,These,-5.816002845764160,0.000000000000000,0.000000000000000
9.256,spectacular,-11.371782302856445,2.673016071319580,4.128779411315918
9.257,and,-4.857440948486328,5.405824184417725,5.526336669921875
9.258,highly,-4.705551147460938,4.553474426269531,6.183127880096436
9.259,sought-after,-11.256702709943056,8.377230763435364,13.129342555999756
9.260,tulip,-11.488965034484865,1.848410606384277,3.888025045394897
9.261,bulbs,-11.487178906798365,6.104438900947571,11.984720230102539
9.262,would,-5.184420585632324,4.788904190063477,6.347643852233888
9.263,grow,-6.927378177642822,4.097648143768311,5.401952266693115
9.264,flowers,-12.160284996032715,2.673669099807740,4.717367172241211
9.265,with,-3.738656520843506,5.364185333251953,5.854354381561278
9.266,vivid,-8.594446182250978,4.129029273986816,6.054082393646240
9.267,"colors ,",-6.428533554077148,11.932110786437988,17.207043170928955
9.268,"lines ,",-11.613833189010620,9.571867942810059,11.364602565765381
9.269,and,-3.020086288452148,5.481363773345947,6.024879455566406
9.270,flames,-9.012897461652756,12.962162733078005,19.101125240325924
9.271,on,-5.135044574737549,4.350159168243408,5.384654045104980
9.272,the,-0.824702858924866,3.786353349685669,5.267357349395752
9.273,"petals ,",-12.955299854278564,11.756668090820312,15.518155097961426
9.274,as,-3.070187568664551,3.709551095962525,4.488518714904785
9.275,a,-4.144932746887207,4.886975288391113,6.164563179016112
9.276,"result ,",-7.090358972549438,9.351938724517822,10.168323516845703
9.277,it,-5.551204681396483,3.459196090698242,4.216637134552002
9.278,is,-1.724505066871643,4.906868934631348,5.315837860107422
9.279,now,-4.186029434204102,4.793722152709961,5.579285621643066
9.280,"understood ,",-10.960554484452587,14.887314558029173,20.993808031082153
9.281,of,-4.058701038360597,4.725343704223633,5.624783039093018
9.282,being,-5.285782337188722,4.971423625946045,5.600115299224854
9.283,infected,-7.418318033218384,8.546586990356445,10.306084156036377
9.284,with,-0.863340079784393,4.703342437744142,5.407288551330566
9.285,tulip-specific,-27.686224460601807,8.660996437072754,13.909673452377319
9.286,virus,-3.785499334335327,3.352427959442139,4.455718994140625
9.287,known,-10.049897193908693,7.445726394653320,10.353241920471193
9.288,as,-0.038973402231932,4.906660556793213,5.379268646240233
9.289,the,-2.707770109176636,5.058121204376222,5.570442676544189
9.290,`` Tulip,-14.854437542344387,18.230232954025269,24.113502502441406
9.291,breaking,-13.619624495506287,7.625479936599731,9.460961818695068
9.292,virus '' .,-37.029331624507904,22.133932828903198,28.921355724334717
9.293,The,-1.715715885162354,0.000000000000000,0.000000000000000
9.294,Dutch,-8.607927322387695,1.535591959953308,3.629714727401733
9.295,Golden,-14.807353973388672,1.867239356040954,4.465038776397705
9.296,Age,-4.106314837932587,5.253016710281372,8.531489610671997
9.297,growers,-9.969087161123751,7.681454658508301,11.137290954589844
9.298,named,-6.944974780082703,7.620130062103271,9.626335144042967
9.299,their,-4.564445495605469,5.366936206817627,5.197334289550781
9.300,new,-3.412696599960327,5.109513282775879,5.434744358062744
9.301,varieties,-8.809264145791529,6.396866679191589,9.443255186080931
9.302,with,-5.262078762054443,5.703346729278564,5.904171466827393
9.303,exalted,-14.437213607132435,7.582327604293822,10.973868370056152
9.304,titles .,-10.372265607118607,15.986455202102661,22.238786697387695
9.305,Many,-5.600615024566650,0.000000000000000,0.000000000000000
9.306,early,-8.080450057983397,1.723378777503967,4.143145561218262
9.307,forms,-9.484504699707033,3.125323772430420,5.083382129669189
9.308,were,-3.379693269729614,4.552364349365233,6.477058887481689
9.309,prefixed,-12.936200716532767,7.702930927276611,13.450464725494385
9.310,with,-3.418504714965820,5.512829780578613,6.605523586273192
9.311,"`` admiral '' ,",-43.326130032445690,26.899236202239990,37.768428802490234
9.312,often,-11.117512702941896,5.119809627532959,5.722807407379150
9.313,combined,-11.655848503112793,4.449495315551758,5.389286994934082
9.314,with,-1.591184139251709,5.510893344879150,5.763277530670166
9.315,the,-2.891648769378662,5.726260185241699,6.053959846496582
9.316,growers ',-15.084718681871891,20.607516288757324,23.000019550323486
9.317,names .,-8.751912474632263,13.013184070587158,15.262782573699951
9.318,`` General '',-34.210547953454807,20.084167242050171,31.440842628479004
9.319,was,-5.328728199005127,4.960232734680176,5.680338382720947
9.320,another,-7.103860855102539,5.608860969543457,6.646821975708008
9.321,prefix,-14.983576774597168,6.940205335617065,10.291434288024902
9.322,that,-4.878573894500732,4.970014095306396,5.941595077514648
9.323,found,-7.199015617370605,4.664793491363525,5.582601070404053
9.324,its,-3.045570611953736,5.635243415832520,6.557669639587402
9.325,way,-0.389163076877594,4.790664672851562,6.155822753906250
9.326,into,-0.563319325447083,5.284744262695312,6.070210456848145
9.327,the,-0.597309052944183,4.657537460327148,5.312662601470947
9.328,names,-10.368437767028807,5.419312953948975,6.243047237396240
9.329,of,-0.293035477399826,4.809288024902344,5.769726753234862
9.330,around,-10.156984329223633,3.946418285369873,5.795778751373291
9.331,thirty,-12.241792902350426,12.116516113281250,16.607697010040287
9.332,varieties .,-13.390507259406151,15.293033957481384,19.877843379974365
9.333,Later,-8.001325607299805,0.000000000000000,0.000000000000000
9.334,came,-5.773023247718811,5.232300043106079,8.591429233551025
9.335,varieties,-15.396673023700714,4.472204566001891,8.047551631927490
9.336,with,-5.898404598236084,4.344436645507812,5.320095539093018
9.337,even,-7.922254562377930,3.577199220657349,5.943535327911378
9.338,more,-1.131500005722046,4.443424224853517,6.339094638824463
9.339,superb,-10.321620941162109,4.441622257232666,6.457949638366699
9.340,"names ,",-7.110828757286072,9.138028621673584,11.562207221984863
9.341,such,-0.835198521614075,5.191307544708252,6.629154205322267
9.342,as,-0.001196979079396,3.800744533538817,4.946733474731445
9.343,even,-9.022485733032227,3.425138473510742,5.048742294311523
9.344,`` Admiral,-17.315281628129014,16.583997488021851,21.406375169754028
9.345,of,-4.997579097747803,2.655404806137085,4.147780418395996
9.346,Admirals '',-35.641770541667938,20.091350078582764,28.030512809753418
9.347,and,-3.701509952545166,5.510825634002686,5.859486579895020
9.348,`` General,-13.025033706886461,19.330936431884766,21.598277091979980
9.349,of,-5.170456886291504,3.960520505905152,4.796034812927246
9.350,Generals '' .,-32.595895975828171,29.382091522216797,36.924416065216064
9.351,Most,-5.764913082122803,0.000000000000000,0.000000000000000
9.352,of,-1.157890558242798,2.758214950561523,4.918407440185547
9.353,these,-2.917624473571777,3.054878950119019,4.994983196258545
9.354,varieties,-10.518762618303301,4.291967511177063,8.709652423858643
9.355,have,-2.524044513702393,5.393942832946777,5.480984687805176
9.356,now,-6.470851421356201,5.105788230895996,5.588615894317627
9.357,died,-6.325795173645020,3.932567358016968,5.611201763153076
9.358,"out ,",-6.249414682388306,7.781022548675537,10.092354774475098
9.359,though,-3.365451812744141,4.224692821502686,5.256292343139648
9.360,similar,-9.218558311462402,4.735265731811523,5.996755599975586
9.361,`` broken '',-35.182283162350359,26.271011352539062,33.632657051086426
9.362,tulips,-14.715501725673676,6.869850158691406,9.492377758026123
9.363,continue,-10.809101104736328,5.516596317291260,5.905695438385010
9.364,in,-4.914978504180908,4.697223663330078,5.345361232757568
9.365,the,-0.968760371208191,4.745700836181642,5.452863693237305
9.366,trade .,-10.763558745384218,12.167311191558838,14.687200546264648
9.367,Tulips,-24.136241912841800,2.433520555496216,3.414599657058716
9.368,grow,-7.702710628509521,2.636456251144409,5.375727176666260
9.369,from,-3.578088283538818,3.066879987716675,5.565048694610597
9.370,"bulbs ,",-14.010688632726668,13.468376398086550,21.465449333190918
9.371,and,-3.269223213195801,5.057030200958252,5.748598098754883
9.372,can,-5.335444450378418,4.916780948638916,6.972070217132567
9.373,be,-0.999739527702332,5.360085964202881,6.473595619201660
9.374,propagated,-13.025911394972356,6.509547472000122,9.644486188888552
9.375,through,-4.421347141265869,5.709400653839111,6.337610244750977
9.376,both,-7.603107452392577,4.966897964477539,5.877616405487061
9.377,seeds,-9.286308288574221,3.502368450164795,5.470662117004395
9.378,and,-1.210574150085449,4.112395763397217,5.034073829650879
9.379,buds .,-8.791835615411401,15.623771429061890,22.130951404571533
9.380,Seeds,-15.904836177825928,4.644778013229370,9.157087802886963
9.381,from,-3.922788619995117,2.532896041870117,5.024294853210449
9.382,a,-3.529927253723145,3.700809001922608,5.907592773437500
9.383,tulip,-13.281434059143065,2.798381567001343,5.047383785247803
9.384,will,-6.089128017425537,5.487879276275635,6.201609611511231
9.385,form,-7.257084369659424,4.906743526458740,6.300158977508545
9.386,a,-1.184475660324097,4.389223575592041,5.450313091278076
9.387,flowering,-11.533872961997984,11.012393951416016,15.605290412902832
9.388,bulb,-9.624282121658323,6.221929311752318,9.673824310302734
9.389,after,-6.820363044738770,5.587963581085205,6.029892444610597
9.390,seven-twelve,-28.689149945974350,17.847633481025696,25.161269187927250
9.391,years .,-2.648162044584751,12.962523937225342,16.145742893218994
9.392,When,-5.382677555084229,0.000000000000000,0.000000000000000
9.393,a,-3.073343753814697,3.310305118560791,4.198845386505127
9.394,bulb,-11.111795425415039,4.681838035583496,9.297767162322998
9.395,grows,-8.367640326148830,7.234147787094116,11.490129470825195
9.396,into,-4.404558181762695,5.015692710876465,6.283977031707764
9.397,the,-1.906981348991394,4.289855957031250,5.697953224182129
9.398,"flower ,",-9.722998380661011,11.479246854782104,15.118108034133909
9.399,the,-1.117930293083191,5.121437072753906,5.757193088531494
9.400,original,-7.901701927185059,4.982117652893066,5.455242156982422
9.401,bulb,-8.277967572212219,6.874212265014648,8.654518365859985
9.402,will,-4.530487060546875,5.724398136138916,6.125293254852295
9.403,"disappear ,",-7.746704220771790,9.357285499572754,11.114578723907471
9.404,but,-3.227623462677002,5.228465557098389,5.602866649627686
9.405,a,-3.668256759643554,5.774313926696777,6.270531654357910
9.406,clone,-8.752422332763674,3.944010257720947,4.612380027770996
9.407,bulb,-11.550611495971680,6.914609670639037,8.346201419830322
9.408,forms,-10.092524528503418,5.769362449645996,6.264518260955811
9.409,in,-3.445401906967163,4.759719371795653,5.455197334289551
9.410,its,-3.931920289993286,5.349007606506348,6.326533794403076
9.411,"place ,",-6.827735185623169,9.763365745544434,10.806869029998779
9.412,as,-3.557159185409546,3.553253173828125,3.951943397521973
9.413,do,-4.591577053070068,5.336464881896973,5.798535823822021
9.414,several,-4.282721519470215,5.774199485778809,6.241344928741455
9.415,buds .,-13.160395953804255,19.888005971908569,25.635853052139282
9.416,Properly,-14.124685585498810,3.886175632476807,6.682902336120605
9.417,"cultivated ,",-8.564654435962439,11.353302240371702,19.213086128234863
9.418,these,-3.973717689514160,3.168504476547241,5.275928974151611
9.419,buds,-12.328690893948078,9.321032285690306,15.812571525573730
9.420,will,-3.757539749145508,5.769315242767334,6.688431262969972
9.421,become,-4.454831123352051,5.057263374328613,5.899964332580566
9.422,bulbs,-12.917341262102127,9.002837300300598,14.009545326232910
9.423,of,-2.458392381668091,5.036370754241943,6.151828289031982
9.424,their,-3.934534549713135,3.947094202041626,5.854794502258301
9.425,own .,-0.929269403219223,10.504317283630371,15.792477607727051
9.426,The,-1.715715885162354,0.000000000000000,0.000000000000000
9.427,`` tulip,-18.222933172961348,12.579698324203489,18.203218936920166
9.428,breaking '',-32.437517762184143,17.040080070495605,23.316487789154053
9.429,"virus ,",-11.049466848373415,8.415139436721802,10.207808017730713
9.430,which,-6.758100986480713,4.879159450531006,5.278328895568848
9.431,many,-7.443113327026367,5.012502193450928,5.533673286437988
9.432,botanists,-13.603815913200377,13.103430271148682,19.406157255172729
9.433,have,-3.124266862869263,4.719819068908691,5.207166194915772
9.434,"studied ,",-7.440006971359252,9.798087596893311,9.497713088989258
9.435,spreads,-10.280716896057127,5.254650115966797,5.861577987670898
9.436,only,-6.150222778320312,5.867665767669678,6.580508708953857
9.437,through,-3.642838001251221,5.605943679809570,5.935312271118164
9.438,"buds ,",-13.891421495005488,17.297406435012817,21.230957984924316
9.439,not,-5.460610866546631,3.698024511337280,4.882308483123778
9.440,"seeds ,",-10.905639410018919,9.519841194152832,10.800127983093262
9.441,and,-1.997873663902283,4.978785037994385,5.080429553985597
9.442,so,-4.874344825744629,4.378310680389403,4.749679565429688
9.443,cultivating,-18.400254964828488,14.309113025665285,15.612409114837645
9.444,the,-1.411191105842590,6.410305976867676,6.674146175384521
9.445,most,-5.448817253112793,5.949869632720947,6.895757198333740
9.446,appealing,-7.399076461791992,6.189600467681885,6.756714344024657
9.447,varieties,-7.754902437329293,6.486230611801148,9.521897792816162
9.448,takes,-8.094839248806236,10.823237895965576,11.793446063995360
9.449,years .,-4.744546607136726,13.467725276947021,16.148149967193604
9.450,Propagation,-24.742365121841431,5.901741981506348,11.153683185577393
9.451,is,-1.782593727111816,4.595230579376222,5.529964923858643
9.452,greatly,-9.743262767791748,7.312690973281860,11.391744613647461
9.453,slowed,-5.849018573760986,3.165324926376343,4.913157939910889
9.454,down,-4.606619358062744,3.168783187866211,4.845126152038574
9.455,by,-0.521751642227173,4.615382194519043,5.905469894409180
9.456,the,-0.940310239791870,4.615411281585693,5.808034420013428
9.457,virus .,-10.047069370746613,11.231627464294434,15.350252151489260
9.458,Tulips,-24.136241912841800,2.433520555496216,3.414599657058716
9.459,bloom,-10.944976806640623,3.833660602569580,7.449446439743043
9.460,in,-2.451135158538818,3.345813512802124,5.216799259185791
9.461,April,-6.887424945831299,2.603494167327881,4.712842464447021
9.462,and,-2.516270399093628,4.063106060028076,4.408532142639160
9.463,May,-1.130713224411011,3.288770675659180,5.242479801177979
9.464,for,-5.202224254608153,4.753323078155518,5.777054309844972
9.465,about,-4.251910686492920,2.802809476852417,4.615378856658936
9.466,a,-1.626484394073486,3.033611536026001,4.576731681823730
9.467,"week ,",-3.677284479141235,8.705177307128906,10.867845535278320
9.468,and,-1.406682729721069,5.129748344421387,5.250408649444580
9.469,the,-1.786153197288513,5.356655120849608,5.346918106079102
9.470,secondary,-10.314981460571287,4.898105621337892,6.655725479125977
9.471,buds,-12.831799775362015,13.094478368759155,15.605080604553224
9.472,appear,-6.080784797668457,4.862630367279053,5.730152606964111
9.473,shortly,-12.891573429107664,10.858421802520752,13.334715843200685
9.474,thereafter .,-3.779382050037384,17.419137001037598,20.945035934448242
9.475,Bulbs,-19.063900113105774,11.030025005340576,20.368065834045410
9.476,can,-4.805027008056642,4.831800460815430,6.088796615600586
9.477,be,-1.367121219635010,4.963663101196289,6.264636039733888
9.478,uprooted,-11.010817387141287,6.140173912048340,10.739168643951416
9.479,and,-2.530006885528564,5.774568557739258,6.226053237915039
9.480,moved,-5.206897445023060,9.445603847503662,11.985832691192627
9.481,about,-7.402364253997803,4.790186405181885,6.469148635864258
9.482,from,-3.501831293106079,5.394521236419678,6.208612918853760
9.483,June,-9.268342971801758,4.061711311340332,5.916006565093994
9.484,to,-1.000983595848083,4.562170982360840,5.038344860076903
9.485,"September ,",-4.537571787834167,9.499412059783936,10.847037792205811
9.486,and,-2.149623155593872,6.567537307739258,6.668350219726562
9.487,thus,-5.468192100524902,4.962932586669922,5.222182273864746
9.488,actual,-8.214214324951174,5.578806400299072,6.404836654663086
9.489,purchases,-11.749305956065655,9.418117523193359,11.378068447113035
9.490,occurred,-8.532002398744227,9.722595691680908,11.552896022796631
9.491,during,-2.775111734867096,9.101167678833008,9.766860008239746
9.492,these,-6.136848449707031,5.329464912414551,5.626598358154297
9.493,months .,-4.036004267632961,13.597256183624268,15.135744094848635
9.494,As,-4.516566753387451,0.000000000000000,0.000000000000000
9.495,the,-2.420159339904785,2.154358625411988,4.023939609527588
9.496,flowers,-11.068303108215332,2.278784275054932,4.719566822052002
9.497,grew,-5.050735473632812,3.207184791564941,4.847948074340820
9.498,in,-3.040739059448242,2.901924610137939,4.306860923767090
9.499,"popularity ,",-4.975697189569473,11.128294944763184,16.688423633575439
9.500,professional,-9.239914894104004,4.349147796630858,5.589445114135742
9.501,growers,-8.217791418312117,8.060773372650146,10.671213150024414
9.502,paid,-6.590974807739258,5.214175701141357,5.907211303710938
9.503,higher,-4.882259845733643,5.041537761688232,6.214756488800049
9.504,and,-6.516651630401611,5.145596981048584,5.511354923248291
9.505,higher,-2.449171781539917,4.907203674316406,5.798556327819824
9.506,prices,-0.199665382504463,5.359611034393311,6.020748138427733
9.507,for,-0.875925779342651,5.230269432067871,5.284716129302979
9.508,bulbs,-11.031037367880344,11.369451522827148,15.269747734069824
9.509,with,-5.995921611785889,5.428034305572510,5.664421081542969
9.510,the,-2.247833251953125,5.693562984466553,6.021605014801025
9.511,virus .,-11.472661696374416,14.290307521820068,15.789379119873047
9.512,By,-5.801501750946045,0.000000000000000,0.000000000000000
9.513,sixteen,-16.853527069091793,3.604845166206360,7.690228462219237
9.514,"thirty-four ,",-22.755463063716892,18.823597908020020,28.549029350280762
9.515,in,-5.691074371337892,3.255952358245850,4.224123954772948
9.516,part,-6.355860710144043,4.008118629455566,5.604253768920898
9.517,as,-7.423860549926758,4.548661708831787,5.584569454193115
9.518,a,-0.764826059341431,4.373355865478517,5.916332244873048
9.519,result,-0.639361262321472,3.971331119537354,5.459246158599854
9.520,of,-0.322292000055313,4.281807899475099,5.932337760925293
9.521,demand,-9.158404350280762,4.868038177490233,6.275184631347656
9.522,from,-1.230334520339966,4.259018898010254,5.506667613983153
9.523,the,-1.441094756126404,4.133000373840332,5.277371883392334
9.524,"French ,",-6.972701787948609,8.098497152328491,10.568575859069824
9.525,speculators,-10.186432838439940,4.257262229919434,4.863451957702637
9.526,began,-3.936850726604462,8.876514911651611,10.473805427551270
9.527,to,-0.862446963787079,5.287972927093506,5.635201930999756
9.528,enter,-7.281575202941895,3.665373802185059,4.848649978637695
9.529,the,-0.116827636957169,4.088741779327393,4.922774314880371
9.530,market .,-1.665715195238590,14.128061294555664,15.272637367248537
9.531,In,-3.034920692443848,0.000000000000000,0.000000000000000
9.532,sixteen,-18.713806152343750,4.316562175750732,8.978607654571533
9.533,"thirty-six ,",-25.734385162591938,22.652338743209839,33.985716342926018
9.534,the,-1.627795815467834,3.756035327911377,5.026349544525146
9.535,Dutch,-7.687732696533202,3.285725593566895,5.419589519500732
9.536,created,-8.101383202709258,7.792621135711670,10.835518360137939
9.537,a,-0.941529035568237,4.568513870239258,5.989325523376465
9.538,type,-8.925420880317688,6.767384052276611,10.454378604888916
9.539,of,-0.040588699281216,4.699437141418457,5.560722351074219
9.540,formal,-7.421849250793457,4.380810260772705,5.959346771240233
9.541,futures,-10.084217071533203,3.740761041641235,5.733764171600343
9.542,"markets ,",-6.770284652709961,9.194479942321777,12.049806594848633
9.543,which,-2.028181552886963,5.129151344299316,5.246998310089111
9.544,merchants,-10.680333048105240,8.547258853912354,10.989220142364502
9.545,used,-5.264675617218018,5.399634838104248,6.080755710601808
9.546,to,-0.216611623764038,5.169554233551025,5.790011405944824
9.547,sell,-3.852775335311890,3.824085474014282,3.793158531188965
9.548,and,-3.858116626739502,6.058332920074463,6.291158199310303
9.549,buy,-2.418994903564453,4.362661361694337,4.431005954742432
9.550,contracts,-2.550370784301776,9.262551307678224,11.257843017578123
9.551,to,-1.858020782470703,5.751749515533447,6.485782146453857
9.552,buy,-3.230647563934326,4.732845306396483,4.745694160461426
9.553,bulbs,-14.722471190616488,12.041856765747070,15.597694873809814
9.554,at,-2.543483734130860,4.728920936584473,5.393976688385010
9.555,the,-2.036230564117432,5.420052528381348,5.941525936126709
9.556,end,-3.752493381500244,4.073855400085448,5.601461887359619
9.557,of,-0.008750427514315,3.853254318237305,4.863695144653320
9.558,the,-1.012782454490662,4.803550720214844,5.391719818115233
9.559,season .,-6.498750669881701,12.806478738784792,14.741671085357666
9.560,Traders,-6.501094269566237,3.481779575347900,6.070072650909424
9.561,met,-10.488605499267578,2.162051200866699,4.636581420898438
9.562,at,-3.921306610107422,2.710102319717407,4.962528228759767
9.563,taverns,-15.602776730433106,4.662132859230042,9.402602672576904
9.564,and,-1.969815611839294,5.082683563232422,6.073914527893066
9.565,buyers,-10.052474975585938,2.859345436096191,5.258892536163330
9.566,were,-5.310638427734375,4.707158565521240,6.464281082153320
9.567,required,-8.952630996704102,4.074670791625977,6.332904338836670
9.568,to,-0.073410183191299,4.517713546752930,6.221657276153564
9.569,pay,-3.452243566513061,4.980515003204347,5.694808959960938
9.570,a,-2.080055475234985,4.473295688629150,5.629514217376709
9.571,fee,-4.017328739166260,4.454290866851807,5.766413688659668
9.572,per,-6.546687126159668,4.457626342773438,5.643258094787598
9.573,trade .,-7.350181773304939,12.495135068893433,16.526893615722656
9.574,People,-7.414111614227295,0.000000000000000,0.000000000000000
9.575,were,-4.128642082214356,3.540570020675659,6.270397186279298
9.576,purchasing,-9.475635528564453,3.275091171264648,6.084887504577638
9.577,bulbs,-11.788636878132820,8.896590590476990,15.233927726745605
9.578,at,-2.642205715179444,3.987899780273438,5.296987056732178
9.579,higher,-5.003314018249512,4.546833992004395,6.153937339782715
9.580,and,-7.226008415222168,4.572297573089600,4.711019039154053
9.581,higher,-0.589602708816528,4.488112449645996,5.910758972167969
9.582,"prices ,",-1.538403317332268,8.217873573303223,10.086278915405273
9.583,intending,-10.463289991021156,9.705947399139404,11.879323482513428
9.584,to,-0.070671930909157,5.546644687652588,6.562065124511719
9.585,re-sell,-12.782784283161163,13.140625715255736,18.113825798034668
9.586,them,-1.316392302513123,4.593555927276611,4.899764060974121
9.587,for,-2.883582115173340,5.120239257812500,5.417743682861328
9.588,a,-2.612244129180908,4.611745834350586,5.723449707031250
9.589,profit .,-5.101827003061771,12.117844820022581,14.921342849731449
9.590,"However ,",-5.400094963610172,5.913725852966309,11.305753231048584
9.591,such,-5.771711826324463,3.643530368804932,5.872763156890869
9.592,a,-1.484686613082886,4.523813724517822,5.817849159240723
9.593,scheme,-7.136371135711670,3.640509128570557,4.772503376007080
9.594,could,-1.968536496162414,5.199724674224854,6.235725402832031
9.595,not,-3.178432941436768,4.874776363372803,6.431975364685059
9.596,last,-5.088419437408447,3.897281646728516,5.487969398498535
9.597,unless,-6.340829879860394,7.611139059066772,10.375328540802002
9.598,someone,-5.106073260307311,10.806723117828369,12.612376213073730
9.599,was,-4.132869243621826,5.447985649108887,6.351253986358643
9.600,ultimately,-9.057792296429398,8.404718399047853,11.980242729187012
9.601,willing,-4.342857360839844,3.769164562225342,5.927749633789063
9.602,to,-0.041633356362581,5.655090808868407,6.578767776489258
9.603,pay,-1.356876134872436,5.557079315185547,6.043072700500487
9.604,such,-5.876108169555664,5.075160980224608,6.452632427215576
9.605,high,-3.644302129745483,5.012168884277344,6.755195140838622
9.606,prices,-0.372325241565704,5.054163932800293,5.866795063018799
9.607,and,-3.635804653167725,5.631452083587647,5.574340820312500
9.608,take,-5.292906761169434,5.508569717407227,5.839704990386963
9.609,possession,-6.331168174743652,5.349534988403320,6.139393329620361
9.610,of,-0.053029626607895,4.597401618957520,4.526435375213623
9.611,the,-1.412476062774658,6.156950473785400,6.251132965087892
9.612,bulbs .,-12.942351952195168,21.915128469467163,24.488710641860962
9.613,In,-3.034920692443848,0.000000000000000,0.000000000000000
9.614,February,-5.813424110412598,1.817728519439697,3.890550374984741
9.615,sixteen,-22.064386367797852,5.421216011047363,10.856011390686037
9.616,"thirty-seven ,",-24.924485981464386,23.905675768852234,32.910836696624756
9.617,tulip,-13.755411148071287,3.240804433822632,5.465270996093750
9.618,traders,-7.704619497060777,8.974422931671143,10.722225666046144
9.619,could,-6.301670074462892,5.441890716552733,5.853363990783691
9.620,no,-5.326488494873047,3.461951971054077,6.295817375183105
9.621,longer,-0.023528195917606,5.529313564300537,6.152784824371338
9.622,find,-3.006155252456665,5.382908821105957,6.072886943817139
9.623,new,-5.166329383850098,5.793740749359131,6.041218280792236
9.624,buyers,-2.698892116546631,5.141635417938232,5.479721069335938
9.625,willing,-6.283473968505858,4.734921455383301,5.380554199218750
9.626,to,-0.030894530937076,5.456468582153320,6.275479316711426
9.627,pay,-1.970236420631409,5.026233196258545,5.673976898193358
9.628,increasingly,-10.395373523235319,9.246587514877321,12.665751934051515
9.629,inflated,-6.164967060089111,5.594532012939453,6.320041656494142
9.630,prices,-0.040277525782585,4.928041458129883,5.461508750915527
9.631,for,-1.142245054244995,5.312897205352783,5.419897079467773
9.632,their,-1.307000279426575,5.826735496520996,5.975258350372314
9.633,bulbs .,-10.443346860818563,21.370658397674561,24.536186218261719
9.634,As,-4.516566753387451,0.000000000000000,0.000000000000000
9.635,this,-6.651000499725343,2.911529064178467,4.817115783691406
9.636,realization,-8.123523712158201,2.782480001449585,5.398653030395508
9.637,set,-8.010919570922853,2.809231519699097,4.510680198669434
9.638,"in ,",-1.555656790733337,6.522075891494751,9.764830589294434
9.639,the,-1.080892086029053,3.461561679840088,4.706448078155518
9.640,demand,-8.304480552673340,4.606163024902344,5.793829917907715
9.641,for,-0.183411762118340,3.845244407653809,5.424533367156982
9.642,tulips,-12.974118992686273,8.269208908081055,11.306812763214113
9.643,"collapsed ,",-9.085762506350875,12.645749568939209,15.321742057800293
9.644,and,-1.129085540771484,5.121089458465576,5.318427085876465
9.645,prices,-4.776336669921875,4.411273956298828,5.114339828491211
9.646,plummeted .,-4.348169906996191,17.576645374298096,21.100183010101318
9.647,The,-1.715715885162354,0.000000000000000,0.000000000000000
9.648,speculative,-11.006672859191896,2.801005363464355,5.596493244171143
9.649,bubble,-5.244303703308105,3.477506637573242,5.242653846740723
9.650,burst .,-8.777462035417557,8.612536191940308,13.058690547943115
9.651,Some,-4.888598442077637,0.000000000000000,0.000000000000000
9.652,were,-5.717048645019531,2.994563102722168,5.160057544708252
9.653,left,-5.044329643249512,2.792359828948975,5.638917922973633
9.654,holding,-3.754515647888184,4.421430587768555,5.870678424835205
9.655,contracts,-6.340188379865140,6.620322942733765,11.696917533874512
9.656,to,-2.073941707611084,4.899242401123047,6.346636295318604
9.657,purchase,-3.817708492279053,4.889468669891357,5.967504501342773
9.658,tulips,-14.280960276722908,6.388092756271362,10.832667827606199
9.659,at,-3.066469669342041,4.788525581359863,5.061303615570068
9.660,prices,-2.458626747131348,5.769558906555176,6.643692970275879
9.661,now,-7.813387870788574,4.640100002288818,6.410077571868896
9.662,ten,-12.423614263534546,6.148166656494142,10.195435523986816
9.663,times,-0.199947893619537,5.035565853118896,6.079527854919434
9.664,greater,-3.368359327316284,4.617982387542725,6.323344230651856
9.665,than,-0.010186469182372,5.499903678894043,5.386537075042725
9.666,those,-2.227855092409300,11.424418687820435,13.498616933822632
9.667,on,-2.328866481781006,5.035387516021729,5.302258014678955
9.668,the,-0.852758884429932,5.258396148681642,5.608783245086670
9.669,open,-5.298246383666992,5.639998912811278,6.220018863677979
9.670,"market ,",-1.606369931250810,9.900170326232910,11.229204177856445
9.671,while,-4.912236571311952,10.007514476776123,10.547315597534180
9.672,others,-0.128280788660049,5.467799186706543,5.495249748229980
9.673,found,-5.403874874114990,5.833127498626709,5.910621643066406
9.674,themselves,-1.558555364608765,6.112335205078125,6.495071887969972
9.675,in,-2.266167640686035,5.052450180053711,5.567963600158691
9.676,possession,-7.205973625183105,5.644070148468018,6.043107032775879
9.677,of,-0.245076283812523,4.726364612579347,5.070278167724608
9.678,bulbs,-10.859850851818919,12.095503091812134,14.979156732559204
9.679,now,-8.106575965881348,5.284144401550293,6.201947689056396
9.680,worth,-5.575657129287720,8.679700136184692,10.549200534820557
9.681,a,-3.304097175598145,5.983866691589356,6.630552291870117
9.682,fraction,-3.529131412506104,5.530313491821289,5.712171077728272
9.683,of,-0.169816568493843,5.853561878204347,6.075862407684326
9.684,the,-1.033644795417786,5.891252994537354,5.874347209930420
9.685,price,-1.325537681579590,5.397786617279053,5.877773284912108
9.686,they,-2.573279619216919,5.940798282623291,6.283605098724365
9.687,had,-3.831466197967529,6.169810771942139,6.350472450256348
9.688,paid .,-4.008473828434944,14.908065795898438,16.253739356994629
9.689,The,-1.715715885162354,0.000000000000000,0.000000000000000
9.690,event,-9.232398986816406,2.803359508514404,5.068848609924316
9.691,was,-1.844504117965698,4.193554401397705,6.103952884674072
9.692,popularized,-11.303753229149153,4.899402618408203,9.567967414855957
9.693,in,-1.921861052513122,3.486972332000732,4.538074970245361
9.694,eighteen,-21.802924156188965,6.041320800781250,10.871662616729736
9.695,forty-one,-25.635120511054996,12.672735452651978,18.246515512466431
9.696,by,-3.667309284210205,4.431409358978272,4.918898582458496
9.697,the,-1.547871112823486,3.588743925094604,4.148100852966309
9.698,book,-7.399164199829102,2.289162635803223,4.271719932556151
9.699,`` Extraordinary,-14.599240274872500,18.372221946716309,25.299191951751709
9.700,Popular,-8.026976585388184,2.840563297271729,4.575153827667236
9.701,Delusions,-9.367663741111755,6.348612666130066,11.243259906768801
9.702,and,-3.763350486755371,5.053102493286133,5.472474098205566
9.703,the,-1.261402845382690,5.169436454772949,5.527859687805176
9.704,Madness,-7.747875094413757,4.581262826919557,8.365993976593018
9.705,of,-0.281721502542496,4.572076320648193,4.996739387512207
9.706,"Crowds '' ,",-34.481943517923355,27.246819257736206,37.076400279998779
9.707,that,-10.234148025512695,5.082115173339844,5.795506000518799
9.708,a,-5.576876163482666,5.084131240844727,5.405681610107422
9.709,British,-5.874823093414308,4.454773902893066,5.611115932464600
9.710,journalist,-5.529178619384767,5.006927490234375,6.101607322692871
9.711,Charles,-11.640253067016602,3.973834037780762,5.773060798645020
9.712,Mackay,-8.375436782836914,4.523792743682861,5.519399642944336
9.713,wrote .,-7.119102993048728,22.003214359283447,26.280025005340576
9.714,That,-4.601949214935303,0.000000000000000,0.000000000000000
9.715,crowds,-13.737132072448730,4.895551919937134,11.014764785766602
9.716,of,-6.215553760528564,3.766078948974610,5.054474830627441
9.717,people,-3.296226978302002,3.152586936950684,5.387043952941895
9.718,often,-7.730940818786621,3.464912652969360,6.412353515625000
9.719,behave,-8.501441955566406,7.940592765808105,10.278059005737305
9.720,irrationally,-9.651014253497122,6.461259126663207,10.701850414276123
9.721,was,-11.942314147949221,4.938333034515381,5.885983943939209
9.722,the,-2.346772193908691,3.918254375457764,5.584314823150635
9.723,main,-4.166539669036865,4.867302417755127,6.543264865875244
9.724,thesis,-9.215646743774414,7.187561273574829,9.982446670532227
9.725,of,-1.173216581344604,4.376986503601073,5.670224189758301
9.726,the,-0.871337175369263,3.516465187072754,4.899112701416017
9.727,"book ,",-6.113914370536804,8.182807207107544,10.165428161621094
9.728,and,-1.611178994178772,4.865595340728760,4.906961917877197
9.729,tulip,-14.284946441650391,3.190861225128174,5.287610530853272
9.730,mania,-8.050310850143433,6.352161884307861,9.037226676940918
9.731,was,-2.511388301849365,5.429356098175049,5.745455741882324
9.732,one,-4.125396728515625,5.644098281860352,6.430768966674805
9.733,of,-0.298626393079758,5.446444988250732,6.014046192169189
9.734,the,-0.399670690298080,5.922527790069580,6.116062641143799
9.735,primary,-5.908150672912598,5.789658069610597,6.628893852233888
9.736,examples .,-8.593528840690851,14.138995170593260,16.664988994598389
9.737,According,-5.723896980285645,0.000000000000000,0.000000000000000
9.738,to,-0.014284618198872,1.697196006774902,3.387461185455322
9.739,"Mackay ,",-15.412339150905607,5.629948377609253,8.026401281356812
9.740,at,-5.764768123626709,3.729276657104492,4.978754997253418
9.741,one,-3.521411895751953,5.009905338287354,5.544677734375000
9.742,point,-0.403616279363632,3.476706027984619,4.311118602752686
9.743,twelve,-15.990267373621464,11.843688726425171,18.752883434295651
9.744,acres,-9.683172702789307,6.994742393493652,9.303565979003906
9.745,of,-0.499057829380035,4.691239356994629,5.777658939361572
9.746,land,-2.055890858173370,6.833440542221068,8.876655578613281
9.747,were,-1.487456560134888,5.605228900909424,6.015648841857910
9.748,offered,-7.427673577432870,7.606537818908691,10.602070331573486
9.749,for,-1.789545655250549,4.442892551422119,5.783425331115723
9.750,a,-4.748841285705566,5.358128070831299,6.381239891052246
9.751,Semper,-16.281395435333252,5.533628940582275,9.555484294891356
9.752,Augustus,-11.363767147064207,7.492094516754150,10.724881172180176
9.753,bulb .,-10.912358358502388,15.514140129089354,20.043408393859863
9.754,He,-3.647783756256104,0.000000000000000,0.000000000000000
9.755,claims,-6.829958915710449,2.869132995605469,4.414416313171387
9.756,that,-1.028655290603638,3.801275491714478,4.716778278350830
9.757,many,-4.489738941192627,4.331046104431151,4.846256732940674
9.758,such,-6.063085079193115,4.280998229980469,5.894008636474608
9.759,investors,-5.271361277904361,8.389225006103517,11.241177082061768
9.760,ruined,-13.512351363897324,8.845273017883301,10.465807914733887
9.761,by,-3.777584552764893,4.300095558166504,5.472174644470215
9.762,the,-0.916556239128113,4.365248680114746,5.315941333770752
9.763,fall,-6.324164867401122,4.803812980651856,5.847651481628418
9.764,in,-0.821909964084625,3.425951480865479,4.501231193542480
9.765,prices,-3.062684774398804,4.938690185546875,6.059485912322997
9.766,were,-2.708666324615479,5.347019195556642,5.996536254882812
9.767,"desperate ,",-11.349568605422974,10.296387672424316,12.799396038055420
9.768,and,-1.288279533386230,4.521755218505858,4.847153186798097
9.769,Dutch,-14.521389961242676,4.533493041992188,6.110661983489990
9.770,commerce,-12.330001831054688,4.693471908569336,5.640083789825440
9.771,suffered,-6.567275742068888,10.317613601684570,11.414525032043455
9.772,a,-1.384298920631409,6.184898376464844,6.522839546203612
9.773,severe,-3.195254087448120,5.984666347503662,6.552372932434082
9.774,shock .,-7.862701609730721,13.258814811706543,15.804924964904785
9.775,In,-3.034920692443848,0.000000000000000,0.000000000000000
9.776,Mackay 's,-14.720881342480425,12.163233041763306,21.332624435424805
9.777,"account ,",-6.545713961124420,6.925200700759888,9.233459949493410
9.778,the,-1.536864042282104,4.062627315521240,4.830244541168213
9.779,panicked,-14.799371361732485,9.225171566009520,11.691069602966307
9.780,tulip,-10.959836959838867,3.426144361495972,5.222344875335693
9.781,speculators,-9.757959365844727,4.964498519897461,5.866945743560791
9.782,sought,-6.766211509704590,6.112232685089111,6.359125614166260
9.783,help,-5.569114685058594,4.594944000244142,5.751674175262451
9.784,from,-0.627816617488861,4.817276477813722,4.898624420166017
9.785,the,-1.042248249053955,4.313023567199707,4.197104454040526
9.786,government,-3.813306808471680,4.869356632232666,5.348559856414795
9.787,of,-3.494273185729980,4.604617118835449,4.578104972839356
9.788,the,-2.367944478988647,4.102521896362306,4.407735824584961
9.789,"Netherlands ,",-7.456789255142212,8.608788251876831,10.226926326751709
9.790,which,-1.074229955673218,6.133431434631348,5.924949645996094
9.791,responded,-8.333260685205460,11.302776813507080,12.934298992156982
9.792,by,-1.572435736656189,6.204730510711670,6.568463325500487
9.793,declaring,-5.067517757320275,9.591992378234863,10.836764812469482
9.794,that,-1.048501014709473,4.389111995697021,4.240838527679443
9.795,anyone,-7.271526455879211,10.408645629882812,10.976274967193604
9.796,who,-1.144251942634582,5.141587734222412,5.661315917968750
9.797,had,-2.187606096267700,4.874182224273682,5.143561363220215
9.798,bought,-1.899080276489258,4.648791313171387,4.651826858520508
9.799,contracts,-7.257213643519207,9.349399089813232,10.565024375915527
9.800,to,-2.953640699386597,6.059482574462892,6.526304244995117
9.801,purchase,-3.722146272659302,4.340783119201660,4.443811893463135
9.802,bulbs,-12.697213052771986,13.121201753616333,15.312019109725952
9.803,in,-3.198146820068360,2.938879489898682,3.237578868865967
9.804,the,-0.894058585166931,3.795989751815796,3.896059751510620
9.805,future,-5.928352832794189,4.628033638000488,5.053868770599365
9.806,could,-1.475112438201904,5.995682239532472,6.274200916290282
9.807,void,-13.121851205825806,10.300779819488524,10.981053352355957
9.808,their,-2.419698953628540,6.124238014221191,6.261969566345215
9.809,contract,-0.874704957008362,4.758614540100098,5.769101619720459
9.810,by,-4.525779247283936,6.766157627105713,6.753901481628418
9.811,payment,-8.832310676574707,5.144255161285400,5.747869491577148
9.812,of,-1.429522633552551,5.245535850524902,5.169473171234131
9.813,a,-2.346143484115601,5.585564613342285,5.814370632171631
9.814,ten,-9.407114744186400,7.901627302169800,9.730419635772703
9.815,percent,-9.316119194030762,6.130753040313722,6.301008224487305
9.816,fee .,-2.543568292632699,15.236414909362793,15.703749179840088
9.817,Attempts,-11.319310128688812,4.084935665130615,5.487936496734619
9.818,that,-7.894268989562987,3.885329246520996,6.222946643829347
9.819,were,-3.622915983200073,4.136946201324463,6.145503520965576
9.820,made,-1.517096757888794,3.912992477416992,4.989582538604736
9.821,to,-0.504382133483887,3.648115634918213,5.687261581420898
9.822,resolve,-4.793702125549316,3.959092855453491,5.370831966400146
9.823,the,-0.435819983482361,4.204397201538087,5.470623970031738
9.824,situation,-4.189387321472168,3.788884639739990,4.402163982391357
9.825,to,-4.512937068939209,3.992661714553833,5.928092002868652
9.826,the,-1.488425612449646,3.489325761795044,5.183034896850586
9.827,satisfaction,-5.498656272888184,4.445176601409912,5.955793380737305
9.828,of,-0.011618213728070,4.111533164978026,5.388402938842773
9.829,all,-3.220240592956543,4.764791011810303,5.896065235137940
9.830,parties,-1.523550952610094,6.523575544357300,9.473253726959227
9.831,were,-2.046899318695068,4.675310611724854,5.928196430206299
9.832,unsuccessful .,-1.440147574990988,13.404984474182129,16.733339786529541
9.833,The,-1.715715885162354,0.000000000000000,0.000000000000000
9.834,mania,-13.200003623962402,6.156221151351929,10.259756088256836
9.835,finally,-7.047776552368305,5.947869062423706,10.222118854522703
9.836,"ended ,",-4.385233104228973,10.264772891998291,14.718079090118408
9.837,Mackay,-16.301446914672848,4.680994033813477,5.409441947937012
9.838,"says ,",-4.277263879776001,6.621087074279785,8.987696647644045
9.839,with,-2.124337434768677,3.299766063690185,3.677445650100708
9.840,individuals,-11.381329655647278,9.752202987670898,10.726877689361572
9.841,stuck,-8.026142120361326,4.702546119689941,5.706198692321777
9.842,with,-1.596545815467834,3.928794145584106,3.997443437576294
9.843,the,-1.620836496353149,5.100123405456543,5.333025455474854
9.844,bulbs,-11.101504236459732,10.818322896957397,14.636216163635256
9.845,they,-5.302713394165039,5.201676368713379,5.562907218933105
9.846,held,-6.882759094238281,4.693208217620850,5.242981433868408
9.847,at,-3.164305686950684,3.856766223907471,3.863523244857788
9.848,the,-0.926370084285736,4.890913963317871,5.348454475402832
9.849,end,-2.449162006378174,4.036589622497559,5.062747478485107
9.850,of,-0.091569684445858,3.528064012527466,4.028909206390382
9.851,the,-0.640187382698059,4.422924041748047,4.621392726898193
9.852,crash .,-6.266892828047276,12.874816894531252,14.869446277618408
9.853,No,-6.186875820159912,0.000000000000000,0.000000000000000
9.854,court,-6.784138679504395,2.935044527053833,5.212687492370605
9.855,would,-3.272228717803955,4.135972976684569,5.656207561492920
9.856,enforce,-5.375532627105713,2.504118204116821,4.648343563079834
9.857,payment,-9.960792541503906,2.193948984146118,4.724678516387940
9.858,of,-0.575791597366333,3.729336500167847,5.544898033142090
9.859,a,-2.316143989562988,3.343824625015259,4.975357532501222
9.860,"contract ,",-7.728117823600769,7.396195411682129,9.852234363555908
9.861,since,-4.548674583435059,5.403174877166748,5.909356594085692
9.862,judges,-7.860570907592773,4.336122035980225,5.323794364929199
9.863,regarded,-12.547351837158205,9.689066886901855,10.090960025787354
9.864,the,-0.781621336936951,4.957778930664063,5.441617965698242
9.865,debts,-9.868506431579590,4.710306167602539,5.587418556213379
9.866,as,-0.141382679343224,4.863009929656982,5.707032680511475
9.867,contracted,-10.957235336303713,4.225718021392821,5.259546756744385
9.868,through,-4.965118408203125,5.096935272216797,5.580331325531006
9.869,"gambling ,",-11.637416601181028,7.791239500045776,9.846864223480225
9.870,and,-2.053975820541382,5.042076110839844,4.955175876617432
9.871,thus,-3.833853721618652,4.643737792968750,5.067320823669434
9.872,not,-4.243837833404541,4.398271560668945,5.009555816650392
9.873,enforceable,-7.700198411941527,8.592120647430420,10.355132102966307
9.874,by,-1.936310648918152,5.066861152648926,5.106704711914063
9.875,law .,-2.350228690076619,11.604740858078003,14.140984058380127
9.876,Although,-5.554223775863648,1.856572866439820,3.990235328674317
9.877,Mackay 's,-15.500883918648469,16.783574581146240,21.640769958496094
9.878,book,-4.667242050170898,3.855574131011963,5.318102359771729
9.879,is,-0.929083049297333,5.062330245971680,5.440843582153320
9.880,a,-2.450143814086914,5.451354026794434,5.913434028625487
9.881,classic,-4.202287673950194,4.722426414489746,5.733354091644287
9.882,that,-7.059625148773192,5.451307296752930,5.741117477416992
9.883,many,-6.225535392761231,5.097611904144287,4.781508922576903
9.884,publishing,-7.074357509613037,4.041068077087401,5.594121456146240
9.885,houses,-3.820591508643702,9.987821817398073,14.774950265884399
9.886,continue,-7.477503776550293,4.933447360992432,5.351410388946533
9.887,reprinting,-15.986144229769707,8.604080200195312,11.249599933624268
9.888,"today ,",-5.747092537581922,9.092395305633545,9.910984039306641
9.889,his,-4.243536472320557,6.312526226043701,6.470946788787843
9.890,account,-6.306511878967285,4.335121154785156,5.270998954772949
9.891,is,-1.554630637168884,5.561500072479248,5.844218730926514
9.892,contested .,-11.488230934366584,16.673906326293945,22.223660945892334
9.893,Many,-5.600615024566650,0.000000000000000,0.000000000000000
9.894,modern,-9.333350181579590,1.628718018531799,3.218951702117920
9.895,scholars,-6.024808883666992,2.999706745147705,5.499601364135742
9.896,believe,-2.744784593582153,3.348603963851929,4.616366386413574
9.897,the,-2.090068578720093,3.887095451354981,4.552245140075684
9.898,mania,-12.456480264663696,6.374632358551025,8.334091663360597
9.899,was,-4.817697525024414,4.581524848937988,5.196700096130371
9.900,not,-4.419945240020752,4.468846321105957,6.056141853332520
9.901,as,-4.023976325988770,5.969810485839844,6.886698722839356
9.902,extraordinary,-6.697321072220802,6.906792163848878,11.233436584472656
9.903,as,-0.139773115515709,4.875859737396240,5.532270908355713
9.904,Mackay,-15.239006042480467,4.223937511444092,6.081376552581787
9.905,"described ,",-11.873812228441238,11.660749912261963,15.028982639312744
9.906,with,-5.745479583740233,4.629632472991943,4.660114765167236
9.907,some,-2.985495567321777,5.986058235168457,6.694428920745850
9.908,arguing,-7.538426510989666,5.651610195636749,7.420038938522339
9.909,that,-0.417105734348297,4.342510223388672,4.248901367187500
9.910,the,-1.472568273544312,5.139224052429199,5.431004047393799
9.911,price,-8.536950111389160,4.144295692443849,5.169627189636231
9.912,changes,-8.718095064163206,7.993938446044923,9.393974304199221
9.913,may,-5.961759090423584,5.545655727386475,5.909433841705322
9.914,not,-1.737017154693604,5.688440322875977,6.380680084228517
9.915,have,-2.196539640426636,5.453225612640381,6.217598915100098
9.916,constituted,-8.939541769097561,10.370306491851807,10.683703899383543
9.917,a,-0.895419597625732,5.838886737823486,6.108553886413574
9.918,bubble .,-10.081919342279434,12.666421175003052,16.442719459533691
9.919,Research,-9.813535690307617,0.000000000000000,0.000000000000000
9.920,on,-2.778294563293457,1.999572277069092,4.832724571228027
9.921,the,-1.281040191650391,2.521180391311645,5.302035808563232
9.922,tulip,-14.435984611511230,2.019145011901855,3.780006647109986
9.923,mania,-9.155946969985964,4.359436273574828,7.423410654067992
9.924,is,-2.097026586532593,3.902326107025146,5.249468803405762
9.925,difficult,-7.409033298492433,3.767485857009888,5.875318050384521
9.926,because,-2.594080622540787,6.141626000404358,9.121782779693604
9.927,of,-2.822284221649170,4.982816219329834,5.373764991760254
9.928,the,-1.118016123771668,5.256011962890625,5.466177463531494
9.929,limited,-5.642015457153320,5.343160629272461,6.156898498535156
9.930,data,-7.924667835235597,4.466592311859131,5.820921421051025
9.931,from,-4.659382820129395,4.031884193420410,4.607816219329834
9.932,the,-0.968152642250061,3.828407764434815,4.443496704101562
9.933,sixteen,-16.574254989624027,8.180735349655151,10.102964878082275
9.934,thirties .,-18.201819270849228,18.331756353378296,24.475965738296509
9.935,"However ,",-5.400094963610172,5.913725852966309,11.305753231048584
9.936,some,-3.692368507385254,3.863387584686279,5.437519073486328
9.937,modern,-10.299472808837891,2.397108554840088,4.394766807556151
9.938,economists,-3.843792979285353,8.426589488983153,10.901697158813477
9.939,have,-3.128606796264648,5.760317802429199,5.713516235351562
9.940,proposed,-6.155954480073887,7.728537797927856,11.144735336303713
9.941,rational,-11.090022087097168,4.317017078399658,5.625229835510254
9.942,"explanations ,",-11.318714626133442,12.755509138107300,17.991103649139404
9.943,rather,-5.791020393371582,4.485953807830811,5.950557708740233
9.944,than,-0.004574904683977,4.710455894470215,5.897962570190430
9.945,a,-2.539813280105591,5.347807884216309,6.303897380828857
9.946,speculative,-8.874622344970703,4.396396636962892,6.491633415222168
9.947,"mania ,",-11.998131990432739,10.500827789306641,14.918098211288450
9.948,for,-0.588512182235718,5.140619277954102,5.539276599884033
9.949,the,-0.765188813209534,5.185559749603272,5.609470367431642
9.950,rise,-5.010687351226807,4.505540847778320,5.817931652069093
9.951,and,-4.848104000091553,4.440029621124268,5.813671588897705
9.952,fall,-0.038495872169733,4.427483558654785,5.543238639831543
9.953,in,-0.822592079639435,3.713229656219482,4.417492866516113
9.954,prices .,-3.347970116883516,12.182014703750610,14.633895397186279
9.955,For,-4.482447147369385,0.000000000000000,0.000000000000000
9.956,"example ,",-1.900455347262323,5.739476680755615,10.501748085021973
9.957,other,-7.187257766723633,3.778805255889893,5.383987426757812
9.958,"flowers ,",-14.925587654113770,8.602837085723877,11.025537967681885
9.959,such,-1.759884119033814,4.364007949829102,5.982003211975098
9.960,as,-0.001651353319176,4.234698772430420,5.371435642242432
9.961,the,-3.088954448699951,4.718482971191406,5.551135063171387
9.962,"hyacinth ,",-37.668344855308526,16.416030049324036,25.823693752288818
9.963,also,-4.734370231628418,5.473908901214600,6.449427604675293
9.964,had,-5.204276084899902,5.318633556365967,6.172133922576903
9.965,high,-5.163028240203857,4.515816688537598,6.387032508850098
9.966,prices,-3.825219154357910,5.109041690826416,5.929219245910645
9.967,on,-4.589079380035400,4.087996959686278,4.284473896026611
9.968,the,-2.041794300079346,4.168883800506592,4.793616294860840
9.969,flower 's,-12.471098592592169,16.966330528259277,24.426905632019043
9.970,"introduction ,",-12.387738466262817,8.564069986343384,10.032153606414795
9.971,which,-1.992962598800659,5.889454841613770,6.085462570190430
9.972,then,-7.004450321197510,5.809814929962157,6.270613193511963
9.973,fell,-3.998236417770386,4.790566921234131,6.013251781463622
9.974,dramatically .,-8.513794665574096,16.765095710754395,22.030358314514160
9.975,The,-1.715715885162354,0.000000000000000,0.000000000000000
9.976,high,-6.300230026245117,3.455600261688232,6.287950515747070
9.977,prices,-5.929592609405518,4.515430450439453,6.325491905212402
9.978,may,-5.568579196929932,4.363187789916991,5.919709682464600
9.979,also,-3.219930648803711,4.913609027862549,5.630536556243896
9.980,have,-2.842890739440918,4.808717250823975,5.675480365753174
9.981,been,-2.510090351104736,4.579717159271240,5.549973011016847
9.982,driven,-5.274457454681396,7.454392433166504,10.862326145172119
9.983,by,-0.306836217641830,4.551117897033691,5.666676521301270
9.984,expectations,-5.191117092967033,9.896141052246094,12.470183372497560
9.985,of,-0.843810200691223,4.655488491058350,5.591876983642578
9.986,a,-1.753139615058899,5.086842060089111,5.898079872131348
9.987,parliamentary,-10.935939068425796,6.887455463409424,11.259524822235107
9.988,decree,-7.898529052734375,4.928541183471680,5.939439296722412
9.989,that,-1.776397585868835,4.486219406127930,5.310661792755127
9.990,contracts,-12.704845868051052,9.419487237930296,11.610182762145994
9.991,could,-3.600555896759033,4.100586414337158,4.573482513427733
9.992,be,-0.509079337120056,3.813720226287842,4.778955459594727
9.993,voided,-5.668690757825972,11.581976175308228,15.949824333190918
9.994,for,-3.273821830749512,5.159225940704347,5.911011695861816
9.995,a,-2.698058128356934,4.864666938781738,5.370394706726074
9.996,small,-5.740862369537354,5.368734359741211,6.338038444519043
9.997,"cost ,",-11.175143480300903,10.715527057647705,12.509015083312988
9.998,thus,-4.768391132354736,6.280191421508789,6.852936267852782
9.999,lowering,-4.774275779724121,5.417060852050781,5.343739509582520
9.1000,the,-0.934597313404083,5.497771263122559,5.494346618652344
9.1001,risk,-4.825219631195068,3.966726541519165,5.412393569946289
9.1002,to,-2.832800388336182,4.785034656524658,4.980792999267578
9.1003,buyers .,-5.654397431761026,12.945643424987793,14.907454013824463
9.1004,Despite,-6.095479883253574,2.849425792694092,5.565780639648438
9.1005,these,-4.101984977722168,3.618022918701172,6.304843425750732
9.1006,disagreements,-7.303708813502452,5.821137666702271,10.397169113159180
9.1007,about,-5.714172363281250,4.742633342742920,5.402863025665283
9.1008,whether,-3.283753274241462,7.021058559417725,9.993093490600586
9.1009,the,-1.117974281311035,3.797632455825806,4.601949214935303
9.1010,phenomenon,-10.396717071533203,3.078056335449219,5.045675754547119
9.1011,technically,-10.812578201293944,2.644177198410034,4.388625621795653
9.1012,constituted,-8.990524291992188,9.369699001312256,11.300318717956545
9.1013,an,-2.747560262680054,5.140781402587892,5.982367992401122
9.1014,economic,-2.590861558914185,4.069846153259276,6.303400993347168
9.1015,"bubble ,",-8.844686001539229,8.300366640090942,9.747226715087891
9.1016,the,-1.242735624313354,5.329132556915283,5.603175640106201
9.1017,term,-8.156651020050049,8.074760913848879,9.604906082153320
9.1018,`` tulip,-13.061228726036006,15.368940114974977,19.466979980468750
9.1019,mania '',-31.110368520021435,19.531087160110474,24.272077083587646
9.1020,is,-2.374873638153076,5.524654865264893,5.908182144165039
9.1021,still,-2.772081613540649,5.465806961059570,6.185539245605469
9.1022,often,-8.894088745117188,5.465539932250977,6.140234470367433
9.1023,used,-3.493192672729492,4.488660812377930,4.696258068084717
9.1024,metaphorically,-14.695706263184547,7.703217983245850,10.707493305206301
9.1025,to,-2.692005395889282,6.283126354217528,6.766037464141847
9.1026,refer,-6.596059322357178,5.369012832641602,5.612458705902100
9.1027,to,-0.333685755729675,5.176353454589844,5.254850864410400
9.1028,any,-5.665183544158936,5.315789222717285,5.661420822143555
9.1029,large,-6.749760627746582,5.147682666778564,5.829237937927246
9.1030,economic,-4.527170181274414,4.814656257629395,6.407157897949219
9.1031,"bubble ,",-10.221967697143555,9.243690967559814,10.841382503509521
9.1032,when,-8.769677162170410,5.031938552856445,5.083268642425537
9.1033,asset,-10.262511253356934,3.497181177139282,5.620698928833008
9.1034,prices,-2.863178253173828,4.700321674346924,5.675454139709473
9.1035,deviate,-12.376392364501953,4.712325096130371,5.250919342041017
9.1036,from,-0.347710132598877,5.469436645507812,5.655061244964600
9.1037,intrinsic,-11.951197624206545,5.270687103271483,6.561210155487061
9.1038,values .,-1.697715010493994,13.646384239196777,15.294707775115967
10.1,Tourette 's,-23.686457024712581,10.305203914642334,18.591227054595947
10.2,"syndrome ,",-9.629058122634888,6.690250158309937,10.903642654418945
10.3,a,-3.412421464920044,4.760609626770020,6.291565418243407
10.4,neurological,-10.167624280904420,5.304070472717285,10.373739719390869
10.5,disorder,-1.110679745674133,3.265183687210083,5.817022800445558
10.6,characterized,-9.808577166870236,6.091537475585938,10.555920600891113
10.7,by,-0.049890667200089,5.199966430664063,6.184507369995117
10.8,"repetitive ,",-13.400412559509277,10.228946208953857,13.478701591491699
10.9,involuntary,-7.775515556335449,4.112961292266847,6.282065391540527
10.10,"movements ,",-8.437576115131378,11.647476196289062,16.191751003265381
10.11,was,-2.694547653198242,4.504664421081543,6.142769813537598
10.12,named,-9.091956257820131,6.889574050903320,10.078971385955811
10.13,for,-3.075934648513794,4.809763431549072,5.604908943176270
10.14,Dr.,-5.193903632462026,5.574895143508911,8.997080326080322
10.15,Georges,-10.633583068847656,6.538295745849608,10.984119892120360
10.16,Gilles,-13.611432552337645,7.278441429138184,11.069622516632080
10.17,de,-9.086116313934326,7.839207887649536,10.734303951263428
10.18,la,-1.790937066078186,6.147466182708740,9.891339302062988
10.19,"Tourette ,",-16.152822613716125,11.662609100341797,15.227711200714110
10.20,the,-1.963576912879944,4.868076324462892,4.730935573577881
10.21,pioneering,-8.886503219604492,11.405159473419189,11.777969837188721
10.22,French,-5.958489894866942,4.653604030609131,5.462559700012207
10.23,neurologist,-11.580316807143390,7.576683998107910,10.798849105834961
10.24,who,-0.666986644268036,5.829807758331299,6.254571914672852
10.25,first,-5.658782958984375,5.165629863739014,5.614950656890869
10.26,described,-6.532545803409447,8.207839488983153,10.149834156036377
10.27,the,-0.923988640308380,5.434235572814941,5.532156944274902
10.28,condition,-6.389180660247803,3.614592075347901,5.201717376708983
10.29,in,-2.056541442871094,3.620545387268066,4.012783527374268
10.30,an,-4.053867816925049,5.400462150573730,5.604328155517578
10.31,eighty-six-year-old,-22.189564520493150,33.672465801239014,44.365452289581299
10.32,French,-3.474896669387817,4.361318588256837,5.249980926513672
10.33,noblewoman .,-17.675855159759525,16.527091026306152,20.379134654998779
10.34,It,-3.835548400878906,0.000000000000000,0.000000000000000
10.35,is,-1.736417770385742,3.276454925537109,5.097389221191406
10.36,almost,-6.050028800964356,2.597812414169312,5.558322906494142
10.37,always,-3.777612209320069,3.304312467575073,6.078299522399902
10.38,in,-3.808258056640625,2.495047092437744,4.341391086578368
10.39,childhood,-13.013282537460327,6.466922760009767,10.388572692871094
10.40,that,-3.241953849792480,3.367842912673950,4.682063102722168
10.41,the,-1.544917345046997,3.656253814697266,4.367019176483153
10.42,early,-7.718912124633789,3.209799289703369,5.063535213470459
10.43,symptoms,-9.051585197448730,3.537924528121948,5.400511741638184
10.44,of,-0.837030768394470,3.891558647155762,5.047555446624756
10.45,Tourette 's,-25.164026306825690,16.652930021286011,24.071830987930298
10.46,are,-7.129905700683594,4.995494842529297,5.751496791839600
10.47,first,-6.995091438293457,3.669255018234253,6.042067527770996
10.48,"noticed ,",-9.144359117373824,11.916189908981323,15.854691028594971
10.49,with,-4.261521339416504,5.319564342498778,5.640121459960938
10.50,the,-1.373692750930786,5.791614532470702,5.853319168090820
10.51,average,-5.983454227447510,5.841786384582520,6.350497245788574
10.52,onset,-14.382399559020994,8.165804624557495,10.848729610443117
10.53,between,-7.636810779571532,5.422673225402832,6.074108123779298
10.54,the,-2.871431112289429,4.930667400360107,5.794663429260254
10.55,ages,-1.709479153156280,7.676102161407472,10.264583349227903
10.56,of,-0.991886377334595,4.925338745117188,6.078843116760254
10.57,seven,-4.386154174804688,4.733536243438722,6.035558700561523
10.58,and,-0.041157554835081,3.310807228088379,4.055744171142578
10.59,ten,-10.243298053741457,7.476337194442749,9.077673435211182
10.60,years .,-1.733713723719120,13.775687217712402,16.608749389648438
10.61,It,-3.835548400878906,0.000000000000000,0.000000000000000
10.62,is,-1.736417770385742,3.276454925537109,5.097389221191406
10.63,estimated,-5.660961151123048,2.340531587600708,4.113965511322021
10.64,that,-0.169230341911316,2.984298944473267,3.758004665374756
10.65,two,-5.901488304138184,3.470081806182861,4.809983730316162
10.66,hundred,-6.171632289886475,3.597600460052490,4.645307064056396
10.67,thousand,-2.358020782470703,3.764342546463013,5.004274368286133
10.68,Americans,-3.025854475796223,7.539460420608520,10.154793739318848
10.69,have,-1.850105285644531,4.910612106323242,5.243033885955811
10.70,the,-5.619448184967041,3.707916259765625,5.397169113159180
10.71,most,-7.037421703338622,3.770545959472656,5.771002769470215
10.72,severe,-5.415485382080078,2.805995941162109,5.104110240936278
10.73,form,-7.131833553314209,3.299600124359131,5.621632575988770
10.74,of,-0.018420578911901,3.443138837814331,5.514927387237549
10.75,"Tourette 's ,",-32.136490503442474,20.193181276321411,27.877912282943729
10.76,and,-1.403292298316956,5.293236255645752,5.086676120758057
10.77,as,-5.300905227661133,5.491276264190674,6.144006729125977
10.78,many,-0.096237868070602,6.479118347167969,6.752599239349365
10.79,as,-0.001079215202481,5.167660713195801,6.142662525177003
10.80,one,-3.239430665969849,5.365480422973633,5.759829044342041
10.81,in,-4.412086486816406,3.335119485855103,4.701951026916504
10.82,a,-5.154826641082764,4.942188739776611,5.815259456634521
10.83,hundred,-4.023694515228272,4.681615829467773,4.809947013854980
10.84,people,-2.876397609710693,4.758867263793945,5.239524841308594
10.85,exhibit,-10.139532089233398,4.236568450927733,4.451821327209473
10.86,milder,-12.678558349609375,4.601591110229492,6.111861228942871
10.87,and,-3.420403480529785,4.916852474212647,5.446959018707275
10.88,less,-2.467163801193237,7.739733219146728,9.752429008483887
10.89,complex,-6.460330486297607,4.469206333160400,5.772811412811278
10.90,symptoms,-6.097809791564941,4.060882091522217,4.971185207366943
10.91,that,-4.047727584838866,4.830745697021483,5.799568176269531
10.92,include,-5.700471401214600,5.139011859893799,5.603697776794434
10.93,chronic,-4.846447467803955,4.372498035430908,6.045484066009521
10.94,motor,-11.654071807861328,2.265882015228271,4.241970062255858
10.95,and,-5.914793014526367,3.207447767257690,3.601572751998901
10.96,vocal,-9.921083450317383,4.204660892486571,5.846584796905518
10.97,tics,-12.177342295646667,6.062573671340942,8.443082094192505
10.98,or,-5.219003200531006,5.039071559906006,5.433660507202148
10.99,transient,-10.945076942443848,4.756622791290283,6.083561420440674
10.100,tics,-11.098108053207397,5.768097877502441,8.028282165527344
10.101,of,-4.690914154052733,5.581761360168457,5.976796150207520
10.102,childhood .,-6.515114784240723,16.237820863723755,20.556427955627441
10.103,For,-4.482447147369385,0.000000000000000,0.000000000000000
10.104,the,-1.102505564689636,3.242445468902588,5.824408531188965
10.105,majority,-8.302888870239258,1.616758465766907,3.985578060150146
10.106,of,-0.224124595522881,2.862946510314941,4.143635272979736
10.107,people,-4.117226123809815,3.524135351181030,5.544949054718018
10.108,diagnosed,-9.591646032698918,8.384155511856079,14.993301868438721
10.109,with,-0.451064258813858,3.321919918060303,5.529431343078613
10.110,the,-1.700555920600891,2.795157909393311,4.666980743408203
10.111,"disorder ,",-4.745931684970856,5.957517147064209,9.682606220245363
10.112,Tourette 's,-24.193957617942942,19.412815332412720,24.975166797637939
10.113,is,-4.282250404357910,5.280606269836426,5.726605415344237
10.114,not,-4.300649166107179,5.028553485870361,6.032132625579834
10.115,a,-1.088706374168396,5.546126842498778,5.974613666534424
10.116,chronic,-7.313035011291504,4.853671073913574,6.445375442504883
10.117,condition,-1.854256987571716,4.387508392333983,5.404076099395752
10.118,with,-6.418907165527344,4.769318580627441,5.398849487304688
10.119,symptoms,-6.676220893859862,4.528753280639648,5.554894924163818
10.120,lasting,-9.424531936645508,7.798330545425415,10.801465511322020
10.121,a,-4.402075290679932,3.376492261886597,4.881591320037842
10.122,lifetime .,-4.155177302658558,13.915337800979614,19.823722839355469
10.123,Rather,-7.771035671234131,0.000000000000000,0.000000000000000
10.124,it,-5.079198360443115,5.395192623138428,5.106315135955811
10.125,is,-1.684914350509644,4.787233352661133,6.004724979400635
10.126,a,-2.377249479293823,3.848743915557861,5.259286880493164
10.127,condition,-6.482720375061035,3.397768259048462,5.532896995544434
10.128,whose,-6.841666221618652,5.251313686370850,6.147278308868407
10.129,severity,-7.556338787078857,4.388215065002441,5.222454547882080
10.130,peaks,-12.133410692214966,8.033293962478638,10.992283821105957
10.131,in,-2.027929782867432,3.562346696853638,4.563117980957031
10.132,the,-1.100877881050110,3.187237739562988,4.683900833129883
10.133,early,-2.793936729431152,3.156742334365845,5.092645645141602
10.134,"teens ,",-7.520748659968376,11.475602388381958,15.449312210083008
10.135,with,-4.526496887207031,5.046984672546387,5.602929592132568
10.136,improvement,-8.792455673217772,4.611899852752686,5.699441909790039
10.137,occurring,-8.174450676888227,8.074270009994509,11.163164615631104
10.138,in,-0.829966187477112,4.141296863555908,4.496450424194336
10.139,the,-0.648049235343933,3.920886754989624,4.406788825988770
10.140,late,-4.420939445495605,3.976511955261231,4.902174949645996
10.141,teens,-5.222522674128413,7.367302894592285,10.293622970581056
10.142,and,-0.842705905437469,4.099341392517090,4.786541461944580
10.143,continuing,-8.798168182373047,5.045674324035645,5.557837486267090
10.144,into,-5.507631301879883,3.979430198669434,4.593756675720215
10.145,adulthood .,-17.791650250554085,13.982866764068604,15.874707698822021
10.146,"However ,",-5.400094963610172,5.913725852966309,11.305753231048584
10.147,approximately,-11.675853101070972,6.497046709060669,11.938071250915527
10.148,ten,-9.060911655426024,6.278434753417969,9.545542716979980
10.149,percent,-5.153900146484375,4.226833820343018,6.215744972229004
10.150,of,-0.079602159559727,3.262163639068604,4.272210597991943
10.151,those,-3.112826128141023,9.391608476638792,13.869129180908205
10.152,affected,-6.492825031280518,4.242702960968018,5.319069862365723
10.153,have,-3.599643707275390,4.870521545410156,5.908367633819580
10.154,a,-3.712191820144653,3.255438089370728,5.481973648071289
10.155,progressive,-9.072526931762695,2.981904745101929,5.159054756164551
10.156,or,-2.741832256317139,3.756226062774658,4.369192600250243
10.157,disabling,-12.231489181518555,3.128278493881226,5.166014194488525
10.158,course,-8.747998237609862,3.034368038177490,5.354041576385498
10.159,that,-4.232107639312743,5.052484512329102,5.593113899230957
10.160,lasts,-8.909097194671631,8.393098354339600,11.736955642700195
10.161,into,-6.298048019409180,3.859742164611816,5.747376441955566
10.162,adulthood .,-17.995720610022545,13.310071706771849,15.485948801040651
10.163,It,-3.835548400878906,0.000000000000000,0.000000000000000
10.164,is,-1.736417770385742,3.276454925537109,5.097389221191406
10.165,not,-3.125090837478638,2.078213930130005,4.848790168762207
10.166,uncommon,-4.471824645996094,2.374036073684692,4.737381935119629
10.167,for,-0.561274647712708,2.278228759765625,3.799408197402954
10.168,symptoms,-12.382745742797852,3.959969520568848,5.968847274780273
10.169,to,-0.527308464050293,3.942614555358887,5.548571109771729
10.170,be,-1.377745509147644,3.321469068527222,4.829598426818848
10.171,present,-5.868780612945558,3.001854419708252,4.270169734954834
10.172,for,-4.828156948089600,3.854941129684448,5.110252380371094
10.173,an,-3.581515789031982,4.387775421142578,5.570086002349854
10.174,extended,-4.958718776702881,2.881396532058716,5.316295146942139
10.175,period,-0.303485840559006,3.134917736053467,4.492049217224121
10.176,of,-0.351290792226791,4.458337783813477,6.157097339630128
10.177,time,-0.257601499557495,3.247011184692383,5.004390239715576
10.178,before,-2.652624607086182,4.629359722137451,5.635567665100098
10.179,a,-1.685608983039856,4.462577819824219,5.768507957458496
10.180,formal,-6.741360187530518,3.554965257644653,5.698073863983153
10.181,diagnosis,-2.970671892166138,3.239644289016724,4.825423240661621
10.182,of,-3.902334213256836,4.365948200225830,5.644554615020753
10.183,Tourette 's,-25.812654135574117,15.131581425666813,23.261719942092896
10.184,is,-9.235212326049805,4.731160640716553,6.369944095611572
10.185,obtained .,-4.744877970035304,11.754448771476746,17.101836681365967
10.186,The,-1.715715885162354,0.000000000000000,0.000000000000000
10.187,reasons,-8.248296260833740,7.362506628036499,11.660422325134276
10.188,for,-0.757974922657013,3.253826141357422,5.582142829895020
10.189,this,-1.602257251739502,4.762605667114258,6.103649616241455
10.190,are,-1.900761723518372,4.611968994140625,6.224583148956299
10.191,many,-5.931276321411133,2.519654989242554,4.733320236206055
10.192,and,-4.082393169403076,4.818598270416260,5.471110343933105
10.193,may,-4.828274726867676,4.129405021667480,6.045711994171143
10.194,include,-4.253885746002196,4.334464073181151,5.433532238006592
10.195,the,-1.547626614570618,4.952730178833008,5.784691333770753
10.196,fact,-1.666268587112427,3.681782245635985,5.093312740325928
10.197,that,-0.010677587240934,4.123286247253418,5.252189636230469
10.198,for,-6.515635013580322,3.506090641021729,5.271331787109375
10.199,families,-8.141087532043457,3.594923734664917,5.187679767608643
10.200,and,-3.597085237503052,3.570670604705811,4.188498497009276
10.201,physicians,-8.174782236572355,6.706193923950195,9.244258880615234
10.202,unfamiliar,-13.802805900573730,4.509521484375000,5.822953701019287
10.203,with,-0.144648537039757,4.018345832824707,4.734744548797607
10.204,"Tourette 's ,",-30.486958286986923,21.544764399528503,27.792891263961792
10.205,mild,-12.006628036499025,3.954630374908447,5.923074245452881
10.206,and,-2.835246562957764,3.698435783386231,4.144708156585693
10.207,even,-4.404579639434815,4.056408405303955,4.426307678222656
10.208,moderate,-4.049592494964600,5.026709079742432,5.883533477783202
10.209,tic,-11.569670677185060,3.942013144493103,6.845478057861327
10.210,symptoms,-8.626557350158691,4.819425582885742,5.620271682739258
10.211,may,-5.159219264984131,5.341289043426514,6.278541088104247
10.212,be,-1.103745937347412,5.123509407043457,5.313675880432129
10.213,considered,-4.862849235534668,5.399518966674805,5.924539566040039
10.214,"inconsequential ,",-11.939059495925902,15.385253906250000,19.244817256927490
10.215,part,-9.429828643798828,4.922401428222656,6.033302307128906
10.216,of,-0.481320858001709,5.171102523803711,5.504977226257324
10.217,a,-1.768652677536011,5.577419757843018,6.152148246765138
10.218,developmental,-11.679834365844727,4.054545402526856,6.149857044219972
10.219,"phase ,",-9.855242252349854,8.806165218353271,10.476035594940186
10.220,or,-3.205699205398560,4.608252048492432,5.616574764251709
10.221,the,-3.570477485656738,5.198131084442139,5.810864925384521
10.222,result,-2.513016700744629,4.704178810119629,5.157001495361328
10.223,of,-0.163590550422668,5.782908916473389,6.021655082702638
10.224,another,-5.824843883514403,5.859090805053711,5.969468116760254
10.225,condition .,-6.112633638083935,12.500636816024780,15.113775014877321
10.226,For,-4.482447147369385,0.000000000000000,0.000000000000000
10.227,"example ,",-1.900455347262323,5.739476680755615,10.501748085021973
10.228,parents,-9.195414543151855,4.062339782714844,5.400871276855469
10.229,may,-3.530514240264893,4.240080833435059,4.980901718139648
10.230,think,-5.748568534851074,4.125126361846924,4.614133834838867
10.231,that,-1.547508478164673,4.309688568115233,4.602413177490233
10.232,eye,-11.053096771240234,2.348688602447510,4.469713211059570
10.233,blinking,-12.315304175019266,7.145045757293701,9.621019840240480
10.234,is,-2.445546150207520,5.040007114410400,5.506612300872803
10.235,related,-8.199401617050171,8.798794746398926,11.094695568084717
10.236,to,-0.111007377505302,5.215353012084961,5.548471927642822
10.237,vision,-7.026612043380737,6.698818445205688,9.938635349273682
10.238,problems,-4.167211532592773,4.281401634216309,5.447528839111328
10.239,or,-3.630815982818604,5.273913860321045,5.432561874389648
10.240,that,-3.150085449218750,4.756503582000732,4.935761451721191
10.241,sniffing,-12.037477374076845,11.095894575119019,14.304450988769533
10.242,is,-1.736013650894165,5.376233100891113,5.844513416290282
10.243,related,-6.780680418014526,9.004744291305544,11.198731899261476
10.244,to,-0.133538737893105,5.088771820068358,5.416104793548584
10.245,seasonal,-10.097543716430664,4.343792915344238,6.058365821838379
10.246,allergies .,-14.952059351693606,14.105109572410585,18.669992923736572
10.247,There,-5.263474464416504,0.000000000000000,0.000000000000000
10.248,are,-1.424884200096130,2.091863632202148,5.351076126098633
10.249,many,-3.286303520202637,2.301511526107788,4.630106449127197
10.250,patients,-8.876820564270020,2.933496475219727,5.533643245697021
10.251,who,-1.091515064239502,3.244032382965088,5.095261096954347
10.252,are,-1.900059103965759,3.954652309417725,5.963298797607423
10.253,self-diagnosed,-16.610790344973793,12.245289802551270,20.987595319747925
10.254,after,-6.357552528381348,3.199981212615967,5.251605987548828
10.255,"they ,",-8.727007389068604,7.822412967681885,11.118062019348145
10.256,their,-6.999668121337892,4.257247924804688,6.312795162200928
10.257,"parents ,",-4.920391798019409,8.971043586730957,11.647329330444336
10.258,other,-6.760168552398683,4.774770736694336,5.983078956604004
10.259,"relatives ,",-5.219690985511988,12.695503711700439,16.158958911895752
10.260,or,-3.052379608154297,4.909452438354492,5.644013881683350
10.261,friends,-5.547199249267578,4.791867256164551,5.789376258850098
10.262,read,-12.686960220336914,4.934398651123047,5.905151844024657
10.263,or,-3.911633491516113,3.980817794799805,5.613821029663086
10.264,hear,-3.792283058166504,5.509221553802490,6.242988586425781
10.265,about,-1.372707605361938,5.282769680023193,6.202247142791747
10.266,Tourette 's,-27.904331719037145,18.172822237014771,25.956125020980835
10.267,from,-8.669004440307617,5.215157985687256,6.061249732971191
10.268,others .,-5.690171018242836,13.266319751739502,16.404373645782471
10.269,Tics,-19.273622512817386,1.879402399063110,4.704097270965576
10.270,are,-2.052389383316040,3.716062068939209,5.964554309844972
10.271,classified,-7.224367141723633,3.640191078186035,5.975908756256104
10.272,as,-0.378391385078430,4.068580150604248,5.140583038330078
10.273,either,-6.466783404350281,7.218526840209961,8.784161090850830
10.274,simple,-7.260146141052246,4.508301258087158,5.928501605987549
10.275,or,-0.201210007071495,4.464936256408691,4.829601287841797
10.276,complex .,-6.226173520088196,11.726989030838013,16.944843769073486
10.277,Simple,-13.539005279541016,0.000000000000000,0.000000000000000
10.278,motor,-10.501229286193848,1.757001638412476,3.523397445678711
10.279,tics,-15.012544155120850,5.093729496002197,9.123254776000977
10.280,are,-1.632576942443848,3.590473890304565,5.621222019195557
10.281,"sudden ,",-14.672072410583496,7.689668178558350,11.350670337677002
10.282,"brief ,",-11.517870903015137,8.508685588836670,11.019330978393555
10.283,repetitive,-6.891097545623778,3.945379018783569,5.677334785461426
10.284,movements,-7.419206505641341,7.085102081298827,11.180445194244383
10.285,that,-1.573194503784180,4.779103279113770,6.131862640380858
10.286,involve,-5.977582931518555,5.617872714996338,6.050447463989258
10.287,a,-2.554325342178345,5.022309303283691,6.270247936248778
10.288,limited,-7.032235622406006,4.036718368530273,6.382895946502686
10.289,number,-0.323403000831604,3.135067939758301,5.630873680114746
10.290,of,-0.007149942684919,5.744264125823975,6.532564640045166
10.291,muscle,-8.876971244812012,3.208596944808960,5.320086002349854
10.292,groups .,-8.326984331011772,11.581789016723633,16.178062438964844
10.293,Some,-4.888598442077637,0.000000000000000,0.000000000000000
10.294,of,-2.215373992919922,3.726153135299683,5.735009670257567
10.295,the,-0.582967460155487,3.319650411605835,5.396403312683105
10.296,more,-4.454831123352051,4.196330547332764,6.968234062194824
10.297,common,-4.423524856567383,3.126349687576294,5.750511169433594
10.298,simple,-11.114917755126953,2.576946258544922,5.285507202148438
10.299,tics,-15.302204608917235,5.899302959442139,10.239558219909668
10.300,include,-5.677240371704102,3.587669849395752,4.947048664093018
10.301,eye,-9.805644989013672,1.935138106346130,4.143442630767821
10.302,"blinking ,",-14.163179636001587,10.702830314636230,15.229243755340576
10.303,facial,-9.134190559387207,4.089937210083009,5.584035396575928
10.304,"grimacing ,",-15.907009601593016,14.580382943153383,20.395826339721680
10.305,shoulder,-8.643081665039062,3.043222665786743,5.276947975158691
10.306,"shrugging ,",-11.673780549317598,11.703248977661133,16.537194728851318
10.307,and,-2.821339130401612,5.991172790527344,6.550962448120117
10.308,head,-8.311820983886719,3.329966545104980,5.678201675415039
10.309,or,-8.674688339233397,3.817535400390625,4.789574623107910
10.310,shoulder,-2.612238883972168,3.348577976226806,5.315682888031006
10.311,jerking .,-14.174557954072952,18.624566555023193,25.884259223937988
10.312,Simple,-13.539005279541016,0.000000000000000,0.000000000000000
10.313,"vocalizations ,",-22.974724054336551,15.144999742507933,21.964211702346802
10.314,which,-4.207417488098145,4.834492683410645,6.065919399261475
10.315,motor,-12.877554893493652,1.946222066879272,4.321501731872559
10.316,tics,-17.871150493621823,6.585503101348878,10.296393394470217
10.317,typically,-6.977862372994423,8.315560579299929,11.727256298065186
10.318,"precede ,",-10.600906133651732,10.010131835937500,10.504441738128662
10.319,might,-5.455482959747314,5.465271949768066,6.623270034790039
10.320,include,-5.656243324279785,5.592021465301514,5.990117073059082
10.321,repetitive,-9.685674667358398,4.671877861022949,6.556988716125487
10.322,"throat-clearing ,",-25.139405012130737,15.808938264846802,24.517911434173584
10.323,"sniffing ,",-10.463442802429197,14.100480556488037,18.747830390930176
10.324,or,-4.732035636901856,5.734953880310059,6.484374046325684
10.325,grunting,-10.733996946364641,8.137208461761475,11.441524028778074
10.326,sounds .,-12.682793885469435,13.232109069824221,17.100249290466309
10.327,Complex,-13.353683471679688,0.000000000000000,0.000000000000000
10.328,tics,-15.095143556594849,3.286438345909119,7.442873001098633
10.329,are,-1.514390945434570,4.010801792144775,5.567987442016602
10.330,"distinct ,",-13.505083799362181,7.568321704864502,11.196290493011475
10.331,coordinated,-12.611577734351158,6.697949647903442,9.942072868347168
10.332,patterns,-9.972034137696028,6.869562387466432,9.644927501678467
10.333,of,-0.985936641693115,4.779549121856689,5.959190368652344
10.334,movement,-5.086694717407227,3.874491214752197,4.896399021148682
10.335,that,-3.909528732299805,4.455375194549561,5.635611057281494
10.336,involve,-5.905409336090088,5.567154407501222,5.883705615997314
10.337,several,-6.470362186431885,4.268282890319823,6.379536151885986
10.338,muscle,-9.271950721740724,2.772690534591675,5.150722026824951
10.339,groups .,-6.748915493488312,10.866565227508545,15.450652599334717
10.340,Complex,-13.353683471679688,0.000000000000000,0.000000000000000
10.341,motor,-11.540962219238279,1.499084591865540,3.624403715133667
10.342,tics,-17.045640468597412,4.956614732742310,9.226464986801149
10.343,might,-5.857911109924316,4.062287807464600,5.663587570190430
10.344,include,-3.980726957321167,4.332813739776611,5.531772136688232
10.345,facial,-11.525188446044922,3.534369468688965,5.409816265106201
10.346,grimacing,-18.242349386215210,7.970626950263977,13.428055524826050
10.347,combined,-11.036981582641602,3.141844749450684,5.463686466217041
10.348,with,-0.219939798116684,5.352894783020020,6.312470912933350
10.349,a,-2.314753055572510,4.945668220520020,6.098789691925049
10.350,head,-8.647666931152344,3.449584722518921,5.913918972015381
10.351,twist,-8.756720781326294,6.313581228256226,9.778574943542480
10.352,and,-2.478332757949829,5.828664779663086,6.183761119842528
10.353,a,-0.828323006629944,5.783233165740968,6.386294841766357
10.354,shoulder,-7.012260437011719,3.562014102935791,5.354400634765625
10.355,shrug .,-11.898484103381634,11.556476116180420,16.597588062286377
10.356,Other,-5.764144897460938,0.000000000000000,0.000000000000000
10.357,complex,-10.185340881347656,2.173203468322754,4.080109596252441
10.358,motor,-12.865654945373535,1.379563093185425,3.504413843154907
10.359,tics,-16.623299121856689,5.643905878067017,9.086777687072754
10.360,may,-4.420760631561278,4.779689788818358,5.563845634460449
10.361,actually,-6.434863567302273,8.256966590881348,11.274883747100830
10.362,appear,-6.385949134826660,4.321188926696776,5.557717323303223
10.363,"purposeful ,",-17.826622009277344,9.534052371978760,11.454770088195801
10.364,including,-5.117403140800889,8.419182062149048,11.220588207244873
10.365,sniffing,-11.462082058191301,10.265666484832764,14.673063278198242
10.366,or,-4.258562088012694,5.450239181518555,6.261605262756348
10.367,touching,-7.275544643402100,4.966550350189209,5.706094741821289
10.368,"objects ,",-8.875825642608106,11.334726572036743,16.562702178955078
10.369,"hopping ,",-15.483691453933716,13.228639841079712,16.360808372497559
10.370,"jumping ,",-8.955080032348633,8.841725826263428,11.109697341918945
10.371,"bending ,",-7.799755608662963,15.203763961791992,19.946480751037598
10.372,or,-4.559225559234619,6.022173881530763,6.699283123016357
10.373,twisting .,-7.846436251187698,20.813075780868530,27.051283359527588
10.374,Complex,-13.353683471679688,0.000000000000000,0.000000000000000
10.375,vocal,-12.461494445800779,2.791414260864258,4.894890785217285
10.376,tics,-14.447667360305786,3.769505620002747,7.922055006027223
10.377,include,-4.064174175262451,3.267713546752930,5.056976795196533
10.378,words,-9.265892028808594,2.591908931732178,4.417746543884277
10.379,or,-5.858537197113037,5.141590595245361,5.997848987579347
10.380,phrases .,-4.518871756270528,12.375333547592163,20.345224857330322
10.381,Perhaps,-7.249135315418243,6.356181859970093,12.156611919403074
10.382,the,-1.272535562515259,4.460582256317139,5.490782737731934
10.383,most,-0.964837431907654,5.987306118011475,6.873630523681642
10.384,dramatic,-4.947350502014160,4.727096557617188,5.990633010864258
10.385,and,-4.310158252716064,5.629096031188965,6.603631019592285
10.386,disabling,-12.211021423339846,4.247535705566406,5.751407146453857
10.387,tics,-15.737507581710815,5.931498765945435,9.550620555877686
10.388,include,-5.821574211120605,3.306633472442627,4.775105953216553
10.389,motor,-10.107213973999023,1.583652138710022,3.889282703399658
10.390,movements,-9.516551673412325,7.350667476654053,11.508857250213625
10.391,that,-3.590934514999390,5.414183616638184,6.008710384368896
10.392,result,-5.976348876953125,4.551054954528809,5.834481239318848
10.393,in,-0.883912861347198,5.373793601989746,5.673929691314697
10.394,self-harm,-22.620582355186343,14.128956913948061,22.236227035522461
10.395,such,-9.503618240356444,5.861258506774902,6.641224861145020
10.396,as,-0.006262441165745,4.902013778686523,5.832028388977051
10.397,punching,-8.809984922409056,7.610959053039551,10.972068786621094
10.398,oneself,-12.082073211669922,7.280011653900146,10.947225570678713
10.399,in,-1.768675327301025,4.037794113159181,5.224548339843750
10.400,the,-1.247163534164429,3.933721303939819,5.274918079376222
10.401,"face ,",-5.795680284500122,8.770315170288086,10.950043201446533
10.402,or,-3.461556434631348,6.112848281860352,6.447600841522218
10.403,vocal,-10.393675804138184,5.137566089630127,6.073898792266847
10.404,tics,-12.128871679306030,6.687370300292969,9.402701854705811
10.405,including,-8.518057573586702,8.088609933853151,10.336756229400637
10.406,"coprolalia ,",-36.194679737091064,19.284037470817566,28.429459810256958
10.407,which,-2.670184135437012,5.901622295379639,6.101480484008789
10.408,involves,-6.658011138439178,11.486703872680664,12.266524791717529
10.409,uttering,-11.381787300109865,12.092519044876099,15.693208694458008
10.410,swear,-12.457741022109985,7.357186794281006,9.990772247314453
10.411,"words ,",-10.069114208221436,9.298426151275635,11.178593635559082
10.412,or,-3.159328699111938,5.468791007995605,5.916889190673827
10.413,"echolalia ,",-39.457034587860107,14.768657922744749,20.470519542694092
10.414,which,-3.786320209503174,5.454521656036377,5.838538169860840
10.415,involves,-6.607953965663910,11.296813488006592,12.113526344299315
10.416,repeating,-8.911065176129343,8.562096357345581,10.617336750030518
10.417,the,-1.597734451293945,6.353365421295166,6.871596336364746
10.418,words,-2.962093591690063,5.402400970458983,5.959482669830322
10.419,or,-5.493363380432129,4.684772491455078,5.722273349761963
10.420,phrases,-3.485256493091584,9.075461864471436,10.692789077758787
10.421,of,-1.464097499847412,5.552161216735840,5.965031623840332
10.422,others .,-6.737650610506535,14.556021213531494,16.787896633148193
10.423,Tics,-19.273622512817386,1.879402399063110,4.704097270965576
10.424,are,-2.052389383316040,3.716062068939209,5.964554309844972
10.425,often,-4.897763252258301,3.272579193115234,5.556213378906250
10.426,worse,-8.658228874206543,3.760491371154785,6.100315093994142
10.427,with,-5.542382240295410,3.681858777999878,5.114719390869142
10.428,excitement,-10.626729965209961,5.035831928253174,6.690062999725343
10.429,or,-3.991161584854126,4.185177803039552,5.354222774505615
10.430,anxiety,-5.249272346496582,4.791366577148438,6.540328979492188
10.431,and,-2.915548086166382,4.766588687896729,4.998432636260986
10.432,better,-6.271378517150879,3.891704559326172,5.769032001495361
10.433,during,-10.529251217842102,7.605567455291747,10.595368862152100
10.434,"calm ,",-12.528491497039795,8.622881889343262,12.091959476470947
10.435,focused,-9.743103027343750,4.885117053985597,6.027006626129150
10.436,activities .,-8.377625718712807,12.041275024414062,16.368915557861328
10.437,Certain,-8.095659255981445,0.000000000000000,0.000000000000000
10.438,physical,-9.942511558532717,1.613022804260254,3.320990324020386
10.439,experiences,-8.954995393753054,4.321785211563109,9.441216945648193
10.440,can,-2.767433643341064,4.680182933807373,6.665645122528076
10.441,trigger,-6.992642879486084,4.004490375518799,5.861597537994385
10.442,or,-5.060097694396973,2.506404399871826,4.460134506225586
10.443,worsen,-7.211509704589844,3.505968093872070,5.026306152343750
10.444,tics .,-14.694916933774948,10.112941980361938,17.663051366806030
10.445,For,-4.482447147369385,0.000000000000000,0.000000000000000
10.446,"example ,",-1.900455347262323,5.739476680755615,10.501748085021973
10.447,tight,-11.393086433410645,4.077182769775392,6.405920505523683
10.448,collars,-9.544207513332367,9.106877803802490,15.336280345916748
10.449,may,-4.629929542541504,5.118273735046387,5.799418926239014
10.450,trigger,-6.132980823516847,4.191058158874512,5.257129192352295
10.451,neck,-12.391211509704590,5.095949411392212,8.657898902893066
10.452,"tics ,",-15.341168761253357,10.301709651947021,14.261677026748655
10.453,or,-3.378332614898682,4.923540592193604,6.146921634674072
10.454,hearing,-11.268508911132812,3.868354558944702,5.843079090118407
10.455,another,-8.662513732910156,4.468496799468994,6.281201362609862
10.456,person,-4.718674659729004,5.360759258270264,6.537469863891602
10.457,sniff,-10.231181979179382,6.767044067382812,10.048268318176270
10.458,or,-8.666854858398438,4.383424282073975,5.993167877197267
10.459,throat-clear,-25.913569569587711,12.105288386344910,21.737626791000366
10.460,may,-8.906554222106934,3.521914005279541,5.401031017303467
10.461,trigger,-8.102909088134767,5.633574008941650,6.475609779357910
10.462,the,-2.633564949035645,4.705017089843750,6.571712493896483
10.463,production,-6.795117855072021,3.725414752960205,5.279633522033691
10.464,of,-0.295644640922546,5.321105957031250,5.938178539276122
10.465,similar,-7.375796318054199,5.429111480712892,6.714829444885254
10.466,sounds .,-6.966278366744519,12.418721914291382,16.363703727722168
10.467,Tics,-19.273622512817386,1.879402399063110,4.704097270965576
10.468,come,-7.076675415039063,3.253754138946533,5.820443630218506
10.469,and,-3.812449455261231,4.193548202514648,6.560272216796875
10.470,go,-0.169105127453804,4.308606147766113,4.964287281036377
10.471,over,-5.920812606811523,4.394410133361816,6.010710239410400
10.472,"time ,",-6.091980695724487,9.514204978942871,12.721177577972412
10.473,varying,-10.595931187272072,9.478372097015381,12.384081840515135
10.474,in,-3.234970808029175,4.206060886383057,5.904036521911621
10.475,"type ,",-7.476413607597351,12.425592660903931,16.232839584350586
10.476,"frequency ,",-10.021364271640778,13.203476905822754,16.640254497528076
10.477,"location ,",-3.875090122222901,9.257166385650635,11.496171951293945
10.478,and,-3.750769138336182,5.551036357879639,6.417041301727295
10.479,severity .,-7.555440183728933,10.559087276458740,15.164690017700197
10.480,The,-1.715715885162354,0.000000000000000,0.000000000000000
10.481,first,-5.449863910675049,2.901872396469116,5.574390411376953
10.482,symptoms,-11.970323562622070,3.067235946655273,5.209459781646729
10.483,Tourette 's,-27.653181056666654,17.149142265319824,25.532910823822021
10.484,patients,-5.157696723937988,3.697963237762451,5.878333091735840
10.485,experience,-5.781487464904785,3.672037124633789,5.042613506317139
10.486,usually,-10.801485061645508,4.619263172149658,5.961749076843263
10.487,occur,-4.801120758056642,3.523593902587890,5.208920955657959
10.488,in,-1.276863336563110,4.208940982818604,5.453729152679443
10.489,the,-1.713595151901245,4.654983997344972,5.555757522583008
10.490,head,-7.543514251708983,2.662201166152954,5.004400730133057
10.491,and,-2.704107999801636,4.910439491271973,5.728756904602051
10.492,neck,-4.843684673309326,5.320365190505981,8.734482288360597
10.493,"area ,",-10.788213253021240,9.258846759796143,11.544526576995850
10.494,though,-4.743861198425293,4.463898181915283,4.493360996246338
10.495,they,-2.331795215606689,4.895378589630127,5.680208683013916
10.496,may,-2.748021125793457,4.915854454040527,6.204349517822267
10.497,progress,-9.689931869506836,5.248692512512207,5.621061801910400
10.498,to,-2.669849157333374,5.319400787353517,6.306446552276611
10.499,include,-7.432931423187256,5.352980613708496,5.896130561828612
10.500,muscles,-10.043299913406374,7.946718692779541,11.556247234344482
10.501,of,-4.058318614959717,5.397091388702393,5.926810264587402
10.502,the,-1.216940402984619,5.247900009155273,6.042022705078125
10.503,trunk,-10.753817200660707,6.476595163345338,8.376445055007935
10.504,and,-2.379154920578003,5.463961601257324,6.194696903228760
10.505,extremities .,-14.988654624670744,23.850716710090637,34.114497423171997
10.506,The,-1.715715885162354,0.000000000000000,0.000000000000000
10.507,symptoms,-11.064846038818359,2.607588529586792,5.603581905364990
10.508,of,-0.913615047931671,2.803513050079346,4.970222949981689
10.509,Tourette 's,-25.526321921031919,15.779346585273743,23.711193323135380
10.510,are,-7.921501159667969,3.972268581390381,5.503111839294434
10.511,"involuntary ,",-13.550150156021116,8.268964290618896,11.913492679595947
10.512,but,-1.883920669555664,5.040558338165283,5.111072063446045
10.513,there,-3.627160549163817,4.517972946166992,5.316009044647217
10.514,are,-0.954226255416870,5.105969905853272,6.123823165893555
10.515,some,-2.800228834152222,4.853544712066650,6.717206001281737
10.516,people,-4.522889614105225,4.831059455871582,6.206485748291017
10.517,who,-0.641032814979553,5.633709430694580,6.486141204833983
10.518,can,-2.430558204650879,4.613309860229492,6.165083885192871
10.519,sometimes,-8.269945144653320,4.942217826843262,6.304589271545410
10.520,"suppress ,",-14.562986612319946,13.345407962799074,16.234959602355957
10.521,"camouflage ,",-12.241033792495728,8.345011949539185,10.387289047241211
10.522,or,-2.820951700210572,5.162139415740967,5.975343704223633
10.523,otherwise,-3.321128129959106,5.009892463684082,5.676345825195312
10.524,manage,-6.806298732757567,5.180460453033447,5.418108940124512
10.525,their,-2.817396640777588,5.508884906768799,6.755764007568358
10.526,tics,-13.444546699523926,6.815251588821411,9.550268888473509
10.527,in,-3.894167661666870,4.989728927612305,5.519865036010742
10.528,an,-3.566908836364746,5.655319690704347,6.561211585998535
10.529,effort,-2.605627298355103,4.177455425262451,5.541776180267334
10.530,to,-0.014119961299002,5.759263038635254,6.727485656738281
10.531,minimize,-5.141777992248535,5.249950408935547,5.720363616943358
10.532,their,-2.104884147644043,5.713550567626952,6.710669040679933
10.533,impact,-3.993907928466797,4.833324909210205,5.951419830322267
10.534,on,-1.649747014045715,5.474639415740967,5.664095878601074
10.535,functioning .,-12.778640978038309,16.518025398254391,21.051786899566650
10.536,"However ,",-5.400094963610172,5.913725852966309,11.305753231048584
10.537,people,-6.983116149902344,4.472124576568604,6.203167915344237
10.538,affected,-11.457544326782227,3.861343383789063,5.963365554809570
10.539,by,-0.033713199198246,3.539518594741821,5.686150550842285
10.540,Tourette 's,-27.198943955329010,19.458691716194153,25.757597923278809
10.541,often,-10.907117843627930,4.436069488525392,6.769506931304933
10.542,report,-10.089688301086426,4.237355232238770,4.619137287139893
10.543,a,-3.702807426452637,5.411096096038818,5.700569629669189
10.544,substantial,-5.120964050292969,5.385330200195312,5.869764804840088
10.545,buildup,-8.118382453918457,4.495228767395020,5.870823860168457
10.546,in,-0.574458301067352,5.089003562927246,4.829066753387451
10.547,tension,-8.116033554077147,4.089094638824463,5.547807216644287
10.548,when,-6.320576190948486,5.397319793701172,5.283699512481689
10.549,suppressing,-12.642988443374634,10.843746185302734,13.460139751434324
10.550,their,-3.919766426086426,6.165931701660156,6.728933334350586
10.551,tics,-13.717602491378784,7.280774593353271,9.495135307312012
10.552,to,-4.385200023651123,6.114555358886719,6.471092224121094
10.553,the,-2.357848405838013,5.872312545776367,5.916587352752686
10.554,point,-4.053623199462892,3.949787139892578,5.660595417022705
10.555,where,-0.945704070851207,8.348313331604004,9.842846870422363
10.556,they,-0.597640335559845,5.162250995635986,5.959877490997314
10.557,often,-5.555017948150635,5.614592552185059,6.249445915222168
10.558,feel,-4.706015586853027,4.932270050048828,5.578415870666504
10.559,that,-3.167532444000244,5.312074184417725,5.351222991943358
10.560,the,-1.674972891807556,5.648956298828125,5.567877292633057
10.561,tic,-12.060422539711000,6.191802740097046,8.559303045272827
10.562,must,-6.378364562988281,5.968298435211183,6.220113754272461
10.563,be,-0.934896945953369,5.482026100158691,6.065303802490233
10.564,expressed .,-9.654888793826103,17.829417228698730,21.495711803436279
10.565,Tics,-19.273622512817386,1.879402399063110,4.704097270965576
10.566,in,-3.417073488235474,2.190925359725952,5.077661514282227
10.567,response,-7.268672466278076,3.285289525985718,5.040090560913086
10.568,to,-0.233623310923576,3.762171268463135,5.716214179992676
10.569,an,-3.994539737701416,5.092037677764893,6.752405643463135
10.570,environmental,-6.938966751098633,3.942952632904053,6.245702266693115
10.571,trigger,-12.222566604614258,3.755884647369385,4.948984146118164
10.572,can,-3.252642631530762,5.699094772338867,6.685108661651611
10.573,appear,-6.427816867828369,4.424124240875244,5.970265865325928
10.574,to,-2.152890682220459,4.987443923950195,6.274426460266112
10.575,be,-1.019545555114746,4.681684494018555,5.514434814453125
10.576,voluntary,-9.706995010375977,4.822051048278809,6.269969940185548
10.577,or,-3.428694963455200,4.541231155395508,5.295126438140869
10.578,"purposeful ,",-12.522804737091064,9.810157775878906,11.930263519287109
10.579,but,-2.052593708038330,5.439266681671143,5.461187362670898
10.580,are,-5.390277862548828,5.175026893615723,5.560958862304688
10.581,not .,-6.967823266983031,12.032079696655273,15.038450717926024
10.582,Many,-5.600615024566650,0.000000000000000,0.000000000000000
10.583,people,-3.729676961898804,3.399081707000732,5.609655380249023
10.584,with,-4.791480541229248,3.359658956527710,5.130147457122803
10.585,Tourette 's,-26.688372823700774,15.818525910377502,24.272861957550049
10.586,experience,-5.860147953033447,3.606547117233277,5.886359691619872
10.587,additional,-13.169282913208008,4.647969245910645,6.505519390106201
10.588,neurobehavioral,-53.569084167480469,14.889752864837645,25.385116577148441
10.589,problems,-4.875559329986572,4.458423137664795,5.740648269653320
10.590,that,-3.345575571060181,5.656767845153809,5.938669204711914
10.591,include,-5.145991325378418,5.369080066680908,5.580299854278564
10.592,"inattention ,",-13.154652714729307,13.719776868820189,20.151035785675049
10.593,hyperactivity,-10.983592167496679,6.464771628379822,10.472924709320068
10.594,and,-0.607080876827240,5.845562934875487,6.443553924560548
10.595,impulsivity .,-21.894493285566568,21.093184351921082,30.898339509963989
10.596,People,-7.414111614227295,0.000000000000000,0.000000000000000
10.597,with,-3.690107107162476,3.112199783325196,6.156053543090820
10.598,Tourette 's,-26.369070818182085,15.197684168815613,24.047669410705566
10.599,have,-7.659366130828857,4.803048133850098,5.973202705383301
10.600,also,-4.822992324829102,5.305424213409424,6.757832527160645
10.601,reported,-6.963327407836914,5.037102222442627,5.317691326141357
10.602,problems,-5.772047042846680,5.135869503021240,6.288640022277832
10.603,with,-0.861387670040131,5.388542652130127,5.087943553924561
10.604,depression,-14.332276048138738,6.148986816406250,9.955338954925537
10.605,or,-4.132225990295410,5.376852512359619,5.686717987060548
10.606,anxiety,-5.976081848144531,3.889369249343872,5.659625053405763
10.607,"disorders ,",-10.803430587053301,11.065140247344971,15.521328926086426
10.608,as,-3.577632904052734,4.341646671295166,4.374191284179688
10.609,well,-0.762894749641418,5.199357509613037,6.635480880737305
10.610,as,-0.021489866077900,5.137149333953857,5.434511184692383
10.611,other,-4.301987171173097,6.121593952178955,6.512738704681396
10.612,difficulties,-5.280252419412137,9.777270793914797,12.586084842681885
10.613,Tourette 's,-29.253651796203489,19.677877426147461,26.302827358245846
10.614,syndrome,-8.294271469116211,4.375218391418457,5.734496593475343
10.615,may,-3.065419912338257,3.857934951782227,5.871538639068604
10.616,or,-7.599519252777100,4.057336330413818,5.026216030120850
10.617,may,-0.039256207644939,4.484350204467773,5.412941455841064
10.618,not,-0.029440946877003,4.533479690551758,6.064461231231689
10.619,directly,-9.526858802884815,9.941214084625244,12.179703712463381
10.620,cause .,-3.315154470503331,16.313945055007935,21.003693103790283
10.621,Tourette 's,-23.686457024712581,10.305203914642334,18.591227054595947
10.622,is,-4.198055267333983,3.535032987594604,5.533249378204347
10.623,a,-1.209384918212891,5.338349342346191,6.364438056945801
10.624,diagnosis,-12.853433609008787,3.312237739562988,5.412888526916504
10.625,doctors,-11.094353437423706,6.976696968078612,10.533433914184570
10.626,make,-5.600114822387695,2.834948062896729,4.800814151763916
10.627,after,-5.735203266143799,4.740430355072021,5.547859191894531
10.628,verifying,-10.131556731474120,9.222950696945189,10.466693878173828
10.629,that,-1.788572549819946,4.825725078582764,5.223149776458740
10.630,the,-1.484046578407288,5.316832542419434,5.875866889953612
10.631,patient,-2.187565326690674,4.394901752471924,5.764580726623535
10.632,has,-2.303992271423340,4.932722091674805,5.973036289215088
10.633,had,-3.396152973175049,4.357755661010741,5.686369895935059
10.634,both,-6.463619232177733,4.434841632843018,6.283723831176758
10.635,motor,-11.773696899414062,1.929512500762940,4.444266319274902
10.636,and,-2.212638616561890,3.236585855484009,3.958761930465698
10.637,vocal,-9.362213134765623,3.136796951293945,5.060500144958496
10.638,tics,-12.451123237609865,4.739114403724670,8.090789318084719
10.639,for,-3.482460021972656,4.848212242126465,5.891603469848633
10.640,at,-4.059941291809082,2.724678277969360,4.688977241516113
10.641,least,-0.003775850171223,3.220925331115723,4.648442268371582
10.642,one,-3.474076986312866,4.628631114959717,6.017505168914795
10.643,year .,-0.995206773281097,14.020115375518797,18.973290920257568
10.644,The,-1.715715885162354,0.000000000000000,0.000000000000000
10.645,existence,-9.916935920715332,3.255498647689820,6.511051177978517
10.646,of,-0.007979420945048,2.267781734466553,4.197019100189209
10.647,other,-6.787799835205077,3.983524799346924,5.564351558685303
10.648,neurological,-13.559721791418269,4.425521254539491,8.647199153900146
10.649,or,-4.555139541625977,3.806200504302979,4.557030677795410
10.650,psychiatric,-5.311278820037842,2.597237586975098,4.804364204406738
10.651,conditions,-3.345852958504111,4.825166463851929,8.066140174865723
10.652,can,-3.933202981948853,4.859925746917725,6.085361003875732
10.653,also,-2.154852390289306,4.707305908203125,5.869341373443604
10.654,help,-2.808193445205688,5.295205116271973,6.193172454833983
10.655,doctors,-5.214472641237080,5.449682235717773,9.513317108154297
10.656,establish,-6.715781211853027,3.270827293395996,4.860709190368652
10.657,the,-2.568225622177124,4.550657272338867,6.117742061614990
10.658,diagnosis,-6.504660606384277,3.016475915908813,4.464848518371582
10.659,of,-1.153782486915588,3.402422189712524,5.221630573272705
10.660,Tourette 's,-26.068577454483602,15.247181057929993,23.840198516845703
10.661,is,-10.547877311706543,5.334798336029053,5.893463134765625
10.662,the,-3.767343282699585,4.737954139709473,5.652945518493652
10.663,correct,-6.556770324707031,3.331350088119507,5.409139633178711
10.664,one .,-3.058917134068907,10.536247730255127,14.870248794555664
10.665,Knowledgeable,-20.785386085510254,2.772483587265014,5.967001914978027
10.666,clinicians,-14.633706092834473,4.913133382797241,10.262539386749268
10.667,consulted,-10.433822512626648,5.886013031005858,10.111355781555176
10.668,by,-2.931752681732178,4.064374923706056,5.445764064788818
10.669,patients,-5.677604198455811,4.197578907012940,4.914978981018066
10.670,do,-6.130630016326903,4.878546237945557,5.438637256622314
10.671,not,-1.725996255874634,5.075305461883545,6.756512165069580
10.672,often,-5.446422576904297,5.269902706146240,6.345702171325684
10.673,misdiagnose,-13.324213027954102,6.023216247558594,9.027729034423828
10.674,common,-7.436795234680176,2.957551956176758,5.354076862335205
10.675,tics .,-14.733583658933641,12.148310065269470,17.969025850296021
10.676,"However ,",-5.400094963610172,5.913725852966309,11.305753231048584
10.677,atypical,-15.145529747009276,2.866055727005005,5.041606903076172
10.678,symptoms,-9.998177528381348,3.575900316238404,6.104384899139403
10.679,or,-5.131395339965820,3.777252197265625,5.168632030487061
10.680,atypical,-12.910205841064453,2.277489662170410,4.589432239532472
10.681,presentation,-11.051784515380859,3.098111629486084,5.198111534118652
10.682,such,-9.614933967590332,4.599286556243896,5.525222778320312
10.683,as,-0.052277203649282,3.477436780929565,5.644173622131348
10.684,onset,-11.923526287078856,4.898561477661133,8.550118446350098
10.685,of,-0.995313584804535,3.849457740783691,5.622410297393799
10.686,symptoms,-6.817147254943848,3.826319694519043,4.958890914916992
10.687,in,-4.834681987762451,2.618984222412109,4.338842391967773
10.688,adulthood,-13.807009696960449,3.596299171447754,4.497814655303955
10.689,may,-2.958513736724853,5.001070022583008,6.325852870941162
10.690,require,-5.125320434570312,4.638768672943115,5.859771251678468
10.691,specialty,-11.968556404113770,3.283457279205322,5.370467662811278
10.692,expertise,-10.590707182884216,7.526877880096436,10.828025817871094
10.693,for,-4.034061431884767,5.008118629455566,5.974588394165039
10.694,diagnosis .,-7.869717799127102,11.043429613113403,15.070462703704834
10.695,There,-5.263474464416504,0.000000000000000,0.000000000000000
10.696,are,-1.424884200096130,2.091863632202148,5.351076126098633
10.697,no,-2.551495075225830,3.294746875762939,4.997129440307617
10.698,blood,-9.170590400695801,2.402420520782471,5.401859283447267
10.699,or,-4.906189441680908,3.748962879180908,4.434243679046631
10.700,laboratory,-6.926492214202881,2.639120101928711,4.896284103393555
10.701,tests,-0.963528927415609,4.967487096786499,9.756062269210817
10.702,needed,-7.248559474945067,4.056759357452393,5.902866363525392
10.703,for,-1.364262342453003,3.443253517150879,5.503276824951172
10.704,diagnosis .,-8.443699456751347,9.935164451599121,14.483704090118408
10.705,"However ,",-5.400094963610172,5.913725852966309,11.305753231048584
10.706,neuroimaging,-23.598095893859863,6.589980602264403,9.261717319488524
10.707,"studies ,",-11.271983609345623,9.843046188354492,15.755894660949707
10.708,which,-1.460202455520630,4.612803936004639,5.916387557983398
10.709,include,-3.918376922607422,3.020432472229004,5.341080665588379
10.710,magnetic,-7.529254645109178,4.499275922775269,8.983247280120850
10.711,resonance,-1.854383025318384,6.375278234481812,13.181097745895386
10.712,"imaging ,",-3.221225440502167,10.071943521499634,13.808034420013428
10.713,computerized,-9.755489349365234,4.053239822387694,5.858594894409180
10.714,"tomography ,",-10.948255181312559,13.239214658737183,20.515307426452637
10.715,and,-1.412463903427124,5.525289535522461,6.275012016296388
10.716,"electroencephalograms ,",-22.870263516902927,13.336687207221985,20.688541412353516
10.717,as,-6.897733211517334,3.603284120559693,5.115509510040283
10.718,well,-0.010136435739696,4.607414245605469,4.820727348327637
10.719,as,-0.003426278242841,5.665594100952148,6.499768257141112
10.720,certain,-4.706243515014648,5.371604442596436,6.266998767852782
10.721,lab,-7.060685515403748,5.363723039627075,8.945966958999632
10.722,tests,-0.916545979678631,5.939962148666383,8.817844390869141
10.723,may,-9.498666763305664,4.671435832977295,5.691124916076660
10.724,be,-1.489718914031982,4.250360488891602,4.977382659912108
10.725,used,-3.247180223464966,4.142814636230469,5.238842964172363
10.726,to,-0.962637662887573,3.359210968017578,5.243078708648682
10.727,rule,-10.119989395141602,3.767285108566284,5.479824542999268
10.728,out,-0.808045327663422,4.596173286437988,6.101428031921388
10.729,other,-5.305997371673584,4.684348583221436,6.147604942321777
10.730,conditions,-6.352005085820565,8.163879871368406,11.509591102600098
10.731,that,-2.622285842895508,3.771236896514893,5.034897327423097
10.732,Tourette 's,-31.220330465977895,18.838421344757080,25.833857536315918
10.733,might,-5.704620838165282,3.678155183792114,5.382777214050293
10.734,be,-2.376144647598267,4.224922180175781,5.381922721862793
10.735,confused,-10.064975738525391,3.529057502746582,4.619176864624023
10.736,with .,-0.857977837324142,12.673662424087524,15.599276065826414
10.737,In,-3.034920692443848,0.000000000000000,0.000000000000000
10.738,terms,-6.909528255462647,2.310896396636963,5.028682708740233
10.739,of,-0.006059726700187,3.200488567352295,5.471135616302490
10.740,the,-2.034755945205688,3.683913946151733,5.209812641143799
10.741,role,-7.231058120727539,3.809584617614746,5.368905544281006
10.742,of,-0.252095550298691,2.820098400115967,4.064070701599121
10.743,genes,-12.449847221374512,2.453973531723022,4.422738552093506
10.744,in,-2.437788009643555,3.290440082550049,4.539961814880371
10.745,the,-1.220182299613953,3.374367713928223,4.659768581390381
10.746,"disorder ,",-7.860748782753944,6.094441890716553,10.249777793884277
10.747,evidence,-8.585206985473633,4.027180194854736,5.841055870056152
10.748,from,-4.480827331542969,3.199697256088257,4.925479888916017
10.749,twin,-12.165220260620115,2.936747074127197,5.078740596771240
10.750,and,-4.855239391326903,3.137458324432373,3.623120784759521
10.751,family,-7.140950679779053,3.476645469665528,5.297388076782227
10.752,studies,-1.184087373840157,4.568705439567567,7.370428800582887
10.753,suggests,-1.629387825727463,9.567618370056152,11.378285884857178
10.754,that,-0.238142609596252,4.067013740539552,5.420673847198486
10.755,Tourette 's,-26.132972567342222,18.105460762977600,24.285119533538818
10.756,is,-6.314274787902832,5.126956939697267,5.788619041442871
10.757,an,-2.758325099945068,5.697006225585938,6.276516914367676
10.758,inherited,-7.831957592628896,11.590993285179136,19.643740415573120
10.759,disorder .,-5.969498425722122,11.128881931304933,15.688897609710693
10.760,Although,-5.554223775863648,1.856572866439820,3.990235328674317
10.761,early,-8.793658256530763,3.152287721633911,5.559435844421387
10.762,family,-9.158638000488279,2.698126792907715,5.762351512908936
10.763,studies,-4.426460502712871,5.894789576530457,9.044761657714844
10.764,suggested,-5.720488309860229,7.657435417175293,9.551019191741943
10.765,an,-4.758493423461914,4.643520832061768,5.975616931915282
10.766,autosomal,-29.020915031433105,7.218378186225891,14.012507915496824
10.767,dominant,-13.541011810302734,3.603060245513916,6.168874263763428
10.768,mode,-10.640181541442873,6.522711277008058,9.021916627883913
10.769,of,-0.593272924423218,4.767507553100586,5.538071632385254
10.770,inheritance,-9.983658790588381,5.076085090637207,6.270459175109862
10.771,characterized,-13.769903272390366,8.013439655303955,10.422635555267334
10.772,the,-1.188758254051208,4.896508216857910,5.193864822387695
10.773,"condition ,",-9.363351583480835,8.863799571990967,10.078637123107910
10.774,more,-6.039594173431396,5.955914020538330,6.159430027008058
10.775,recent,-5.108648777008057,5.872684478759767,6.010967254638673
10.776,studies,-0.844991206246050,7.423578977584839,9.941655158996582
10.777,discovered,-7.922478429973125,10.003766059875488,10.029332160949707
10.778,the,-2.529205799102783,5.804299831390381,6.011635780334473
10.779,pattern,-5.035325527191162,4.288805484771729,5.071498394012451
10.780,of,-2.022339344024658,5.285154819488525,5.512818813323975
10.781,inheritance,-9.249492645263672,5.093399524688722,5.820017337799072
10.782,was,-4.460567474365233,5.085899829864502,5.610312461853027
10.783,much,-4.303765296936035,5.038552284240723,6.058960914611816
10.784,more,-1.251123785972595,5.263175487518311,6.531543254852295
10.785,complex .,-3.607255658134819,13.503972053527832,15.868698120117186
10.786,Although,-5.554223775863648,1.856572866439820,3.990235328674317
10.787,there,-4.030935764312743,5.229775905609131,6.633602142333983
10.788,may,-3.550761938095093,4.387252807617188,6.246811866760254
10.789,be,-0.275010526180267,4.080380916595459,5.487244129180908
10.790,a,-1.788316845893860,4.376746177673340,5.856022834777832
10.791,few,-3.959447860717773,4.365642547607422,6.232090473175049
10.792,genes,-10.158372879028320,3.130765438079834,5.261037826538086
10.793,that,-2.367480754852295,4.385581970214844,5.884358406066895
10.794,have,-3.495262622833252,4.911563396453857,5.357668399810791
10.795,substantial,-8.798977851867676,4.144319534301759,5.629267215728760
10.796,"effects ,",-5.458302259445190,8.856492996215820,12.192668437957764
10.797,it 's,-4.767091828980483,17.985594987869263,21.105360984802246
10.798,also,-3.201383352279663,5.135792732238770,6.190470695495605
10.799,possible,-2.524413347244263,4.276519775390625,5.536084175109863
10.800,that,-1.605624318122864,4.074234008789063,5.255243301391602
10.801,many,-4.086216926574707,4.554302215576172,5.594891548156738
10.802,genes,-5.340650558471680,3.149786949157715,4.474384307861328
10.803,with,-4.239411354064941,4.385206699371338,5.263769626617432
10.804,smaller,-6.467247009277344,3.448505878448486,5.878855705261231
10.805,effects,-5.918199539184570,3.651986837387085,4.817565441131592
10.806,and,-5.793930053710938,4.670758247375488,5.187016487121582
10.807,environmental,-8.835301399230957,3.286372900009156,5.668080329895020
10.808,factors,-5.883563041687013,3.884605884552002,5.125992298126222
10.809,may,-2.010303020477295,4.981275081634521,6.149667263031006
10.810,play,-6.714443206787108,3.983108282089233,5.978323936462402
10.811,a,-0.414923280477524,3.816763877868652,5.321977615356445
10.812,role,-1.042920231819153,4.265344142913818,5.639528274536133
10.813,in,-0.211074650287628,5.722590923309326,6.231480598449707
10.814,the,-1.188778519630432,5.041499614715576,6.014231681823730
10.815,development,-1.916587352752685,4.147733211517334,5.691682338714600
10.816,of,-0.141224429011345,5.117841720581055,5.738281726837157
10.817,Tourette 's .,-30.143256140901943,25.158153891563416,34.410048007965088
10.818,Genetic,-10.525882720947266,0.000000000000000,0.000000000000000
10.819,studies,-7.596298566757469,3.811456084251404,8.650431394577026
10.820,also,-3.849202632904053,3.556064605712890,4.148346900939941
10.821,suggest,-3.287662506103516,2.701298475265503,4.450615882873535
10.822,that,-0.285187929868698,3.043612003326416,5.242416381835938
10.823,some,-3.898608207702637,3.764307975769043,5.275567531585693
10.824,forms,-4.978381633758545,2.648060798645020,4.066686630249023
10.825,of,-0.029390478506684,3.858417987823486,5.441855430603027
10.826,Attention,-18.204356193542480,5.179338932037354,8.715374946594237
10.827,Deficit,-14.585701942443848,3.688688993453980,4.895061016082764
10.828,Hyperactivity,-25.572621822357178,7.530339121818542,12.774966239929199
10.829,Disorder,-15.905046463012695,6.764773368835449,9.808294296264648
10.830,and,-4.760991573333740,5.584066390991211,5.749659538269043
10.831,Obsessive,-26.032455384731289,21.386123657226559,32.740315198898315
10.832,Compulsive,-30.723413944244385,11.509992599487305,18.679764032363892
10.833,Disorder,-5.492223262786865,6.773428440093994,10.088147163391113
10.834,are,-4.019903182983398,5.005040168762207,6.213112831115723
10.835,genetically,-7.211483478546143,3.377753734588623,5.614282131195068
10.836,related,-4.510949254035951,5.403097033500671,9.117743968963623
10.837,to,-0.309617757797241,4.986357688903809,5.645576953887940
10.838,"Tourette 's ,",-30.673869423335415,21.709550142288208,28.953422069549561
10.839,but,-2.972495555877685,5.532097339630127,5.711450099945067
10.840,there,-4.309495449066162,5.078577995300293,5.921367645263673
10.841,is,-0.807209491729736,5.597118377685547,6.255645275115968
10.842,less,-5.562090635299684,8.622501850128174,10.936547279357910
10.843,evidence,-2.237368583679199,5.959830760955811,5.976045131683350
10.844,for,-4.591561794281006,5.812976837158202,5.860828399658202
10.845,a,-2.953835010528564,5.549145221710205,5.912804126739503
10.846,genetic,-6.272110939025879,3.300220012664795,5.902058601379395
10.847,relationship,-8.531511306762695,4.514917373657227,5.925900459289551
10.848,between,-0.965089440345764,5.234792232513428,5.316934585571289
10.849,Tourette 's,-24.205118563957512,15.823288679122925,24.635560512542725
10.850,and,-2.691757202148437,5.380932331085205,5.368146896362305
10.851,other,-4.019257545471191,5.415294647216797,5.390520095825195
10.852,neurobehavioral,-47.354349136352539,18.007462024688717,25.741171360015869
10.853,problems,-4.899584770202637,4.339047431945802,5.489190101623535
10.854,that,-4.038737297058105,5.257995128631592,6.041346549987793
10.855,Tourette 's,-27.148015384358583,21.192361831665039,27.763607501983646
10.856,commonly,-11.844392776489258,9.705202579498293,12.720646858215332
10.857,co-occurs,-26.294615864753727,15.375326395034790,24.638239145278931
10.858,with .,-9.083706736564636,12.975962400436401,15.976898670196533
10.859,An,-5.520358085632324,0.000000000000000,0.000000000000000
10.860,important,-4.666157722473145,2.691753149032593,5.980796813964844
10.861,role,-5.035898208618164,3.137973785400390,5.668203830718994
10.862,in,-1.525345325469971,3.178153514862061,4.961932659149170
10.863,Tourette 's,-25.731085622654064,15.041508674621582,21.760767698287964
10.864,gene,-11.869043827056885,5.118036746978760,8.989140033721924
10.865,expression,-12.074402809143065,3.233562469482422,4.440241336822510
10.866,is,-0.858377873897552,4.941956996917725,5.477836132049561
10.867,played,-4.586992263793945,3.964591503143311,5.771263122558594
10.868,by,-0.570067346096039,5.239783763885498,5.668385982513428
10.869,the,-2.456641197204590,5.123246192932129,5.520123958587647
10.870,sex,-7.785628318786621,3.457821369171143,5.663465499877930
10.871,of,-3.033273220062256,5.104004859924316,5.375256538391113
10.872,the,-1.418233752250671,5.167897224426270,5.584008693695068
10.873,person .,-6.994200110435485,12.578238487243652,16.880162715911865
10.874,In,-3.034920692443848,0.000000000000000,0.000000000000000
10.875,"particular ,",-5.598327742889524,5.862353324890137,9.868561744689941
10.876,males,-14.041043519973755,7.312390804290771,10.282814025878906
10.877,affected,-8.919876098632812,3.538588047027588,5.290875911712647
10.878,by,-0.044222161173820,3.314093589782715,4.336916446685791
10.879,the,-0.799052596092224,3.823420047760010,4.838297843933105
10.880,gene,-8.881900787353516,5.653772115707397,8.598506450653076
10.881,are,-2.231615304946899,4.568685054779053,5.298950195312500
10.882,more,-2.828131198883057,4.461803436279297,6.188136577606201
10.883,likely,-0.217349273152649,8.028507471084595,11.619733810424805
10.884,to,-0.082946859300137,4.177888870239259,6.214035034179688
10.885,have,-2.779572963714600,4.181564807891847,5.730772972106934
10.886,tics,-12.218993186950685,4.948569059371948,8.825380802154541
10.887,and,-2.026360034942627,4.800551414489746,5.876489639282227
10.888,females,-7.105938911437987,9.289995193481444,11.542241096496582
10.889,who,-3.423020839691162,5.000156879425049,6.171353816986084
10.890,have,-1.955976009368896,5.482346057891847,6.488008499145508
10.891,a,-2.888774394989014,4.896116733551025,6.087308883666992
10.892,genetic,-5.760845184326173,2.077107906341553,4.484774589538574
10.893,predisposition,-8.971928596496582,3.398312330245972,5.209923744201660
10.894,are,-10.049664497375488,5.689230918884277,6.315423011779785
10.895,more,-2.774435520172119,4.949481010437012,6.417826652526856
10.896,likely,-0.275515174493194,9.205618381500244,12.139049053192140
10.897,to,-0.064735807478428,4.611738204956055,6.286233425140381
10.898,have,-2.647601604461670,5.157571792602539,6.217777252197267
10.899,obsessive-compulsive,-11.917737111449242,8.837851762771605,16.205338954925534
10.900,symptoms .,-6.389677800238132,12.301436185836796,15.864504814147949
10.901,Much,-7.660760879516602,0.000000000000000,0.000000000000000
10.902,current,-9.362972259521484,2.332012176513672,5.076378822326660
10.903,research,-4.551384925842285,3.269072055816650,5.519362449645996
10.904,is,-1.661687254905701,3.997094869613648,5.860874176025392
10.905,aimed,-4.088472515344621,7.336883783340454,11.596029281616213
10.906,at,-0.042834661900997,4.416354656219482,5.853961467742920
10.907,better,-7.160307407379150,2.944736003875732,5.119781494140625
10.908,understanding,-2.129764556884766,3.926872014999390,5.596053123474121
10.909,the,-0.561388254165649,4.199671268463135,5.752884864807129
10.910,genetic,-5.604002952575684,2.164980411529541,4.782175064086914
10.911,basis,-8.140617370605469,4.105492591857910,6.109023571014403
10.912,and,-3.163196325302124,4.354943752288818,5.286839485168457
10.913,symptomology,-21.851970911026001,7.302617907524109,12.623489141464233
10.914,of,-0.259941339492798,3.971055030822754,5.204505920410156
10.915,"Tourette 's ,",-33.766769038222264,18.813068509101868,29.172929286956787
10.916,as,-4.030674934387207,4.275587558746338,5.146146297454834
10.917,well,-0.080984130501747,4.589641094207764,6.623710155487061
10.918,as,-0.007272201124579,4.785591125488281,5.390445709228517
10.919,its,-2.752291679382324,6.171684265136719,6.515324592590332
10.920,relationship,-7.158932209014893,4.559175014495850,6.105812072753906
10.921,to,-1.455581665039062,4.710551738739014,5.290198326110840
10.922,related,-9.960693120956419,7.666869401931763,9.756747961044313
10.923,disorders .,-4.820758171379566,13.486424922943115,19.726805686950684
10.924,The,-1.715715885162354,0.000000000000000,0.000000000000000
10.925,hope,-9.113456726074221,3.544157505035400,5.774697780609131
10.926,is,-1.065366029739380,3.940658330917358,6.075011253356934
10.927,that,-0.285259544849396,3.318770170211792,5.098639965057373
10.928,this,-3.591401338577271,3.510065555572510,4.534894943237305
10.929,research,-8.672743797302246,2.872561454772949,4.064575195312500
10.930,leads,-10.468919754028320,3.968694448471069,5.235988616943358
10.931,to,-0.389217376708984,4.438417911529541,5.705007553100586
10.932,better,-4.974617004394531,3.658134460449218,5.604404449462892
10.933,diagnostic,-6.300180435180664,5.951509714126588,9.534846782684326
10.934,tools,-6.797081947326660,3.935681581497192,5.567541599273682
10.935,and,-1.575786232948303,4.698299407958983,5.736641883850098
10.936,better,-3.709785461425781,3.882768154144287,5.653381824493407
10.937,treatments,-3.619021892547608,8.075532674789429,11.120501518249512
10.938,for,-0.820229589939117,3.762195825576782,5.226682186126709
10.939,Tourette 's .,-32.637418484111549,22.041179656982422,33.885748147964478
